{"type":"FeatureCollection","features":[{"type":"Feature","geometry":{"type":"Polygon","coordinates":[[[127.79464,37.99571],[127.79167,37.99482],[127.79047,37.99429],[127.78821,37.99429],[127.78785,37.99536],[127.78775,37.9968],[127.78755,37.99728],[127.78667,37.99541],[127.78712,37.99662],[127.78785,37.99828],[127.78649,37.99928],[127.7867,38.00051],[127.78554,38.00152],[127.78555,38.00276],[127.78427,38.00409],[127.78321,38.00649],[127.78134,38.00852],[127.78066,38.00961],[127.78019,38.01185],[127.77979,38.01266],[127.77939,38.0131],[127.77916,38.01366],[127.77822,38.0139],[127.77654,38.0136],[127.77599,38.0139],[127.7751,38.01394],[127.77383,38.01358],[127.7733,38.01302],[127.77327,38.0122],[127.77287,38.01175],[127.77332,38.0108],[127.77291,38.0097],[127.7716,38.0094],[127.77053,38.00877],[127.77039,38.00829],[127.77014,38.00799],[127.77006,38.00773],[127.76974,38.0077],[127.76958,38.00755],[127.76944,38.00704],[127.76921,38.00671],[127.76781,38.00589],[127.76769,38.00472],[127.76655,38.00465],[127.76664,38.00435],[127.76595,38.00322],[127.76598,38.00167],[127.76574,38.00108],[127.76583,38.00085],[127.76571,37.99974],[127.7647,37.99928],[127.76443,37.99927],[127.76403,37.99906],[127.76308,37.99888],[127.76268,37.99849],[127.76216,37.99772],[127.76234,37.99704],[127.76272,37.99678],[127.76229,37.99628],[127.76154,37.99508],[127.7611,37.99419],[127.76051,37.99354],[127.7597,37.99061],[127.75944,37.99047],[127.75951,37.98995],[127.75955,37.98843],[127.7605,37.98757],[127.76049,37.98705],[127.76014,37.98682],[127.76013,37.98616],[127.75987,37.98542],[127.75993,37.98517],[127.75984,37.98486],[127.7596,37.98465],[127.75957,37.98398],[127.75972,37.98227],[127.75969,37.98097],[127.75988,37.97976],[127.75964,37.97917],[127.75893,37.97899],[127.75815,37.97894],[127.75767,37.97839],[127.75644,37.97843],[127.75615,37.97837],[127.75556,37.97852],[127.75471,37.97839],[127.75416,37.97791],[127.7536,37.97778],[127.75346,37.97748],[127.75285,37.97699],[127.7524,37.97672],[127.75193,37.97634],[127.75122,37.97632],[127.75002,37.97683],[127.74742,37.97737],[127.74659,37.97799],[127.74625,37.97842],[127.74547,37.97874],[127.74506,37.97903],[127.74447,37.97917],[127.74318,37.97908],[127.74247,37.97898],[127.74152,37.97904],[127.74105,37.97934],[127.74062,37.97983],[127.7396,37.98044],[127.73789,37.98023],[127.73755,37.98032],[127.7372,37.98062],[127.73679,37.98071],[127.73607,37.98068],[127.73416,37.98079],[127.73356,37.98096],[127.733,37.9804],[127.7323,37.97925],[127.73191,37.97904],[127.73158,37.97908],[127.73027,37.97867],[127.72964,37.97835],[127.72973,37.97772],[127.72913,37.9776],[127.7289,37.97744],[127.72766,37.97691],[127.72661,37.97553],[127.7261,37.9751],[127.72458,37.97582],[127.72399,37.97566],[127.7228,37.9759],[127.72145,37.97565],[127.71955,37.97561],[127.71858,37.97586],[127.71747,37.97582],[127.7173,37.97586],[127.71638,37.97572],[127.71589,37.97582],[127.71555,37.97601],[127.7147,37.97613],[127.71394,37.9764],[127.71321,37.97658],[127.7128,37.97677],[127.71129,37.97627],[127.71025,37.97602],[127.70787,37.97526],[127.70642,37.9743],[127.70457,37.97261],[127.70378,37.97236],[127.70332,37.97254],[127.70292,37.97254],[127.7024,37.97229],[127.70217,37.97208],[127.70164,37.97208],[127.70055,37.9719],[127.69739,37.97265],[127.69603,37.97211],[127.69546,37.97238],[127.69419,37.97251],[127.69391,37.97231],[127.69322,37.97248],[127.69283,37.97197],[127.69195,37.97194],[127.69112,37.97205],[127.68978,37.97192],[127.68916,37.97238],[127.68798,37.97271],[127.68698,37.97285],[127.68634,37.97307],[127.68611,37.97362],[127.68526,37.97355],[127.68447,37.97405],[127.68351,37.97407],[127.68279,37.97415],[127.68203,37.97393],[127.68112,37.97358],[127.68062,37.97296],[127.6801,37.97244],[127.67917,37.97219],[127.67877,37.97156],[127.67849,37.97082],[127.67758,37.97008],[127.67704,37.97003],[127.67662,37.96947],[127.67645,37.96935],[127.67592,37.96932],[127.67553,37.96973],[127.6747,37.96975],[127.67428,37.96943],[127.67392,37.96936],[127.67336,37.96945],[127.67271,37.96968],[127.67248,37.96944],[127.67176,37.96923],[127.67074,37.96932],[127.67048,37.96918],[127.66984,37.96865],[127.66899,37.96849],[127.66906,37.96831],[127.66914,37.96627],[127.6725,37.96287],[127.67445,37.96188],[127.67799,37.96029],[127.68124,37.95887],[127.68282,37.95863],[127.68962,37.95718],[127.69478,37.95473],[127.69709,37.95263],[127.69766,37.95209],[127.70101,37.94879],[127.70573,37.94512],[127.70807,37.94301],[127.7086,37.94154],[127.71022,37.94048],[127.7121,37.93951],[127.71282,37.93919],[127.71337,37.93925],[127.71363,37.93943],[127.71386,37.93941],[127.71394,37.93904],[127.71438,37.93859],[127.71467,37.93888],[127.71541,37.93888],[127.71563,37.93868],[127.71635,37.9387],[127.71657,37.9389],[127.71651,37.93947],[127.71695,37.93996],[127.71747,37.94035],[127.71791,37.94036],[127.7181,37.94053],[127.71828,37.94108],[127.71884,37.94153],[127.71927,37.94174],[127.71974,37.94224],[127.72058,37.94246],[127.72049,37.94262],[127.72086,37.94295],[127.72098,37.94329],[127.7216,37.94311],[127.72205,37.94347],[127.72221,37.94386],[127.7218,37.94448],[127.72185,37.94518],[127.72164,37.94533],[127.72237,37.94583],[127.72302,37.94575],[127.7235,37.94547],[127.72379,37.94586],[127.72389,37.94659],[127.72531,37.9462],[127.72667,37.94577],[127.72717,37.94537],[127.72745,37.94528],[127.72743,37.94494],[127.72709,37.94443],[127.72745,37.94433],[127.72813,37.94388],[127.72803,37.94372],[127.72924,37.94239],[127.72951,37.94224],[127.73007,37.94176],[127.73044,37.94151],[127.73134,37.94116],[127.73223,37.94139],[127.73261,37.94126],[127.73274,37.94072],[127.73298,37.94038],[127.7336,37.93985],[127.73402,37.93972],[127.73423,37.93947],[127.73429,37.93921],[127.73456,37.939],[127.73531,37.93874],[127.73574,37.93849],[127.73634,37.93802],[127.73664,37.93756],[127.73745,37.93789],[127.73765,37.93752],[127.73709,37.93727],[127.73593,37.93639],[127.73409,37.93516],[127.73336,37.93411],[127.73336,37.93395],[127.73366,37.93331],[127.73512,37.93268],[127.73546,37.93237],[127.7362,37.9319],[127.73686,37.93158],[127.73756,37.93105],[127.7379,37.931],[127.73933,37.93011],[127.73946,37.92938],[127.73956,37.92819],[127.74037,37.92718],[127.74084,37.92622],[127.74059,37.92555],[127.74059,37.92535],[127.74102,37.92479],[127.74094,37.92422],[127.74102,37.92361],[127.74098,37.92306],[127.74112,37.92257],[127.74135,37.92213],[127.74551,37.92363],[127.74549,37.92172],[127.75142,37.92303],[127.75667,37.92398],[127.76177,37.92504],[127.76282,37.92594],[127.7661,37.92674],[127.76852,37.92718],[127.77175,37.92736],[127.77421,37.92765],[127.77699,37.92789],[127.7824,37.92719],[127.78558,37.9276],[127.78755,37.92805],[127.79128,37.92943],[127.79488,37.9316],[127.79672,37.9329],[127.79764,37.9335],[127.80202,37.93597],[127.80468,37.93867],[127.80699,37.94066],[127.80848,37.94223],[127.81068,37.94352],[127.81099,37.94389],[127.81211,37.94463],[127.81419,37.94591],[127.81738,37.94715],[127.81689,37.94784],[127.81626,37.94827],[127.81529,37.94879],[127.81437,37.94896],[127.8111,37.95049],[127.80998,37.95137],[127.80964,37.95151],[127.80831,37.95269],[127.80813,37.95313],[127.80785,37.95403],[127.8069,37.95432],[127.80619,37.95492],[127.805,37.95552],[127.80461,37.95616],[127.80267,37.95683],[127.80181,37.95744],[127.80077,37.95797],[127.79979,37.95797],[127.79905,37.95825],[127.79835,37.95824],[127.7971,37.95847],[127.79528,37.95904],[127.79487,37.96037],[127.79461,37.96171],[127.79428,37.96276],[127.79423,37.96512],[127.79519,37.96682],[127.79554,37.96805],[127.79549,37.97002],[127.79503,37.97123],[127.79452,37.97245],[127.79384,37.97368],[127.79244,37.97502],[127.79245,37.97723],[127.79279,37.97843],[127.79283,37.98028],[127.79264,37.98242],[127.79396,37.98459],[127.79248,37.98638],[127.79246,37.98989],[127.79293,37.99197],[127.7933,37.99322],[127.79464,37.99571]]]},"properties":{"code":"32010110","name":"신북읍"}},{"type":"Feature","geometry":{"type":"Polygon","coordinates":[[[127.95644,37.87135],[127.95379,37.87149],[127.94976,37.87131],[127.94872,37.87146],[127.94681,37.87211],[127.94614,37.87347],[127.94576,37.87619],[127.94405,37.87718],[127.94194,37.87797],[127.9411,37.87873],[127.93937,37.87861],[127.93727,37.87894],[127.93616,37.87968],[127.93355,37.87902],[127.93178,37.87886],[127.93036,37.87881],[127.92821,37.88044],[127.92643,37.88217],[127.92594,37.8842],[127.92648,37.88567],[127.92495,37.88688],[127.92319,37.88791],[127.92273,37.88809],[127.91996,37.88852],[127.9187,37.88919],[127.91598,37.88959],[127.91323,37.89003],[127.91131,37.8905],[127.90909,37.89199],[127.90636,37.89339],[127.90442,37.89405],[127.90327,37.89673],[127.90312,37.89954],[127.90234,37.90168],[127.90127,37.90323],[127.90079,37.90507],[127.89991,37.90603],[127.90068,37.90702],[127.90125,37.90918],[127.90099,37.90991],[127.90071,37.91028],[127.9014,37.91223],[127.9014,37.91246],[127.89844,37.91321],[127.89754,37.91376],[127.8971,37.91423],[127.89558,37.91461],[127.89443,37.91545],[127.89383,37.91551],[127.89275,37.91545],[127.89154,37.91728],[127.88977,37.91843],[127.88811,37.9187],[127.88778,37.91877],[127.88734,37.92158],[127.88727,37.92186],[127.8869,37.92388],[127.88757,37.92437],[127.88538,37.92537],[127.88363,37.92974],[127.8834,37.93036],[127.88238,37.93345],[127.87992,37.93522],[127.87982,37.93542],[127.87847,37.93602],[127.8774,37.93632],[127.87385,37.93698],[127.86873,37.93752],[127.86573,37.93778],[127.86184,37.9385],[127.85954,37.93908],[127.85701,37.93995],[127.85551,37.9403],[127.85176,37.94003],[127.8485,37.93996],[127.84574,37.93919],[127.84327,37.9378],[127.8404,37.93574],[127.83513,37.93347],[127.83403,37.93352],[127.83269,37.93388],[127.83046,37.93633],[127.82991,37.93663],[127.82922,37.93773],[127.82882,37.93808],[127.8275,37.94027],[127.82558,37.94281],[127.82353,37.9446],[127.82151,37.9459],[127.81968,37.94664],[127.81738,37.94715],[127.81419,37.94591],[127.81211,37.94463],[127.81099,37.94389],[127.81068,37.94352],[127.80848,37.94223],[127.80699,37.94066],[127.80468,37.93867],[127.80202,37.93597],[127.79764,37.9335],[127.79672,37.9329],[127.79488,37.9316],[127.79128,37.92943],[127.78755,37.92805],[127.78558,37.9276],[127.7824,37.92719],[127.77699,37.92789],[127.77421,37.92765],[127.77175,37.92736],[127.76852,37.92718],[127.7661,37.92674],[127.76282,37.92594],[127.76177,37.92504],[127.75667,37.92398],[127.75142,37.92303],[127.74549,37.92172],[127.74548,37.92111],[127.74442,37.91752],[127.74519,37.91391],[127.74562,37.912],[127.74595,37.9103],[127.74682,37.90669],[127.74676,37.90057],[127.74569,37.89949],[127.74566,37.896],[127.74546,37.89589],[127.74544,37.89429],[127.74596,37.8939],[127.74642,37.89375],[127.74652,37.89385],[127.74725,37.89372],[127.74771,37.89349],[127.74847,37.89349],[127.74906,37.89419],[127.74938,37.89423],[127.74972,37.89442],[127.7503,37.89443],[127.75062,37.89421],[127.75093,37.89416],[127.75103,37.89394],[127.75096,37.89346],[127.75083,37.89308],[127.75092,37.89284],[127.75135,37.89272],[127.75172,37.89275],[127.75239,37.89255],[127.75273,37.89226],[127.75315,37.89209],[127.75399,37.89162],[127.75414,37.8914],[127.75454,37.89132],[127.7548,37.89117],[127.75485,37.89084],[127.75482,37.89022],[127.75465,37.88939],[127.75454,37.888],[127.75463,37.88758],[127.75495,37.88703],[127.7556,37.88638],[127.75597,37.88572],[127.75588,37.88547],[127.75548,37.88602],[127.75515,37.88604],[127.75485,37.88625],[127.75469,37.88621],[127.7548,37.88587],[127.75472,37.88553],[127.75496,37.88523],[127.75484,37.88515],[127.75442,37.88537],[127.75413,37.88497],[127.75391,37.88451],[127.75321,37.88428],[127.75273,37.88377],[127.75278,37.88358],[127.75312,37.88295],[127.75392,37.88239],[127.75558,37.88206],[127.75527,37.88135],[127.75565,37.88105],[127.75592,37.88051],[127.75612,37.87979],[127.75629,37.87946],[127.7566,37.87942],[127.75685,37.87958],[127.75741,37.87951],[127.75786,37.8793],[127.75787,37.87903],[127.75886,37.87843],[127.75927,37.87809],[127.7594,37.87775],[127.76029,37.877],[127.76046,37.87669],[127.76094,37.87625],[127.76193,37.87552],[127.76227,37.87497],[127.76291,37.8747],[127.7633,37.87407],[127.76368,37.87374],[127.76398,37.87327],[127.76459,37.87291],[127.76469,37.8723],[127.76417,37.87181],[127.76409,37.87133],[127.76431,37.87134],[127.76487,37.87113],[127.76604,37.87105],[127.76628,37.87088],[127.76661,37.87047],[127.76683,37.87044],[127.76711,37.87013],[127.76866,37.87009],[127.76904,37.86997],[127.76909,37.86972],[127.76945,37.86952],[127.76963,37.86914],[127.77009,37.86889],[127.77074,37.86925],[127.77122,37.8692],[127.77195,37.86922],[127.77238,37.86944],[127.77293,37.86917],[127.77313,37.86931],[127.77378,37.86939],[127.77427,37.86974],[127.77507,37.86962],[127.77574,37.86978],[127.77605,37.86968],[127.77699,37.86998],[127.77735,37.86993],[127.77764,37.8701],[127.77809,37.86987],[127.77859,37.86992],[127.77872,37.87018],[127.77911,37.87036],[127.7799,37.87023],[127.78059,37.87033],[127.78105,37.87031],[127.78136,37.86975],[127.78188,37.86936],[127.78253,37.86942],[127.78347,37.86881],[127.78364,37.86865],[127.78374,37.86826],[127.78424,37.86794],[127.78457,37.86717],[127.78488,37.86627],[127.78564,37.86622],[127.78595,37.86592],[127.78657,37.86599],[127.78727,37.86532],[127.78768,37.86506],[127.78801,37.86507],[127.78845,37.86521],[127.7898,37.86548],[127.78998,37.86561],[127.79106,37.86587],[127.7915,37.86563],[127.79177,37.86578],[127.79282,37.8653],[127.79346,37.86544],[127.79478,37.86596],[127.79505,37.86597],[127.79539,37.86574],[127.79591,37.86605],[127.79625,37.86596],[127.79668,37.86629],[127.7972,37.86596],[127.79754,37.86603],[127.79786,37.86584],[127.7989,37.86571],[127.79892,37.86541],[127.79956,37.86548],[127.80001,37.86524],[127.80053,37.86532],[127.8008,37.86523],[127.80148,37.86564],[127.80172,37.86556],[127.80249,37.86596],[127.8029,37.86583],[127.80422,37.86612],[127.80512,37.86612],[127.80565,37.86638],[127.8061,37.86825],[127.80663,37.86847],[127.80745,37.86825],[127.8078,37.86804],[127.8075,37.86666],[127.80683,37.86581],[127.80677,37.86555],[127.80767,37.86414],[127.80763,37.86356],[127.80798,37.86266],[127.8081,37.86126],[127.80788,37.86048],[127.80821,37.86005],[127.80817,37.85948],[127.80828,37.85917],[127.81078,37.85896],[127.81144,37.85738],[127.81255,37.85709],[127.81283,37.85663],[127.81468,37.85486],[127.81745,37.85357],[127.8191,37.85168],[127.82022,37.85079],[127.82176,37.84982],[127.82179,37.84866],[127.82155,37.8481],[127.82203,37.84758],[127.82179,37.84595],[127.82213,37.84566],[127.82235,37.84566],[127.82313,37.84537],[127.82363,37.84483],[127.8244,37.84434],[127.82519,37.8437],[127.82787,37.8435],[127.82917,37.84408],[127.82951,37.8439],[127.83015,37.84388],[127.83227,37.84364],[127.83307,37.84222],[127.83372,37.8417],[127.83459,37.84124],[127.83585,37.84044],[127.83633,37.84001],[127.83755,37.83991],[127.83835,37.83977],[127.83928,37.83981],[127.83966,37.83964],[127.83989,37.83939],[127.84088,37.83902],[127.84159,37.83855],[127.84244,37.83778],[127.84292,37.83778],[127.84456,37.83744],[127.84544,37.83707],[127.84572,37.83684],[127.84725,37.83616],[127.84826,37.83563],[127.84907,37.83553],[127.84979,37.83553],[127.85112,37.83561],[127.8518,37.83556],[127.854,37.83507],[127.85465,37.83481],[127.85718,37.83542],[127.85797,37.83589],[127.85907,37.83591],[127.86034,37.8362],[127.86107,37.83619],[127.86168,37.83665],[127.86225,37.83641],[127.86294,37.83623],[127.86631,37.83637],[127.86696,37.83684],[127.8676,37.83673],[127.86819,37.83681],[127.86848,37.83661],[127.86931,37.83656],[127.87022,37.83717],[127.87116,37.83733],[127.87161,37.8375],[127.87119,37.83847],[127.87148,37.83897],[127.87184,37.83928],[127.87176,37.84103],[127.87257,37.84321],[127.87272,37.84462],[127.87357,37.84562],[127.87447,37.8458],[127.87533,37.84582],[127.8761,37.84675],[127.87736,37.84751],[127.87714,37.84781],[127.87739,37.84846],[127.8782,37.84949],[127.87881,37.85204],[127.87821,37.85391],[127.87775,37.85473],[127.8765,37.85642],[127.87708,37.85708],[127.87967,37.85935],[127.87989,37.86012],[127.88075,37.86069],[127.88144,37.86078],[127.88311,37.86104],[127.88464,37.86161],[127.88645,37.86206],[127.88806,37.86205],[127.89067,37.86312],[127.89127,37.86304],[127.89169,37.8628],[127.8923,37.86211],[127.89332,37.86195],[127.89403,37.86158],[127.89496,37.861],[127.89539,37.86017],[127.89604,37.85939],[127.89735,37.85909],[127.89865,37.85919],[127.90068,37.85877],[127.90212,37.85807],[127.90416,37.85761],[127.90461,37.85748],[127.90619,37.85686],[127.90832,37.85544],[127.90882,37.85456],[127.90796,37.85335],[127.90666,37.85258],[127.90648,37.85179],[127.90611,37.85119],[127.90637,37.85064],[127.90567,37.84941],[127.90769,37.84906],[127.90863,37.84857],[127.91029,37.84797],[127.91361,37.84617],[127.91573,37.84576],[127.91662,37.84513],[127.91849,37.84422],[127.92099,37.84023],[127.92228,37.83906],[127.92447,37.83832],[127.92536,37.83701],[127.9264,37.83325],[127.92643,37.83315],[127.92864,37.82918],[127.92927,37.82771],[127.93037,37.82694],[127.93153,37.8268],[127.93181,37.82647],[127.93279,37.82636],[127.93401,37.82709],[127.93523,37.82851],[127.93534,37.83006],[127.93527,37.83042],[127.9354,37.83155],[127.93551,37.83207],[127.93578,37.83288],[127.93631,37.83428],[127.93705,37.83558],[127.93751,37.83596],[127.9378,37.836],[127.93854,37.83643],[127.93869,37.83662],[127.93926,37.83694],[127.93992,37.83718],[127.94165,37.83816],[127.94283,37.83823],[127.94412,37.83835],[127.94473,37.83879],[127.94436,37.83942],[127.94504,37.84035],[127.9461,37.84108],[127.94605,37.84198],[127.94606,37.84275],[127.94586,37.84333],[127.94534,37.84405],[127.94535,37.84429],[127.94585,37.84456],[127.94597,37.84493],[127.9456,37.84578],[127.94474,37.84624],[127.94373,37.8469],[127.94325,37.84731],[127.94297,37.84772],[127.94361,37.84918],[127.94401,37.85047],[127.94411,37.85106],[127.94443,37.85136],[127.94469,37.85301],[127.9455,37.85362],[127.94588,37.85425],[127.94615,37.85507],[127.94632,37.85592],[127.94688,37.8569],[127.94728,37.85741],[127.94766,37.85815],[127.94765,37.85891],[127.94822,37.8602],[127.94886,37.86058],[127.94955,37.86113],[127.95004,37.86163],[127.95015,37.86196],[127.95015,37.86237],[127.95005,37.86321],[127.95063,37.864],[127.95288,37.86485],[127.95292,37.86488],[127.95308,37.86643],[127.95366,37.86792],[127.95464,37.86921],[127.95576,37.87015],[127.95639,37.87126],[127.95644,37.87135]]]},"properties":{"code":"32010310","name":"동면"}},{"type":"Feature","geometry":{"type":"Polygon","coordinates":[[[127.82541,37.81099],[127.82391,37.81047],[127.82355,37.81029],[127.82065,37.81107],[127.81918,37.81062],[127.81878,37.81041],[127.81718,37.81059],[127.817,37.81098],[127.81639,37.81116],[127.81564,37.81091],[127.81361,37.80898],[127.81149,37.8082],[127.8094,37.80745],[127.80787,37.8063],[127.80675,37.80624],[127.80474,37.80586],[127.80277,37.80506],[127.80261,37.80496],[127.80241,37.80553],[127.80223,37.80668],[127.80067,37.80812],[127.79872,37.80996],[127.79907,37.81256],[127.79949,37.81354],[127.79909,37.81459],[127.79626,37.81508],[127.79563,37.81509],[127.79513,37.81561],[127.79286,37.81578],[127.79114,37.81572],[127.79065,37.81541],[127.78998,37.81513],[127.78897,37.81489],[127.78869,37.81427],[127.78678,37.81444],[127.78637,37.81484],[127.78588,37.81611],[127.78491,37.81656],[127.78373,37.81669],[127.78317,37.81686],[127.78263,37.81691],[127.78058,37.8177],[127.77967,37.81778],[127.77924,37.81769],[127.77875,37.81747],[127.77845,37.81746],[127.77674,37.816],[127.77675,37.81574],[127.77612,37.81544],[127.77559,37.81543],[127.77385,37.81486],[127.77321,37.81533],[127.77275,37.81526],[127.77178,37.81558],[127.77123,37.81555],[127.76995,37.81526],[127.76904,37.81501],[127.76869,37.81477],[127.76834,37.81434],[127.76751,37.81421],[127.76667,37.8138],[127.76654,37.81334],[127.76648,37.81262],[127.76638,37.8123],[127.76649,37.81195],[127.76652,37.81146],[127.76688,37.81094],[127.76678,37.81035],[127.76632,37.81007],[127.76624,37.80927],[127.76594,37.8088],[127.76592,37.80841],[127.76545,37.80787],[127.76454,37.80724],[127.76256,37.80639],[127.76108,37.80552],[127.7598,37.80474],[127.75922,37.80557],[127.75872,37.80574],[127.75821,37.80613],[127.75798,37.8067],[127.75745,37.80688],[127.75769,37.80789],[127.75759,37.80829],[127.75771,37.80848],[127.75633,37.80893],[127.7561,37.80916],[127.75541,37.80944],[127.75375,37.80976],[127.75351,37.80986],[127.7533,37.81027],[127.75282,37.81072],[127.75239,37.8114],[127.75174,37.81163],[127.75159,37.81199],[127.75123,37.81234],[127.75103,37.81273],[127.7503,37.81302],[127.74945,37.81266],[127.74855,37.81272],[127.74837,37.81296],[127.74733,37.81265],[127.74606,37.81219],[127.74551,37.81218],[127.74538,37.81176],[127.74706,37.80837],[127.74775,37.80451],[127.74785,37.80369],[127.74934,37.80231],[127.74883,37.80136],[127.74837,37.80112],[127.74792,37.80102],[127.74554,37.80061],[127.74476,37.8003],[127.74424,37.79992],[127.74379,37.79974],[127.74353,37.79943],[127.7431,37.79909],[127.74264,37.79885],[127.74234,37.79859],[127.74187,37.79846],[127.74077,37.79779],[127.74011,37.79669],[127.73974,37.79655],[127.7397,37.79603],[127.73932,37.79587],[127.73867,37.79529],[127.7385,37.79503],[127.73766,37.79474],[127.73646,37.79493],[127.7352,37.79405],[127.73447,37.79379],[127.73421,37.79309],[127.73367,37.79297],[127.73294,37.79314],[127.732,37.79413],[127.73153,37.79333],[127.73084,37.79335],[127.73053,37.79329],[127.72879,37.79331],[127.72849,37.79337],[127.728,37.79319],[127.72718,37.79269],[127.72445,37.79046],[127.7236,37.79048],[127.72273,37.78908],[127.72264,37.78834],[127.72218,37.78761],[127.72186,37.78695],[127.72188,37.78623],[127.72069,37.7847],[127.72046,37.78333],[127.72029,37.78246],[127.72049,37.78215],[127.72036,37.78179],[127.72138,37.78128],[127.72181,37.78059],[127.72154,37.78005],[127.72161,37.77955],[127.72207,37.77931],[127.72215,37.77906],[127.72252,37.77847],[127.7227,37.77778],[127.72348,37.77718],[127.72376,37.77667],[127.72476,37.77615],[127.72508,37.77553],[127.72508,37.77483],[127.72587,37.77422],[127.72586,37.77376],[127.72517,37.77347],[127.7246,37.77306],[127.72503,37.7727],[127.7254,37.77186],[127.72593,37.77077],[127.72613,37.77046],[127.726,37.76997],[127.72614,37.76968],[127.72558,37.76912],[127.72594,37.76847],[127.72622,37.76757],[127.72616,37.76657],[127.72576,37.76637],[127.72515,37.76625],[127.72477,37.76602],[127.72375,37.76527],[127.72192,37.76478],[127.72189,37.7643],[127.72137,37.76386],[127.72084,37.76388],[127.7202,37.76353],[127.71979,37.76345],[127.71965,37.7632],[127.71918,37.76304],[127.71864,37.76269],[127.7182,37.76271],[127.71787,37.7625],[127.71649,37.76236],[127.71569,37.76255],[127.71486,37.761],[127.71361,37.76047],[127.7134,37.76017],[127.71316,37.75951],[127.71337,37.75894],[127.71306,37.75842],[127.71323,37.75785],[127.71314,37.75769],[127.71356,37.75689],[127.71283,37.756],[127.7131,37.75521],[127.71413,37.75496],[127.71479,37.75397],[127.71561,37.75248],[127.7158,37.75206],[127.71548,37.75138],[127.71589,37.7508],[127.71629,37.75053],[127.71609,37.75022],[127.71542,37.75008],[127.71516,37.74986],[127.71504,37.74936],[127.71464,37.74908],[127.71492,37.74867],[127.71524,37.74724],[127.71552,37.74698],[127.71547,37.74645],[127.71526,37.74565],[127.71492,37.7456],[127.71451,37.74538],[127.7146,37.74508],[127.71508,37.7451],[127.71518,37.74499],[127.71485,37.74467],[127.7156,37.74428],[127.71642,37.74365],[127.71682,37.74309],[127.71698,37.74272],[127.71756,37.74236],[127.71724,37.74188],[127.71732,37.74138],[127.71814,37.74113],[127.7186,37.74117],[127.71951,37.74098],[127.72092,37.74044],[127.7217,37.73968],[127.72295,37.73933],[127.72342,37.73932],[127.72382,37.73922],[127.72419,37.73883],[127.72446,37.73869],[127.72517,37.7387],[127.72538,37.73839],[127.72572,37.73838],[127.72587,37.73797],[127.72631,37.73798],[127.72689,37.73768],[127.72752,37.73691],[127.72803,37.73687],[127.72799,37.73663],[127.72818,37.73654],[127.72888,37.73601],[127.72942,37.73614],[127.72991,37.7359],[127.73029,37.7354],[127.73065,37.73477],[127.731,37.73505],[127.73113,37.73538],[127.73151,37.73549],[127.73193,37.73549],[127.73236,37.73597],[127.73325,37.73609],[127.73332,37.73624],[127.73371,37.73648],[127.73377,37.73686],[127.73424,37.73703],[127.73482,37.73735],[127.736,37.73736],[127.73635,37.73744],[127.73769,37.73816],[127.73946,37.73917],[127.73993,37.73929],[127.7418,37.74029],[127.74299,37.74164],[127.74352,37.74165],[127.74398,37.7415],[127.74459,37.74143],[127.74554,37.74187],[127.74595,37.74174],[127.74645,37.74192],[127.74738,37.74147],[127.74784,37.74099],[127.74844,37.7407],[127.74904,37.74026],[127.75017,37.73885],[127.75042,37.73843],[127.75055,37.73783],[127.75035,37.73743],[127.75063,37.73691],[127.75059,37.73651],[127.75078,37.73633],[127.75077,37.73595],[127.75132,37.73558],[127.7513,37.73526],[127.75103,37.73486],[127.75127,37.7342],[127.75199,37.73392],[127.75246,37.7336],[127.75278,37.73315],[127.75306,37.73306],[127.75355,37.73309],[127.75438,37.73257],[127.75472,37.73246],[127.75513,37.73273],[127.75689,37.73413],[127.75738,37.7344],[127.75761,37.73489],[127.75796,37.73532],[127.75841,37.73524],[127.75867,37.73543],[127.75882,37.73575],[127.75918,37.73594],[127.75942,37.73633],[127.76031,37.73656],[127.76087,37.73683],[127.76157,37.73686],[127.76217,37.73727],[127.76297,37.73722],[127.76374,37.73747],[127.76403,37.73783],[127.76441,37.73785],[127.76676,37.7377],[127.76729,37.73779],[127.768,37.73774],[127.76839,37.73792],[127.76963,37.7378],[127.77014,37.73763],[127.77109,37.7378],[127.77154,37.73774],[127.77268,37.73842],[127.77406,37.73865],[127.77477,37.73898],[127.77557,37.73916],[127.77598,37.74019],[127.77661,37.74038],[127.77756,37.74074],[127.77808,37.7406],[127.77874,37.74057],[127.7794,37.74067],[127.78014,37.74107],[127.78078,37.74171],[127.78129,37.74181],[127.78181,37.74232],[127.78277,37.74157],[127.78362,37.74132],[127.78408,37.74101],[127.78459,37.74082],[127.78503,37.74051],[127.78511,37.74035],[127.78591,37.74001],[127.78648,37.73993],[127.78773,37.73886],[127.78734,37.73807],[127.78718,37.73761],[127.7873,37.73692],[127.78749,37.73668],[127.79029,37.73583],[127.79177,37.73575],[127.79218,37.73545],[127.79306,37.73521],[127.7938,37.73538],[127.79491,37.73502],[127.79523,37.73528],[127.79564,37.73575],[127.79601,37.73588],[127.7962,37.7361],[127.79681,37.73628],[127.79745,37.73635],[127.79772,37.73652],[127.79841,37.73672],[127.79887,37.73673],[127.80009,37.73717],[127.80063,37.73681],[127.80102,37.73713],[127.80076,37.7376],[127.80115,37.7386],[127.8015,37.73876],[127.80168,37.73919],[127.80122,37.74018],[127.80118,37.74109],[127.8014,37.74126],[127.80145,37.74152],[127.80176,37.74184],[127.80269,37.7419],[127.80372,37.74267],[127.80403,37.74251],[127.80423,37.74224],[127.80461,37.74212],[127.8054,37.74223],[127.80631,37.74259],[127.80671,37.74413],[127.80639,37.74477],[127.80656,37.74507],[127.80639,37.7459],[127.80671,37.74633],[127.80762,37.74638],[127.808,37.74658],[127.80877,37.74665],[127.80944,37.74707],[127.81037,37.7466],[127.81099,37.74717],[127.81176,37.74704],[127.81211,37.74709],[127.81236,37.74741],[127.81277,37.74756],[127.81314,37.74787],[127.8139,37.74837],[127.8157,37.74845],[127.81628,37.74855],[127.81717,37.74781],[127.818,37.74775],[127.81853,37.74754],[127.8187,37.74731],[127.81899,37.74726],[127.81905,37.74706],[127.81979,37.74717],[127.82046,37.74674],[127.8207,37.74626],[127.8213,37.74588],[127.82181,37.74496],[127.8228,37.74492],[127.82442,37.74394],[127.82497,37.74323],[127.82494,37.74287],[127.82529,37.74258],[127.82537,37.74196],[127.82573,37.74173],[127.82615,37.74165],[127.82651,37.74173],[127.8271,37.74127],[127.82838,37.74136],[127.82835,37.74088],[127.82931,37.74099],[127.83043,37.7412],[127.83103,37.7412],[127.83143,37.74146],[127.83155,37.74174],[127.83231,37.74133],[127.83325,37.74188],[127.83375,37.74255],[127.83409,37.74318],[127.83428,37.74336],[127.83483,37.74429],[127.83599,37.74567],[127.8376,37.74665],[127.83941,37.74719],[127.8397,37.74741],[127.84041,37.74729],[127.84102,37.74759],[127.84135,37.74751],[127.84325,37.74887],[127.84422,37.74929],[127.84481,37.74946],[127.84467,37.75004],[127.84462,37.75111],[127.84503,37.75137],[127.84524,37.75167],[127.84516,37.75222],[127.84428,37.75227],[127.84362,37.75268],[127.84286,37.75292],[127.84175,37.75384],[127.8406,37.75502],[127.84037,37.75564],[127.8403,37.75617],[127.84044,37.75635],[127.84142,37.75679],[127.84171,37.75697],[127.84235,37.7569],[127.84252,37.75702],[127.84287,37.75697],[127.84437,37.75738],[127.8462,37.75748],[127.8468,37.7579],[127.84814,37.75844],[127.84899,37.75974],[127.84943,37.75994],[127.84976,37.76039],[127.8501,37.76053],[127.85095,37.76074],[127.85146,37.76139],[127.85486,37.7634],[127.85502,37.76403],[127.85572,37.76508],[127.8562,37.7653],[127.85624,37.76569],[127.85598,37.76612],[127.85613,37.76695],[127.85663,37.76767],[127.85715,37.76806],[127.8574,37.76852],[127.85645,37.76936],[127.85608,37.77102],[127.85473,37.77284],[127.85445,37.77352],[127.85321,37.77438],[127.85295,37.77489],[127.85184,37.77611],[127.85177,37.77629],[127.85187,37.77704],[127.85181,37.77719],[127.85126,37.77753],[127.84984,37.77768],[127.84976,37.77787],[127.84979,37.77908],[127.84972,37.77919],[127.848,37.78028],[127.84667,37.78069],[127.84646,37.7811],[127.84467,37.78384],[127.84397,37.78631],[127.84407,37.7879],[127.84324,37.78969],[127.84231,37.79006],[127.84173,37.78984],[127.84072,37.78969],[127.83965,37.79008],[127.83845,37.79034],[127.83733,37.79042],[127.837,37.79111],[127.83611,37.79143],[127.83551,37.79184],[127.83401,37.79228],[127.83324,37.79243],[127.83235,37.79303],[127.83152,37.79373],[127.83068,37.79405],[127.83002,37.79473],[127.82837,37.79536],[127.82711,37.79625],[127.82489,37.79825],[127.82517,37.79864],[127.82514,37.79965],[127.82571,37.80041],[127.82508,37.80112],[127.8252,37.80208],[127.82542,37.80241],[127.82554,37.80293],[127.82616,37.80312],[127.82684,37.80385],[127.82661,37.80419],[127.82656,37.80451],[127.82669,37.80531],[127.82649,37.80552],[127.82674,37.80597],[127.82666,37.80678],[127.8271,37.80737],[127.82716,37.80864],[127.82696,37.80889],[127.82541,37.81099]]]},"properties":{"code":"32010320","name":"동산면"}},{"type":"Feature","geometry":{"type":"Polygon","coordinates":[[[127.7492,37.84142],[127.74881,37.8414],[127.74653,37.84104],[127.74583,37.84036],[127.74518,37.84056],[127.74479,37.84123],[127.74453,37.8413],[127.74402,37.84129],[127.7435,37.84161],[127.74305,37.8413],[127.74265,37.84138],[127.74184,37.84114],[127.74122,37.84131],[127.73892,37.84151],[127.73884,37.8419],[127.73836,37.84211],[127.73784,37.84208],[127.73743,37.84246],[127.73707,37.84265],[127.7369,37.84293],[127.73602,37.84321],[127.73549,37.84353],[127.73565,37.84376],[127.73547,37.844],[127.73476,37.84416],[127.73418,37.84485],[127.73407,37.84515],[127.73354,37.8458],[127.7333,37.84589],[127.73269,37.84567],[127.73249,37.84618],[127.73214,37.84668],[127.73174,37.84678],[127.7315,37.84644],[127.73125,37.84581],[127.73067,37.846],[127.72988,37.84661],[127.72978,37.84674],[127.72935,37.84688],[127.72887,37.84683],[127.72834,37.84664],[127.72795,37.84694],[127.72702,37.84691],[127.72668,37.8477],[127.72596,37.8482],[127.72542,37.84845],[127.72522,37.84906],[127.72457,37.84957],[127.72388,37.84967],[127.72228,37.8497],[127.72208,37.84953],[127.72179,37.84962],[127.72125,37.84957],[127.72096,37.84923],[127.72043,37.84917],[127.72022,37.849],[127.71961,37.84918],[127.71945,37.84908],[127.71897,37.84917],[127.71842,37.84907],[127.71769,37.84932],[127.71723,37.84917],[127.71692,37.84917],[127.71706,37.84846],[127.71701,37.8483],[127.71715,37.84795],[127.71697,37.84734],[127.71699,37.847],[127.71683,37.8465],[127.71582,37.84542],[127.7158,37.84518],[127.71598,37.84478],[127.71666,37.84376],[127.71687,37.8428],[127.71682,37.8424],[127.71707,37.8412],[127.71697,37.84108],[127.71674,37.8401],[127.71689,37.8398],[127.71627,37.83916],[127.71655,37.8384],[127.71647,37.83809],[127.71663,37.83778],[127.71606,37.83749],[127.71579,37.83708],[127.71548,37.83688],[127.71573,37.83618],[127.71542,37.83572],[127.71574,37.83537],[127.71588,37.83535],[127.71611,37.83495],[127.71632,37.83481],[127.71701,37.8348],[127.7174,37.83473],[127.71697,37.8343],[127.71617,37.83408],[127.71543,37.83419],[127.71506,37.83461],[127.71437,37.83456],[127.71418,37.83549],[127.71424,37.83649],[127.71381,37.83631],[127.71338,37.83589],[127.71331,37.83612],[127.71286,37.83587],[127.71225,37.83579],[127.71191,37.836],[127.71194,37.83627],[127.71157,37.83658],[127.71109,37.83652],[127.71081,37.83679],[127.71034,37.8368],[127.70979,37.83697],[127.70894,37.83702],[127.70875,37.83688],[127.7081,37.83682],[127.70767,37.83685],[127.70735,37.83713],[127.7068,37.8374],[127.70659,37.83734],[127.70624,37.83698],[127.70533,37.83673],[127.70513,37.83696],[127.70545,37.83714],[127.70552,37.83745],[127.70526,37.8379],[127.70461,37.83832],[127.70283,37.83871],[127.70149,37.83869],[127.70116,37.83886],[127.70035,37.83948],[127.69971,37.83958],[127.69898,37.83999],[127.69853,37.84005],[127.69687,37.84007],[127.69636,37.84005],[127.69548,37.83992],[127.69512,37.83966],[127.69429,37.83933],[127.6933,37.83926],[127.6911,37.83993],[127.69036,37.84051],[127.68933,37.84041],[127.68886,37.84033],[127.68812,37.84037],[127.68779,37.84053],[127.68568,37.84091],[127.68513,37.84067],[127.68281,37.84133],[127.68219,37.84191],[127.68177,37.84181],[127.68062,37.84251],[127.67713,37.84106],[127.67572,37.84108],[127.67548,37.83978],[127.67559,37.83819],[127.6759,37.83506],[127.67569,37.83038],[127.67298,37.82698],[127.66924,37.8249],[127.66493,37.8239],[127.66471,37.82389],[127.66501,37.82302],[127.66551,37.82206],[127.6659,37.82057],[127.66644,37.82028],[127.66662,37.82002],[127.66657,37.81862],[127.66759,37.81823],[127.6673,37.81684],[127.66737,37.81628],[127.66795,37.81571],[127.66873,37.81476],[127.668,37.81412],[127.66745,37.8139],[127.66581,37.81388],[127.66555,37.81372],[127.66463,37.81369],[127.66428,37.81323],[127.66405,37.81307],[127.66325,37.81308],[127.66195,37.81262],[127.66129,37.81267],[127.66075,37.81216],[127.65924,37.81152],[127.65907,37.81141],[127.65841,37.81156],[127.65774,37.81102],[127.65694,37.81084],[127.6562,37.81081],[127.65587,37.81064],[127.65557,37.81067],[127.65517,37.8109],[127.65437,37.81092],[127.65428,37.81102],[127.65274,37.81087],[127.65206,37.81106],[127.65019,37.81083],[127.64928,37.81067],[127.64861,37.81018],[127.64804,37.80983],[127.6473,37.80895],[127.64772,37.80824],[127.64846,37.80825],[127.64959,37.80664],[127.6505,37.80673],[127.65136,37.8056],[127.65292,37.80488],[127.65382,37.80522],[127.65494,37.80488],[127.65543,37.80456],[127.65619,37.80383],[127.65649,37.80318],[127.65786,37.80164],[127.65949,37.80138],[127.66202,37.80106],[127.66293,37.79892],[127.66545,37.79894],[127.66814,37.79873],[127.66925,37.79693],[127.66949,37.79523],[127.67033,37.79464],[127.67227,37.79468],[127.67261,37.7933],[127.67244,37.79281],[127.67281,37.79223],[127.67329,37.79136],[127.67388,37.79117],[127.67419,37.79087],[127.67413,37.79041],[127.67418,37.78935],[127.67453,37.78891],[127.67534,37.78845],[127.67557,37.78727],[127.67609,37.78658],[127.67595,37.78604],[127.67602,37.78562],[127.67642,37.78487],[127.67686,37.78459],[127.67766,37.78311],[127.67795,37.78248],[127.67828,37.78212],[127.67809,37.78184],[127.67793,37.78139],[127.67791,37.78105],[127.67814,37.78077],[127.67935,37.78078],[127.67986,37.78054],[127.68076,37.78085],[127.68146,37.78077],[127.68183,37.78049],[127.68179,37.77959],[127.68152,37.77938],[127.68155,37.77861],[127.68108,37.77814],[127.68177,37.77793],[127.682,37.77825],[127.6823,37.77841],[127.68302,37.77846],[127.68338,37.77833],[127.68421,37.77826],[127.68457,37.77786],[127.68515,37.77769],[127.68546,37.7778],[127.68639,37.77783],[127.68678,37.77694],[127.68726,37.7768],[127.68932,37.77686],[127.69075,37.77579],[127.6912,37.77565],[127.69141,37.77504],[127.69133,37.7747],[127.69143,37.77437],[127.69106,37.77389],[127.69196,37.7731],[127.69246,37.77303],[127.69318,37.7727],[127.69463,37.77282],[127.69513,37.77268],[127.69594,37.77279],[127.69598,37.77207],[127.69623,37.77174],[127.6963,37.77144],[127.69672,37.77053],[127.6971,37.77001],[127.69795,37.76978],[127.69821,37.76952],[127.69862,37.76934],[127.69964,37.76916],[127.69981,37.76875],[127.70044,37.76812],[127.70106,37.76809],[127.7013,37.76789],[127.70101,37.76757],[127.7006,37.76736],[127.70037,37.7669],[127.70049,37.76656],[127.7009,37.76637],[127.70101,37.76606],[127.7014,37.76576],[127.70153,37.76542],[127.70191,37.76531],[127.70284,37.76575],[127.70354,37.76565],[127.7046,37.76585],[127.70509,37.7657],[127.70595,37.76584],[127.70651,37.76653],[127.70689,37.76638],[127.7074,37.76662],[127.70746,37.76684],[127.70783,37.76683],[127.70839,37.76716],[127.70909,37.76723],[127.70947,37.76704],[127.71014,37.76739],[127.71101,37.76722],[127.71162,37.76742],[127.71236,37.76639],[127.71263,37.76643],[127.71328,37.76607],[127.71356,37.7657],[127.71331,37.76517],[127.71347,37.76501],[127.71447,37.76482],[127.71505,37.76486],[127.71568,37.76469],[127.71623,37.76443],[127.71649,37.76424],[127.71647,37.76366],[127.71569,37.76255],[127.71649,37.76236],[127.71787,37.7625],[127.7182,37.76271],[127.71864,37.76269],[127.71918,37.76304],[127.71965,37.7632],[127.71979,37.76345],[127.7202,37.76353],[127.72084,37.76388],[127.72137,37.76386],[127.72189,37.7643],[127.72192,37.76478],[127.72375,37.76527],[127.72477,37.76602],[127.72515,37.76625],[127.72576,37.76637],[127.72616,37.76657],[127.72622,37.76757],[127.72594,37.76847],[127.72558,37.76912],[127.72614,37.76968],[127.726,37.76997],[127.72613,37.77046],[127.72593,37.77077],[127.7254,37.77186],[127.72503,37.7727],[127.7246,37.77306],[127.72517,37.77347],[127.72586,37.77376],[127.72587,37.77422],[127.72508,37.77483],[127.72508,37.77553],[127.72476,37.77615],[127.72376,37.77667],[127.72348,37.77718],[127.7227,37.77778],[127.72252,37.77847],[127.72215,37.77906],[127.72207,37.77931],[127.72161,37.77955],[127.72154,37.78005],[127.72181,37.78059],[127.72138,37.78128],[127.72036,37.78179],[127.72049,37.78215],[127.72029,37.78246],[127.72046,37.78333],[127.72069,37.7847],[127.72188,37.78623],[127.72186,37.78695],[127.72218,37.78761],[127.72264,37.78834],[127.72273,37.78908],[127.7236,37.79048],[127.72445,37.79046],[127.72718,37.79269],[127.728,37.79319],[127.72849,37.79337],[127.72879,37.79331],[127.73053,37.79329],[127.73084,37.79335],[127.73153,37.79333],[127.732,37.79413],[127.73294,37.79314],[127.73367,37.79297],[127.73421,37.79309],[127.73447,37.79379],[127.7352,37.79405],[127.73646,37.79493],[127.73766,37.79474],[127.7385,37.79503],[127.73867,37.79529],[127.73932,37.79587],[127.7397,37.79603],[127.73974,37.79655],[127.74011,37.79669],[127.74077,37.79779],[127.74187,37.79846],[127.74234,37.79859],[127.74264,37.79885],[127.7431,37.79909],[127.74353,37.79943],[127.74379,37.79974],[127.74424,37.79992],[127.74476,37.8003],[127.74554,37.80061],[127.74792,37.80102],[127.74837,37.80112],[127.74883,37.80136],[127.74934,37.80231],[127.74785,37.80369],[127.74775,37.80451],[127.74706,37.80837],[127.74538,37.81176],[127.74551,37.81218],[127.74597,37.81654],[127.74622,37.81709],[127.74645,37.81814],[127.74631,37.81903],[127.74611,37.81947],[127.74623,37.82066],[127.74635,37.82135],[127.74636,37.82192],[127.74627,37.82319],[127.74623,37.82428],[127.74609,37.82496],[127.74611,37.82543],[127.74569,37.82583],[127.74583,37.8272],[127.746,37.8278],[127.74632,37.82801],[127.74569,37.82886],[127.74579,37.82915],[127.74523,37.82989],[127.74507,37.83028],[127.74516,37.83131],[127.74509,37.8318],[127.74493,37.83223],[127.74505,37.83272],[127.74518,37.83369],[127.74507,37.83426],[127.74529,37.83484],[127.74577,37.83486],[127.74622,37.83582],[127.74664,37.83628],[127.74724,37.8367],[127.74749,37.83725],[127.74751,37.83786],[127.74907,37.83989],[127.7492,37.84142]]]},"properties":{"code":"32010330","name":"신동면"}},{"type":"Feature","geometry":{"type":"Polygon","coordinates":[[[127.82213,37.84566],[127.82179,37.84595],[127.82203,37.84758],[127.82155,37.8481],[127.82179,37.84866],[127.82176,37.84982],[127.82022,37.85079],[127.8191,37.85168],[127.81745,37.85357],[127.81468,37.85486],[127.81283,37.85663],[127.81255,37.85709],[127.81144,37.85738],[127.81078,37.85896],[127.80828,37.85917],[127.80817,37.85948],[127.80821,37.86005],[127.80788,37.86048],[127.8081,37.86126],[127.80798,37.86266],[127.80763,37.86356],[127.80767,37.86414],[127.80677,37.86555],[127.80683,37.86581],[127.8075,37.86666],[127.8078,37.86804],[127.80745,37.86825],[127.80663,37.86847],[127.8061,37.86825],[127.80565,37.86638],[127.80512,37.86612],[127.80422,37.86612],[127.8029,37.86583],[127.80249,37.86596],[127.80172,37.86556],[127.80148,37.86564],[127.8008,37.86523],[127.80053,37.86532],[127.80001,37.86524],[127.79956,37.86548],[127.79892,37.86541],[127.7989,37.86571],[127.79786,37.86584],[127.79754,37.86603],[127.7972,37.86596],[127.79668,37.86629],[127.79625,37.86596],[127.79591,37.86605],[127.79539,37.86574],[127.79505,37.86597],[127.79478,37.86596],[127.79346,37.86544],[127.79282,37.8653],[127.79177,37.86578],[127.7915,37.86563],[127.79106,37.86587],[127.78998,37.86561],[127.7898,37.86548],[127.78845,37.86521],[127.78801,37.86507],[127.78768,37.86506],[127.78727,37.86532],[127.78657,37.86599],[127.78595,37.86592],[127.78564,37.86622],[127.78488,37.86627],[127.78457,37.86717],[127.78424,37.86794],[127.78374,37.86826],[127.78364,37.86865],[127.78347,37.86881],[127.78253,37.86942],[127.78188,37.86936],[127.78136,37.86975],[127.78105,37.87031],[127.78059,37.87033],[127.7799,37.87023],[127.77911,37.87036],[127.77872,37.87018],[127.77859,37.86992],[127.77809,37.86987],[127.77764,37.8701],[127.77735,37.86993],[127.77699,37.86998],[127.77605,37.86968],[127.77574,37.86978],[127.77507,37.86962],[127.77427,37.86974],[127.77378,37.86939],[127.77313,37.86931],[127.77293,37.86917],[127.77238,37.86944],[127.77195,37.86922],[127.77122,37.8692],[127.77074,37.86925],[127.77009,37.86889],[127.76963,37.86914],[127.76908,37.8688],[127.76875,37.86879],[127.76843,37.86859],[127.76796,37.86842],[127.76798,37.868],[127.76764,37.8677],[127.76747,37.86733],[127.7676,37.86714],[127.76744,37.86669],[127.76742,37.86634],[127.7669,37.8665],[127.76633,37.86615],[127.76601,37.86589],[127.76597,37.86539],[127.76582,37.86517],[127.76522,37.86492],[127.76515,37.86469],[127.76451,37.8646],[127.76394,37.86419],[127.76314,37.86433],[127.76273,37.86432],[127.76232,37.86342],[127.76166,37.86316],[127.76151,37.86336],[127.76091,37.86334],[127.76035,37.8635],[127.75917,37.86333],[127.75832,37.86315],[127.75825,37.863],[127.75838,37.86253],[127.75619,37.86209],[127.75607,37.86194],[127.75637,37.86134],[127.75607,37.8607],[127.75529,37.86066],[127.75472,37.86047],[127.75403,37.85953],[127.75394,37.85908],[127.75332,37.85907],[127.75329,37.85868],[127.75259,37.8578],[127.75264,37.85747],[127.75212,37.85747],[127.75167,37.85668],[127.75115,37.85668],[127.75075,37.85658],[127.75025,37.85622],[127.7497,37.85535],[127.75018,37.85488],[127.75192,37.85207],[127.75336,37.85061],[127.75438,37.84988],[127.75509,37.84923],[127.75545,37.84898],[127.75681,37.84909],[127.75666,37.84813],[127.75657,37.84794],[127.75721,37.84711],[127.75749,37.8465],[127.75841,37.84596],[127.75899,37.84533],[127.75844,37.84496],[127.75774,37.8447],[127.75737,37.8448],[127.75721,37.84507],[127.75683,37.84515],[127.75615,37.84481],[127.75544,37.84478],[127.7548,37.84458],[127.75457,37.84442],[127.75402,37.84451],[127.75376,37.84435],[127.75341,37.84396],[127.75316,37.84317],[127.75239,37.8427],[127.75219,37.84225],[127.7502,37.84217],[127.74948,37.84216],[127.7492,37.84142],[127.74907,37.83989],[127.74751,37.83786],[127.74749,37.83725],[127.74724,37.8367],[127.74664,37.83628],[127.74622,37.83582],[127.74577,37.83486],[127.74529,37.83484],[127.74507,37.83426],[127.74518,37.83369],[127.74505,37.83272],[127.74493,37.83223],[127.74509,37.8318],[127.74516,37.83131],[127.74507,37.83028],[127.74523,37.82989],[127.74579,37.82915],[127.74569,37.82886],[127.74632,37.82801],[127.746,37.8278],[127.74583,37.8272],[127.74569,37.82583],[127.74611,37.82543],[127.74609,37.82496],[127.74623,37.82428],[127.74627,37.82319],[127.74636,37.82192],[127.74635,37.82135],[127.74623,37.82066],[127.74611,37.81947],[127.74631,37.81903],[127.74645,37.81814],[127.74622,37.81709],[127.74597,37.81654],[127.74551,37.81218],[127.74606,37.81219],[127.74733,37.81265],[127.74837,37.81296],[127.74855,37.81272],[127.74945,37.81266],[127.7503,37.81302],[127.75103,37.81273],[127.75123,37.81234],[127.75159,37.81199],[127.75174,37.81163],[127.75239,37.8114],[127.75282,37.81072],[127.7533,37.81027],[127.75351,37.80986],[127.75375,37.80976],[127.75541,37.80944],[127.7561,37.80916],[127.75633,37.80893],[127.75771,37.80848],[127.75759,37.80829],[127.75769,37.80789],[127.75745,37.80688],[127.75798,37.8067],[127.75821,37.80613],[127.75872,37.80574],[127.75922,37.80557],[127.7598,37.80474],[127.76108,37.80552],[127.76256,37.80639],[127.76454,37.80724],[127.76545,37.80787],[127.76592,37.80841],[127.76594,37.8088],[127.76624,37.80927],[127.76632,37.81007],[127.76678,37.81035],[127.76688,37.81094],[127.76652,37.81146],[127.76649,37.81195],[127.76638,37.8123],[127.76648,37.81262],[127.76654,37.81334],[127.76667,37.8138],[127.76751,37.81421],[127.76834,37.81434],[127.76869,37.81477],[127.76904,37.81501],[127.76995,37.81526],[127.77123,37.81555],[127.77178,37.81558],[127.77275,37.81526],[127.77321,37.81533],[127.77385,37.81486],[127.77559,37.81543],[127.77612,37.81544],[127.77675,37.81574],[127.77674,37.816],[127.77845,37.81746],[127.77875,37.81747],[127.77924,37.81769],[127.77967,37.81778],[127.78058,37.8177],[127.78263,37.81691],[127.78317,37.81686],[127.78373,37.81669],[127.78491,37.81656],[127.78588,37.81611],[127.78637,37.81484],[127.78678,37.81444],[127.78869,37.81427],[127.78897,37.81489],[127.78998,37.81513],[127.79065,37.81541],[127.79114,37.81572],[127.79286,37.81578],[127.79513,37.81561],[127.79563,37.81509],[127.79626,37.81508],[127.79909,37.81459],[127.79949,37.81354],[127.79907,37.81256],[127.79872,37.80996],[127.80067,37.80812],[127.80223,37.80668],[127.80241,37.80553],[127.80261,37.80496],[127.80277,37.80506],[127.80474,37.80586],[127.80675,37.80624],[127.80787,37.8063],[127.8094,37.80745],[127.81149,37.8082],[127.81361,37.80898],[127.81564,37.81091],[127.81639,37.81116],[127.817,37.81098],[127.81718,37.81059],[127.81878,37.81041],[127.81918,37.81062],[127.82065,37.81107],[127.82355,37.81029],[127.82391,37.81047],[127.82541,37.81099],[127.8251,37.81178],[127.82521,37.81406],[127.82501,37.81569],[127.82604,37.81641],[127.82608,37.81677],[127.82655,37.81709],[127.82677,37.81748],[127.8271,37.81768],[127.82742,37.81905],[127.82775,37.81924],[127.82761,37.82046],[127.8267,37.8214],[127.82622,37.82163],[127.82558,37.82434],[127.82361,37.82461],[127.82204,37.82462],[127.82079,37.8253],[127.81882,37.82688],[127.81722,37.82822],[127.81842,37.82937],[127.81363,37.83328],[127.81357,37.83367],[127.81453,37.83606],[127.81434,37.83696],[127.81502,37.8373],[127.81533,37.83765],[127.81432,37.83839],[127.81422,37.83872],[127.81483,37.83986],[127.81512,37.84004],[127.81519,37.84051],[127.81548,37.84099],[127.81637,37.84101],[127.8172,37.84162],[127.81789,37.84176],[127.8189,37.84187],[127.81944,37.84214],[127.81934,37.8437],[127.8209,37.84472],[127.82136,37.84543],[127.82213,37.84566]]]},"properties":{"code":"32010340","name":"동내면"}},{"type":"Feature","geometry":{"type":"Polygon","coordinates":[[[127.64118,37.69513],[127.64208,37.69517],[127.64309,37.69508],[127.64426,37.69579],[127.64559,37.69706],[127.64613,37.69796],[127.64558,37.69845],[127.64414,37.69966],[127.64438,37.70018],[127.64473,37.70122],[127.64481,37.70211],[127.64468,37.70329],[127.64557,37.70478],[127.64595,37.70557],[127.64629,37.70616],[127.64807,37.70679],[127.64907,37.70702],[127.64872,37.70817],[127.64928,37.70896],[127.64968,37.70917],[127.6499,37.70948],[127.65063,37.70917],[127.65072,37.71075],[127.64966,37.71158],[127.6482,37.71259],[127.64661,37.71407],[127.64349,37.71481],[127.64398,37.71657],[127.64489,37.71762],[127.64518,37.71872],[127.64448,37.71934],[127.64383,37.71966],[127.64293,37.7205],[127.64303,37.72155],[127.64282,37.72236],[127.64287,37.72303],[127.64265,37.72439],[127.64419,37.72493],[127.64509,37.72493],[127.64594,37.72525],[127.64775,37.72573],[127.64886,37.72641],[127.6503,37.72709],[127.65141,37.7278],[127.65195,37.72858],[127.65321,37.72944],[127.65393,37.73061],[127.65557,37.73037],[127.65699,37.73062],[127.65927,37.73131],[127.66068,37.73398],[127.66078,37.73415],[127.66092,37.73485],[127.66079,37.73617],[127.6611,37.73638],[127.66035,37.73685],[127.66003,37.73736],[127.65998,37.73797],[127.66006,37.73831],[127.66006,37.73899],[127.6599,37.73932],[127.66092,37.74027],[127.66094,37.74043],[127.66058,37.74075],[127.66079,37.74182],[127.6616,37.74265],[127.66194,37.7432],[127.66266,37.74355],[127.66292,37.7436],[127.66293,37.74392],[127.66344,37.74466],[127.66306,37.74552],[127.66319,37.74627],[127.66286,37.747],[127.66322,37.74769],[127.6628,37.74779],[127.66244,37.7489],[127.66125,37.75003],[127.66159,37.75068],[127.66196,37.75079],[127.6618,37.75146],[127.66225,37.75207],[127.66229,37.75292],[127.66282,37.75295],[127.66409,37.75322],[127.66435,37.75319],[127.6647,37.75331],[127.66546,37.75529],[127.66634,37.75588],[127.66757,37.75677],[127.66881,37.75797],[127.66975,37.75874],[127.67014,37.75929],[127.67135,37.76002],[127.67039,37.7608],[127.66934,37.76182],[127.66874,37.76237],[127.66648,37.76238],[127.66626,37.7631],[127.66365,37.76315],[127.66316,37.7634],[127.66231,37.76281],[127.66201,37.7628],[127.66104,37.76244],[127.65954,37.76264],[127.65899,37.76263],[127.65822,37.76239],[127.65711,37.76233],[127.65656,37.76291],[127.65622,37.7631],[127.65532,37.76259],[127.65439,37.76224],[127.65429,37.76189],[127.65364,37.7614],[127.6535,37.76113],[127.65276,37.76056],[127.65205,37.76061],[127.65163,37.76038],[127.6509,37.76036],[127.65041,37.76004],[127.6498,37.76004],[127.64925,37.75965],[127.64831,37.75996],[127.64765,37.75944],[127.64711,37.7592],[127.64608,37.75891],[127.64555,37.75829],[127.64503,37.75798],[127.64382,37.75796],[127.64369,37.7575],[127.64314,37.7572],[127.64285,37.75723],[127.64218,37.75698],[127.64145,37.75624],[127.64129,37.75626],[127.63953,37.75576],[127.63916,37.75537],[127.63868,37.75527],[127.63811,37.75501],[127.6378,37.75509],[127.63732,37.75535],[127.63702,37.75538],[127.63649,37.7558],[127.6361,37.75585],[127.63571,37.75599],[127.63521,37.75665],[127.63369,37.75678],[127.63319,37.75711],[127.63304,37.75729],[127.6326,37.75827],[127.63246,37.7584],[127.63134,37.75854],[127.6314,37.75897],[127.63099,37.76114],[127.63038,37.76094],[127.62946,37.76123],[127.62804,37.76229],[127.62751,37.76229],[127.62587,37.76341],[127.62396,37.76446],[127.62303,37.76472],[127.61907,37.76579],[127.61846,37.76693],[127.61699,37.76789],[127.61517,37.76734],[127.61425,37.76668],[127.61272,37.76663],[127.61056,37.76703],[127.61052,37.76756],[127.61025,37.76809],[127.61131,37.76962],[127.61103,37.77066],[127.61146,37.77124],[127.6113,37.77223],[127.61173,37.77246],[127.61167,37.77322],[127.61188,37.77397],[127.61192,37.77505],[127.61232,37.77552],[127.6123,37.77675],[127.6126,37.77715],[127.61269,37.77796],[127.61231,37.77839],[127.61224,37.77943],[127.61188,37.7807],[127.61116,37.7812],[127.60947,37.78168],[127.60813,37.78162],[127.60737,37.78171],[127.60678,37.78163],[127.60523,37.78263],[127.60383,37.78241],[127.60362,37.78262],[127.60247,37.78313],[127.60206,37.78376],[127.6005,37.78418],[127.59817,37.78487],[127.59604,37.78586],[127.59293,37.78727],[127.59273,37.78655],[127.5918,37.78564],[127.59099,37.78467],[127.5895,37.78384],[127.5889,37.78326],[127.58745,37.78311],[127.58661,37.78267],[127.58506,37.77976],[127.58336,37.77992],[127.58255,37.77994],[127.58074,37.77983],[127.57886,37.78046],[127.57793,37.78087],[127.57692,37.78103],[127.57514,37.78199],[127.57267,37.78274],[127.5722,37.78182],[127.57117,37.78154],[127.57046,37.78112],[127.56952,37.78087],[127.56848,37.78038],[127.56757,37.78015],[127.5671,37.77977],[127.5664,37.77959],[127.56622,37.77934],[127.5651,37.77885],[127.5645,37.77863],[127.56451,37.77785],[127.56365,37.77655],[127.56365,37.77569],[127.56409,37.77499],[127.56397,37.77421],[127.56368,37.77333],[127.56379,37.77309],[127.56394,37.77221],[127.56399,37.77164],[127.56392,37.7712],[127.56388,37.7703],[127.56402,37.76994],[127.56402,37.76964],[127.56417,37.76879],[127.56346,37.76823],[127.56363,37.7674],[127.5635,37.76698],[127.56308,37.76652],[127.56327,37.76603],[127.56323,37.76508],[127.56307,37.76487],[127.56266,37.76473],[127.56191,37.76427],[127.56087,37.76419],[127.55961,37.76389],[127.55824,37.7639],[127.55751,37.7636],[127.55635,37.76345],[127.5557,37.76315],[127.55447,37.76289],[127.5534,37.76291],[127.5534,37.7626],[127.5532,37.76187],[127.55293,37.76129],[127.553,37.76099],[127.55238,37.75965],[127.55271,37.75873],[127.5533,37.75818],[127.55329,37.75787],[127.55301,37.75769],[127.554,37.75561],[127.55385,37.75538],[127.55422,37.75467],[127.55395,37.75418],[127.55456,37.75319],[127.55436,37.75275],[127.55415,37.75181],[127.55379,37.75086],[127.55409,37.75024],[127.55397,37.74971],[127.55396,37.74932],[127.55328,37.74894],[127.5529,37.74855],[127.55214,37.7485],[127.55208,37.74817],[127.5517,37.74796],[127.55161,37.74767],[127.55115,37.74721],[127.55081,37.74647],[127.54984,37.74599],[127.54944,37.74585],[127.54902,37.74509],[127.54866,37.74469],[127.54871,37.7445],[127.54823,37.74369],[127.54768,37.74388],[127.54659,37.74492],[127.54572,37.74525],[127.54582,37.74579],[127.54548,37.74646],[127.54495,37.74675],[127.54455,37.74784],[127.54425,37.7482],[127.54396,37.74877],[127.54354,37.7489],[127.5432,37.74918],[127.54275,37.74935],[127.54285,37.74952],[127.54239,37.74963],[127.54194,37.75015],[127.54155,37.75024],[127.54095,37.75054],[127.54008,37.75047],[127.5395,37.75033],[127.53927,37.75004],[127.53874,37.75],[127.53866,37.75033],[127.53762,37.75115],[127.53408,37.7486],[127.52838,37.74559],[127.52267,37.74279],[127.51687,37.74027],[127.514,37.7386],[127.51121,37.73643],[127.51021,37.73497],[127.50711,37.73136],[127.50648,37.72781],[127.50615,37.72415],[127.50707,37.72059],[127.50798,37.71923],[127.50951,37.71693],[127.5118,37.71572],[127.51186,37.71568],[127.51343,37.71759],[127.51701,37.72036],[127.52151,37.72404],[127.5247,37.72647],[127.5272,37.72686],[127.52962,37.72642],[127.53169,37.72404],[127.53389,37.72193],[127.53734,37.72049],[127.54017,37.71946],[127.54251,37.71986],[127.54533,37.72164],[127.54927,37.72393],[127.55123,37.72756],[127.55375,37.72879],[127.5566,37.72923],[127.55891,37.72885],[127.55991,37.72858],[127.56229,37.72795],[127.56424,37.72783],[127.56505,37.72836],[127.56518,37.72869],[127.56642,37.73108],[127.56751,37.73266],[127.56755,37.73269],[127.57217,37.73296],[127.57366,37.73266],[127.58921,37.7254],[127.59174,37.72262],[127.59348,37.72122],[127.59458,37.71974],[127.59435,37.71803],[127.593,37.71658],[127.59214,37.71518],[127.59154,37.71299],[127.59164,37.71138],[127.59197,37.70943],[127.59308,37.70755],[127.59371,37.70549],[127.59419,37.70474],[127.59479,37.70407],[127.59568,37.70346],[127.59617,37.70319],[127.5993,37.70418],[127.60177,37.70468],[127.60494,37.70463],[127.60571,37.70444],[127.60693,37.7039],[127.6074,37.70346],[127.6075,37.70327],[127.60762,37.70262],[127.60753,37.70236],[127.60956,37.70066],[127.61048,37.69842],[127.61058,37.69484],[127.61033,37.69223],[127.60891,37.68923],[127.60794,37.68766],[127.60797,37.68401],[127.60795,37.6832],[127.60788,37.67686],[127.60789,37.6768],[127.60939,37.67576],[127.61266,37.67564],[127.61577,37.67645],[127.61857,37.67773],[127.6211,37.67911],[127.62303,37.68123],[127.62369,37.68395],[127.62368,37.68748],[127.62335,37.69122],[127.62609,37.69477],[127.62614,37.69481],[127.63008,37.69697],[127.63307,37.69794],[127.63562,37.69828],[127.63818,37.69849],[127.63987,37.69709],[127.64061,37.6959],[127.64118,37.69513]]]},"properties":{"code":"32010350","name":"남면"}},{"type":"Feature","geometry":{"type":"Polygon","coordinates":[[[127.66471,37.82389],[127.66462,37.82408],[127.66182,37.82393],[127.66054,37.82382],[127.65818,37.82366],[127.65385,37.82314],[127.64822,37.82175],[127.64224,37.81912],[127.6387,37.81781],[127.63684,37.81711],[127.63424,37.81699],[127.6307,37.81856],[127.62867,37.81943],[127.62559,37.8212],[127.62423,37.82201],[127.62121,37.82448],[127.618,37.82681],[127.61621,37.82809],[127.61418,37.82914],[127.61324,37.82941],[127.61035,37.83004],[127.60566,37.83024],[127.60269,37.83057],[127.60098,37.83098],[127.59717,37.83147],[127.59148,37.83195],[127.5891,37.83254],[127.58781,37.83291],[127.58522,37.83354],[127.58012,37.83481],[127.5754,37.83642],[127.57056,37.83842],[127.56881,37.83947],[127.56342,37.84188],[127.55861,37.84351],[127.55433,37.8451],[127.54964,37.8465],[127.54965,37.84654],[127.54583,37.84679],[127.54312,37.84663],[127.54046,37.84655],[127.53703,37.84502],[127.53244,37.84215],[127.52944,37.83972],[127.52732,37.83646],[127.52562,37.83292],[127.5248,37.82967],[127.52463,37.8253],[127.52459,37.825],[127.52564,37.82287],[127.5278,37.82163],[127.53203,37.82028],[127.53494,37.81771],[127.53663,37.81412],[127.53735,37.81054],[127.53309,37.80692],[127.52943,37.80284],[127.52676,37.79977],[127.52305,37.79617],[127.52081,37.79254],[127.52226,37.78895],[127.52568,37.78535],[127.52863,37.78332],[127.53062,37.78173],[127.53362,37.77811],[127.53759,37.77452],[127.54092,37.77088],[127.5431,37.7672],[127.54499,37.76363],[127.54488,37.76007],[127.54344,37.75644],[127.54209,37.75466],[127.53974,37.75283],[127.53762,37.75115],[127.53866,37.75033],[127.53874,37.75],[127.53927,37.75004],[127.5395,37.75033],[127.54008,37.75047],[127.54095,37.75054],[127.54155,37.75024],[127.54194,37.75015],[127.54239,37.74963],[127.54285,37.74952],[127.54275,37.74935],[127.5432,37.74918],[127.54354,37.7489],[127.54396,37.74877],[127.54425,37.7482],[127.54455,37.74784],[127.54495,37.74675],[127.54548,37.74646],[127.54582,37.74579],[127.54572,37.74525],[127.54659,37.74492],[127.54768,37.74388],[127.54823,37.74369],[127.54871,37.7445],[127.54866,37.74469],[127.54902,37.74509],[127.54944,37.74585],[127.54984,37.74599],[127.55081,37.74647],[127.55115,37.74721],[127.55161,37.74767],[127.5517,37.74796],[127.55208,37.74817],[127.55214,37.7485],[127.5529,37.74855],[127.55328,37.74894],[127.55396,37.74932],[127.55397,37.74971],[127.55409,37.75024],[127.55379,37.75086],[127.55415,37.75181],[127.55436,37.75275],[127.55456,37.75319],[127.55395,37.75418],[127.55422,37.75467],[127.55385,37.75538],[127.554,37.75561],[127.55301,37.75769],[127.55329,37.75787],[127.5533,37.75818],[127.55271,37.75873],[127.55238,37.75965],[127.553,37.76099],[127.55293,37.76129],[127.5532,37.76187],[127.5534,37.7626],[127.5534,37.76291],[127.55447,37.76289],[127.5557,37.76315],[127.55635,37.76345],[127.55751,37.7636],[127.55824,37.7639],[127.55961,37.76389],[127.56087,37.76419],[127.56191,37.76427],[127.56266,37.76473],[127.56307,37.76487],[127.56323,37.76508],[127.56327,37.76603],[127.56308,37.76652],[127.5635,37.76698],[127.56363,37.7674],[127.56346,37.76823],[127.56417,37.76879],[127.56402,37.76964],[127.56402,37.76994],[127.56388,37.7703],[127.56392,37.7712],[127.56399,37.77164],[127.56394,37.77221],[127.56379,37.77309],[127.56368,37.77333],[127.56397,37.77421],[127.56409,37.77499],[127.56365,37.77569],[127.56365,37.77655],[127.56451,37.77785],[127.5645,37.77863],[127.5651,37.77885],[127.56622,37.77934],[127.5664,37.77959],[127.5671,37.77977],[127.56757,37.78015],[127.56848,37.78038],[127.56952,37.78087],[127.57046,37.78112],[127.57117,37.78154],[127.5722,37.78182],[127.57267,37.78274],[127.57514,37.78199],[127.57692,37.78103],[127.57793,37.78087],[127.57886,37.78046],[127.58074,37.77983],[127.58255,37.77994],[127.58336,37.77992],[127.58506,37.77976],[127.58661,37.78267],[127.58745,37.78311],[127.5889,37.78326],[127.5895,37.78384],[127.59099,37.78467],[127.5918,37.78564],[127.59273,37.78655],[127.59293,37.78727],[127.59604,37.78586],[127.59817,37.78487],[127.6005,37.78418],[127.60206,37.78376],[127.60247,37.78313],[127.60362,37.78262],[127.60383,37.78241],[127.60523,37.78263],[127.60678,37.78163],[127.60737,37.78171],[127.60813,37.78162],[127.60947,37.78168],[127.61116,37.7812],[127.61188,37.7807],[127.61224,37.77943],[127.61231,37.77839],[127.61269,37.77796],[127.6126,37.77715],[127.6123,37.77675],[127.61232,37.77552],[127.61192,37.77505],[127.61188,37.77397],[127.61167,37.77322],[127.61173,37.77246],[127.6113,37.77223],[127.61146,37.77124],[127.61103,37.77066],[127.61131,37.76962],[127.61025,37.76809],[127.61052,37.76756],[127.61056,37.76703],[127.61272,37.76663],[127.61425,37.76668],[127.61517,37.76734],[127.61699,37.76789],[127.61846,37.76693],[127.61907,37.76579],[127.62303,37.76472],[127.62396,37.76446],[127.62587,37.76341],[127.62751,37.76229],[127.62804,37.76229],[127.62946,37.76123],[127.63038,37.76094],[127.63099,37.76114],[127.6314,37.75897],[127.63134,37.75854],[127.63246,37.7584],[127.6326,37.75827],[127.63304,37.75729],[127.63319,37.75711],[127.63369,37.75678],[127.63521,37.75665],[127.63571,37.75599],[127.6361,37.75585],[127.63649,37.7558],[127.63702,37.75538],[127.63732,37.75535],[127.6378,37.75509],[127.63811,37.75501],[127.63868,37.75527],[127.63916,37.75537],[127.63953,37.75576],[127.64129,37.75626],[127.64145,37.75624],[127.64218,37.75698],[127.64285,37.75723],[127.64314,37.7572],[127.64369,37.7575],[127.64382,37.75796],[127.64503,37.75798],[127.64555,37.75829],[127.64608,37.75891],[127.64711,37.7592],[127.64765,37.75944],[127.64831,37.75996],[127.64925,37.75965],[127.6498,37.76004],[127.65041,37.76004],[127.6509,37.76036],[127.65163,37.76038],[127.65205,37.76061],[127.65276,37.76056],[127.6535,37.76113],[127.65364,37.7614],[127.65429,37.76189],[127.65439,37.76224],[127.65532,37.76259],[127.65622,37.7631],[127.65656,37.76291],[127.65711,37.76233],[127.65822,37.76239],[127.65899,37.76263],[127.65954,37.76264],[127.66104,37.76244],[127.66201,37.7628],[127.66231,37.76281],[127.66316,37.7634],[127.66365,37.76315],[127.66626,37.7631],[127.66648,37.76238],[127.66874,37.76237],[127.66934,37.76182],[127.67039,37.7608],[127.67135,37.76002],[127.67014,37.75929],[127.66975,37.75874],[127.66881,37.75797],[127.66757,37.75677],[127.66634,37.75588],[127.66546,37.75529],[127.6647,37.75331],[127.66435,37.75319],[127.66409,37.75322],[127.66282,37.75295],[127.66229,37.75292],[127.66225,37.75207],[127.6618,37.75146],[127.66196,37.75079],[127.66159,37.75068],[127.66125,37.75003],[127.66244,37.7489],[127.6628,37.74779],[127.66322,37.74769],[127.66286,37.747],[127.66319,37.74627],[127.66306,37.74552],[127.66344,37.74466],[127.66293,37.74392],[127.66292,37.7436],[127.66266,37.74355],[127.66194,37.7432],[127.6616,37.74265],[127.66079,37.74182],[127.66058,37.74075],[127.66094,37.74043],[127.66092,37.74027],[127.6599,37.73932],[127.66006,37.73899],[127.66006,37.73831],[127.65998,37.73797],[127.66003,37.73736],[127.66035,37.73685],[127.6611,37.73638],[127.66079,37.73617],[127.66092,37.73485],[127.66078,37.73415],[127.66068,37.73398],[127.65927,37.73131],[127.65699,37.73062],[127.65557,37.73037],[127.65393,37.73061],[127.65321,37.72944],[127.65195,37.72858],[127.65141,37.7278],[127.6503,37.72709],[127.64886,37.72641],[127.64775,37.72573],[127.64594,37.72525],[127.64509,37.72493],[127.64419,37.72493],[127.64265,37.72439],[127.64287,37.72303],[127.64282,37.72236],[127.64303,37.72155],[127.64293,37.7205],[127.64383,37.71966],[127.64448,37.71934],[127.64518,37.71872],[127.64489,37.71762],[127.64398,37.71657],[127.64349,37.71481],[127.64661,37.71407],[127.6482,37.71259],[127.64966,37.71158],[127.65072,37.71075],[127.65063,37.70917],[127.6499,37.70948],[127.64968,37.70917],[127.64928,37.70896],[127.64872,37.70817],[127.64907,37.70702],[127.64807,37.70679],[127.64629,37.70616],[127.64595,37.70557],[127.64557,37.70478],[127.64468,37.70329],[127.64481,37.70211],[127.64473,37.70122],[127.64438,37.70018],[127.64414,37.69966],[127.64558,37.69845],[127.64613,37.69796],[127.64559,37.69706],[127.64426,37.69579],[127.64309,37.69508],[127.64208,37.69517],[127.64118,37.69513],[127.64149,37.69463],[127.64193,37.69105],[127.64153,37.68849],[127.64167,37.68746],[127.64132,37.68392],[127.64194,37.68156],[127.64261,37.68034],[127.64388,37.67929],[127.6451,37.67891],[127.64531,37.67888],[127.64694,37.67909],[127.6495,37.68025],[127.65154,37.6838],[127.65216,37.68592],[127.65121,37.69297],[127.65098,37.69467],[127.65103,37.69824],[127.65106,37.69831],[127.65272,37.69952],[127.65277,37.69953],[127.65839,37.70005],[127.66252,37.69868],[127.66416,37.69816],[127.66696,37.69747],[127.67033,37.69569],[127.67127,37.69662],[127.67159,37.69678],[127.67271,37.69695],[127.67373,37.69612],[127.67425,37.69615],[127.6754,37.69577],[127.67582,37.6957],[127.67697,37.69525],[127.67737,37.69526],[127.67783,37.69515],[127.67811,37.69617],[127.67973,37.69748],[127.68105,37.69762],[127.68186,37.69835],[127.68228,37.69846],[127.68387,37.70107],[127.68402,37.70127],[127.68414,37.70192],[127.68343,37.70368],[127.68332,37.70425],[127.68295,37.70472],[127.68274,37.70527],[127.68278,37.70565],[127.68333,37.70618],[127.68415,37.70735],[127.68302,37.70752],[127.68263,37.7078],[127.68217,37.70788],[127.68162,37.70777],[127.68103,37.70781],[127.68048,37.70798],[127.68029,37.70826],[127.68015,37.70868],[127.67959,37.70925],[127.6798,37.70976],[127.67977,37.71048],[127.67984,37.71081],[127.67952,37.71137],[127.68026,37.71159],[127.68159,37.71171],[127.68243,37.71239],[127.68247,37.71257],[127.68295,37.71242],[127.68304,37.71281],[127.68371,37.71315],[127.68427,37.71367],[127.68468,37.71385],[127.68502,37.71416],[127.68576,37.71457],[127.68631,37.71515],[127.68732,37.7156],[127.68735,37.71622],[127.68807,37.71639],[127.68988,37.71634],[127.69012,37.71648],[127.69046,37.7169],[127.69068,37.71697],[127.6913,37.71691],[127.69219,37.71663],[127.69332,37.71713],[127.69408,37.71702],[127.69492,37.71715],[127.69526,37.7167],[127.69665,37.71636],[127.69765,37.71663],[127.69817,37.71691],[127.69873,37.71644],[127.69943,37.71628],[127.70046,37.71645],[127.70099,37.71655],[127.70099,37.71902],[127.70119,37.71912],[127.70303,37.7194],[127.70301,37.71956],[127.70357,37.71979],[127.70389,37.72024],[127.70495,37.72088],[127.70552,37.72101],[127.70597,37.72098],[127.70632,37.72112],[127.70749,37.72123],[127.70799,37.72182],[127.70773,37.72231],[127.70793,37.72271],[127.70828,37.72273],[127.70919,37.72316],[127.70954,37.72319],[127.70974,37.72431],[127.71013,37.72457],[127.71043,37.72581],[127.71072,37.72622],[127.71075,37.72678],[127.71123,37.72701],[127.7113,37.72719],[127.71177,37.72758],[127.71259,37.72776],[127.71285,37.72775],[127.71316,37.72792],[127.71363,37.728],[127.71407,37.72783],[127.71509,37.72784],[127.71528,37.72808],[127.71533,37.72918],[127.71592,37.72936],[127.71652,37.72942],[127.71731,37.72965],[127.71747,37.73046],[127.7178,37.73079],[127.71859,37.73083],[127.71917,37.73124],[127.72026,37.73137],[127.72083,37.7314],[127.72075,37.73221],[127.7211,37.73301],[127.72175,37.73338],[127.72255,37.73335],[127.72293,37.7331],[127.72346,37.73302],[127.72373,37.73276],[127.72458,37.73261],[127.725,37.73216],[127.72586,37.7319],[127.72673,37.73211],[127.7273,37.73211],[127.72808,37.73264],[127.7285,37.73272],[127.729,37.73308],[127.72922,37.73361],[127.73016,37.73409],[127.7303,37.7344],[127.73065,37.73477],[127.73029,37.7354],[127.72991,37.7359],[127.72942,37.73614],[127.72888,37.73601],[127.72818,37.73654],[127.72799,37.73663],[127.72803,37.73687],[127.72752,37.73691],[127.72689,37.73768],[127.72631,37.73798],[127.72587,37.73797],[127.72572,37.73838],[127.72538,37.73839],[127.72517,37.7387],[127.72446,37.73869],[127.72419,37.73883],[127.72382,37.73922],[127.72342,37.73932],[127.72295,37.73933],[127.7217,37.73968],[127.72092,37.74044],[127.71951,37.74098],[127.7186,37.74117],[127.71814,37.74113],[127.71732,37.74138],[127.71724,37.74188],[127.71756,37.74236],[127.71698,37.74272],[127.71682,37.74309],[127.71642,37.74365],[127.7156,37.74428],[127.71485,37.74467],[127.71518,37.74499],[127.71508,37.7451],[127.7146,37.74508],[127.71451,37.74538],[127.71492,37.7456],[127.71526,37.74565],[127.71547,37.74645],[127.71552,37.74698],[127.71524,37.74724],[127.71492,37.74867],[127.71464,37.74908],[127.71504,37.74936],[127.71516,37.74986],[127.71542,37.75008],[127.71609,37.75022],[127.71629,37.75053],[127.71589,37.7508],[127.71548,37.75138],[127.7158,37.75206],[127.71561,37.75248],[127.71479,37.75397],[127.71413,37.75496],[127.7131,37.75521],[127.71283,37.756],[127.71356,37.75689],[127.71314,37.75769],[127.71323,37.75785],[127.71306,37.75842],[127.71337,37.75894],[127.71316,37.75951],[127.7134,37.76017],[127.71361,37.76047],[127.71486,37.761],[127.71569,37.76255],[127.71647,37.76366],[127.71649,37.76424],[127.71623,37.76443],[127.71568,37.76469],[127.71505,37.76486],[127.71447,37.76482],[127.71347,37.76501],[127.71331,37.76517],[127.71356,37.7657],[127.71328,37.76607],[127.71263,37.76643],[127.71236,37.76639],[127.71162,37.76742],[127.71101,37.76722],[127.71014,37.76739],[127.70947,37.76704],[127.70909,37.76723],[127.70839,37.76716],[127.70783,37.76683],[127.70746,37.76684],[127.7074,37.76662],[127.70689,37.76638],[127.70651,37.76653],[127.70595,37.76584],[127.70509,37.7657],[127.7046,37.76585],[127.70354,37.76565],[127.70284,37.76575],[127.70191,37.76531],[127.70153,37.76542],[127.7014,37.76576],[127.70101,37.76606],[127.7009,37.76637],[127.70049,37.76656],[127.70037,37.7669],[127.7006,37.76736],[127.70101,37.76757],[127.7013,37.76789],[127.70106,37.76809],[127.70044,37.76812],[127.69981,37.76875],[127.69964,37.76916],[127.69862,37.76934],[127.69821,37.76952],[127.69795,37.76978],[127.6971,37.77001],[127.69672,37.77053],[127.6963,37.77144],[127.69623,37.77174],[127.69598,37.77207],[127.69594,37.77279],[127.69513,37.77268],[127.69463,37.77282],[127.69318,37.7727],[127.69246,37.77303],[127.69196,37.7731],[127.69106,37.77389],[127.69143,37.77437],[127.69133,37.7747],[127.69141,37.77504],[127.6912,37.77565],[127.69075,37.77579],[127.68932,37.77686],[127.68726,37.7768],[127.68678,37.77694],[127.68639,37.77783],[127.68546,37.7778],[127.68515,37.77769],[127.68457,37.77786],[127.68421,37.77826],[127.68338,37.77833],[127.68302,37.77846],[127.6823,37.77841],[127.682,37.77825],[127.68177,37.77793],[127.68108,37.77814],[127.68155,37.77861],[127.68152,37.77938],[127.68179,37.77959],[127.68183,37.78049],[127.68146,37.78077],[127.68076,37.78085],[127.67986,37.78054],[127.67935,37.78078],[127.67814,37.78077],[127.67791,37.78105],[127.67793,37.78139],[127.67809,37.78184],[127.67828,37.78212],[127.67795,37.78248],[127.67766,37.78311],[127.67686,37.78459],[127.67642,37.78487],[127.67602,37.78562],[127.67595,37.78604],[127.67609,37.78658],[127.67557,37.78727],[127.67534,37.78845],[127.67453,37.78891],[127.67418,37.78935],[127.67413,37.79041],[127.67419,37.79087],[127.67388,37.79117],[127.67329,37.79136],[127.67281,37.79223],[127.67244,37.79281],[127.67261,37.7933],[127.67227,37.79468],[127.67033,37.79464],[127.66949,37.79523],[127.66925,37.79693],[127.66814,37.79873],[127.66545,37.79894],[127.66293,37.79892],[127.66202,37.80106],[127.65949,37.80138],[127.65786,37.80164],[127.65649,37.80318],[127.65619,37.80383],[127.65543,37.80456],[127.65494,37.80488],[127.65382,37.80522],[127.65292,37.80488],[127.65136,37.8056],[127.6505,37.80673],[127.64959,37.80664],[127.64846,37.80825],[127.64772,37.80824],[127.6473,37.80895],[127.64804,37.80983],[127.64861,37.81018],[127.64928,37.81067],[127.65019,37.81083],[127.65206,37.81106],[127.65274,37.81087],[127.65428,37.81102],[127.65437,37.81092],[127.65517,37.8109],[127.65557,37.81067],[127.65587,37.81064],[127.6562,37.81081],[127.65694,37.81084],[127.65774,37.81102],[127.65841,37.81156],[127.65907,37.81141],[127.65924,37.81152],[127.66075,37.81216],[127.66129,37.81267],[127.66195,37.81262],[127.66325,37.81308],[127.66405,37.81307],[127.66428,37.81323],[127.66463,37.81369],[127.66555,37.81372],[127.66581,37.81388],[127.66745,37.8139],[127.668,37.81412],[127.66873,37.81476],[127.66795,37.81571],[127.66737,37.81628],[127.6673,37.81684],[127.66759,37.81823],[127.66657,37.81862],[127.66662,37.82002],[127.66644,37.82028],[127.6659,37.82057],[127.66551,37.82206],[127.66501,37.82302],[127.66471,37.82389]]]},"properties":{"code":"32010360","name":"남산면"}},{"type":"Feature","geometry":{"type":"Polygon","coordinates":[[[127.66899,37.96849],[127.66824,37.9684],[127.66932,37.96996],[127.67092,37.97065],[127.67515,37.97198],[127.67609,37.97291],[127.67633,37.97497],[127.67587,37.97621],[127.6744,37.97741],[127.67242,37.97845],[127.67074,37.97938],[127.66892,37.98013],[127.6656,37.98076],[127.66005,37.98152],[127.65527,37.98249],[127.65174,37.98405],[127.64883,37.98584],[127.64709,37.98755],[127.64649,37.98858],[127.64634,37.9901],[127.645,37.99037],[127.64499,37.99077],[127.64438,37.99044],[127.64398,37.99033],[127.64366,37.99013],[127.64321,37.99024],[127.64194,37.99069],[127.64112,37.99077],[127.63929,37.99075],[127.63786,37.9911],[127.63648,37.99112],[127.63527,37.9915],[127.63439,37.99145],[127.6327,37.99187],[127.63236,37.99179],[127.63122,37.99182],[127.63057,37.99188],[127.63006,37.99215],[127.62939,37.99109],[127.62821,37.99033],[127.62802,37.98958],[127.62696,37.9888],[127.62732,37.9881],[127.62706,37.98762],[127.62828,37.98695],[127.62871,37.98651],[127.62937,37.98613],[127.62947,37.986],[127.63011,37.98572],[127.6312,37.98467],[127.6323,37.9843],[127.63343,37.98355],[127.63439,37.98331],[127.63529,37.98301],[127.63612,37.98279],[127.63702,37.98285],[127.63769,37.98261],[127.63854,37.98207],[127.63941,37.98184],[127.64028,37.98126],[127.64171,37.98106],[127.6425,37.98047],[127.64202,37.98003],[127.6425,37.97993],[127.64318,37.9795],[127.64307,37.97933],[127.64223,37.97847],[127.6417,37.97815],[127.64138,37.9777],[127.64013,37.97672],[127.63998,37.97638],[127.63854,37.97538],[127.63801,37.97486],[127.63768,37.9749],[127.63503,37.97468],[127.63188,37.97424],[127.62678,37.97325],[127.62548,37.97287],[127.62531,37.97273],[127.62358,37.97172],[127.62225,37.97142],[127.62065,37.97142],[127.61958,37.97115],[127.61875,37.9712],[127.61734,37.97107],[127.61678,37.97075],[127.61603,37.96996],[127.61159,37.96878],[127.61117,37.96805],[127.61006,37.96717],[127.60987,37.96715],[127.60834,37.96669],[127.6073,37.96627],[127.60659,37.96552],[127.60509,37.96473],[127.60503,37.96221],[127.60454,37.96111],[127.60443,37.95929],[127.60348,37.95797],[127.6032,37.95607],[127.60244,37.955],[127.60277,37.95281],[127.60266,37.95171],[127.60176,37.9481],[127.60252,37.94633],[127.60374,37.94449],[127.60897,37.94307],[127.60942,37.94267],[127.6101,37.94175],[127.61207,37.9406],[127.61267,37.94048],[127.61315,37.93922],[127.61261,37.93777],[127.61298,37.93684],[127.61379,37.93583],[127.61435,37.93461],[127.61496,37.93229],[127.61597,37.93091],[127.61615,37.92923],[127.61658,37.92827],[127.61562,37.92723],[127.61451,37.92601],[127.61355,37.92566],[127.61205,37.92406],[127.61207,37.92279],[127.61214,37.92188],[127.61214,37.92092],[127.61249,37.92035],[127.6139,37.91961],[127.61396,37.91841],[127.61433,37.91743],[127.61495,37.91558],[127.61561,37.91469],[127.61658,37.9119],[127.61671,37.91138],[127.61691,37.9098],[127.61697,37.90836],[127.61649,37.90713],[127.61714,37.90636],[127.61705,37.906],[127.61582,37.90473],[127.61539,37.90298],[127.61477,37.90192],[127.61453,37.90134],[127.61441,37.9],[127.61346,37.89882],[127.612,37.89823],[127.61118,37.89721],[127.61068,37.89535],[127.6101,37.8944],[127.61021,37.89391],[127.60933,37.89333],[127.60901,37.89332],[127.60837,37.89209],[127.60844,37.8914],[127.6081,37.89078],[127.60757,37.88992],[127.6074,37.88966],[127.60776,37.88868],[127.60744,37.88754],[127.60747,37.88715],[127.60763,37.88648],[127.60799,37.88621],[127.60857,37.88515],[127.60875,37.88392],[127.6091,37.88352],[127.60883,37.88217],[127.60809,37.88182],[127.60782,37.88145],[127.60746,37.8807],[127.60671,37.8795],[127.60692,37.87911],[127.60651,37.87878],[127.60634,37.87778],[127.60599,37.87712],[127.60585,37.87649],[127.60446,37.87586],[127.60371,37.87505],[127.60366,37.87453],[127.60321,37.8742],[127.60163,37.87422],[127.60059,37.87437],[127.59967,37.87473],[127.59901,37.87473],[127.59817,37.87485],[127.59765,37.87537],[127.59691,37.87551],[127.59572,37.87554],[127.59514,37.8758],[127.59424,37.87602],[127.59372,37.87594],[127.5928,37.87589],[127.59203,37.87592],[127.5906,37.87571],[127.58925,37.87591],[127.58821,37.87615],[127.58764,37.87633],[127.58664,37.87589],[127.58519,37.87615],[127.5849,37.87632],[127.58462,37.87629],[127.58412,37.87596],[127.58349,37.87581],[127.58296,37.87516],[127.5824,37.87511],[127.58169,37.87469],[127.58139,37.87476],[127.58061,37.87431],[127.58005,37.87458],[127.57979,37.87429],[127.57929,37.87418],[127.57861,37.87415],[127.57832,37.87404],[127.57789,37.87401],[127.5777,37.87379],[127.57698,37.87324],[127.57651,37.87303],[127.57598,37.87296],[127.57588,37.87259],[127.57548,37.87235],[127.57458,37.87235],[127.57405,37.8715],[127.57416,37.87116],[127.57399,37.87087],[127.57363,37.87049],[127.57319,37.8702],[127.57224,37.86993],[127.57187,37.86915],[127.57187,37.86891],[127.57072,37.86842],[127.5698,37.86823],[127.56968,37.86784],[127.56986,37.86722],[127.56926,37.8673],[127.56902,37.86724],[127.5686,37.86697],[127.56847,37.86648],[127.56842,37.86589],[127.56782,37.86538],[127.56737,37.86433],[127.56694,37.86286],[127.56644,37.86219],[127.56644,37.86188],[127.56627,37.86158],[127.56589,37.86124],[127.56635,37.86052],[127.56641,37.85987],[127.56684,37.85922],[127.56547,37.85865],[127.565,37.85839],[127.56466,37.85806],[127.56388,37.85803],[127.56387,37.85751],[127.56355,37.8571],[127.56351,37.85659],[127.56329,37.85645],[127.56324,37.85588],[127.56218,37.85606],[127.56093,37.85632],[127.56005,37.85642],[127.55853,37.85645],[127.55745,37.85628],[127.55711,37.85602],[127.55691,37.856],[127.55655,37.85569],[127.55611,37.85562],[127.55533,37.85473],[127.55476,37.85436],[127.55402,37.85402],[127.55354,37.85391],[127.5528,37.85344],[127.55214,37.8533],[127.5519,37.85301],[127.55187,37.85273],[127.55119,37.85224],[127.55037,37.85206],[127.55009,37.85193],[127.55043,37.85072],[127.54993,37.84895],[127.55004,37.84788],[127.54965,37.84654],[127.54964,37.8465],[127.55433,37.8451],[127.55861,37.84351],[127.56342,37.84188],[127.56881,37.83947],[127.57056,37.83842],[127.5754,37.83642],[127.58012,37.83481],[127.58522,37.83354],[127.58781,37.83291],[127.5891,37.83254],[127.59148,37.83195],[127.59717,37.83147],[127.60098,37.83098],[127.60269,37.83057],[127.60566,37.83024],[127.61035,37.83004],[127.61324,37.82941],[127.61418,37.82914],[127.61621,37.82809],[127.618,37.82681],[127.62121,37.82448],[127.62423,37.82201],[127.62559,37.8212],[127.62867,37.81943],[127.6307,37.81856],[127.63424,37.81699],[127.63684,37.81711],[127.6387,37.81781],[127.64224,37.81912],[127.64822,37.82175],[127.65385,37.82314],[127.65818,37.82366],[127.66054,37.82382],[127.66182,37.82393],[127.66462,37.82408],[127.66471,37.82389],[127.66493,37.8239],[127.66924,37.8249],[127.67298,37.82698],[127.67569,37.83038],[127.6759,37.83506],[127.67559,37.83819],[127.67548,37.83978],[127.67572,37.84108],[127.67628,37.84501],[127.67736,37.84933],[127.67735,37.84946],[127.67674,37.85007],[127.67627,37.85062],[127.67568,37.85165],[127.67531,37.85305],[127.67519,37.85786],[127.6752,37.85881],[127.67531,37.86029],[127.67586,37.86304],[127.6762,37.86509],[127.67633,37.86643],[127.67691,37.86757],[127.6775,37.86905],[127.67846,37.87083],[127.67908,37.87207],[127.67887,37.87302],[127.68039,37.87806],[127.68135,37.87926],[127.68312,37.88087],[127.68541,37.88198],[127.68678,37.88389],[127.68806,37.88453],[127.68836,37.885],[127.68862,37.88576],[127.68939,37.88768],[127.69277,37.88915],[127.69409,37.88969],[127.69491,37.89297],[127.69604,37.89366],[127.69908,37.89559],[127.70126,37.89754],[127.70291,37.89887],[127.70723,37.90302],[127.70751,37.90333],[127.71058,37.90691],[127.71106,37.90779],[127.71147,37.90779],[127.71244,37.91051],[127.71403,37.9141],[127.71448,37.91644],[127.71528,37.9177],[127.71536,37.91845],[127.71587,37.91952],[127.71729,37.92169],[127.71864,37.92285],[127.71921,37.92488],[127.71862,37.92877],[127.71723,37.9289],[127.71698,37.92925],[127.71683,37.92998],[127.71653,37.93065],[127.71647,37.93097],[127.71583,37.93233],[127.71539,37.93297],[127.71473,37.93365],[127.71387,37.93447],[127.71344,37.93493],[127.71302,37.93577],[127.7123,37.93679],[127.71131,37.93798],[127.71176,37.93833],[127.71255,37.93912],[127.71282,37.93919],[127.7121,37.93951],[127.71022,37.94048],[127.7086,37.94154],[127.70807,37.94301],[127.70573,37.94512],[127.70101,37.94879],[127.69766,37.95209],[127.69709,37.95263],[127.69478,37.95473],[127.68962,37.95718],[127.68282,37.95863],[127.68124,37.95887],[127.67799,37.96029],[127.67445,37.96188],[127.6725,37.96287],[127.66914,37.96627],[127.66906,37.96831],[127.66899,37.96849]]]},"properties":{"code":"32010370","name":"서면"}},{"type":"Feature","geometry":{"type":"Polygon","coordinates":[[[127.74758,38.03825],[127.74763,38.03855],[127.74724,38.03897],[127.74725,38.03946],[127.74674,38.03955],[127.74635,38.03935],[127.74562,38.0391],[127.74561,38.03851],[127.74528,38.03802],[127.74473,38.0377],[127.74391,38.03767],[127.74327,38.03792],[127.74233,38.03811],[127.74169,38.03788],[127.74089,38.03794],[127.7402,38.03808],[127.73965,38.03793],[127.73869,38.03823],[127.73803,38.0383],[127.73761,38.03788],[127.73689,38.0378],[127.7362,38.0372],[127.73531,38.03718],[127.73499,38.03677],[127.73415,38.03635],[127.73375,38.03581],[127.73276,38.03564],[127.73293,38.03534],[127.73254,38.03471],[127.7323,38.03392],[127.73209,38.03302],[127.73118,38.03312],[127.72982,38.03292],[127.72925,38.03281],[127.72892,38.03247],[127.72913,38.03192],[127.72853,38.03113],[127.72874,38.0303],[127.72867,38.02983],[127.72851,38.02929],[127.72718,38.02825],[127.72705,38.0275],[127.72628,38.02702],[127.72616,38.02632],[127.72552,38.02603],[127.7253,38.02558],[127.72539,38.0251],[127.72452,38.02489],[127.72385,38.02499],[127.72326,38.02468],[127.72251,38.0248],[127.72176,38.0248],[127.72073,38.02461],[127.71966,38.02476],[127.71893,38.02457],[127.71813,38.02472],[127.71705,38.02455],[127.71653,38.02483],[127.71593,38.02468],[127.7155,38.02402],[127.71439,38.02413],[127.71353,38.02393],[127.71302,38.0251],[127.71217,38.02657],[127.7119,38.02722],[127.71151,38.02829],[127.71095,38.02944],[127.7106,38.03027],[127.71012,38.03059],[127.70943,38.03233],[127.70804,38.03338],[127.70776,38.03378],[127.7073,38.03419],[127.7068,38.03478],[127.70642,38.035],[127.70599,38.03539],[127.70528,38.03571],[127.70457,38.03655],[127.70379,38.03681],[127.70315,38.03724],[127.70246,38.0374],[127.70179,38.03775],[127.70123,38.03787],[127.70059,38.03816],[127.70022,38.0382],[127.69944,38.03795],[127.69906,38.03796],[127.69859,38.03781],[127.69851,38.03761],[127.69818,38.03737],[127.69767,38.03728],[127.69716,38.03703],[127.6963,38.03687],[127.69575,38.03662],[127.69518,38.03612],[127.69438,38.03557],[127.69372,38.03536],[127.69264,38.03536],[127.69205,38.03523],[127.69135,38.03544],[127.69076,38.03525],[127.69001,38.0353],[127.6894,38.03507],[127.68723,38.03433],[127.6859,38.03429],[127.68471,38.03456],[127.68398,38.03488],[127.68322,38.03488],[127.68264,38.03427],[127.68159,38.03415],[127.68133,38.03455],[127.68071,38.0346],[127.68033,38.03486],[127.67844,38.03589],[127.67551,38.03578],[127.67486,38.03558],[127.67403,38.03561],[127.67342,38.03527],[127.67259,38.03504],[127.67184,38.0351],[127.67159,38.03491],[127.67094,38.03484],[127.67,38.03432],[127.66956,38.03418],[127.66882,38.03354],[127.66831,38.03329],[127.66756,38.03257],[127.66695,38.03212],[127.66603,38.03156],[127.66591,38.03099],[127.66537,38.03039],[127.66499,38.03029],[127.6643,38.03035],[127.66384,38.02998],[127.66337,38.02994],[127.66267,38.02976],[127.66196,38.02936],[127.66072,38.02966],[127.66033,38.02887],[127.65906,38.02843],[127.65797,38.02798],[127.65602,38.02732],[127.6549,38.02728],[127.65474,38.02577],[127.65549,38.02414],[127.65412,38.02383],[127.65324,38.02425],[127.65076,38.02701],[127.65027,38.02792],[127.65018,38.02848],[127.64979,38.03022],[127.6491,38.03083],[127.64899,38.03078],[127.64853,38.03152],[127.64811,38.0334],[127.64811,38.03438],[127.64843,38.03607],[127.64845,38.03744],[127.64882,38.03947],[127.64894,38.0406],[127.6488,38.04115],[127.64871,38.0435],[127.6489,38.04457],[127.64989,38.04571],[127.65185,38.04734],[127.65305,38.04971],[127.65332,38.05093],[127.65326,38.05213],[127.65272,38.05347],[127.65199,38.05451],[127.65048,38.05553],[127.64804,38.05629],[127.64614,38.05661],[127.64538,38.05645],[127.6443,38.05586],[127.64344,38.05506],[127.64178,38.05337],[127.64116,38.05292],[127.64148,38.05276],[127.6412,38.05198],[127.63791,38.05137],[127.63565,38.05066],[127.63381,38.05018],[127.63289,38.05005],[127.6311,38.0501],[127.62628,38.05078],[127.6251,38.05099],[127.62366,38.05155],[127.62228,38.05289],[127.62177,38.05331],[127.62037,38.05469],[127.61891,38.05618],[127.61803,38.05718],[127.61725,38.05752],[127.61569,38.05774],[127.61404,38.05745],[127.61252,38.05672],[127.61215,38.05638],[127.61197,38.0556],[127.61167,38.05542],[127.61157,38.0559],[127.61168,38.05652],[127.6096,38.05916],[127.60817,38.06026],[127.6054,38.06105],[127.60634,38.06404],[127.60732,38.06635],[127.60791,38.06753],[127.6082,38.06835],[127.60828,38.06894],[127.60807,38.06994],[127.6076,38.07052],[127.60776,38.07167],[127.60473,38.07265],[127.60391,38.07328],[127.60231,38.07421],[127.60146,38.07461],[127.60035,38.07563],[127.59956,38.07601],[127.59817,38.07686],[127.59757,38.07762],[127.59704,38.07915],[127.59684,38.0799],[127.5953,38.08011],[127.5935,38.08032],[127.59062,38.08053],[127.5889,38.08088],[127.58778,38.08035],[127.58566,38.0802],[127.58474,38.08088],[127.58318,38.08109],[127.58255,38.08196],[127.58081,38.08242],[127.57857,38.08345],[127.57634,38.08434],[127.57558,38.08481],[127.57349,38.08503],[127.57157,38.08484],[127.57075,38.08442],[127.56863,38.08424],[127.56611,38.08386],[127.56559,38.08301],[127.56535,38.08227],[127.56548,38.08172],[127.56652,38.08001],[127.5667,38.07929],[127.56634,38.07878],[127.56636,38.07811],[127.5655,38.07707],[127.56512,38.07655],[127.56471,38.0758],[127.56427,38.07516],[127.56453,38.07404],[127.56424,38.07255],[127.56417,38.07168],[127.56438,38.0711],[127.56486,38.07039],[127.56505,38.06993],[127.56536,38.06943],[127.56545,38.06836],[127.56565,38.06771],[127.5666,38.06644],[127.56717,38.06648],[127.56807,38.06676],[127.56973,38.0667],[127.57249,38.06493],[127.57329,38.06453],[127.57409,38.06402],[127.57622,38.06227],[127.57693,38.06157],[127.57708,38.06074],[127.57727,38.06018],[127.57714,38.05952],[127.5773,38.05909],[127.57697,38.05825],[127.57691,38.05766],[127.57769,38.05692],[127.57862,38.05678],[127.57894,38.05635],[127.57957,38.05577],[127.57958,38.05471],[127.57917,38.05415],[127.57863,38.05372],[127.57795,38.05337],[127.57709,38.05301],[127.57615,38.05272],[127.57542,38.05242],[127.57506,38.0518],[127.57411,38.05091],[127.57433,38.04956],[127.57423,38.0486],[127.57402,38.04756],[127.57398,38.04712],[127.57485,38.04613],[127.57554,38.04543],[127.57589,38.0447],[127.57641,38.04429],[127.5778,38.04288],[127.57832,38.04174],[127.57848,38.04092],[127.57862,38.04062],[127.57864,38.03977],[127.57721,38.03909],[127.57603,38.03798],[127.5756,38.03707],[127.57477,38.03651],[127.57406,38.03551],[127.57064,38.03394],[127.56994,38.03288],[127.56779,38.03231],[127.56695,38.03192],[127.56667,38.03077],[127.56539,38.02972],[127.56517,38.02729],[127.5644,38.02631],[127.56427,38.02591],[127.56437,38.02518],[127.56498,38.02418],[127.56462,38.02353],[127.56438,38.02291],[127.56385,38.02199],[127.56262,38.02157],[127.56176,38.02139],[127.56101,38.02103],[127.55999,38.02077],[127.55883,38.02075],[127.55738,38.02077],[127.55636,38.02081],[127.55518,38.02058],[127.55379,38.01998],[127.55293,38.0198],[127.5507,38.01978],[127.54924,38.02011],[127.54843,38.02019],[127.54744,38.0201],[127.54638,38.01967],[127.54476,38.01953],[127.54486,38.01858],[127.54436,38.01759],[127.54433,38.01687],[127.54421,38.01626],[127.5439,38.0159],[127.5438,38.01476],[127.54348,38.01354],[127.54356,38.01167],[127.5431,38.01086],[127.54291,38.01016],[127.54244,38.0092],[127.54174,38.00736],[127.54118,38.00511],[127.54107,38.004],[127.54071,38.00295],[127.54067,38.00235],[127.54038,38.002],[127.54031,38.00116],[127.53988,38.00057],[127.54022,37.99987],[127.54044,37.99992],[127.54125,37.99719],[127.54247,37.99429],[127.54364,37.99118],[127.54385,37.98872],[127.54462,37.9861],[127.54539,37.98521],[127.54611,37.98391],[127.54588,37.98158],[127.54665,37.98047],[127.54684,37.97989],[127.54717,37.97828],[127.54616,37.97631],[127.54466,37.9757],[127.54425,37.97411],[127.54426,37.97266],[127.54431,37.96939],[127.54523,37.96773],[127.54738,37.96646],[127.55066,37.96611],[127.55337,37.96545],[127.55632,37.96461],[127.55688,37.96398],[127.55838,37.96314],[127.55984,37.96288],[127.56189,37.96277],[127.56487,37.96322],[127.56681,37.96341],[127.56811,37.96367],[127.57133,37.964],[127.57443,37.9637],[127.57513,37.96335],[127.57653,37.96298],[127.57657,37.96258],[127.57787,37.9614],[127.57934,37.96114],[127.5817,37.96166],[127.58303,37.9615],[127.58472,37.96175],[127.58574,37.96152],[127.58844,37.96024],[127.59027,37.95973],[127.59123,37.95885],[127.59226,37.95808],[127.59344,37.95754],[127.59479,37.95723],[127.59737,37.95702],[127.60042,37.95654],[127.60078,37.95597],[127.60244,37.955],[127.6032,37.95607],[127.60348,37.95797],[127.60443,37.95929],[127.60454,37.96111],[127.60503,37.96221],[127.60509,37.96473],[127.60659,37.96552],[127.6073,37.96627],[127.60834,37.96669],[127.60987,37.96715],[127.61006,37.96717],[127.61117,37.96805],[127.61159,37.96878],[127.61603,37.96996],[127.61678,37.97075],[127.61734,37.97107],[127.61875,37.9712],[127.61958,37.97115],[127.62065,37.97142],[127.62225,37.97142],[127.62358,37.97172],[127.62531,37.97273],[127.62548,37.97287],[127.62678,37.97325],[127.63188,37.97424],[127.63503,37.97468],[127.63768,37.9749],[127.63801,37.97486],[127.63854,37.97538],[127.63998,37.97638],[127.64013,37.97672],[127.64138,37.9777],[127.6417,37.97815],[127.64223,37.97847],[127.64307,37.97933],[127.64318,37.9795],[127.6425,37.97993],[127.64202,37.98003],[127.6425,37.98047],[127.64171,37.98106],[127.64028,37.98126],[127.63941,37.98184],[127.63854,37.98207],[127.63769,37.98261],[127.63702,37.98285],[127.63612,37.98279],[127.63529,37.98301],[127.63439,37.98331],[127.63343,37.98355],[127.6323,37.9843],[127.6312,37.98467],[127.63011,37.98572],[127.62947,37.986],[127.62937,37.98613],[127.62871,37.98651],[127.62828,37.98695],[127.62706,37.98762],[127.62732,37.9881],[127.62696,37.9888],[127.62802,37.98958],[127.62821,37.99033],[127.62939,37.99109],[127.63006,37.99215],[127.63057,37.99188],[127.63122,37.99182],[127.63236,37.99179],[127.6327,37.99187],[127.63439,37.99145],[127.63527,37.9915],[127.63648,37.99112],[127.63786,37.9911],[127.63929,37.99075],[127.64112,37.99077],[127.64194,37.99069],[127.64321,37.99024],[127.64366,37.99013],[127.64398,37.99033],[127.64438,37.99044],[127.64499,37.99077],[127.645,37.99037],[127.64634,37.9901],[127.64649,37.98858],[127.64709,37.98755],[127.64883,37.98584],[127.65174,37.98405],[127.65527,37.98249],[127.66005,37.98152],[127.6656,37.98076],[127.66892,37.98013],[127.67074,37.97938],[127.67242,37.97845],[127.6744,37.97741],[127.67587,37.97621],[127.67633,37.97497],[127.67609,37.97291],[127.67515,37.97198],[127.67092,37.97065],[127.66932,37.96996],[127.66824,37.9684],[127.66899,37.96849],[127.66984,37.96865],[127.67048,37.96918],[127.67074,37.96932],[127.67176,37.96923],[127.67248,37.96944],[127.67271,37.96968],[127.67336,37.96945],[127.67392,37.96936],[127.67428,37.96943],[127.6747,37.96975],[127.67553,37.96973],[127.67592,37.96932],[127.67645,37.96935],[127.67662,37.96947],[127.67704,37.97003],[127.67758,37.97008],[127.67849,37.97082],[127.67877,37.97156],[127.67917,37.97219],[127.6801,37.97244],[127.68062,37.97296],[127.68112,37.97358],[127.68203,37.97393],[127.68279,37.97415],[127.68351,37.97407],[127.68447,37.97405],[127.68526,37.97355],[127.68611,37.97362],[127.68634,37.97307],[127.68698,37.97285],[127.68798,37.97271],[127.68916,37.97238],[127.68978,37.97192],[127.69112,37.97205],[127.69195,37.97194],[127.69283,37.97197],[127.69322,37.97248],[127.69391,37.97231],[127.69419,37.97251],[127.69546,37.97238],[127.69603,37.97211],[127.69739,37.97265],[127.70055,37.9719],[127.70164,37.97208],[127.70217,37.97208],[127.7024,37.97229],[127.70292,37.97254],[127.70332,37.97254],[127.70378,37.97236],[127.70457,37.97261],[127.70642,37.9743],[127.70787,37.97526],[127.71025,37.97602],[127.71129,37.97627],[127.7128,37.97677],[127.71321,37.97658],[127.71394,37.9764],[127.7147,37.97613],[127.71555,37.97601],[127.71589,37.97582],[127.71638,37.97572],[127.7173,37.97586],[127.71747,37.97582],[127.71858,37.97586],[127.71955,37.97561],[127.72145,37.97565],[127.7228,37.9759],[127.72399,37.97566],[127.72458,37.97582],[127.7261,37.9751],[127.72661,37.97553],[127.72766,37.97691],[127.7289,37.97744],[127.72913,37.9776],[127.72973,37.97772],[127.72964,37.97835],[127.73027,37.97867],[127.73158,37.97908],[127.73191,37.97904],[127.7323,37.97925],[127.733,37.9804],[127.73356,37.98096],[127.73416,37.98079],[127.73607,37.98068],[127.73679,37.98071],[127.7372,37.98062],[127.73755,37.98032],[127.73789,37.98023],[127.7396,37.98044],[127.74062,37.97983],[127.74105,37.97934],[127.74152,37.97904],[127.74247,37.97898],[127.74318,37.97908],[127.74447,37.97917],[127.74506,37.97903],[127.74547,37.97874],[127.74625,37.97842],[127.74659,37.97799],[127.74742,37.97737],[127.75002,37.97683],[127.75122,37.97632],[127.75193,37.97634],[127.7524,37.97672],[127.75285,37.97699],[127.75346,37.97748],[127.7536,37.97778],[127.75416,37.97791],[127.75471,37.97839],[127.75556,37.97852],[127.75615,37.97837],[127.75644,37.97843],[127.75767,37.97839],[127.75815,37.97894],[127.75893,37.97899],[127.75964,37.97917],[127.75988,37.97976],[127.75969,37.98097],[127.75972,37.98227],[127.75957,37.98398],[127.7596,37.98465],[127.75984,37.98486],[127.75993,37.98517],[127.75987,37.98542],[127.76013,37.98616],[127.76014,37.98682],[127.76049,37.98705],[127.7605,37.98757],[127.75955,37.98843],[127.75951,37.98995],[127.75944,37.99047],[127.7597,37.99061],[127.76051,37.99354],[127.7611,37.99419],[127.76154,37.99508],[127.76229,37.99628],[127.76272,37.99678],[127.76234,37.99704],[127.76216,37.99772],[127.76268,37.99849],[127.76308,37.99888],[127.76403,37.99906],[127.76443,37.99927],[127.7647,37.99928],[127.76571,37.99974],[127.76583,38.00085],[127.76574,38.00108],[127.76598,38.00167],[127.76595,38.00322],[127.76664,38.00435],[127.76655,38.00465],[127.76769,38.00472],[127.76781,38.00589],[127.76921,38.00671],[127.76944,38.00704],[127.76958,38.00755],[127.76974,38.0077],[127.77006,38.00773],[127.77014,38.00799],[127.77039,38.00829],[127.77053,38.00877],[127.7716,38.0094],[127.77291,38.0097],[127.77332,38.0108],[127.77287,38.01175],[127.77327,38.0122],[127.7733,38.01302],[127.77383,38.01358],[127.77337,38.01431],[127.77334,38.01497],[127.77361,38.01563],[127.77421,38.01597],[127.7747,38.0166],[127.77474,38.01733],[127.77516,38.01771],[127.77517,38.01858],[127.77441,38.01892],[127.77447,38.01926],[127.77436,38.02032],[127.77396,38.02064],[127.77386,38.02125],[127.77369,38.02177],[127.77304,38.02206],[127.77293,38.02279],[127.77239,38.02328],[127.77185,38.02394],[127.77178,38.02461],[127.77119,38.0248],[127.77093,38.02555],[127.77098,38.02632],[127.77043,38.02669],[127.77028,38.02708],[127.77032,38.02747],[127.76958,38.02824],[127.7688,38.02805],[127.768,38.02823],[127.76743,38.02865],[127.76649,38.02867],[127.76606,38.02886],[127.76533,38.0287],[127.76501,38.02886],[127.76452,38.02878],[127.76428,38.02917],[127.76358,38.02947],[127.76298,38.02961],[127.76246,38.02952],[127.76196,38.0298],[127.76093,38.02985],[127.76091,38.03058],[127.76048,38.03098],[127.75963,38.03186],[127.75961,38.03253],[127.75911,38.03294],[127.75916,38.03358],[127.75901,38.03424],[127.75845,38.03433],[127.7583,38.03475],[127.75772,38.03458],[127.7574,38.03474],[127.7568,38.03454],[127.75538,38.03479],[127.75491,38.03467],[127.7543,38.03491],[127.75367,38.03475],[127.75286,38.03511],[127.7521,38.03504],[127.75142,38.03522],[127.75087,38.03559],[127.75022,38.03544],[127.74986,38.03609],[127.74938,38.03638],[127.74889,38.0366],[127.74894,38.03694],[127.74853,38.03727],[127.74824,38.03736],[127.74804,38.03788],[127.74756,38.0381],[127.74758,38.03825]]]},"properties":{"code":"32010380","name":"사북면"}},{"type":"Feature","geometry":{"type":"Polygon","coordinates":[[[127.90267,38.0506],[127.90267,38.05065],[127.90119,38.0504],[127.89947,38.04992],[127.89779,38.05086],[127.89503,38.05109],[127.89039,38.05012],[127.88827,38.05017],[127.88637,38.04945],[127.88468,38.04901],[127.88266,38.04803],[127.88021,38.04764],[127.879,38.04734],[127.878,38.04764],[127.87625,38.04848],[127.87484,38.04923],[127.87276,38.04882],[127.87233,38.04845],[127.87058,38.04926],[127.86965,38.04919],[127.8686,38.04957],[127.86802,38.04965],[127.86725,38.05025],[127.86429,38.05028],[127.86256,38.05015],[127.86078,38.04998],[127.85913,38.04998],[127.85516,38.05231],[127.85341,38.05052],[127.85305,38.0483],[127.85267,38.04796],[127.85198,38.04669],[127.8519,38.04641],[127.85147,38.04615],[127.8512,38.04555],[127.85139,38.04524],[127.85168,38.04377],[127.85123,38.04341],[127.85116,38.04314],[127.85122,38.04254],[127.85175,38.04217],[127.85047,38.04065],[127.84996,38.03996],[127.84998,38.03882],[127.8501,38.03778],[127.84919,38.03626],[127.84939,38.03528],[127.84972,38.03438],[127.84968,38.03348],[127.85049,38.03261],[127.85083,38.0317],[127.85081,38.03085],[127.85559,38.02862],[127.85415,38.02641],[127.85415,38.02526],[127.85501,38.02313],[127.8581,38.01882],[127.85757,38.01842],[127.85586,38.01799],[127.85223,38.01697],[127.84985,38.01671],[127.84823,38.01524],[127.8474,38.01432],[127.8464,38.01414],[127.84423,38.01442],[127.84192,38.01421],[127.83981,38.01383],[127.83775,38.01217],[127.83705,38.011],[127.83513,38.00962],[127.83357,38.0088],[127.83199,38.00862],[127.83038,38.00838],[127.82852,38.00587],[127.82896,38.0032],[127.82797,38.00261],[127.82716,38.00163],[127.8271,38.00078],[127.82622,38.00099],[127.82541,38.00105],[127.82496,38.00115],[127.82246,38.00295],[127.82135,38.00353],[127.82031,38.00388],[127.81692,38.00355],[127.81565,38.00367],[127.81324,38.00367],[127.81163,38.00325],[127.80905,38.00152],[127.80811,38.00074],[127.8063,38.00054],[127.80482,38.0006],[127.80317,38.0005],[127.80205,37.99966],[127.79955,37.99819],[127.79771,37.99732],[127.79637,37.99681],[127.79464,37.99571],[127.7933,37.99322],[127.79293,37.99197],[127.79246,37.98989],[127.79248,37.98638],[127.79396,37.98459],[127.79264,37.98242],[127.79283,37.98028],[127.79279,37.97843],[127.79245,37.97723],[127.79244,37.97502],[127.79384,37.97368],[127.79452,37.97245],[127.79503,37.97123],[127.79549,37.97002],[127.79554,37.96805],[127.79519,37.96682],[127.79423,37.96512],[127.79428,37.96276],[127.79461,37.96171],[127.79487,37.96037],[127.79528,37.95904],[127.7971,37.95847],[127.79835,37.95824],[127.79905,37.95825],[127.79979,37.95797],[127.80077,37.95797],[127.80181,37.95744],[127.80267,37.95683],[127.80461,37.95616],[127.805,37.95552],[127.80619,37.95492],[127.8069,37.95432],[127.80785,37.95403],[127.80813,37.95313],[127.80831,37.95269],[127.80964,37.95151],[127.80998,37.95137],[127.8111,37.95049],[127.81437,37.94896],[127.81529,37.94879],[127.81626,37.94827],[127.81689,37.94784],[127.81738,37.94715],[127.81968,37.94664],[127.82151,37.9459],[127.82353,37.9446],[127.82558,37.94281],[127.8275,37.94027],[127.82882,37.93808],[127.82922,37.93773],[127.82991,37.93663],[127.83046,37.93633],[127.83269,37.93388],[127.83403,37.93352],[127.83513,37.93347],[127.8404,37.93574],[127.84327,37.9378],[127.84574,37.93919],[127.8485,37.93996],[127.85176,37.94003],[127.85551,37.9403],[127.85701,37.93995],[127.85954,37.93908],[127.86184,37.9385],[127.86573,37.93778],[127.86873,37.93752],[127.87385,37.93698],[127.8774,37.93632],[127.87847,37.93602],[127.87982,37.93542],[127.87992,37.93522],[127.88238,37.93345],[127.8834,37.93036],[127.88363,37.92974],[127.88538,37.92537],[127.88757,37.92437],[127.8869,37.92388],[127.88727,37.92186],[127.88734,37.92158],[127.88778,37.91877],[127.88811,37.9187],[127.88977,37.91843],[127.89154,37.91728],[127.89275,37.91545],[127.89383,37.91551],[127.89443,37.91545],[127.89558,37.91461],[127.8971,37.91423],[127.89754,37.91376],[127.89844,37.91321],[127.9014,37.91246],[127.9014,37.91223],[127.90071,37.91028],[127.90099,37.90991],[127.90125,37.90918],[127.90068,37.90702],[127.89991,37.90603],[127.90079,37.90507],[127.90127,37.90323],[127.90234,37.90168],[127.90312,37.89954],[127.90327,37.89673],[127.90442,37.89405],[127.90636,37.89339],[127.90909,37.89199],[127.91131,37.8905],[127.91323,37.89003],[127.91598,37.88959],[127.9187,37.88919],[127.91996,37.88852],[127.92273,37.88809],[127.92319,37.88791],[127.92495,37.88688],[127.92648,37.88567],[127.92594,37.8842],[127.92643,37.88217],[127.92821,37.88044],[127.93036,37.87881],[127.93178,37.87886],[127.93355,37.87902],[127.93616,37.87968],[127.93727,37.87894],[127.93937,37.87861],[127.9411,37.87873],[127.94194,37.87797],[127.94405,37.87718],[127.94576,37.87619],[127.94614,37.87347],[127.94681,37.87211],[127.94872,37.87146],[127.94976,37.87131],[127.95379,37.87149],[127.95644,37.87135],[127.95678,37.8725],[127.9577,37.87311],[127.95754,37.87378],[127.95829,37.87418],[127.95915,37.87447],[127.95949,37.87496],[127.95965,37.87507],[127.96309,37.87641],[127.96365,37.87681],[127.96435,37.87718],[127.96457,37.87752],[127.96494,37.87752],[127.96578,37.8778],[127.96639,37.87901],[127.96723,37.87963],[127.96749,37.88028],[127.96763,37.88035],[127.96825,37.88034],[127.96993,37.88102],[127.97105,37.88161],[127.97241,37.88246],[127.97278,37.88248],[127.97258,37.88402],[127.97233,37.88472],[127.97256,37.88491],[127.9731,37.88699],[127.97237,37.88722],[127.97198,37.88759],[127.97202,37.8881],[127.97177,37.88888],[127.97123,37.89],[127.97089,37.89052],[127.97045,37.89206],[127.97001,37.89266],[127.97015,37.89317],[127.97097,37.89442],[127.97114,37.89493],[127.9714,37.89609],[127.97137,37.8971],[127.97093,37.89816],[127.97105,37.89869],[127.97191,37.89999],[127.97335,37.90138],[127.97468,37.90292],[127.97593,37.90409],[127.97785,37.90499],[127.97855,37.906],[127.97902,37.90715],[127.97964,37.90816],[127.98225,37.91021],[127.98322,37.91087],[127.98503,37.91145],[127.98597,37.91182],[127.98633,37.91231],[127.98538,37.9132],[127.98472,37.91361],[127.98448,37.91393],[127.98447,37.9154],[127.98505,37.91619],[127.98457,37.91705],[127.98405,37.91985],[127.98407,37.92144],[127.98363,37.92342],[127.98525,37.9242],[127.98677,37.92472],[127.98787,37.92577],[127.98921,37.92698],[127.99078,37.92887],[127.99159,37.92961],[127.99241,37.93015],[127.99292,37.9309],[127.993,37.93268],[127.99315,37.93329],[127.99423,37.93477],[127.9948,37.93613],[127.99458,37.93796],[127.99529,37.93936],[127.99511,37.9412],[127.9933,37.94194],[127.99373,37.94356],[127.99103,37.94476],[127.98964,37.94521],[127.98814,37.94811],[127.9875,37.94867],[127.98728,37.95182],[127.98564,37.95255],[127.9837,37.95345],[127.98062,37.95602],[127.97751,37.95707],[127.97872,37.95799],[127.98,37.95859],[127.98027,37.95955],[127.98082,37.95984],[127.98163,37.96064],[127.98172,37.96216],[127.98258,37.96274],[127.98397,37.96377],[127.98355,37.96509],[127.9845,37.96599],[127.98391,37.96838],[127.98403,37.97041],[127.98341,37.97109],[127.98251,37.97158],[127.98237,37.97199],[127.98279,37.97283],[127.98371,37.9743],[127.9845,37.97478],[127.98486,37.9753],[127.98428,37.97703],[127.98475,37.98004],[127.9846,37.98023],[127.98369,37.98078],[127.98294,37.98178],[127.98261,37.98253],[127.98179,37.9835],[127.98187,37.98446],[127.9823,37.98516],[127.98259,37.98532],[127.98373,37.98654],[127.98417,37.98671],[127.98415,37.98766],[127.98402,37.98876],[127.98362,37.98907],[127.98545,37.98941],[127.98805,37.98879],[127.98829,37.98906],[127.99042,37.99046],[127.99156,37.99104],[127.99302,37.99081],[127.99479,37.99083],[127.99649,37.99029],[127.99732,37.9905],[127.99781,37.99088],[127.99866,37.99102],[127.9996,37.99138],[128.00024,37.99228],[128.00123,37.99314],[128.00343,37.99563],[128.00488,37.9954],[128.00664,37.99645],[128.00887,37.99613],[128.01092,37.99645],[128.01343,37.99638],[128.0153,37.99664],[128.01637,37.99743],[128.0165,37.9977],[128.01634,37.99884],[128.01692,37.99907],[128.01786,37.99961],[128.01878,38.00057],[128.0191,38.00195],[128.01997,38.00614],[128.01959,38.00737],[128.0202,38.00763],[128.02149,38.00776],[128.02263,38.00798],[128.02282,38.00822],[128.02374,38.00834],[128.02423,38.00858],[128.02494,38.00958],[128.02482,38.01006],[128.0246,38.01038],[128.02442,38.01109],[128.02508,38.0117],[128.02571,38.01188],[128.02616,38.01221],[128.02667,38.01292],[128.02913,38.01421],[128.02961,38.01465],[128.02878,38.01536],[128.02826,38.01609],[128.02667,38.0178],[128.02494,38.01953],[128.02333,38.01979],[128.02143,38.01975],[128.01954,38.01952],[128.01663,38.01952],[128.01432,38.01932],[128.01296,38.01901],[128.00951,38.01694],[128.00774,38.01574],[128.00591,38.01374],[128.00494,38.01188],[128.00329,38.00914],[128.00065,38.00528],[127.99797,38.00273],[127.99579,38.00174],[127.99333,38.00162],[127.9911,38.00265],[127.98938,38.0038],[127.98817,38.00502],[127.98569,38.0072],[127.98478,38.00826],[127.98382,38.0103],[127.98366,38.01224],[127.98397,38.01452],[127.98583,38.01774],[127.98713,38.0201],[127.98757,38.02264],[127.98755,38.02404],[127.98686,38.02551],[127.98543,38.02686],[127.98298,38.02788],[127.9815,38.02836],[127.97778,38.02957],[127.97249,38.03055],[127.96902,38.0309],[127.96611,38.03205],[127.96301,38.03486],[127.95762,38.03783],[127.95543,38.03868],[127.95261,38.03854],[127.95175,38.0382],[127.95085,38.03726],[127.94992,38.03619],[127.94861,38.03412],[127.94701,38.03133],[127.94643,38.02914],[127.94686,38.02584],[127.94714,38.02258],[127.94606,38.02057],[127.94493,38.01837],[127.94333,38.01672],[127.94043,38.01505],[127.9382,38.01422],[127.93652,38.01419],[127.93447,38.01382],[127.93453,38.01422],[127.93436,38.01478],[127.93453,38.01513],[127.93449,38.0155],[127.93425,38.01561],[127.93282,38.01666],[127.93227,38.01723],[127.93196,38.01735],[127.93137,38.01789],[127.93065,38.01802],[127.92998,38.01827],[127.92991,38.01843],[127.92942,38.01846],[127.9292,38.01883],[127.92865,38.01898],[127.92758,38.01902],[127.92668,38.01892],[127.92627,38.01907],[127.92551,38.01961],[127.92532,38.01986],[127.92479,38.02003],[127.92442,38.01998],[127.9238,38.0203],[127.92323,38.02007],[127.92281,38.02004],[127.92223,38.02011],[127.92118,38.02048],[127.92093,38.02049],[127.92044,38.02078],[127.91994,38.02098],[127.91923,38.02107],[127.91825,38.02107],[127.91778,38.02128],[127.91722,38.02165],[127.91627,38.0222],[127.91515,38.02217],[127.91338,38.02286],[127.91245,38.02369],[127.91138,38.02411],[127.91027,38.02462],[127.90984,38.02563],[127.90749,38.02711],[127.90633,38.02842],[127.90457,38.02976],[127.90407,38.03033],[127.904,38.03122],[127.9037,38.03199],[127.90381,38.03301],[127.90404,38.03335],[127.90255,38.03475],[127.9027,38.03533],[127.90283,38.03615],[127.90288,38.0367],[127.90275,38.03763],[127.90186,38.03822],[127.90263,38.04061],[127.90371,38.04185],[127.90364,38.04437],[127.90404,38.04617],[127.90277,38.04895],[127.90267,38.0506]]]},"properties":{"code":"32010390","name":"북산면"}},{"type":"Feature","geometry":{"type":"Polygon","coordinates":[[[127.74072,37.88054],[127.74043,37.88146],[127.74069,37.88151],[127.74064,37.88175],[127.74097,37.88179],[127.74084,37.88241],[127.74066,37.88237],[127.74057,37.88271],[127.74039,37.88297],[127.74035,37.88361],[127.74078,37.88364],[127.74091,37.88431],[127.74007,37.88436],[127.74006,37.88521],[127.7397,37.8852],[127.73975,37.88599],[127.73954,37.88673],[127.73924,37.88698],[127.73898,37.88705],[127.73831,37.88708],[127.73752,37.88686],[127.73672,37.88652],[127.73641,37.88683],[127.7362,37.88671],[127.73582,37.88672],[127.73542,37.88624],[127.73506,37.88605],[127.73473,37.8855],[127.73431,37.88546],[127.73401,37.88526],[127.73404,37.88481],[127.73375,37.88478],[127.73341,37.88417],[127.73345,37.88368],[127.73329,37.88349],[127.73317,37.88287],[127.73307,37.88272],[127.73258,37.8826],[127.73215,37.88187],[127.73275,37.88164],[127.73295,37.8815],[127.73278,37.88124],[127.73293,37.88105],[127.73269,37.88086],[127.73278,37.88012],[127.73292,37.87981],[127.73348,37.8793],[127.73375,37.87913],[127.7348,37.87878],[127.73542,37.87811],[127.73549,37.87778],[127.7357,37.8776],[127.73636,37.87781],[127.7369,37.87818],[127.73765,37.87853],[127.73882,37.87884],[127.73901,37.87918],[127.73953,37.87962],[127.73949,37.88017],[127.73955,37.8803],[127.74072,37.88054]]]},"properties":{"code":"32010520","name":"교동"}},{"type":"Feature","geometry":{"type":"Polygon","coordinates":[[[127.7357,37.8776],[127.73549,37.87778],[127.73542,37.87811],[127.7348,37.87878],[127.73375,37.87913],[127.73348,37.8793],[127.73292,37.87981],[127.73278,37.88012],[127.73269,37.88086],[127.73293,37.88105],[127.73278,37.88124],[127.73295,37.8815],[127.73275,37.88164],[127.73215,37.88187],[127.73173,37.88178],[127.73146,37.8815],[127.73125,37.88141],[127.73072,37.88093],[127.73019,37.88063],[127.72948,37.88032],[127.72778,37.8805],[127.72814,37.88008],[127.72673,37.87896],[127.72696,37.87878],[127.72754,37.87855],[127.72848,37.87837],[127.72887,37.87807],[127.72909,37.87812],[127.72936,37.87755],[127.72997,37.87691],[127.73026,37.87655],[127.73007,37.87645],[127.73062,37.87584],[127.72894,37.87465],[127.72924,37.87457],[127.72989,37.87502],[127.7302,37.875],[127.73135,37.87442],[127.73169,37.87433],[127.7326,37.87442],[127.73274,37.87449],[127.7334,37.87514],[127.73391,37.87578],[127.73382,37.87645],[127.73479,37.87654],[127.73578,37.87662],[127.73518,37.87733],[127.7357,37.8776]]]},"properties":{"code":"32010530","name":"조운동"}},{"type":"Feature","geometry":{"type":"Polygon","coordinates":[[[127.72778,37.8805],[127.72714,37.88083],[127.72691,37.88086],[127.7267,37.88026],[127.72642,37.87991],[127.72452,37.8783],[127.72339,37.87738],[127.72354,37.87718],[127.72236,37.87658],[127.71811,37.87527],[127.71795,37.87522],[127.71825,37.87467],[127.71887,37.87411],[127.71899,37.87386],[127.71923,37.87383],[127.71972,37.87404],[127.72002,37.87375],[127.72063,37.87417],[127.7207,37.87402],[127.72062,37.87178],[127.72065,37.87167],[127.72176,37.87127],[127.72218,37.87101],[127.72285,37.87086],[127.72431,37.8717],[127.72618,37.87274],[127.72648,37.87299],[127.72777,37.87465],[127.72824,37.87484],[127.72894,37.87465],[127.73062,37.87584],[127.73007,37.87645],[127.73026,37.87655],[127.72997,37.87691],[127.72936,37.87755],[127.72909,37.87812],[127.72887,37.87807],[127.72848,37.87837],[127.72754,37.87855],[127.72696,37.87878],[127.72673,37.87896],[127.72814,37.88008],[127.72778,37.8805]]]},"properties":{"code":"32010540","name":"약사명동"}},{"type":"Feature","geometry":{"type":"Polygon","coordinates":[[[127.73505,37.89484],[127.73408,37.89499],[127.7284,37.8952],[127.72571,37.89521],[127.72498,37.89602],[127.72448,37.89922],[127.72427,37.89962],[127.72204,37.90324],[127.72155,37.90348],[127.72079,37.90506],[127.71976,37.90603],[127.71729,37.90737],[127.71555,37.90898],[127.71255,37.90774],[127.71147,37.90779],[127.71106,37.90779],[127.71058,37.90691],[127.70751,37.90333],[127.70723,37.90302],[127.70291,37.89887],[127.70126,37.89754],[127.69908,37.89559],[127.69604,37.89366],[127.69491,37.89297],[127.69409,37.88969],[127.69277,37.88915],[127.68939,37.88768],[127.68862,37.88576],[127.68836,37.885],[127.68806,37.88453],[127.68678,37.88389],[127.68541,37.88198],[127.68312,37.88087],[127.68135,37.87926],[127.68039,37.87806],[127.67887,37.87302],[127.67908,37.87207],[127.68,37.87196],[127.68273,37.87251],[127.68479,37.87282],[127.68592,37.87309],[127.68833,37.87381],[127.69037,37.87397],[127.69201,37.87456],[127.69411,37.87553],[127.69548,37.87676],[127.69615,37.8771],[127.70186,37.88031],[127.70368,37.8772],[127.70534,37.87632],[127.70722,37.8751],[127.70882,37.8739],[127.71113,37.87281],[127.71158,37.87265],[127.71214,37.87231],[127.71278,37.87179],[127.71337,37.87157],[127.71451,37.87154],[127.7156,37.87207],[127.71566,37.87183],[127.71879,37.8716],[127.71934,37.87151],[127.71971,37.87153],[127.72037,37.87116],[127.72062,37.87146],[127.72065,37.87167],[127.72062,37.87178],[127.7207,37.87402],[127.72063,37.87417],[127.72002,37.87375],[127.71972,37.87404],[127.71923,37.87383],[127.71899,37.87386],[127.71887,37.87411],[127.71825,37.87467],[127.71795,37.87522],[127.71811,37.87527],[127.71779,37.87592],[127.71803,37.87647],[127.71787,37.87658],[127.71792,37.87689],[127.71776,37.87698],[127.71778,37.87729],[127.71915,37.87771],[127.71886,37.8783],[127.72063,37.87878],[127.7201,37.87976],[127.72044,37.88025],[127.71933,37.88072],[127.71983,37.88089],[127.72033,37.88163],[127.72065,37.88196],[127.72117,37.88213],[127.72172,37.88287],[127.72235,37.8835],[127.72124,37.88397],[127.72158,37.88451],[127.72221,37.88436],[127.72267,37.88519],[127.72269,37.88542],[127.72293,37.88581],[127.72237,37.88604],[127.72269,37.88649],[127.72289,37.88694],[127.7226,37.88717],[127.72288,37.88775],[127.7233,37.88826],[127.72314,37.88835],[127.72425,37.89006],[127.72528,37.88936],[127.72548,37.88956],[127.726,37.88967],[127.72635,37.89],[127.72759,37.88986],[127.72884,37.88975],[127.73174,37.88842],[127.73435,37.88832],[127.73516,37.89212],[127.73503,37.89316],[127.73505,37.89484]]]},"properties":{"code":"32010570","name":"근화동"}},{"type":"Feature","geometry":{"type":"Polygon","coordinates":[[[127.73435,37.88832],[127.73174,37.88842],[127.72884,37.88975],[127.72759,37.88986],[127.72635,37.89],[127.726,37.88967],[127.72548,37.88956],[127.72528,37.88936],[127.72425,37.89006],[127.72314,37.88835],[127.7233,37.88826],[127.72288,37.88775],[127.7226,37.88717],[127.72289,37.88694],[127.72269,37.88649],[127.72237,37.88604],[127.72293,37.88581],[127.72269,37.88542],[127.72267,37.88519],[127.72221,37.88436],[127.72158,37.88451],[127.72124,37.88397],[127.72235,37.8835],[127.72172,37.88287],[127.72117,37.88213],[127.72065,37.88196],[127.72033,37.88163],[127.71983,37.88089],[127.71933,37.88072],[127.72044,37.88025],[127.7201,37.87976],[127.72063,37.87878],[127.71886,37.8783],[127.71915,37.87771],[127.71778,37.87729],[127.71776,37.87698],[127.71792,37.87689],[127.71787,37.87658],[127.71803,37.87647],[127.71779,37.87592],[127.71811,37.87527],[127.72236,37.87658],[127.72354,37.87718],[127.72339,37.87738],[127.72452,37.8783],[127.72642,37.87991],[127.7267,37.88026],[127.72691,37.88086],[127.72714,37.88083],[127.72778,37.8805],[127.72948,37.88032],[127.73019,37.88063],[127.73072,37.88093],[127.73125,37.88141],[127.73146,37.8815],[127.73173,37.88178],[127.73215,37.88187],[127.73258,37.8826],[127.73307,37.88272],[127.73317,37.88287],[127.73329,37.88349],[127.73345,37.88368],[127.73341,37.88417],[127.73375,37.88478],[127.73404,37.88481],[127.73401,37.88526],[127.73431,37.88546],[127.73473,37.8855],[127.73506,37.88605],[127.73542,37.88624],[127.73582,37.88672],[127.7362,37.88671],[127.73641,37.88683],[127.73672,37.88652],[127.73752,37.88686],[127.73713,37.88727],[127.73675,37.88705],[127.7353,37.88784],[127.73435,37.88832]]]},"properties":{"code":"32010580","name":"소양동"}},{"type":"Feature","geometry":{"type":"Polygon","coordinates":[[[127.75278,37.88358],[127.75273,37.88377],[127.75321,37.88428],[127.75391,37.88451],[127.75413,37.88497],[127.75442,37.88537],[127.75484,37.88515],[127.75496,37.88523],[127.75472,37.88553],[127.7548,37.88587],[127.75469,37.88621],[127.75485,37.88625],[127.75515,37.88604],[127.75548,37.88602],[127.75588,37.88547],[127.75597,37.88572],[127.7556,37.88638],[127.75495,37.88703],[127.75463,37.88758],[127.75454,37.888],[127.75465,37.88939],[127.75482,37.89022],[127.75485,37.89084],[127.7548,37.89117],[127.75454,37.89132],[127.75414,37.8914],[127.75399,37.89162],[127.75315,37.89209],[127.75273,37.89226],[127.75239,37.89255],[127.75172,37.89275],[127.75135,37.89272],[127.75092,37.89284],[127.75083,37.89308],[127.75096,37.89346],[127.75103,37.89394],[127.75093,37.89416],[127.75062,37.89421],[127.7503,37.89443],[127.74972,37.89442],[127.74938,37.89423],[127.74906,37.89419],[127.74847,37.89349],[127.74771,37.89349],[127.74725,37.89372],[127.74652,37.89385],[127.74642,37.89375],[127.74596,37.8939],[127.74544,37.89429],[127.74546,37.89589],[127.74416,37.89444],[127.73976,37.89416],[127.73505,37.89484],[127.73503,37.89316],[127.73516,37.89212],[127.73435,37.88832],[127.7353,37.88784],[127.73675,37.88705],[127.73713,37.88727],[127.73752,37.88686],[127.73831,37.88708],[127.73898,37.88705],[127.73924,37.88698],[127.73954,37.88673],[127.73975,37.88599],[127.7397,37.8852],[127.74006,37.88521],[127.74007,37.88436],[127.74091,37.88431],[127.74078,37.88364],[127.74035,37.88361],[127.74039,37.88297],[127.74057,37.88271],[127.74066,37.88237],[127.74084,37.88241],[127.74097,37.88179],[127.74064,37.88175],[127.74069,37.88151],[127.74043,37.88146],[127.74072,37.88054],[127.74133,37.88066],[127.74158,37.87986],[127.74192,37.87939],[127.74779,37.88204],[127.74834,37.88252],[127.74889,37.88363],[127.74953,37.88345],[127.74981,37.88292],[127.74995,37.88304],[127.75167,37.8834],[127.75201,37.88341],[127.75278,37.88358]]]},"properties":{"code":"32010600","name":"후평1동"}},{"type":"Feature","geometry":{"type":"Polygon","coordinates":[[[127.75268,37.86996],[127.75265,37.8721],[127.75261,37.87296],[127.75256,37.87505],[127.75257,37.87623],[127.75141,37.87779],[127.74879,37.88143],[127.74832,37.88206],[127.74779,37.88204],[127.74192,37.87939],[127.74375,37.87682],[127.74411,37.87696],[127.74443,37.87679],[127.74491,37.87669],[127.74521,37.87678],[127.74559,37.87669],[127.74618,37.87584],[127.74612,37.87511],[127.74626,37.875],[127.74527,37.87368],[127.7465,37.87341],[127.74684,37.87319],[127.74653,37.87224],[127.74711,37.87191],[127.74799,37.87101],[127.74875,37.87051],[127.74993,37.86988],[127.75074,37.86974],[127.75181,37.86978],[127.75251,37.86991],[127.75268,37.86996]]]},"properties":{"code":"32010610","name":"후평2동"}},{"type":"Feature","geometry":{"type":"Polygon","coordinates":[[[127.75278,37.88358],[127.75201,37.88341],[127.75167,37.8834],[127.74995,37.88304],[127.74981,37.88292],[127.74953,37.88345],[127.74889,37.88363],[127.74834,37.88252],[127.74779,37.88204],[127.74832,37.88206],[127.74879,37.88143],[127.75141,37.87779],[127.75257,37.87623],[127.75256,37.87505],[127.75261,37.87296],[127.75265,37.8721],[127.75268,37.86996],[127.75592,37.87037],[127.75847,37.87046],[127.75851,37.87095],[127.75917,37.87082],[127.75935,37.87097],[127.76089,37.87141],[127.76099,37.87146],[127.76166,37.87134],[127.76251,37.87145],[127.76409,37.87133],[127.76417,37.87181],[127.76469,37.8723],[127.76459,37.87291],[127.76398,37.87327],[127.76368,37.87374],[127.7633,37.87407],[127.76291,37.8747],[127.76227,37.87497],[127.76193,37.87552],[127.76094,37.87625],[127.76046,37.87669],[127.76029,37.877],[127.7594,37.87775],[127.75927,37.87809],[127.75886,37.87843],[127.75787,37.87903],[127.75786,37.8793],[127.75741,37.87951],[127.75685,37.87958],[127.7566,37.87942],[127.75629,37.87946],[127.75612,37.87979],[127.75592,37.88051],[127.75565,37.88105],[127.75527,37.88135],[127.75558,37.88206],[127.75392,37.88239],[127.75312,37.88295],[127.75278,37.88358]]]},"properties":{"code":"32010620","name":"후평3동"}},{"type":"Feature","geometry":{"type":"Polygon","coordinates":[[[127.72629,37.86814],[127.7267,37.86867],[127.72731,37.86812],[127.72765,37.86837],[127.72796,37.86842],[127.72834,37.86886],[127.72868,37.8687],[127.7292,37.86918],[127.7296,37.86908],[127.7299,37.86926],[127.73012,37.86912],[127.7314,37.87025],[127.73118,37.87042],[127.73188,37.87088],[127.73206,37.87115],[127.73231,37.87131],[127.73256,37.87177],[127.73276,37.8717],[127.73296,37.87211],[127.73355,37.87297],[127.73395,37.87366],[127.73426,37.87437],[127.73416,37.87471],[127.7334,37.87514],[127.73274,37.87449],[127.7326,37.87442],[127.73169,37.87433],[127.73135,37.87442],[127.7302,37.875],[127.72989,37.87502],[127.72924,37.87457],[127.72894,37.87465],[127.72824,37.87484],[127.72777,37.87465],[127.72648,37.87299],[127.72618,37.87274],[127.72431,37.8717],[127.72285,37.87086],[127.72218,37.87101],[127.72176,37.87127],[127.72065,37.87167],[127.72062,37.87146],[127.72037,37.87116],[127.72084,37.87071],[127.72169,37.87049],[127.72199,37.8703],[127.7237,37.8694],[127.72381,37.86951],[127.72629,37.86814]]]},"properties":{"code":"32010630","name":"효자1동"}},{"type":"Feature","geometry":{"type":"Polygon","coordinates":[[[127.74653,37.87224],[127.74481,37.87264],[127.74434,37.8728],[127.74404,37.87274],[127.7413,37.87387],[127.74102,37.87404],[127.74035,37.87401],[127.73971,37.87433],[127.74002,37.87476],[127.73684,37.87618],[127.73585,37.87661],[127.73544,37.87582],[127.73487,37.87601],[127.73479,37.87654],[127.73382,37.87645],[127.73391,37.87578],[127.7334,37.87514],[127.73416,37.87471],[127.73426,37.87437],[127.73395,37.87366],[127.73355,37.87297],[127.73296,37.87211],[127.73276,37.8717],[127.73256,37.87177],[127.73231,37.87131],[127.73206,37.87115],[127.73188,37.87088],[127.73118,37.87042],[127.7314,37.87025],[127.73012,37.86912],[127.7299,37.86926],[127.7296,37.86908],[127.7292,37.86918],[127.72868,37.8687],[127.72834,37.86886],[127.72796,37.86842],[127.72765,37.86837],[127.72731,37.86812],[127.7267,37.86867],[127.72629,37.86814],[127.72812,37.86728],[127.72916,37.8666],[127.73033,37.86596],[127.73006,37.86522],[127.73041,37.86504],[127.73181,37.86394],[127.73215,37.86403],[127.73256,37.86381],[127.73328,37.86397],[127.73457,37.86352],[127.73568,37.86267],[127.73593,37.86279],[127.73692,37.86381],[127.74026,37.86227],[127.74154,37.86183],[127.74165,37.8621],[127.74166,37.86298],[127.74155,37.86347],[127.74192,37.86379],[127.74212,37.86421],[127.7427,37.86451],[127.74291,37.86472],[127.74333,37.86488],[127.74403,37.86546],[127.74464,37.86586],[127.74524,37.86552],[127.74587,37.86566],[127.74637,37.86553],[127.74686,37.86604],[127.74736,37.86592],[127.74776,37.86618],[127.748,37.86608],[127.74829,37.86567],[127.74819,37.86534],[127.7484,37.86483],[127.74842,37.86454],[127.75213,37.86785],[127.75249,37.8684],[127.75254,37.86872],[127.75251,37.86991],[127.75181,37.86978],[127.75074,37.86974],[127.74993,37.86988],[127.74875,37.87051],[127.74799,37.87101],[127.74711,37.87191],[127.74653,37.87224]]]},"properties":{"code":"32010640","name":"효자2동"}},{"type":"Feature","geometry":{"type":"Polygon","coordinates":[[[127.74653,37.87224],[127.74684,37.87319],[127.7465,37.87341],[127.74527,37.87368],[127.74626,37.875],[127.74612,37.87511],[127.74618,37.87584],[127.74559,37.87669],[127.74521,37.87678],[127.74491,37.87669],[127.74443,37.87679],[127.74411,37.87696],[127.74375,37.87682],[127.74192,37.87939],[127.74158,37.87986],[127.74133,37.88066],[127.74072,37.88054],[127.73955,37.8803],[127.73949,37.88017],[127.73953,37.87962],[127.73901,37.87918],[127.73882,37.87884],[127.73765,37.87853],[127.7369,37.87818],[127.73636,37.87781],[127.7357,37.8776],[127.73518,37.87733],[127.73578,37.87662],[127.73479,37.87654],[127.73487,37.87601],[127.73544,37.87582],[127.73585,37.87661],[127.73684,37.87618],[127.74002,37.87476],[127.73971,37.87433],[127.74035,37.87401],[127.74102,37.87404],[127.7413,37.87387],[127.74404,37.87274],[127.74434,37.8728],[127.74481,37.87264],[127.74653,37.87224]]]},"properties":{"code":"32010650","name":"효자3동"}},{"type":"Feature","geometry":{"type":"Polygon","coordinates":[[[127.76409,37.87133],[127.76251,37.87145],[127.76166,37.87134],[127.76099,37.87146],[127.76089,37.87141],[127.75935,37.87097],[127.75917,37.87082],[127.75851,37.87095],[127.75847,37.87046],[127.75592,37.87037],[127.75268,37.86996],[127.75251,37.86991],[127.75254,37.86872],[127.75249,37.8684],[127.75213,37.86785],[127.74842,37.86454],[127.7484,37.86483],[127.74819,37.86534],[127.74829,37.86567],[127.748,37.86608],[127.74776,37.86618],[127.74736,37.86592],[127.74686,37.86604],[127.74637,37.86553],[127.74587,37.86566],[127.74524,37.86552],[127.74464,37.86586],[127.74403,37.86546],[127.74333,37.86488],[127.74291,37.86472],[127.7427,37.86451],[127.74212,37.86421],[127.74192,37.86379],[127.74155,37.86347],[127.74166,37.86298],[127.74165,37.8621],[127.74154,37.86183],[127.74026,37.86227],[127.73692,37.86381],[127.73593,37.86279],[127.73568,37.86267],[127.73631,37.86219],[127.7366,37.86153],[127.7383,37.85986],[127.73823,37.85946],[127.73849,37.85874],[127.73848,37.85822],[127.73856,37.85797],[127.73837,37.85666],[127.73843,37.85561],[127.73832,37.85504],[127.73849,37.85492],[127.73844,37.85451],[127.7386,37.85426],[127.73789,37.853],[127.73772,37.85277],[127.73837,37.85219],[127.73886,37.85197],[127.74847,37.85012],[127.74719,37.84901],[127.74685,37.8485],[127.74684,37.84805],[127.74609,37.84717],[127.74609,37.84691],[127.74567,37.84671],[127.74531,37.84664],[127.74368,37.84668],[127.74346,37.84586],[127.74361,37.8457],[127.74365,37.84532],[127.74398,37.84532],[127.74466,37.84455],[127.74491,37.8439],[127.74517,37.84338],[127.74638,37.84273],[127.74688,37.8429],[127.7481,37.84266],[127.74908,37.8424],[127.74948,37.84216],[127.7502,37.84217],[127.75219,37.84225],[127.75239,37.8427],[127.75316,37.84317],[127.75341,37.84396],[127.75376,37.84435],[127.75402,37.84451],[127.75457,37.84442],[127.7548,37.84458],[127.75544,37.84478],[127.75615,37.84481],[127.75683,37.84515],[127.75721,37.84507],[127.75737,37.8448],[127.75774,37.8447],[127.75844,37.84496],[127.75899,37.84533],[127.75841,37.84596],[127.75749,37.8465],[127.75721,37.84711],[127.75657,37.84794],[127.75666,37.84813],[127.75681,37.84909],[127.75545,37.84898],[127.75509,37.84923],[127.75438,37.84988],[127.75336,37.85061],[127.75192,37.85207],[127.75018,37.85488],[127.7497,37.85535],[127.75025,37.85622],[127.75075,37.85658],[127.75115,37.85668],[127.75167,37.85668],[127.75212,37.85747],[127.75264,37.85747],[127.75259,37.8578],[127.75329,37.85868],[127.75332,37.85907],[127.75394,37.85908],[127.75403,37.85953],[127.75472,37.86047],[127.75529,37.86066],[127.75607,37.8607],[127.75637,37.86134],[127.75607,37.86194],[127.75619,37.86209],[127.75838,37.86253],[127.75825,37.863],[127.75832,37.86315],[127.75917,37.86333],[127.76035,37.8635],[127.76091,37.86334],[127.76151,37.86336],[127.76166,37.86316],[127.76232,37.86342],[127.76273,37.86432],[127.76314,37.86433],[127.76394,37.86419],[127.76451,37.8646],[127.76515,37.86469],[127.76522,37.86492],[127.76582,37.86517],[127.76597,37.86539],[127.76601,37.86589],[127.76633,37.86615],[127.7669,37.8665],[127.76742,37.86634],[127.76744,37.86669],[127.7676,37.86714],[127.76747,37.86733],[127.76764,37.8677],[127.76798,37.868],[127.76796,37.86842],[127.76843,37.86859],[127.76875,37.86879],[127.76908,37.8688],[127.76963,37.86914],[127.76945,37.86952],[127.76909,37.86972],[127.76904,37.86997],[127.76866,37.87009],[127.76711,37.87013],[127.76683,37.87044],[127.76661,37.87047],[127.76628,37.87088],[127.76604,37.87105],[127.76487,37.87113],[127.76431,37.87134],[127.76409,37.87133]]]},"properties":{"code":"32010660","name":"석사동"}},{"type":"Feature","geometry":{"type":"Polygon","coordinates":[[[127.73568,37.86267],[127.73457,37.86352],[127.73328,37.86397],[127.73256,37.86381],[127.73215,37.86403],[127.73181,37.86394],[127.73041,37.86504],[127.73006,37.86522],[127.73033,37.86596],[127.72916,37.8666],[127.72812,37.86728],[127.72629,37.86814],[127.72381,37.86951],[127.7237,37.8694],[127.72129,37.86619],[127.72151,37.86587],[127.72117,37.86541],[127.72124,37.86528],[127.72178,37.86498],[127.72163,37.86468],[127.72169,37.86447],[127.7211,37.86379],[127.72091,37.86346],[127.72239,37.86268],[127.72171,37.8618],[127.723,37.86117],[127.72219,37.86018],[127.72277,37.85981],[127.72205,37.85921],[127.72171,37.85901],[127.72137,37.85854],[127.72105,37.8583],[127.72076,37.85795],[127.72037,37.85809],[127.72015,37.85774],[127.72021,37.85684],[127.72,37.85602],[127.71981,37.855],[127.71945,37.85475],[127.71861,37.85438],[127.71801,37.85384],[127.71745,37.85361],[127.71665,37.85338],[127.71644,37.85234],[127.71668,37.85177],[127.71659,37.8505],[127.71666,37.85004],[127.7168,37.84987],[127.71692,37.84917],[127.71723,37.84917],[127.71769,37.84932],[127.71842,37.84907],[127.71897,37.84917],[127.71945,37.84908],[127.71961,37.84918],[127.72022,37.849],[127.72043,37.84917],[127.72096,37.84923],[127.72125,37.84957],[127.72179,37.84962],[127.72208,37.84953],[127.72228,37.8497],[127.72388,37.84967],[127.72457,37.84957],[127.72522,37.84906],[127.72542,37.84845],[127.72596,37.8482],[127.72668,37.8477],[127.72702,37.84691],[127.72795,37.84694],[127.72834,37.84664],[127.72887,37.84683],[127.72935,37.84688],[127.72978,37.84674],[127.72988,37.84661],[127.73067,37.846],[127.73125,37.84581],[127.7315,37.84644],[127.73174,37.84678],[127.73214,37.84668],[127.73249,37.84618],[127.73269,37.84567],[127.7333,37.84589],[127.73354,37.8458],[127.73407,37.84515],[127.73418,37.84485],[127.73476,37.84416],[127.73547,37.844],[127.73565,37.84376],[127.73549,37.84353],[127.73602,37.84321],[127.7369,37.84293],[127.73707,37.84265],[127.73743,37.84246],[127.73784,37.84208],[127.73836,37.84211],[127.73884,37.8419],[127.73892,37.84151],[127.74122,37.84131],[127.74184,37.84114],[127.74265,37.84138],[127.74305,37.8413],[127.7435,37.84161],[127.74402,37.84129],[127.74453,37.8413],[127.74479,37.84123],[127.74518,37.84056],[127.74583,37.84036],[127.74653,37.84104],[127.74881,37.8414],[127.7492,37.84142],[127.74948,37.84216],[127.74908,37.8424],[127.7481,37.84266],[127.74688,37.8429],[127.74638,37.84273],[127.74517,37.84338],[127.74491,37.8439],[127.74466,37.84455],[127.74398,37.84532],[127.74365,37.84532],[127.74361,37.8457],[127.74346,37.84586],[127.74368,37.84668],[127.74531,37.84664],[127.74567,37.84671],[127.74609,37.84691],[127.74609,37.84717],[127.74684,37.84805],[127.74685,37.8485],[127.74719,37.84901],[127.74847,37.85012],[127.73886,37.85197],[127.73837,37.85219],[127.73772,37.85277],[127.73789,37.853],[127.7386,37.85426],[127.73844,37.85451],[127.73849,37.85492],[127.73832,37.85504],[127.73843,37.85561],[127.73837,37.85666],[127.73856,37.85797],[127.73848,37.85822],[127.73849,37.85874],[127.73823,37.85946],[127.7383,37.85986],[127.7366,37.86153],[127.73631,37.86219],[127.73568,37.86267]]]},"properties":{"code":"32010670","name":"퇴계동"}},{"type":"Feature","geometry":{"type":"Polygon","coordinates":[[[127.72037,37.87116],[127.71971,37.87153],[127.71934,37.87151],[127.71879,37.8716],[127.71566,37.87183],[127.7156,37.87207],[127.71451,37.87154],[127.71337,37.87157],[127.71278,37.87179],[127.71214,37.87231],[127.71158,37.87265],[127.71113,37.87281],[127.70882,37.8739],[127.70722,37.8751],[127.70534,37.87632],[127.70368,37.8772],[127.70186,37.88031],[127.69615,37.8771],[127.69548,37.87676],[127.69411,37.87553],[127.69201,37.87456],[127.69037,37.87397],[127.68833,37.87381],[127.68592,37.87309],[127.68479,37.87282],[127.68273,37.87251],[127.68,37.87196],[127.67908,37.87207],[127.67846,37.87083],[127.6775,37.86905],[127.67691,37.86757],[127.67633,37.86643],[127.6762,37.86509],[127.67586,37.86304],[127.67531,37.86029],[127.6752,37.85881],[127.67519,37.85786],[127.67531,37.85305],[127.67568,37.85165],[127.67627,37.85062],[127.67674,37.85007],[127.67735,37.84946],[127.67736,37.84933],[127.67628,37.84501],[127.67572,37.84108],[127.67713,37.84106],[127.68062,37.84251],[127.68177,37.84181],[127.68219,37.84191],[127.68281,37.84133],[127.68513,37.84067],[127.68568,37.84091],[127.68779,37.84053],[127.68812,37.84037],[127.68886,37.84033],[127.68933,37.84041],[127.69036,37.84051],[127.6911,37.83993],[127.6933,37.83926],[127.69429,37.83933],[127.69512,37.83966],[127.69548,37.83992],[127.69636,37.84005],[127.69687,37.84007],[127.69853,37.84005],[127.69898,37.83999],[127.69971,37.83958],[127.70035,37.83948],[127.70116,37.83886],[127.70149,37.83869],[127.70283,37.83871],[127.70461,37.83832],[127.70526,37.8379],[127.70552,37.83745],[127.70545,37.83714],[127.70513,37.83696],[127.70533,37.83673],[127.70624,37.83698],[127.70659,37.83734],[127.7068,37.8374],[127.70735,37.83713],[127.70767,37.83685],[127.7081,37.83682],[127.70875,37.83688],[127.70894,37.83702],[127.70979,37.83697],[127.71034,37.8368],[127.71081,37.83679],[127.71109,37.83652],[127.71157,37.83658],[127.71194,37.83627],[127.71191,37.836],[127.71225,37.83579],[127.71286,37.83587],[127.71331,37.83612],[127.71338,37.83589],[127.71381,37.83631],[127.71424,37.83649],[127.71418,37.83549],[127.71437,37.83456],[127.71506,37.83461],[127.71543,37.83419],[127.71617,37.83408],[127.71697,37.8343],[127.7174,37.83473],[127.71701,37.8348],[127.71632,37.83481],[127.71611,37.83495],[127.71588,37.83535],[127.71574,37.83537],[127.71542,37.83572],[127.71573,37.83618],[127.71548,37.83688],[127.71579,37.83708],[127.71606,37.83749],[127.71663,37.83778],[127.71647,37.83809],[127.71655,37.8384],[127.71627,37.83916],[127.71689,37.8398],[127.71674,37.8401],[127.71697,37.84108],[127.71707,37.8412],[127.71682,37.8424],[127.71687,37.8428],[127.71666,37.84376],[127.71598,37.84478],[127.7158,37.84518],[127.71582,37.84542],[127.71683,37.8465],[127.71699,37.847],[127.71697,37.84734],[127.71715,37.84795],[127.71701,37.8483],[127.71706,37.84846],[127.71692,37.84917],[127.7168,37.84987],[127.71666,37.85004],[127.71659,37.8505],[127.71668,37.85177],[127.71644,37.85234],[127.71665,37.85338],[127.71745,37.85361],[127.71801,37.85384],[127.71861,37.85438],[127.71945,37.85475],[127.71981,37.855],[127.72,37.85602],[127.72021,37.85684],[127.72015,37.85774],[127.72037,37.85809],[127.72076,37.85795],[127.72105,37.8583],[127.72137,37.85854],[127.72171,37.85901],[127.72205,37.85921],[127.72277,37.85981],[127.72219,37.86018],[127.723,37.86117],[127.72171,37.8618],[127.72239,37.86268],[127.72091,37.86346],[127.7211,37.86379],[127.72169,37.86447],[127.72163,37.86468],[127.72178,37.86498],[127.72124,37.86528],[127.72117,37.86541],[127.72151,37.86587],[127.72129,37.86619],[127.7237,37.8694],[127.72199,37.8703],[127.72169,37.87049],[127.72084,37.87071],[127.72037,37.87116]]]},"properties":{"code":"32010680","name":"강남동"}},{"type":"Feature","geometry":{"type":"Polygon","coordinates":[[[127.74549,37.92172],[127.74551,37.92363],[127.74135,37.92213],[127.74112,37.92257],[127.74098,37.92306],[127.74102,37.92361],[127.74094,37.92422],[127.74102,37.92479],[127.74059,37.92535],[127.74059,37.92555],[127.74084,37.92622],[127.74037,37.92718],[127.73956,37.92819],[127.73946,37.92938],[127.73933,37.93011],[127.7379,37.931],[127.73756,37.93105],[127.73686,37.93158],[127.7362,37.9319],[127.73546,37.93237],[127.73512,37.93268],[127.73366,37.93331],[127.73336,37.93395],[127.73336,37.93411],[127.73409,37.93516],[127.73593,37.93639],[127.73709,37.93727],[127.73765,37.93752],[127.73745,37.93789],[127.73664,37.93756],[127.73634,37.93802],[127.73574,37.93849],[127.73531,37.93874],[127.73456,37.939],[127.73429,37.93921],[127.73423,37.93947],[127.73402,37.93972],[127.7336,37.93985],[127.73298,37.94038],[127.73274,37.94072],[127.73261,37.94126],[127.73223,37.94139],[127.73134,37.94116],[127.73044,37.94151],[127.73007,37.94176],[127.72951,37.94224],[127.72924,37.94239],[127.72803,37.94372],[127.72813,37.94388],[127.72745,37.94433],[127.72709,37.94443],[127.72743,37.94494],[127.72745,37.94528],[127.72717,37.94537],[127.72667,37.94577],[127.72531,37.9462],[127.72389,37.94659],[127.72379,37.94586],[127.7235,37.94547],[127.72302,37.94575],[127.72237,37.94583],[127.72164,37.94533],[127.72185,37.94518],[127.7218,37.94448],[127.72221,37.94386],[127.72205,37.94347],[127.7216,37.94311],[127.72098,37.94329],[127.72086,37.94295],[127.72049,37.94262],[127.72058,37.94246],[127.71974,37.94224],[127.71927,37.94174],[127.71884,37.94153],[127.71828,37.94108],[127.7181,37.94053],[127.71791,37.94036],[127.71747,37.94035],[127.71695,37.93996],[127.71651,37.93947],[127.71657,37.9389],[127.71635,37.9387],[127.71563,37.93868],[127.71541,37.93888],[127.71467,37.93888],[127.71438,37.93859],[127.71394,37.93904],[127.71386,37.93941],[127.71363,37.93943],[127.71337,37.93925],[127.71282,37.93919],[127.71255,37.93912],[127.71176,37.93833],[127.71131,37.93798],[127.7123,37.93679],[127.71302,37.93577],[127.71344,37.93493],[127.71387,37.93447],[127.71473,37.93365],[127.71539,37.93297],[127.71583,37.93233],[127.71647,37.93097],[127.71653,37.93065],[127.71683,37.92998],[127.71698,37.92925],[127.71723,37.9289],[127.71862,37.92877],[127.71921,37.92488],[127.71864,37.92285],[127.71729,37.92169],[127.71587,37.91952],[127.71536,37.91845],[127.71528,37.9177],[127.71448,37.91644],[127.71403,37.9141],[127.71244,37.91051],[127.71147,37.90779],[127.71255,37.90774],[127.71555,37.90898],[127.71729,37.90737],[127.71976,37.90603],[127.72079,37.90506],[127.72155,37.90348],[127.72204,37.90324],[127.72427,37.89962],[127.72448,37.89922],[127.72498,37.89602],[127.72571,37.89521],[127.7284,37.8952],[127.73408,37.89499],[127.73505,37.89484],[127.73976,37.89416],[127.74416,37.89444],[127.74546,37.89589],[127.74566,37.896],[127.74569,37.89949],[127.74676,37.90057],[127.74682,37.90669],[127.74595,37.9103],[127.74562,37.912],[127.74519,37.91391],[127.74442,37.91752],[127.74548,37.92111],[127.74549,37.92172]]]},"properties":{"code":"32010710","name":"신사우동"}}],"profileId":"gangwon","schemaVersion":2,"dataVersion":"gangwon-2022-563a6bb6162048a7"}
