{"type":"FeatureCollection","features":[{"type":"Feature","geometry":{"type":"Polygon","coordinates":[[[127.86326,37.33196],[127.8627,37.33197],[127.86162,37.33244],[127.86114,37.3329],[127.86092,37.33329],[127.86055,37.33418],[127.86053,37.33472],[127.86073,37.33651],[127.86112,37.33774],[127.86157,37.3387],[127.86203,37.33949],[127.8629,37.34061],[127.863,37.34107],[127.86318,37.34151],[127.86344,37.34188],[127.86355,37.34266],[127.86312,37.34318],[127.86268,37.34328],[127.86211,37.34315],[127.86061,37.34309],[127.85846,37.34304],[127.85698,37.34288],[127.856,37.3429],[127.85565,37.34306],[127.85495,37.34376],[127.85455,37.34398],[127.85338,37.34397],[127.85252,37.34378],[127.85172,37.34303],[127.85124,37.34238],[127.85084,37.34168],[127.85043,37.34075],[127.85019,37.33988],[127.85015,37.33902],[127.85031,37.33833],[127.8504,37.3377],[127.85034,37.33761],[127.84957,37.33697],[127.84917,37.33679],[127.84765,37.33683],[127.84711,37.33696],[127.84661,37.33727],[127.84617,37.33763],[127.84577,37.33811],[127.84521,37.33916],[127.845,37.33971],[127.84435,37.34108],[127.84382,37.34264],[127.84327,37.34343],[127.8428,37.34385],[127.84208,37.34421],[127.84171,37.34451],[127.84065,37.34527],[127.83958,37.34585],[127.83866,37.34619],[127.83786,37.3466],[127.83742,37.34665],[127.83593,37.34634],[127.83546,37.34627],[127.83488,37.34602],[127.83338,37.34512],[127.83229,37.34455],[127.83165,37.34411],[127.83025,37.343],[127.82953,37.34275],[127.82788,37.34194],[127.82722,37.34154],[127.82636,37.34096],[127.82166,37.33742],[127.82015,37.33633],[127.81938,37.33591],[127.81807,37.33528],[127.81776,37.33508],[127.81536,37.33323],[127.81321,37.33233],[127.81005,37.33242],[127.80927,37.33236],[127.80802,37.33216],[127.8074,37.33293],[127.80721,37.33302],[127.80506,37.33338],[127.80431,37.33353],[127.80361,37.33346],[127.80258,37.33358],[127.80147,37.33325],[127.80072,37.33293],[127.80003,37.33291],[127.79959,37.33412],[127.7994,37.33482],[127.799,37.33563],[127.79958,37.33833],[127.80002,37.33886],[127.79998,37.33932],[127.8003,37.3403],[127.80092,37.34185],[127.80115,37.34224],[127.80039,37.34243],[127.79975,37.3425],[127.79905,37.34287],[127.79837,37.34393],[127.79783,37.34409],[127.79691,37.34427],[127.79614,37.34467],[127.7956,37.34462],[127.79516,37.34474],[127.79388,37.3441],[127.79355,37.34409],[127.79271,37.34461],[127.79263,37.34502],[127.79238,37.34573],[127.7922,37.347],[127.7912,37.34783],[127.79106,37.34791],[127.78884,37.34789],[127.78852,37.34808],[127.78787,37.34866],[127.7869,37.34841],[127.78628,37.3488],[127.78532,37.34874],[127.78411,37.34841],[127.78368,37.3479],[127.7832,37.34741],[127.78238,37.34711],[127.78225,37.34691],[127.78162,37.34686],[127.78006,37.34707],[127.77973,37.34715],[127.77907,37.34698],[127.77791,37.3466],[127.77715,37.34652],[127.777,37.34728],[127.77637,37.34778],[127.77592,37.34832],[127.77584,37.34858],[127.77582,37.34995],[127.77563,37.35042],[127.77528,37.35074],[127.77503,37.35116],[127.77541,37.35211],[127.77477,37.35292],[127.77443,37.35432],[127.77419,37.35489],[127.77449,37.35589],[127.77432,37.35679],[127.77342,37.35773],[127.77351,37.35892],[127.77205,37.36017],[127.77166,37.36021],[127.77138,37.36081],[127.77066,37.36141],[127.77041,37.36213],[127.76931,37.36315],[127.7687,37.36309],[127.7685,37.36301],[127.768,37.36306],[127.76674,37.36352],[127.76487,37.36321],[127.7634,37.3633],[127.76223,37.36363],[127.76122,37.3636],[127.76075,37.3628],[127.76038,37.36167],[127.76052,37.36097],[127.75981,37.36034],[127.75935,37.35973],[127.76024,37.35862],[127.76053,37.35796],[127.76054,37.3574],[127.75976,37.35627],[127.75989,37.35595],[127.75973,37.35534],[127.76014,37.35491],[127.75997,37.35462],[127.7604,37.35387],[127.76076,37.35264],[127.75903,37.35161],[127.75835,37.35079],[127.75851,37.34957],[127.75863,37.34838],[127.75797,37.34708],[127.75788,37.34641],[127.75798,37.34577],[127.75826,37.34549],[127.75889,37.34447],[127.75877,37.34424],[127.75848,37.34311],[127.75874,37.34248],[127.75895,37.3423],[127.75909,37.34173],[127.75907,37.34138],[127.75967,37.34129],[127.75986,37.34136],[127.76017,37.34121],[127.76022,37.34104],[127.76069,37.34082],[127.76058,37.34057],[127.76075,37.34006],[127.76055,37.33959],[127.76093,37.33885],[127.76098,37.33775],[127.76096,37.33724],[127.76084,37.33705],[127.76136,37.33665],[127.76173,37.33619],[127.76182,37.3357],[127.76253,37.33508],[127.76266,37.33463],[127.76297,37.33443],[127.76166,37.33394],[127.76167,37.33366],[127.76138,37.33319],[127.7605,37.33245],[127.76044,37.33208],[127.75985,37.33183],[127.75911,37.33127],[127.7585,37.3311],[127.75839,37.33085],[127.75873,37.33034],[127.75978,37.3301],[127.76,37.3297],[127.76044,37.3293],[127.7604,37.32863],[127.76079,37.32816],[127.76078,37.32783],[127.76136,37.32692],[127.76183,37.32543],[127.76219,37.32474],[127.76242,37.32401],[127.76277,37.32341],[127.76294,37.3225],[127.76211,37.32133],[127.7621,37.32114],[127.76257,37.32019],[127.76304,37.31941],[127.76321,37.31888],[127.76348,37.31831],[127.76371,37.31806],[127.76428,37.31793],[127.76496,37.31764],[127.76539,37.31738],[127.76526,37.31725],[127.76512,37.31651],[127.76515,37.31582],[127.76492,37.31532],[127.76536,37.31487],[127.76539,37.3142],[127.76562,37.31395],[127.76568,37.3135],[127.76552,37.3134],[127.76555,37.31302],[127.76588,37.31279],[127.76637,37.31227],[127.7665,37.31193],[127.76656,37.31126],[127.76679,37.31076],[127.76742,37.3101],[127.76815,37.30953],[127.76837,37.309],[127.76841,37.30831],[127.76822,37.30753],[127.76832,37.30669],[127.76818,37.30637],[127.76814,37.30584],[127.76802,37.30565],[127.7677,37.30471],[127.76759,37.30393],[127.7676,37.30339],[127.76768,37.30289],[127.76807,37.30248],[127.76819,37.30152],[127.76758,37.3015],[127.76715,37.3018],[127.76653,37.30152],[127.76567,37.30141],[127.76447,37.3018],[127.76313,37.30188],[127.76214,37.30224],[127.75933,37.30117],[127.75887,37.30042],[127.75756,37.30013],[127.75699,37.29956],[127.75669,37.2989],[127.7556,37.29843],[127.75461,37.29774],[127.75412,37.29779],[127.7532,37.29781],[127.75235,37.29767],[127.75177,37.29771],[127.75066,37.29798],[127.75027,37.29766],[127.74988,37.29716],[127.74988,37.29658],[127.74963,37.29598],[127.74958,37.2953],[127.75,37.29432],[127.74992,37.29406],[127.74991,37.2935],[127.75025,37.29316],[127.75024,37.29264],[127.75004,37.29196],[127.75082,37.29104],[127.75241,37.28971],[127.75257,37.28914],[127.75295,37.28878],[127.75353,37.28898],[127.75435,37.2877],[127.75446,37.28663],[127.75499,37.28591],[127.75507,37.28554],[127.75556,37.28498],[127.7549,37.28497],[127.75398,37.28423],[127.75428,37.28387],[127.75513,37.28251],[127.75535,37.28244],[127.75528,37.28192],[127.75559,37.28173],[127.75657,37.2802],[127.75633,37.27946],[127.75682,37.27911],[127.75767,37.2788],[127.75679,37.27796],[127.75664,37.27764],[127.75675,37.27727],[127.75659,37.27718],[127.7578,37.27706],[127.75818,37.27728],[127.75908,37.27705],[127.75891,37.2766],[127.75943,37.27576],[127.75954,37.27548],[127.75963,37.27484],[127.75932,37.27461],[127.75956,37.27355],[127.76041,37.27329],[127.76048,37.2729],[127.76009,37.27217],[127.75979,37.27208],[127.75934,37.27175],[127.7593,37.27152],[127.75971,37.27056],[127.75932,37.27009],[127.75981,37.26967],[127.76012,37.26931],[127.76066,37.26901],[127.76047,37.26874],[127.75934,37.26674],[127.75987,37.26599],[127.75986,37.26527],[127.7596,37.26512],[127.75953,37.26448],[127.75944,37.26429],[127.75881,37.26378],[127.75877,37.26336],[127.75843,37.26289],[127.75858,37.26238],[127.75799,37.26151],[127.75806,37.26132],[127.75777,37.26071],[127.75749,37.26026],[127.75722,37.25892],[127.75761,37.25901],[127.75761,37.25825],[127.7584,37.25871],[127.76041,37.26249],[127.76073,37.26313],[127.76133,37.26406],[127.7622,37.26491],[127.76338,37.26574],[127.76405,37.26631],[127.76637,37.26643],[127.76898,37.2668],[127.77059,37.26707],[127.77048,37.2682],[127.77098,37.26824],[127.77294,37.26885],[127.77318,37.26896],[127.77421,37.26921],[127.7751,37.26962],[127.77552,37.26994],[127.7759,37.27],[127.77675,37.27031],[127.77703,37.27054],[127.77773,37.27078],[127.77861,37.27095],[127.77894,37.27114],[127.77963,37.27117],[127.78089,37.27138],[127.7813,37.27178],[127.78231,37.27167],[127.7831,37.27241],[127.78356,37.27276],[127.78358,37.27308],[127.78397,37.27326],[127.784,37.27349],[127.78427,37.27362],[127.78474,37.27429],[127.78517,37.27467],[127.78559,37.27535],[127.7857,37.27566],[127.78633,37.27621],[127.78755,37.27604],[127.78704,37.2749],[127.78611,37.27323],[127.78589,37.27267],[127.7859,37.27243],[127.78615,37.27165],[127.78612,37.27085],[127.78599,37.27004],[127.78596,37.26911],[127.78718,37.26855],[127.78809,37.26771],[127.78821,37.26629],[127.78913,37.26628],[127.7895,37.26595],[127.79047,37.26577],[127.79047,37.26481],[127.79075,37.2646],[127.79081,37.26381],[127.79113,37.26369],[127.79181,37.26395],[127.79233,37.26357],[127.79269,37.26312],[127.79312,37.26291],[127.79373,37.26289],[127.79395,37.26254],[127.79447,37.26224],[127.79467,37.26159],[127.79517,37.26119],[127.79533,37.26058],[127.7955,37.26015],[127.79506,37.25988],[127.79503,37.25953],[127.79459,37.25882],[127.79389,37.25791],[127.79403,37.25741],[127.7939,37.25699],[127.79433,37.25643],[127.79421,37.25599],[127.79436,37.25562],[127.79496,37.25504],[127.7951,37.25424],[127.79563,37.25393],[127.79566,37.25278],[127.79578,37.25237],[127.79684,37.25166],[127.79705,37.25157],[127.7975,37.25179],[127.79781,37.25169],[127.79911,37.25222],[127.80021,37.25257],[127.80169,37.25369],[127.80194,37.25375],[127.80343,37.25433],[127.80379,37.25412],[127.80559,37.25355],[127.80786,37.25389],[127.80785,37.25312],[127.80702,37.25264],[127.80698,37.25209],[127.80718,37.25132],[127.80676,37.25075],[127.80667,37.25028],[127.80677,37.24947],[127.80715,37.249],[127.80771,37.24878],[127.80837,37.24841],[127.8089,37.24769],[127.80906,37.24694],[127.80948,37.24665],[127.80978,37.24655],[127.81016,37.24589],[127.81075,37.24435],[127.81095,37.24353],[127.81161,37.24325],[127.81201,37.24295],[127.81267,37.24323],[127.8131,37.24329],[127.81368,37.24326],[127.81405,37.2431],[127.81456,37.24309],[127.81511,37.24289],[127.81589,37.24287],[127.81666,37.24292],[127.81746,37.24306],[127.81792,37.24297],[127.81834,37.24307],[127.81949,37.24299],[127.8194,37.24272],[127.81944,37.24209],[127.81912,37.24157],[127.81933,37.24085],[127.81983,37.24043],[127.82002,37.24005],[127.81996,37.23954],[127.82033,37.23907],[127.82036,37.23875],[127.82067,37.23808],[127.82065,37.23786],[127.8204,37.23742],[127.82049,37.23716],[127.8204,37.23692],[127.82073,37.23665],[127.82071,37.2364],[127.8209,37.23618],[127.82091,37.23586],[127.8211,37.23545],[127.82152,37.23515],[127.82157,37.23489],[127.82154,37.23428],[127.82162,37.234],[127.82146,37.23385],[127.82141,37.23342],[127.82146,37.23274],[127.82157,37.23209],[127.82155,37.2317],[127.82124,37.23121],[127.82126,37.23057],[127.82166,37.23051],[127.82211,37.22993],[127.82242,37.22973],[127.82227,37.22925],[127.82273,37.22885],[127.82213,37.22814],[127.82234,37.22785],[127.82201,37.22708],[127.82277,37.22646],[127.82294,37.22613],[127.82421,37.22576],[127.82499,37.2257],[127.8256,37.22593],[127.82566,37.22564],[127.82603,37.2257],[127.82659,37.22566],[127.82703,37.22575],[127.82743,37.22531],[127.8275,37.2247],[127.82859,37.22458],[127.82896,37.22444],[127.82959,37.2245],[127.83003,37.22446],[127.83038,37.22418],[127.83064,37.22436],[127.83088,37.22429],[127.83127,37.22459],[127.83149,37.22466],[127.83191,37.22441],[127.83216,37.22437],[127.83299,37.22387],[127.83422,37.22328],[127.83452,37.22306],[127.83446,37.22245],[127.83449,37.2219],[127.83447,37.22042],[127.83462,37.21954],[127.83461,37.21901],[127.83421,37.21863],[127.83395,37.218],[127.83396,37.21752],[127.83388,37.21732],[127.83362,37.21728],[127.83354,37.21563],[127.83459,37.21506],[127.83481,37.21481],[127.83512,37.21414],[127.83548,37.21378],[127.83614,37.21365],[127.83629,37.21297],[127.83591,37.21222],[127.83596,37.21189],[127.83559,37.21158],[127.8353,37.21098],[127.83492,37.21087],[127.83491,37.21033],[127.83474,37.20982],[127.83435,37.20949],[127.83421,37.20909],[127.83422,37.20856],[127.83546,37.20786],[127.83607,37.20802],[127.8368,37.20759],[127.83735,37.20755],[127.83773,37.20712],[127.8381,37.20686],[127.83947,37.20748],[127.84053,37.20764],[127.84062,37.20824],[127.84058,37.20897],[127.84071,37.20954],[127.84097,37.20995],[127.84103,37.21034],[127.84117,37.21061],[127.84219,37.21089],[127.84265,37.21106],[127.84298,37.21132],[127.84316,37.21165],[127.8433,37.21214],[127.8439,37.21262],[127.84432,37.2131],[127.84629,37.21393],[127.84695,37.2143],[127.84711,37.21472],[127.84822,37.21547],[127.84859,37.21548],[127.84919,37.21568],[127.84905,37.21624],[127.84839,37.21694],[127.8483,37.2176],[127.84855,37.21817],[127.84813,37.21879],[127.84785,37.2196],[127.84755,37.22005],[127.84754,37.22049],[127.84802,37.22127],[127.84789,37.222],[127.84756,37.22346],[127.84783,37.22374],[127.84849,37.22359],[127.84865,37.22362],[127.84888,37.22403],[127.84877,37.22421],[127.84817,37.22451],[127.84737,37.22468],[127.84737,37.22516],[127.84755,37.22536],[127.84798,37.22554],[127.84832,37.22543],[127.84873,37.22503],[127.84921,37.22467],[127.84957,37.22461],[127.8501,37.22486],[127.85027,37.22507],[127.85033,37.22539],[127.85028,37.22603],[127.85037,37.22624],[127.85042,37.2271],[127.85022,37.22797],[127.85024,37.22836],[127.84974,37.22893],[127.84948,37.22947],[127.8491,37.23007],[127.84962,37.23026],[127.85022,37.23058],[127.85057,37.23108],[127.85025,37.23163],[127.85067,37.23191],[127.8509,37.23254],[127.85167,37.23258],[127.85226,37.23273],[127.8525,37.23298],[127.85285,37.23315],[127.85311,37.23313],[127.85324,37.23331],[127.85414,37.2335],[127.85499,37.23378],[127.85535,37.23379],[127.85561,37.23392],[127.85677,37.23376],[127.85691,37.23352],[127.85731,37.23335],[127.85796,37.23336],[127.85881,37.23369],[127.85945,37.23371],[127.86032,37.23396],[127.8613,37.23376],[127.86195,37.23378],[127.8621,37.23355],[127.86301,37.23292],[127.86356,37.23343],[127.8642,37.23451],[127.86406,37.23518],[127.86432,37.23559],[127.86452,37.23622],[127.86447,37.23661],[127.86453,37.2369],[127.86481,37.23723],[127.86496,37.23803],[127.86524,37.23833],[127.86568,37.23864],[127.86594,37.23958],[127.86621,37.23983],[127.86609,37.2402],[127.86627,37.24096],[127.86609,37.24211],[127.86614,37.24247],[127.86649,37.24249],[127.86717,37.24285],[127.86741,37.24361],[127.86837,37.24389],[127.86833,37.24434],[127.86856,37.24478],[127.86869,37.24525],[127.8694,37.24553],[127.86972,37.2459],[127.87037,37.24581],[127.87076,37.24592],[127.87143,37.24581],[127.87197,37.24591],[127.87244,37.24524],[127.87289,37.24492],[127.87326,37.24425],[127.87414,37.2443],[127.87463,37.24456],[127.87526,37.24475],[127.87665,37.24384],[127.8786,37.24421],[127.87949,37.24388],[127.88019,37.24338],[127.88305,37.24407],[127.88418,37.24451],[127.8851,37.24449],[127.88457,37.2448],[127.88393,37.24599],[127.88361,37.2474],[127.88279,37.24803],[127.88294,37.24835],[127.88447,37.24954],[127.88327,37.25062],[127.88245,37.2507],[127.88206,37.25149],[127.88205,37.25231],[127.88114,37.2529],[127.88038,37.25261],[127.87952,37.2524],[127.87856,37.25275],[127.87804,37.2531],[127.87741,37.25326],[127.87602,37.25393],[127.87523,37.25409],[127.87442,37.2544],[127.87381,37.25474],[127.87314,37.25495],[127.87249,37.25502],[127.87176,37.25516],[127.87124,37.25567],[127.8708,37.25659],[127.87036,37.25703],[127.87019,37.25733],[127.86948,37.25751],[127.86866,37.25757],[127.86762,37.25795],[127.86691,37.25862],[127.86591,37.25907],[127.86568,37.25987],[127.86469,37.2608],[127.86506,37.2613],[127.86508,37.26172],[127.86468,37.262],[127.86458,37.26266],[127.86487,37.26298],[127.86351,37.26344],[127.86271,37.2634],[127.86213,37.26372],[127.86176,37.26371],[127.86182,37.26571],[127.86223,37.26609],[127.8622,37.26677],[127.86263,37.26744],[127.86278,37.26794],[127.86316,37.26871],[127.863,37.26927],[127.86308,37.26976],[127.86273,37.27019],[127.86315,37.27131],[127.8637,37.27144],[127.86411,37.27201],[127.86509,37.27259],[127.86468,37.2737],[127.86454,37.27488],[127.86427,37.27582],[127.86383,37.27633],[127.86334,37.2765],[127.86255,37.27637],[127.86198,37.27653],[127.86119,37.27666],[127.86063,37.27706],[127.86011,37.27769],[127.85976,37.27832],[127.85963,37.27878],[127.85996,37.27928],[127.86039,37.27951],[127.86054,37.28053],[127.86042,37.28109],[127.86089,37.28148],[127.86111,37.2821],[127.86155,37.28273],[127.86156,37.28334],[127.86182,37.28376],[127.86131,37.2846],[127.86108,37.28574],[127.86112,37.28622],[127.86152,37.28699],[127.86252,37.28774],[127.8632,37.28814],[127.86413,37.28967],[127.86398,37.29064],[127.86392,37.29123],[127.86357,37.29175],[127.86354,37.29237],[127.86323,37.293],[127.86322,37.2935],[127.86238,37.29413],[127.86208,37.29476],[127.86215,37.29531],[127.8618,37.29553],[127.86131,37.29604],[127.86038,37.2973],[127.86009,37.29808],[127.86036,37.29852],[127.86103,37.29854],[127.86152,37.2991],[127.86188,37.29924],[127.86195,37.2998],[127.86279,37.30044],[127.86341,37.30137],[127.86402,37.30197],[127.86414,37.30261],[127.86469,37.30293],[127.86495,37.30322],[127.8649,37.30401],[127.86569,37.30464],[127.86568,37.30518],[127.8655,37.30571],[127.86522,37.30594],[127.86501,37.30628],[127.86504,37.3069],[127.86489,37.30699],[127.86514,37.30764],[127.86515,37.3084],[127.86497,37.30924],[127.86528,37.30951],[127.86525,37.31014],[127.86474,37.31092],[127.86478,37.31167],[127.86463,37.3124],[127.86402,37.31292],[127.86401,37.31333],[127.86429,37.31382],[127.86422,37.31446],[127.86468,37.31488],[127.8649,37.31549],[127.86546,37.31583],[127.86597,37.31626],[127.86589,37.3173],[127.86512,37.31756],[127.86514,37.31802],[127.86379,37.31909],[127.86367,37.31966],[127.86336,37.31987],[127.86268,37.3202],[127.8624,37.32072],[127.86197,37.32109],[127.86171,37.32174],[127.8612,37.32225],[127.86096,37.3232],[127.86039,37.32369],[127.86236,37.32443],[127.8624,37.32506],[127.86285,37.32543],[127.86322,37.32591],[127.86366,37.32604],[127.86365,37.32663],[127.8633,37.32732],[127.86301,37.32814],[127.86214,37.32823],[127.86082,37.32915],[127.86154,37.32939],[127.86206,37.32975],[127.86292,37.33084],[127.86326,37.33196]]]},"properties":{"code":"32020110","name":"문막읍"}},{"type":"Feature","geometry":{"type":"Polygon","coordinates":[[[128.03837,37.44712],[128.03792,37.4467],[128.03717,37.44635],[128.03609,37.44638],[128.0357,37.44644],[128.03485,37.44633],[128.03451,37.44647],[128.03394,37.44655],[128.03358,37.44637],[128.03331,37.44646],[128.03301,37.44684],[128.03263,37.44714],[128.0324,37.44777],[128.03168,37.44777],[128.0315,37.44763],[128.03107,37.44764],[128.03093,37.4479],[128.03055,37.44799],[128.02997,37.44787],[128.02969,37.448],[128.02947,37.44831],[128.02918,37.4482],[128.02886,37.44837],[128.02847,37.44828],[128.02819,37.44848],[128.02741,37.44859],[128.02661,37.44842],[128.02592,37.44846],[128.02564,37.44829],[128.02504,37.44833],[128.02484,37.44807],[128.02422,37.44806],[128.02393,37.44799],[128.02334,37.44768],[128.02351,37.44723],[128.02308,37.44699],[128.02248,37.4468],[128.02127,37.44663],[128.02094,37.44626],[128.02052,37.44636],[128.02011,37.44673],[128.01986,37.44666],[128.01971,37.44617],[128.01941,37.44588],[128.01913,37.44598],[128.01818,37.44614],[128.01788,37.44579],[128.01739,37.44565],[128.01686,37.44588],[128.0164,37.44586],[128.01574,37.44534],[128.01506,37.44537],[128.01469,37.44524],[128.01424,37.44525],[128.01396,37.44571],[128.01378,37.44585],[128.0137,37.44617],[128.01386,37.44645],[128.01388,37.44688],[128.01374,37.44756],[128.013,37.44798],[128.01249,37.44879],[128.01226,37.44947],[128.01202,37.44977],[128.01144,37.44958],[128.01063,37.44979],[128.01013,37.4497],[128.00973,37.44974],[128.00812,37.44927],[128.00779,37.44929],[128.00697,37.44979],[128.00677,37.45011],[128.00697,37.45047],[128.00748,37.45093],[128.00711,37.45132],[128.00712,37.45173],[128.00667,37.45244],[128.00712,37.45288],[128.00653,37.45339],[128.00633,37.45373],[128.00605,37.45385],[128.00579,37.45435],[128.00558,37.45441],[128.00522,37.4552],[128.00484,37.45568],[128.004,37.45589],[128.00344,37.45637],[128.00284,37.45662],[128.00262,37.45684],[128.00188,37.45678],[128.00121,37.45644],[128.00068,37.45645],[127.99974,37.45633],[127.99941,37.45634],[127.9991,37.45653],[127.9989,37.45646],[127.99802,37.45657],[127.99751,37.45686],[127.99659,37.45668],[127.99636,37.45657],[127.99527,37.45659],[127.9949,37.45656],[127.99423,37.45616],[127.9939,37.45631],[127.99342,37.45638],[127.9925,37.4564],[127.99236,37.45691],[127.99209,37.45711],[127.99154,37.45718],[127.99118,37.45731],[127.99097,37.45762],[127.99051,37.45776],[127.99044,37.45796],[127.98983,37.45834],[127.9894,37.45851],[127.98861,37.45854],[127.98816,37.45886],[127.98789,37.4589],[127.98717,37.45873],[127.9865,37.45871],[127.98602,37.45841],[127.98578,37.45847],[127.98456,37.4592],[127.98428,37.4591],[127.98318,37.4594],[127.98291,37.45976],[127.98271,37.46019],[127.98214,37.45975],[127.98188,37.45974],[127.98161,37.45936],[127.98111,37.45912],[127.98087,37.45919],[127.98003,37.45862],[127.97965,37.45857],[127.97912,37.45864],[127.97874,37.45822],[127.9784,37.45806],[127.9782,37.45832],[127.97795,37.45832],[127.97779,37.45852],[127.97749,37.45842],[127.97703,37.45848],[127.97629,37.45829],[127.97652,37.45797],[127.97644,37.45768],[127.97616,37.45773],[127.97427,37.45763],[127.97392,37.45693],[127.97345,37.45622],[127.97276,37.4556],[127.97139,37.45458],[127.97046,37.45366],[127.96884,37.45231],[127.96817,37.45187],[127.96706,37.45151],[127.96498,37.45088],[127.96416,37.45022],[127.96362,37.44919],[127.96301,37.44846],[127.96252,37.44782],[127.96237,37.44745],[127.96193,37.44662],[127.96139,37.44586],[127.96105,37.44522],[127.95997,37.44374],[127.95969,37.44339],[127.95945,37.44289],[127.9592,37.44215],[127.95912,37.44165],[127.9587,37.44077],[127.95792,37.43947],[127.95692,37.43771],[127.956,37.43729],[127.95548,37.43692],[127.95529,37.4367],[127.95489,37.43651],[127.95443,37.43577],[127.95386,37.43393],[127.95384,37.43229],[127.95404,37.43143],[127.95454,37.4306],[127.95498,37.43019],[127.95595,37.42954],[127.95572,37.42868],[127.95546,37.42803],[127.95513,37.42768],[127.95343,37.42667],[127.95242,37.42583],[127.95119,37.42462],[127.95036,37.4239],[127.95,37.42341],[127.94848,37.4217],[127.94782,37.42109],[127.94729,37.42043],[127.94694,37.41987],[127.94608,37.41817],[127.94581,37.41724],[127.94554,37.41608],[127.94492,37.41471],[127.94398,37.41346],[127.94361,37.41277],[127.94301,37.41192],[127.94181,37.4108],[127.9409,37.41013],[127.94004,37.40963],[127.93912,37.40926],[127.93828,37.40912],[127.93779,37.40929],[127.93731,37.40829],[127.93793,37.40781],[127.93791,37.40745],[127.93813,37.4071],[127.93893,37.40692],[127.93921,37.40697],[127.93986,37.40651],[127.9402,37.4068],[127.94097,37.40726],[127.94141,37.40762],[127.94257,37.40712],[127.94422,37.40741],[127.9448,37.40703],[127.94539,37.40752],[127.94606,37.40735],[127.94645,37.40754],[127.94696,37.40743],[127.94761,37.40748],[127.94821,37.40731],[127.94903,37.40718],[127.94935,37.40722],[127.94966,37.40747],[127.94993,37.40723],[127.95038,37.40703],[127.95054,37.40683],[127.95105,37.40656],[127.95167,37.40631],[127.95219,37.40631],[127.95222,37.40666],[127.95347,37.40622],[127.95354,37.40599],[127.95433,37.40566],[127.9544,37.40523],[127.9547,37.40511],[127.95496,37.40519],[127.95514,37.40486],[127.95545,37.40511],[127.95641,37.40514],[127.95637,37.40539],[127.95694,37.4053],[127.95727,37.40545],[127.95779,37.40518],[127.9579,37.40495],[127.95835,37.40467],[127.95853,37.40469],[127.95866,37.40431],[127.95898,37.40391],[127.95858,37.40309],[127.95863,37.40274],[127.95938,37.40253],[127.95924,37.40224],[127.95977,37.40194],[127.96033,37.40197],[127.96056,37.40191],[127.96049,37.40165],[127.96,37.4011],[127.95991,37.40059],[127.96004,37.4],[127.95997,37.3995],[127.96018,37.39893],[127.96023,37.39813],[127.9604,37.39699],[127.96059,37.39667],[127.96066,37.39631],[127.96039,37.39615],[127.96006,37.39524],[127.96097,37.3939],[127.96153,37.39347],[127.96249,37.39291],[127.96303,37.39273],[127.96321,37.39245],[127.96358,37.39221],[127.96393,37.39184],[127.96408,37.39082],[127.96453,37.39041],[127.96456,37.38976],[127.9647,37.38895],[127.96482,37.38894],[127.96487,37.38836],[127.96457,37.38763],[127.96465,37.38742],[127.96447,37.38724],[127.96453,37.38669],[127.96477,37.38596],[127.96473,37.38539],[127.96444,37.38469],[127.96454,37.3843],[127.96504,37.38435],[127.96544,37.38447],[127.96549,37.38428],[127.96535,37.38389],[127.96541,37.3833],[127.96528,37.38292],[127.96528,37.38249],[127.96596,37.38255],[127.96658,37.38222],[127.96667,37.38195],[127.96715,37.38107],[127.96721,37.3805],[127.96713,37.38007],[127.96745,37.37968],[127.96813,37.3795],[127.96838,37.37914],[127.96878,37.37889],[127.96903,37.37887],[127.96941,37.37869],[127.96972,37.37834],[127.97028,37.37837],[127.97102,37.37781],[127.97206,37.37717],[127.97242,37.37682],[127.97281,37.37664],[127.9731,37.37638],[127.97351,37.3764],[127.97375,37.37627],[127.97427,37.3762],[127.97513,37.37587],[127.97551,37.37565],[127.97597,37.37553],[127.97579,37.37447],[127.97637,37.37431],[127.9767,37.37404],[127.97759,37.3735],[127.97812,37.37351],[127.97863,37.37383],[127.97937,37.37366],[127.97973,37.37396],[127.97995,37.3735],[127.98085,37.37281],[127.98128,37.37233],[127.98131,37.37197],[127.98207,37.37147],[127.98281,37.37151],[127.98313,37.37132],[127.98364,37.37065],[127.98368,37.37027],[127.98398,37.37002],[127.98416,37.36963],[127.98446,37.36937],[127.98501,37.36826],[127.98536,37.3678],[127.98576,37.36763],[127.98597,37.3673],[127.98634,37.36726],[127.98678,37.36706],[127.987,37.36705],[127.98746,37.36658],[127.98757,37.36596],[127.9878,37.36585],[127.98807,37.36519],[127.98903,37.36472],[127.9896,37.36468],[127.98995,37.36485],[127.99088,37.36503],[127.99125,37.36534],[127.99148,37.36594],[127.99207,37.3664],[127.99284,37.36673],[127.99324,37.3672],[127.99385,37.36757],[127.99421,37.36732],[127.9943,37.3671],[127.99514,37.36691],[127.996,37.36634],[127.99599,37.36586],[127.99624,37.36559],[127.99655,37.36558],[127.99684,37.36537],[127.99765,37.36531],[127.99775,37.36439],[127.9977,37.36385],[127.9981,37.36361],[127.99845,37.36271],[127.99794,37.36235],[127.99792,37.36195],[127.99809,37.36152],[127.99805,37.36122],[127.99869,37.36063],[127.99876,37.36026],[127.99941,37.35984],[127.9996,37.35898],[128.00036,37.35912],[128.00119,37.35963],[128.00176,37.35945],[128.00232,37.35886],[128.00258,37.35873],[128.00351,37.35908],[128.00398,37.35901],[128.00465,37.35959],[128.00518,37.35987],[128.00597,37.35946],[128.00657,37.35933],[128.00726,37.3595],[128.00751,37.35942],[128.00821,37.35947],[128.00852,37.35936],[128.00942,37.35963],[128.00983,37.35965],[128.0099,37.35952],[128.00984,37.35885],[128.01064,37.35908],[128.0111,37.35914],[128.01179,37.35932],[128.01222,37.35923],[128.01378,37.3596],[128.01459,37.36],[128.01489,37.36027],[128.0153,37.36096],[128.01595,37.36085],[128.01651,37.36096],[128.01695,37.36078],[128.0171,37.36042],[128.01762,37.3601],[128.01809,37.3597],[128.01858,37.35967],[128.01889,37.35957],[128.01934,37.35961],[128.02027,37.35878],[128.02084,37.35861],[128.02135,37.35824],[128.02221,37.35781],[128.02266,37.35722],[128.02299,37.35711],[128.02321,37.35693],[128.0238,37.35664],[128.02438,37.35609],[128.02445,37.35585],[128.02469,37.35574],[128.02463,37.35524],[128.02475,37.3545],[128.0251,37.35367],[128.02495,37.35348],[128.02502,37.35264],[128.02556,37.35219],[128.02554,37.35167],[128.02596,37.35125],[128.02587,37.35083],[128.02607,37.35004],[128.02678,37.34942],[128.02822,37.34915],[128.02927,37.34902],[128.03007,37.3487],[128.03047,37.34873],[128.03142,37.34826],[128.03201,37.3481],[128.03244,37.34767],[128.03255,37.34706],[128.03529,37.34575],[128.03691,37.34626],[128.03721,37.34629],[128.03686,37.34661],[128.03696,37.34792],[128.03689,37.35051],[128.03733,37.351],[128.03771,37.35165],[128.03828,37.35318],[128.03837,37.35407],[128.03824,37.35457],[128.03919,37.35596],[128.0403,37.3563],[128.04078,37.35629],[128.04188,37.35652],[128.04472,37.35835],[128.0458,37.35926],[128.04563,37.36146],[128.04616,37.36341],[128.04686,37.3635],[128.04728,37.36452],[128.04871,37.36495],[128.04965,37.36601],[128.05003,37.36594],[128.0508,37.36549],[128.05126,37.3653],[128.0525,37.36511],[128.05354,37.36482],[128.05482,37.36422],[128.05475,37.36413],[128.05556,37.364],[128.05642,37.36396],[128.05705,37.36413],[128.05893,37.36512],[128.05912,37.36512],[128.05956,37.36548],[128.06004,37.36601],[128.06048,37.366],[128.06074,37.36582],[128.06215,37.36559],[128.06244,37.3653],[128.06345,37.3649],[128.06437,37.36448],[128.06548,37.36441],[128.06568,37.36472],[128.06637,37.36493],[128.06712,37.36497],[128.0686,37.36591],[128.07016,37.36695],[128.07064,37.36707],[128.07113,37.36697],[128.07166,37.36715],[128.0724,37.36726],[128.07268,37.36742],[128.07262,37.36783],[128.07329,37.3688],[128.07273,37.36946],[128.07279,37.36986],[128.07339,37.37054],[128.07434,37.37078],[128.07529,37.37152],[128.07597,37.37237],[128.07679,37.37374],[128.07635,37.37432],[128.07592,37.37473],[128.07487,37.37555],[128.07526,37.37613],[128.07529,37.37706],[128.07461,37.37871],[128.07447,37.37965],[128.07615,37.3808],[128.07652,37.38156],[128.07604,37.38215],[128.07648,37.38278],[128.07631,37.3832],[128.07627,37.38414],[128.07631,37.38462],[128.07556,37.38476],[128.07494,37.3859],[128.07457,37.38634],[128.07444,37.38682],[128.074,37.38719],[128.07364,37.38785],[128.0736,37.38837],[128.07369,37.38864],[128.07327,37.38948],[128.07328,37.39],[128.0719,37.39178],[128.0719,37.39187],[128.07272,37.39312],[128.07335,37.39352],[128.07382,37.39409],[128.07427,37.3943],[128.07451,37.39457],[128.07444,37.39477],[128.0751,37.39549],[128.07553,37.39683],[128.07613,37.39693],[128.07655,37.39689],[128.0769,37.39721],[128.07714,37.39812],[128.07784,37.39845],[128.07849,37.39896],[128.07874,37.3999],[128.07956,37.40014],[128.08045,37.40061],[128.08077,37.4007],[128.08174,37.4011],[128.08225,37.40089],[128.08283,37.40086],[128.0835,37.40101],[128.08384,37.40091],[128.08448,37.40051],[128.08498,37.40057],[128.08627,37.40118],[128.08651,37.40105],[128.08745,37.40097],[128.08841,37.40128],[128.08905,37.40216],[128.08998,37.40222],[128.0904,37.40236],[128.09092,37.40227],[128.09168,37.40266],[128.09188,37.40289],[128.09213,37.40341],[128.09301,37.4037],[128.09345,37.40399],[128.09458,37.40419],[128.0948,37.40444],[128.09488,37.40505],[128.09539,37.40542],[128.09626,37.40541],[128.09658,37.40574],[128.09689,37.40592],[128.097,37.40612],[128.09743,37.40636],[128.0973,37.40669],[128.09707,37.40814],[128.09693,37.40833],[128.09664,37.40841],[128.0963,37.40905],[128.09605,37.41024],[128.09392,37.41033],[128.09276,37.41087],[128.09206,37.4114],[128.09125,37.41162],[128.09004,37.41289],[128.08942,37.41343],[128.08858,37.41429],[128.08843,37.41504],[128.08811,37.41587],[128.08806,37.41639],[128.08755,37.41713],[128.08708,37.41756],[128.08687,37.41829],[128.0865,37.41926],[128.08622,37.41978],[128.0863,37.4199],[128.0859,37.42071],[128.08622,37.42111],[128.08606,37.42141],[128.08605,37.42203],[128.0856,37.42246],[128.08538,37.42286],[128.08478,37.42321],[128.08393,37.42388],[128.08361,37.42442],[128.08396,37.4247],[128.08412,37.4258],[128.08426,37.42619],[128.08424,37.42673],[128.0827,37.42693],[128.0822,37.42708],[128.08173,37.4273],[128.08075,37.42795],[128.08033,37.42831],[128.07994,37.42847],[128.07987,37.42862],[128.07942,37.42891],[128.07888,37.4288],[128.07829,37.42923],[128.07824,37.42944],[128.07795,37.42963],[128.07753,37.42972],[128.07734,37.42987],[128.07653,37.43016],[128.0753,37.43007],[128.07506,37.43054],[128.07425,37.43079],[128.07374,37.43086],[128.07362,37.43096],[128.07294,37.43068],[128.07262,37.43064],[128.07214,37.43079],[128.07118,37.43085],[128.07072,37.43124],[128.07059,37.43173],[128.06887,37.43279],[128.06835,37.43334],[128.06803,37.43357],[128.06785,37.43404],[128.06687,37.43442],[128.0663,37.43472],[128.06598,37.43502],[128.06546,37.43527],[128.06513,37.43533],[128.0644,37.43573],[128.06415,37.43566],[128.06392,37.43586],[128.06346,37.43592],[128.06213,37.4358],[128.06224,37.4361],[128.06198,37.4362],[128.06238,37.43653],[128.06238,37.4369],[128.06202,37.43712],[128.06143,37.43763],[128.0614,37.43786],[128.06187,37.43816],[128.06202,37.43888],[128.06238,37.4392],[128.06232,37.43939],[128.06257,37.43972],[128.06246,37.43988],[128.06266,37.44041],[128.06255,37.44087],[128.06225,37.44106],[128.0621,37.44178],[128.06154,37.44208],[128.06114,37.44213],[128.06115,37.44286],[128.05972,37.44301],[128.05919,37.44312],[128.05938,37.44341],[128.05981,37.44451],[128.05893,37.44513],[128.05832,37.44506],[128.05771,37.44473],[128.0574,37.4443],[128.05701,37.44448],[128.05672,37.4445],[128.05538,37.44387],[128.05502,37.44384],[128.05476,37.44359],[128.0541,37.44336],[128.05378,37.44371],[128.05307,37.44358],[128.05241,37.44358],[128.05155,37.44344],[128.05082,37.44349],[128.05006,37.44334],[128.04961,37.44306],[128.04911,37.44296],[128.04889,37.44317],[128.04844,37.44317],[128.0476,37.44306],[128.04743,37.44332],[128.04736,37.44368],[128.0471,37.44397],[128.04677,37.44398],[128.04629,37.44382],[128.04479,37.44365],[128.04429,37.44348],[128.04408,37.44327],[128.04308,37.44338],[128.04272,37.44332],[128.04227,37.44357],[128.04183,37.4436],[128.04154,37.44385],[128.04158,37.44429],[128.04184,37.44528],[128.04178,37.44558],[128.04114,37.4456],[128.04051,37.44598],[128.04001,37.44606],[128.03852,37.4471],[128.03837,37.44712]]]},"properties":{"code":"32020310","name":"소초면"}},{"type":"Feature","geometry":{"type":"MultiPolygon","coordinates":[[[[127.9221,37.36313],[127.92213,37.36342],[127.92232,37.36395],[127.92215,37.36443],[127.92233,37.36477],[127.92199,37.36541],[127.92191,37.36598],[127.92255,37.36623],[127.92306,37.36619],[127.92349,37.36635],[127.92406,37.36633],[127.92397,37.36681],[127.92418,37.36744],[127.92409,37.36793],[127.92384,37.3683],[127.92433,37.36883],[127.92464,37.36927],[127.92398,37.36951],[127.92348,37.3694],[127.92342,37.3697],[127.92325,37.36978],[127.92308,37.37013],[127.92281,37.37024],[127.92264,37.37074],[127.92228,37.37147],[127.92248,37.37232],[127.92237,37.37266],[127.92205,37.37282],[127.92189,37.37319],[127.92165,37.37421],[127.92174,37.37448],[127.92206,37.37491],[127.92275,37.37507],[127.92229,37.37547],[127.92225,37.37599],[127.92198,37.37639],[127.92147,37.37744],[127.92107,37.37803],[127.92017,37.37847],[127.91948,37.37873],[127.91929,37.37888],[127.91843,37.37919],[127.91759,37.37929],[127.91702,37.37998],[127.91623,37.38061],[127.9158,37.381],[127.91532,37.38133],[127.91393,37.38165],[127.91385,37.38274],[127.9123,37.38251],[127.91176,37.38219],[127.91121,37.38221],[127.91013,37.38186],[127.90943,37.38192],[127.90881,37.38166],[127.90834,37.38087],[127.9079,37.38084],[127.90732,37.3805],[127.9073,37.37975],[127.90672,37.37955],[127.90633,37.37917],[127.90603,37.37874],[127.9062,37.378],[127.90641,37.37767],[127.90674,37.37696],[127.90667,37.37674],[127.90606,37.3759],[127.90558,37.37569],[127.90515,37.37579],[127.90463,37.37569],[127.90439,37.37551],[127.90401,37.37542],[127.90379,37.37491],[127.90321,37.37453],[127.90351,37.37377],[127.90338,37.37342],[127.90355,37.37243],[127.90343,37.37213],[127.90468,37.37159],[127.90519,37.37102],[127.90507,37.37092],[127.90402,37.37048],[127.90393,37.37002],[127.90267,37.36912],[127.90248,37.36844],[127.90272,37.36782],[127.90271,37.36755],[127.90331,37.36671],[127.90273,37.3664],[127.90244,37.36662],[127.90206,37.36653],[127.90188,37.36638],[127.90157,37.36584],[127.902,37.36526],[127.90192,37.36473],[127.902,37.36439],[127.90203,37.36371],[127.90219,37.36306],[127.90212,37.3627],[127.90142,37.3623],[127.90141,37.36167],[127.90118,37.36132],[127.90135,37.36092],[127.90162,37.36074],[127.90138,37.36016],[127.90119,37.35993],[127.90115,37.35938],[127.90036,37.35906],[127.89993,37.35866],[127.89885,37.35857],[127.8982,37.35846],[127.89798,37.35833],[127.89758,37.35887],[127.89735,37.35903],[127.89707,37.35946],[127.89671,37.35963],[127.8962,37.35952],[127.89548,37.35912],[127.89406,37.359],[127.89302,37.35932],[127.8923,37.35999],[127.89185,37.36073],[127.89013,37.36118],[127.88989,37.3612],[127.8898,37.36141],[127.88991,37.36189],[127.88963,37.36212],[127.88929,37.36272],[127.88931,37.3631],[127.88918,37.36405],[127.88878,37.36473],[127.88805,37.36492],[127.88781,37.36542],[127.88798,37.36587],[127.88748,37.36602],[127.88664,37.36654],[127.88584,37.36636],[127.88536,37.36637],[127.88495,37.36617],[127.88525,37.36567],[127.88481,37.36527],[127.88481,37.36511],[127.88433,37.3648],[127.88421,37.36452],[127.88432,37.36404],[127.88432,37.36351],[127.88451,37.36283],[127.88454,37.36221],[127.8844,37.36159],[127.88467,37.36105],[127.88471,37.35924],[127.88444,37.35871],[127.88459,37.35855],[127.88457,37.35824],[127.885,37.35753],[127.88497,37.35742],[127.88532,37.35679],[127.88536,37.35635],[127.88502,37.35594],[127.88491,37.35566],[127.88524,37.35508],[127.88547,37.35394],[127.885,37.35318],[127.88475,37.35254],[127.88494,37.35227],[127.88645,37.35207],[127.88743,37.35191],[127.88767,37.35204],[127.88815,37.3519],[127.88862,37.35102],[127.88923,37.35065],[127.88947,37.35039],[127.89003,37.35023],[127.89029,37.34999],[127.89061,37.34997],[127.8911,37.34906],[127.89206,37.34845],[127.89222,37.34745],[127.89224,37.34685],[127.893,37.34682],[127.89409,37.34612],[127.89478,37.34561],[127.89504,37.34574],[127.89558,37.34547],[127.89592,37.34521],[127.89665,37.34492],[127.89708,37.34443],[127.89729,37.3438],[127.89735,37.34345],[127.89712,37.34242],[127.89673,37.34139],[127.89629,37.34043],[127.89608,37.33985],[127.89606,37.3395],[127.89573,37.33822],[127.89576,37.33751],[127.89529,37.33668],[127.89507,37.3361],[127.89564,37.33607],[127.89594,37.33655],[127.89654,37.33703],[127.89677,37.33756],[127.89735,37.33733],[127.89798,37.33716],[127.89917,37.33719],[127.90043,37.33698],[127.90067,37.33674],[127.90113,37.33675],[127.90168,37.33653],[127.90247,37.33638],[127.90264,37.3365],[127.90312,37.33655],[127.90442,37.33584],[127.9055,37.33569],[127.90637,37.33495],[127.90719,37.33474],[127.90855,37.33445],[127.90923,37.3347],[127.91009,37.33569],[127.91074,37.33669],[127.91045,37.33726],[127.9103,37.33804],[127.91027,37.33873],[127.91012,37.33932],[127.90989,37.33983],[127.9094,37.34023],[127.90924,37.34095],[127.90983,37.34132],[127.91026,37.34184],[127.91059,37.34257],[127.9109,37.34284],[127.91115,37.34283],[127.91132,37.3432],[127.91222,37.3438],[127.91392,37.34405],[127.91459,37.34392],[127.91554,37.3442],[127.91566,37.34429],[127.91598,37.34558],[127.91664,37.34608],[127.91668,37.34661],[127.91645,37.34739],[127.91614,37.34767],[127.91596,37.3486],[127.91578,37.34875],[127.91603,37.34945],[127.91591,37.34958],[127.91579,37.35019],[127.91586,37.35057],[127.91542,37.35107],[127.91502,37.35126],[127.91419,37.35202],[127.91369,37.35224],[127.91304,37.35274],[127.91297,37.35307],[127.91319,37.3537],[127.91386,37.3537],[127.91474,37.35376],[127.91504,37.35383],[127.91535,37.35403],[127.91563,37.35446],[127.91627,37.35483],[127.91652,37.35592],[127.91703,37.35668],[127.91726,37.35735],[127.91727,37.35779],[127.91749,37.35818],[127.9175,37.35842],[127.91851,37.35872],[127.919,37.35909],[127.91897,37.35939],[127.91781,37.35959],[127.91811,37.36017],[127.9185,37.36054],[127.91868,37.36104],[127.91939,37.36216],[127.92018,37.36232],[127.92039,37.36253],[127.92197,37.36277],[127.9221,37.36313]]],[[[127.96498,37.45088],[127.96455,37.45173],[127.96479,37.45207],[127.96467,37.45217],[127.96477,37.45256],[127.96438,37.45278],[127.96394,37.45321],[127.96396,37.4534],[127.96358,37.45355],[127.96272,37.45363],[127.96229,37.45374],[127.96161,37.45373],[127.96112,37.45361],[127.96057,37.45328],[127.95961,37.45305],[127.95907,37.45335],[127.95895,37.4532],[127.95849,37.45297],[127.95805,37.45303],[127.95775,37.45319],[127.95728,37.45332],[127.95687,37.45394],[127.95636,37.45409],[127.95558,37.45473],[127.95518,37.45495],[127.95504,37.45544],[127.95466,37.45555],[127.95328,37.45511],[127.95286,37.45494],[127.95241,37.45464],[127.95171,37.45467],[127.95119,37.45443],[127.9493,37.45444],[127.94904,37.45487],[127.9489,37.45583],[127.94901,37.45633],[127.94884,37.45689],[127.94867,37.45723],[127.94858,37.45838],[127.94828,37.45873],[127.9481,37.45911],[127.94778,37.45953],[127.94718,37.46014],[127.94695,37.46028],[127.94604,37.46109],[127.94556,37.46141],[127.94525,37.46179],[127.94477,37.46201],[127.94434,37.46235],[127.944,37.46287],[127.94386,37.46388],[127.94372,37.46445],[127.9434,37.46495],[127.94305,37.46521],[127.94255,37.46596],[127.94256,37.4663],[127.94226,37.46638],[127.94178,37.46668],[127.94162,37.46689],[127.94197,37.4681],[127.94173,37.46846],[127.94139,37.46867],[127.94121,37.46892],[127.94094,37.46996],[127.94072,37.47047],[127.9405,37.47071],[127.9403,37.47122],[127.94017,37.47177],[127.9402,37.47219],[127.93995,37.47275],[127.93971,37.47304],[127.93962,37.4733],[127.93932,37.47348],[127.93943,37.47383],[127.93934,37.4748],[127.93901,37.47555],[127.93847,37.47607],[127.93753,37.47591],[127.9373,37.47595],[127.93697,37.47629],[127.93711,37.4769],[127.93703,37.47711],[127.93751,37.47877],[127.93768,37.47914],[127.93821,37.47958],[127.93865,37.48028],[127.93807,37.48099],[127.93775,37.48147],[127.93775,37.48188],[127.93825,37.48211],[127.93846,37.48251],[127.93794,37.48281],[127.9372,37.48398],[127.93641,37.48456],[127.93574,37.4855],[127.93509,37.4859],[127.93489,37.4861],[127.93405,37.48619],[127.93333,37.48654],[127.93289,37.48705],[127.93273,37.4881],[127.93287,37.48839],[127.93254,37.48949],[127.93268,37.49],[127.93246,37.49046],[127.93289,37.49078],[127.93352,37.49137],[127.93372,37.49144],[127.93395,37.49176],[127.93443,37.49198],[127.93487,37.49195],[127.93573,37.49242],[127.93561,37.49323],[127.93571,37.49477],[127.93605,37.49485],[127.93712,37.49552],[127.93806,37.49626],[127.93837,37.49794],[127.93872,37.49859],[127.93868,37.49935],[127.93927,37.50035],[127.93967,37.50115],[127.93878,37.50132],[127.93859,37.50147],[127.93766,37.50149],[127.93702,37.50194],[127.93649,37.50218],[127.93618,37.50216],[127.93525,37.50284],[127.93458,37.50339],[127.93451,37.50361],[127.93423,37.50376],[127.93316,37.50383],[127.93282,37.50428],[127.93249,37.5044],[127.93159,37.50524],[127.93095,37.50555],[127.93065,37.50601],[127.92981,37.5063],[127.92953,37.50668],[127.92915,37.50691],[127.92882,37.50674],[127.92765,37.50649],[127.92705,37.50613],[127.92705,37.5059],[127.92665,37.50537],[127.92641,37.50527],[127.92601,37.50478],[127.92575,37.50423],[127.9251,37.50407],[127.92489,37.50359],[127.92446,37.50293],[127.92364,37.50269],[127.92326,37.50205],[127.92306,37.50188],[127.92262,37.50171],[127.92242,37.5011],[127.92248,37.50052],[127.9222,37.50001],[127.92211,37.4995],[127.92174,37.49922],[127.92142,37.49865],[127.92098,37.49829],[127.92054,37.49823],[127.91989,37.4983],[127.91875,37.49797],[127.91846,37.4975],[127.91904,37.49691],[127.91843,37.49614],[127.91821,37.49598],[127.91828,37.4954],[127.91838,37.49514],[127.9183,37.49491],[127.91845,37.49447],[127.9187,37.49409],[127.91892,37.49323],[127.91913,37.49287],[127.91847,37.49254],[127.91842,37.49225],[127.9175,37.4917],[127.91662,37.49145],[127.91645,37.49108],[127.91553,37.49099],[127.9151,37.49086],[127.91494,37.49052],[127.9141,37.4905],[127.91376,37.49015],[127.91322,37.48979],[127.91258,37.48865],[127.91234,37.4885],[127.91163,37.48826],[127.91139,37.48782],[127.91127,37.48704],[127.91036,37.48708],[127.91001,37.48681],[127.90969,37.48644],[127.90976,37.48567],[127.90942,37.48521],[127.90959,37.48485],[127.90921,37.48437],[127.90943,37.48399],[127.90928,37.4835],[127.90879,37.48297],[127.90901,37.48246],[127.90894,37.48191],[127.90851,37.48174],[127.90834,37.48137],[127.90815,37.4804],[127.90779,37.48003],[127.9074,37.47915],[127.90751,37.47896],[127.90791,37.47859],[127.90753,37.47796],[127.90738,37.47753],[127.90703,37.47708],[127.90697,37.47674],[127.90665,37.4764],[127.90645,37.47575],[127.90599,37.47512],[127.90586,37.47432],[127.90611,37.47327],[127.90535,37.47268],[127.90469,37.47249],[127.904,37.47255],[127.90343,37.47239],[127.90311,37.47213],[127.90257,37.47216],[127.90201,37.47225],[127.90115,37.47209],[127.9004,37.47219],[127.89889,37.47252],[127.89735,37.47249],[127.89587,37.47235],[127.89639,37.47155],[127.89675,37.47067],[127.89686,37.46971],[127.89727,37.46887],[127.89708,37.46865],[127.89627,37.4694],[127.89503,37.46968],[127.89436,37.46961],[127.89381,37.4692],[127.89381,37.4687],[127.89357,37.46852],[127.89245,37.46785],[127.89227,37.46782],[127.88895,37.46619],[127.88841,37.46647],[127.88808,37.46691],[127.88782,37.46714],[127.88745,37.46731],[127.88728,37.46765],[127.88717,37.46827],[127.88726,37.46857],[127.8869,37.46854],[127.88504,37.46774],[127.88423,37.46777],[127.88411,37.46852],[127.88452,37.4702],[127.88329,37.46941],[127.88208,37.46947],[127.88106,37.4687],[127.88054,37.46856],[127.87872,37.46781],[127.87784,37.46746],[127.87699,37.46692],[127.87725,37.46657],[127.87665,37.466],[127.87662,37.46537],[127.87628,37.46467],[127.87621,37.4635],[127.87535,37.46207],[127.87533,37.46184],[127.87557,37.46138],[127.8758,37.46081],[127.87585,37.46034],[127.87556,37.45988],[127.87555,37.45947],[127.87523,37.45922],[127.87535,37.45871],[127.8753,37.45846],[127.87476,37.45805],[127.87502,37.45736],[127.87515,37.45658],[127.87485,37.45616],[127.87482,37.4557],[127.87465,37.45501],[127.8731,37.45446],[127.87183,37.4539],[127.87093,37.45341],[127.87064,37.45276],[127.86957,37.45189],[127.86886,37.45116],[127.86881,37.45081],[127.86857,37.45069],[127.86823,37.44961],[127.86837,37.44924],[127.86834,37.44901],[127.86717,37.44795],[127.86611,37.44754],[127.86599,37.44719],[127.86565,37.44695],[127.86561,37.44615],[127.86548,37.44555],[127.86565,37.44497],[127.86591,37.44478],[127.86596,37.44415],[127.86591,37.44391],[127.86592,37.44315],[127.86584,37.44272],[127.86607,37.44152],[127.86586,37.44077],[127.86598,37.44042],[127.86595,37.44014],[127.8657,37.43964],[127.86423,37.43849],[127.86417,37.43782],[127.86403,37.43745],[127.86405,37.437],[127.86377,37.43675],[127.86339,37.43625],[127.86369,37.43536],[127.86372,37.43465],[127.86433,37.43432],[127.86457,37.43358],[127.8645,37.43314],[127.86489,37.4322],[127.86509,37.43196],[127.86504,37.43118],[127.86494,37.4307],[127.86494,37.43001],[127.86476,37.42902],[127.86426,37.42851],[127.86431,37.42794],[127.86422,37.42765],[127.86388,37.42694],[127.86404,37.42611],[127.86394,37.42533],[127.86438,37.42493],[127.8647,37.42486],[127.86484,37.4243],[127.86511,37.42384],[127.86549,37.42364],[127.86561,37.42301],[127.86628,37.42282],[127.86732,37.42141],[127.86751,37.42099],[127.86738,37.4206],[127.8675,37.42013],[127.86896,37.41952],[127.8696,37.41916],[127.87006,37.41865],[127.87044,37.41842],[127.87078,37.4176],[127.8707,37.41702],[127.87069,37.41644],[127.87099,37.41614],[127.87126,37.41565],[127.87082,37.41504],[127.87067,37.41453],[127.87061,37.41341],[127.87041,37.41291],[127.87041,37.41241],[127.87054,37.41226],[127.87033,37.41111],[127.86986,37.40975],[127.86926,37.40884],[127.8692,37.40834],[127.86935,37.40785],[127.86996,37.40648],[127.87095,37.40678],[127.87179,37.40695],[127.87325,37.4073],[127.87386,37.40731],[127.87498,37.40703],[127.87613,37.40682],[127.87757,37.40628],[127.8786,37.40568],[127.88016,37.40484],[127.88285,37.403],[127.88244,37.40218],[127.8823,37.40181],[127.88196,37.40143],[127.88127,37.40107],[127.88087,37.4008],[127.88031,37.40012],[127.88005,37.40007],[127.87949,37.40025],[127.87928,37.40002],[127.87919,37.39963],[127.87924,37.39918],[127.87915,37.39888],[127.87828,37.39864],[127.87795,37.39817],[127.87773,37.39758],[127.87692,37.39749],[127.87673,37.39697],[127.87676,37.39671],[127.87806,37.39613],[127.87768,37.39566],[127.87751,37.39492],[127.87721,37.39385],[127.87727,37.39362],[127.87704,37.39332],[127.87654,37.39303],[127.876,37.39319],[127.87566,37.39336],[127.87523,37.39287],[127.87598,37.39258],[127.8807,37.39056],[127.88098,37.39069],[127.88117,37.39113],[127.88072,37.39124],[127.88082,37.39192],[127.8808,37.39238],[127.88154,37.3924],[127.88168,37.39275],[127.88192,37.39288],[127.88274,37.3931],[127.8836,37.39317],[127.88401,37.3938],[127.88468,37.39397],[127.88493,37.39364],[127.88586,37.3939],[127.88731,37.39387],[127.88773,37.39391],[127.88816,37.39372],[127.88791,37.39305],[127.88819,37.39251],[127.88958,37.39176],[127.89049,37.39108],[127.89095,37.39108],[127.89144,37.39227],[127.89162,37.39251],[127.89213,37.39255],[127.89268,37.39246],[127.89328,37.39188],[127.89374,37.39122],[127.89378,37.39083],[127.89437,37.39068],[127.89483,37.39045],[127.89519,37.39048],[127.89553,37.39037],[127.89587,37.39002],[127.89605,37.38938],[127.89688,37.38855],[127.89733,37.38859],[127.89767,37.38874],[127.89813,37.38865],[127.89814,37.38841],[127.89893,37.38793],[127.89947,37.38811],[127.89985,37.38798],[127.90025,37.38759],[127.90058,37.38743],[127.90089,37.3876],[127.90104,37.38786],[127.90175,37.38838],[127.9026,37.39018],[127.90321,37.39048],[127.90367,37.39055],[127.90413,37.39084],[127.90401,37.39123],[127.90368,37.39155],[127.90413,37.39162],[127.90517,37.39206],[127.90558,37.39219],[127.90665,37.39168],[127.907,37.39138],[127.90761,37.39144],[127.90891,37.39183],[127.90979,37.39163],[127.91046,37.39152],[127.91101,37.39159],[127.91151,37.39147],[127.9127,37.3914],[127.91379,37.39127],[127.9149,37.39129],[127.91561,37.3914],[127.91711,37.39115],[127.91746,37.39129],[127.91794,37.39109],[127.91901,37.39093],[127.92041,37.39118],[127.92068,37.39104],[127.921,37.39019],[127.92216,37.39039],[127.92268,37.38974],[127.92376,37.3897],[127.92404,37.38986],[127.92415,37.3901],[127.92451,37.39049],[127.92491,37.39048],[127.92577,37.39025],[127.92639,37.39112],[127.92696,37.392],[127.92793,37.3923],[127.92798,37.39279],[127.92859,37.39293],[127.92893,37.39333],[127.92941,37.39367],[127.9295,37.39456],[127.92979,37.39505],[127.93033,37.39578],[127.93037,37.39672],[127.93115,37.39756],[127.93088,37.39835],[127.93092,37.39848],[127.9317,37.39868],[127.93183,37.39836],[127.93242,37.39815],[127.93274,37.39787],[127.93315,37.39806],[127.93327,37.39792],[127.9338,37.39791],[127.93407,37.39805],[127.93436,37.39831],[127.93399,37.39877],[127.93367,37.39932],[127.93437,37.39953],[127.93472,37.39948],[127.93501,37.39955],[127.9353,37.39949],[127.93549,37.39915],[127.93601,37.39926],[127.93602,37.39949],[127.9364,37.39967],[127.93648,37.39986],[127.93703,37.39987],[127.93793,37.39955],[127.93838,37.40003],[127.93887,37.40031],[127.93887,37.40126],[127.93881,37.40152],[127.93845,37.40179],[127.9383,37.40217],[127.93836,37.40264],[127.9385,37.40311],[127.93843,37.40379],[127.93816,37.4041],[127.93737,37.40537],[127.9374,37.40579],[127.93698,37.40659],[127.93646,37.40686],[127.93611,37.40768],[127.93731,37.40829],[127.93779,37.40929],[127.93828,37.40912],[127.93912,37.40926],[127.94004,37.40963],[127.9409,37.41013],[127.94181,37.4108],[127.94301,37.41192],[127.94361,37.41277],[127.94398,37.41346],[127.94492,37.41471],[127.94554,37.41608],[127.94581,37.41724],[127.94608,37.41817],[127.94694,37.41987],[127.94729,37.42043],[127.94782,37.42109],[127.94848,37.4217],[127.95,37.42341],[127.95036,37.4239],[127.95119,37.42462],[127.95242,37.42583],[127.95343,37.42667],[127.95513,37.42768],[127.95546,37.42803],[127.95572,37.42868],[127.95595,37.42954],[127.95498,37.43019],[127.95454,37.4306],[127.95404,37.43143],[127.95384,37.43229],[127.95386,37.43393],[127.95443,37.43577],[127.95489,37.43651],[127.95529,37.4367],[127.95548,37.43692],[127.956,37.43729],[127.95692,37.43771],[127.95792,37.43947],[127.9587,37.44077],[127.95912,37.44165],[127.9592,37.44215],[127.95945,37.44289],[127.95969,37.44339],[127.95997,37.44374],[127.96105,37.44522],[127.96139,37.44586],[127.96193,37.44662],[127.96237,37.44745],[127.96252,37.44782],[127.96301,37.44846],[127.96362,37.44919],[127.96416,37.45022],[127.96498,37.45088]]]]},"properties":{"code":"32020320","name":"호저면"}},{"type":"Feature","geometry":{"type":"Polygon","coordinates":[[[127.86996,37.40648],[127.86948,37.40631],[127.86878,37.40569],[127.86837,37.40493],[127.86808,37.40416],[127.86808,37.40223],[127.86799,37.40048],[127.868,37.39963],[127.86716,37.39905],[127.86597,37.39868],[127.86422,37.39844],[127.8625,37.39831],[127.86116,37.39834],[127.85923,37.39886],[127.85791,37.39891],[127.8565,37.39865],[127.85573,37.39828],[127.85427,37.39782],[127.85241,37.39694],[127.85159,37.39613],[127.85105,37.39551],[127.85099,37.39533],[127.8505,37.39604],[127.84978,37.39693],[127.84964,37.39755],[127.84965,37.39821],[127.84914,37.39866],[127.84859,37.39967],[127.84764,37.40079],[127.84853,37.40193],[127.84945,37.40244],[127.84965,37.40353],[127.85002,37.404],[127.85052,37.40505],[127.8501,37.4057],[127.85014,37.40646],[127.85033,37.40682],[127.85122,37.40776],[127.85127,37.40858],[127.85108,37.40918],[127.85081,37.40934],[127.85018,37.41024],[127.84955,37.41057],[127.84901,37.41162],[127.84909,37.4119],[127.84891,37.41214],[127.8488,37.41253],[127.84822,37.41335],[127.84816,37.41437],[127.84787,37.41499],[127.84771,37.41585],[127.84755,37.41609],[127.84761,37.41646],[127.84757,37.41714],[127.84746,37.41737],[127.84755,37.41778],[127.84742,37.41806],[127.84655,37.41848],[127.84629,37.41878],[127.84592,37.41894],[127.84567,37.41928],[127.84574,37.41962],[127.84556,37.4202],[127.8458,37.42068],[127.84579,37.4212],[127.84558,37.42154],[127.84556,37.42222],[127.84545,37.42261],[127.84494,37.4236],[127.84491,37.42381],[127.84433,37.4242],[127.84397,37.42433],[127.84354,37.42495],[127.84354,37.42522],[127.84305,37.4259],[127.84246,37.42633],[127.84242,37.42675],[127.84175,37.42746],[127.84175,37.42816],[127.84112,37.42866],[127.84082,37.42925],[127.84078,37.42981],[127.84063,37.43032],[127.8405,37.43047],[127.84033,37.43122],[127.84009,37.43147],[127.84013,37.43184],[127.84006,37.4322],[127.83972,37.4326],[127.83996,37.4333],[127.84002,37.43382],[127.83968,37.43415],[127.83884,37.43424],[127.83864,37.43417],[127.83683,37.43418],[127.83556,37.43404],[127.8352,37.43408],[127.8345,37.434],[127.83445,37.43428],[127.8339,37.43486],[127.8333,37.43567],[127.83319,37.43611],[127.83278,37.43636],[127.83174,37.4366],[127.83129,37.43707],[127.83093,37.43769],[127.83068,37.43838],[127.82959,37.43871],[127.82918,37.43892],[127.8289,37.43886],[127.82835,37.43918],[127.82812,37.43943],[127.82734,37.43988],[127.82716,37.44011],[127.82658,37.44028],[127.8264,37.44089],[127.8262,37.44117],[127.8254,37.44128],[127.82519,37.44145],[127.82524,37.442],[127.8251,37.44254],[127.82478,37.44271],[127.82363,37.44294],[127.82354,37.44331],[127.82316,37.44366],[127.82286,37.44407],[127.82278,37.44432],[127.82188,37.44546],[127.82091,37.44538],[127.82058,37.44628],[127.82009,37.44633],[127.81983,37.44658],[127.81861,37.44626],[127.81803,37.44601],[127.8173,37.44599],[127.81652,37.4454],[127.81566,37.44522],[127.81482,37.44486],[127.81442,37.44486],[127.81385,37.44499],[127.81344,37.44527],[127.81317,37.4451],[127.81231,37.44414],[127.812,37.44409],[127.81172,37.44371],[127.81156,37.44303],[127.81033,37.44189],[127.8105,37.44139],[127.80997,37.44129],[127.8092,37.44125],[127.80885,37.44095],[127.8079,37.44076],[127.80676,37.44036],[127.80588,37.44015],[127.80489,37.44002],[127.80393,37.43964],[127.80343,37.43971],[127.80258,37.43954],[127.80204,37.43921],[127.80135,37.439],[127.80047,37.43864],[127.8009,37.43842],[127.802,37.43717],[127.80169,37.4364],[127.80208,37.43543],[127.80243,37.43487],[127.80286,37.43469],[127.80335,37.43433],[127.80308,37.43329],[127.8034,37.43275],[127.80369,37.43247],[127.80387,37.43195],[127.80342,37.43156],[127.80333,37.43089],[127.80401,37.4291],[127.80401,37.42885],[127.80338,37.4285],[127.80247,37.42859],[127.80231,37.42729],[127.80139,37.42719],[127.79991,37.42727],[127.79967,37.42721],[127.79895,37.42731],[127.79777,37.42685],[127.79752,37.42688],[127.79725,37.4263],[127.79649,37.42581],[127.79606,37.42519],[127.79564,37.42515],[127.79502,37.42498],[127.79456,37.4244],[127.79473,37.42367],[127.79458,37.42347],[127.79406,37.42323],[127.79364,37.42251],[127.79363,37.42225],[127.79386,37.42164],[127.79354,37.42095],[127.79351,37.42048],[127.79377,37.42018],[127.79294,37.41898],[127.79218,37.41845],[127.79218,37.41784],[127.79191,37.41739],[127.79202,37.41698],[127.79191,37.41641],[127.79196,37.41585],[127.79188,37.41521],[127.79158,37.41444],[127.79179,37.41416],[127.79154,37.41345],[127.79143,37.41289],[127.79067,37.41204],[127.79089,37.41141],[127.79062,37.41045],[127.79032,37.41022],[127.79026,37.40989],[127.79033,37.40953],[127.79023,37.4091],[127.79024,37.40859],[127.78959,37.40815],[127.78963,37.40756],[127.78959,37.40698],[127.78948,37.40684],[127.78898,37.40662],[127.78867,37.40629],[127.78865,37.40584],[127.78782,37.40533],[127.78803,37.4048],[127.78764,37.40417],[127.78758,37.40369],[127.78781,37.40344],[127.78775,37.40319],[127.78748,37.40293],[127.78788,37.40238],[127.78797,37.40201],[127.78777,37.4016],[127.78788,37.40148],[127.78783,37.40113],[127.78719,37.40051],[127.78666,37.40049],[127.78628,37.40021],[127.78627,37.39971],[127.78568,37.3994],[127.78509,37.39888],[127.78476,37.39871],[127.78383,37.39863],[127.78374,37.39854],[127.78383,37.39785],[127.78403,37.39707],[127.78412,37.39637],[127.78437,37.39628],[127.78453,37.39551],[127.78396,37.39487],[127.78371,37.39437],[127.78312,37.39359],[127.78242,37.39342],[127.78168,37.39304],[127.78223,37.39242],[127.78243,37.39204],[127.78289,37.39101],[127.78314,37.39027],[127.78409,37.38883],[127.78358,37.38861],[127.78326,37.38818],[127.7831,37.38742],[127.78274,37.38713],[127.78204,37.38709],[127.78095,37.38679],[127.78037,37.38683],[127.77984,37.38645],[127.77969,37.386],[127.7793,37.38584],[127.77862,37.38575],[127.77869,37.38557],[127.77845,37.38494],[127.7779,37.38447],[127.77763,37.38436],[127.77666,37.38333],[127.77678,37.3814],[127.7767,37.38089],[127.7762,37.38038],[127.7759,37.37986],[127.77579,37.37896],[127.77666,37.37733],[127.77743,37.37647],[127.77745,37.37568],[127.77698,37.37485],[127.77668,37.37468],[127.77693,37.37419],[127.77724,37.37392],[127.7778,37.37323],[127.77769,37.37291],[127.77849,37.37196],[127.77894,37.37077],[127.77737,37.37123],[127.77595,37.3709],[127.77532,37.37038],[127.77353,37.3699],[127.77298,37.37006],[127.77264,37.36993],[127.77208,37.36989],[127.77167,37.36977],[127.77046,37.36967],[127.76978,37.3694],[127.76918,37.36963],[127.76846,37.36967],[127.76708,37.36953],[127.76597,37.36987],[127.76504,37.36982],[127.76409,37.36989],[127.76397,37.37004],[127.76287,37.36998],[127.76209,37.36972],[127.76163,37.36945],[127.76108,37.36882],[127.76056,37.36859],[127.76001,37.36821],[127.75983,37.36798],[127.75948,37.36729],[127.7596,37.36706],[127.75991,37.36628],[127.76044,37.36606],[127.76086,37.3652],[127.76114,37.36496],[127.76111,37.36433],[127.76122,37.3636],[127.76223,37.36363],[127.7634,37.3633],[127.76487,37.36321],[127.76674,37.36352],[127.768,37.36306],[127.7685,37.36301],[127.7687,37.36309],[127.76931,37.36315],[127.77041,37.36213],[127.77066,37.36141],[127.77138,37.36081],[127.77166,37.36021],[127.77205,37.36017],[127.77351,37.35892],[127.77342,37.35773],[127.77432,37.35679],[127.77449,37.35589],[127.77419,37.35489],[127.77443,37.35432],[127.77477,37.35292],[127.77541,37.35211],[127.77503,37.35116],[127.77528,37.35074],[127.77563,37.35042],[127.77582,37.34995],[127.77584,37.34858],[127.77592,37.34832],[127.77637,37.34778],[127.777,37.34728],[127.77715,37.34652],[127.77791,37.3466],[127.77907,37.34698],[127.77973,37.34715],[127.78006,37.34707],[127.78162,37.34686],[127.78225,37.34691],[127.78238,37.34711],[127.7832,37.34741],[127.78368,37.3479],[127.78411,37.34841],[127.78532,37.34874],[127.78628,37.3488],[127.7869,37.34841],[127.78787,37.34866],[127.78852,37.34808],[127.78884,37.34789],[127.79106,37.34791],[127.7912,37.34783],[127.7922,37.347],[127.79238,37.34573],[127.79263,37.34502],[127.79271,37.34461],[127.79355,37.34409],[127.79388,37.3441],[127.79516,37.34474],[127.7956,37.34462],[127.79614,37.34467],[127.79691,37.34427],[127.79783,37.34409],[127.79837,37.34393],[127.79905,37.34287],[127.79975,37.3425],[127.80039,37.34243],[127.80115,37.34224],[127.80092,37.34185],[127.8003,37.3403],[127.79998,37.33932],[127.80002,37.33886],[127.79958,37.33833],[127.799,37.33563],[127.7994,37.33482],[127.79959,37.33412],[127.80003,37.33291],[127.80072,37.33293],[127.80147,37.33325],[127.80258,37.33358],[127.80361,37.33346],[127.80431,37.33353],[127.80506,37.33338],[127.80721,37.33302],[127.8074,37.33293],[127.80802,37.33216],[127.80927,37.33236],[127.81005,37.33242],[127.81321,37.33233],[127.81536,37.33323],[127.81776,37.33508],[127.81807,37.33528],[127.81938,37.33591],[127.82015,37.33633],[127.82166,37.33742],[127.82636,37.34096],[127.82722,37.34154],[127.82788,37.34194],[127.82953,37.34275],[127.83025,37.343],[127.83165,37.34411],[127.83229,37.34455],[127.83338,37.34512],[127.83488,37.34602],[127.83546,37.34627],[127.83593,37.34634],[127.83742,37.34665],[127.83786,37.3466],[127.83866,37.34619],[127.83958,37.34585],[127.84065,37.34527],[127.84171,37.34451],[127.84208,37.34421],[127.8428,37.34385],[127.84327,37.34343],[127.84382,37.34264],[127.84435,37.34108],[127.845,37.33971],[127.84521,37.33916],[127.84577,37.33811],[127.84617,37.33763],[127.84661,37.33727],[127.84711,37.33696],[127.84765,37.33683],[127.84917,37.33679],[127.84957,37.33697],[127.85034,37.33761],[127.8504,37.3377],[127.85031,37.33833],[127.85015,37.33902],[127.85019,37.33988],[127.85043,37.34075],[127.85084,37.34168],[127.85124,37.34238],[127.85172,37.34303],[127.85252,37.34378],[127.85338,37.34397],[127.85455,37.34398],[127.85495,37.34376],[127.85565,37.34306],[127.856,37.3429],[127.85698,37.34288],[127.85846,37.34304],[127.86061,37.34309],[127.86211,37.34315],[127.86268,37.34328],[127.86312,37.34318],[127.86355,37.34266],[127.86344,37.34188],[127.86318,37.34151],[127.863,37.34107],[127.8629,37.34061],[127.86203,37.33949],[127.86157,37.3387],[127.86112,37.33774],[127.86073,37.33651],[127.86053,37.33472],[127.86055,37.33418],[127.86092,37.33329],[127.86114,37.3329],[127.86162,37.33244],[127.8627,37.33197],[127.86326,37.33196],[127.86398,37.33217],[127.86464,37.33253],[127.86497,37.33279],[127.86553,37.33344],[127.86588,37.33419],[127.86605,37.33472],[127.86585,37.33501],[127.86619,37.33647],[127.86613,37.33683],[127.86625,37.33751],[127.8664,37.33774],[127.86667,37.3378],[127.86741,37.33771],[127.86905,37.33713],[127.86968,37.33695],[127.8702,37.33691],[127.87088,37.33675],[127.87181,37.33665],[127.87331,37.3367],[127.87446,37.33665],[127.87532,37.33682],[127.87572,37.33718],[127.87591,37.33781],[127.87588,37.33851],[127.8757,37.34017],[127.87574,37.34117],[127.87594,37.3415],[127.87597,37.34176],[127.87594,37.34297],[127.8757,37.34361],[127.87561,37.34442],[127.87565,37.34466],[127.87608,37.34554],[127.87679,37.34608],[127.87736,37.34634],[127.87834,37.34649],[127.87978,37.34655],[127.88226,37.34644],[127.885,37.34647],[127.88616,37.34641],[127.88711,37.34657],[127.88799,37.34682],[127.89011,37.34711],[127.89133,37.34706],[127.89224,37.34685],[127.89222,37.34745],[127.89206,37.34845],[127.8911,37.34906],[127.89061,37.34997],[127.89029,37.34999],[127.89003,37.35023],[127.88947,37.35039],[127.88923,37.35065],[127.88862,37.35102],[127.88815,37.3519],[127.88767,37.35204],[127.88743,37.35191],[127.88645,37.35207],[127.88494,37.35227],[127.88475,37.35254],[127.885,37.35318],[127.88547,37.35394],[127.88524,37.35508],[127.88491,37.35566],[127.88502,37.35594],[127.88536,37.35635],[127.88532,37.35679],[127.88497,37.35742],[127.885,37.35753],[127.88457,37.35824],[127.88459,37.35855],[127.88444,37.35871],[127.88471,37.35924],[127.88467,37.36105],[127.8844,37.36159],[127.88454,37.36221],[127.88451,37.36283],[127.88432,37.36351],[127.88432,37.36404],[127.88421,37.36452],[127.88433,37.3648],[127.88481,37.36511],[127.88481,37.36527],[127.88525,37.36567],[127.88495,37.36617],[127.88536,37.36637],[127.88584,37.36636],[127.88664,37.36654],[127.88748,37.36602],[127.88798,37.36587],[127.88781,37.36542],[127.88805,37.36492],[127.88878,37.36473],[127.88918,37.36405],[127.88931,37.3631],[127.88929,37.36272],[127.88963,37.36212],[127.88991,37.36189],[127.8898,37.36141],[127.88989,37.3612],[127.89013,37.36118],[127.89185,37.36073],[127.8923,37.35999],[127.89302,37.35932],[127.89406,37.359],[127.89548,37.35912],[127.8962,37.35952],[127.89671,37.35963],[127.89707,37.35946],[127.89735,37.35903],[127.89758,37.35887],[127.89798,37.35833],[127.8982,37.35846],[127.89885,37.35857],[127.89993,37.35866],[127.90036,37.35906],[127.90115,37.35938],[127.90119,37.35993],[127.90138,37.36016],[127.90162,37.36074],[127.90135,37.36092],[127.90118,37.36132],[127.90141,37.36167],[127.90142,37.3623],[127.90212,37.3627],[127.90219,37.36306],[127.90203,37.36371],[127.902,37.36439],[127.90192,37.36473],[127.902,37.36526],[127.90157,37.36584],[127.90188,37.36638],[127.90206,37.36653],[127.90244,37.36662],[127.90273,37.3664],[127.90331,37.36671],[127.90271,37.36755],[127.90272,37.36782],[127.90248,37.36844],[127.90267,37.36912],[127.90393,37.37002],[127.90402,37.37048],[127.90507,37.37092],[127.90519,37.37102],[127.90468,37.37159],[127.90343,37.37213],[127.90355,37.37243],[127.90338,37.37342],[127.90351,37.37377],[127.90321,37.37453],[127.90379,37.37491],[127.90401,37.37542],[127.90439,37.37551],[127.90463,37.37569],[127.90515,37.37579],[127.90558,37.37569],[127.90606,37.3759],[127.90667,37.37674],[127.90674,37.37696],[127.90641,37.37767],[127.9062,37.378],[127.90603,37.37874],[127.90633,37.37917],[127.90672,37.37955],[127.9073,37.37975],[127.90732,37.3805],[127.9079,37.38084],[127.90834,37.38087],[127.90881,37.38166],[127.90943,37.38192],[127.91013,37.38186],[127.91121,37.38221],[127.91176,37.38219],[127.9123,37.38251],[127.91385,37.38274],[127.91382,37.3833],[127.91428,37.38374],[127.91456,37.38435],[127.91454,37.38493],[127.91441,37.38562],[127.91393,37.38573],[127.91376,37.38636],[127.91332,37.38721],[127.91313,37.38774],[127.9131,37.38835],[127.91279,37.38883],[127.91273,37.38942],[127.91175,37.39055],[127.91157,37.39104],[127.91151,37.39147],[127.91101,37.39159],[127.91046,37.39152],[127.90979,37.39163],[127.90891,37.39183],[127.90761,37.39144],[127.907,37.39138],[127.90665,37.39168],[127.90558,37.39219],[127.90517,37.39206],[127.90413,37.39162],[127.90368,37.39155],[127.90401,37.39123],[127.90413,37.39084],[127.90367,37.39055],[127.90321,37.39048],[127.9026,37.39018],[127.90175,37.38838],[127.90104,37.38786],[127.90089,37.3876],[127.90058,37.38743],[127.90025,37.38759],[127.89985,37.38798],[127.89947,37.38811],[127.89893,37.38793],[127.89814,37.38841],[127.89813,37.38865],[127.89767,37.38874],[127.89733,37.38859],[127.89688,37.38855],[127.89605,37.38938],[127.89587,37.39002],[127.89553,37.39037],[127.89519,37.39048],[127.89483,37.39045],[127.89437,37.39068],[127.89378,37.39083],[127.89374,37.39122],[127.89328,37.39188],[127.89268,37.39246],[127.89213,37.39255],[127.89162,37.39251],[127.89144,37.39227],[127.89095,37.39108],[127.89049,37.39108],[127.88958,37.39176],[127.88819,37.39251],[127.88791,37.39305],[127.88816,37.39372],[127.88773,37.39391],[127.88731,37.39387],[127.88586,37.3939],[127.88493,37.39364],[127.88468,37.39397],[127.88401,37.3938],[127.8836,37.39317],[127.88274,37.3931],[127.88192,37.39288],[127.88168,37.39275],[127.88154,37.3924],[127.8808,37.39238],[127.88082,37.39192],[127.88072,37.39124],[127.88117,37.39113],[127.88098,37.39069],[127.8807,37.39056],[127.87598,37.39258],[127.87523,37.39287],[127.87566,37.39336],[127.876,37.39319],[127.87654,37.39303],[127.87704,37.39332],[127.87727,37.39362],[127.87721,37.39385],[127.87751,37.39492],[127.87768,37.39566],[127.87806,37.39613],[127.87676,37.39671],[127.87673,37.39697],[127.87692,37.39749],[127.87773,37.39758],[127.87795,37.39817],[127.87828,37.39864],[127.87915,37.39888],[127.87924,37.39918],[127.87919,37.39963],[127.87928,37.40002],[127.87949,37.40025],[127.88005,37.40007],[127.88031,37.40012],[127.88087,37.4008],[127.88127,37.40107],[127.88196,37.40143],[127.8823,37.40181],[127.88244,37.40218],[127.88285,37.403],[127.88016,37.40484],[127.8786,37.40568],[127.87757,37.40628],[127.87613,37.40682],[127.87498,37.40703],[127.87386,37.40731],[127.87325,37.4073],[127.87179,37.40695],[127.87095,37.40678],[127.86996,37.40648]]]},"properties":{"code":"32020330","name":"지정면"}},{"type":"Feature","geometry":{"type":"Polygon","coordinates":[[[127.8381,37.20686],[127.83773,37.20712],[127.83735,37.20755],[127.8368,37.20759],[127.83607,37.20802],[127.83546,37.20786],[127.83422,37.20856],[127.83421,37.20909],[127.83435,37.20949],[127.83474,37.20982],[127.83491,37.21033],[127.83492,37.21087],[127.8353,37.21098],[127.83559,37.21158],[127.83596,37.21189],[127.83591,37.21222],[127.83629,37.21297],[127.83614,37.21365],[127.83548,37.21378],[127.83512,37.21414],[127.83481,37.21481],[127.83459,37.21506],[127.83354,37.21563],[127.83362,37.21728],[127.83388,37.21732],[127.83396,37.21752],[127.83395,37.218],[127.83421,37.21863],[127.83461,37.21901],[127.83462,37.21954],[127.83447,37.22042],[127.83449,37.2219],[127.83446,37.22245],[127.83452,37.22306],[127.83422,37.22328],[127.83299,37.22387],[127.83216,37.22437],[127.83191,37.22441],[127.83149,37.22466],[127.83127,37.22459],[127.83088,37.22429],[127.83064,37.22436],[127.83038,37.22418],[127.83003,37.22446],[127.82959,37.2245],[127.82896,37.22444],[127.82859,37.22458],[127.8275,37.2247],[127.82743,37.22531],[127.82703,37.22575],[127.82659,37.22566],[127.82603,37.2257],[127.82566,37.22564],[127.8256,37.22593],[127.82499,37.2257],[127.82421,37.22576],[127.82294,37.22613],[127.82277,37.22646],[127.82201,37.22708],[127.82234,37.22785],[127.82213,37.22814],[127.82273,37.22885],[127.82227,37.22925],[127.82242,37.22973],[127.82211,37.22993],[127.82166,37.23051],[127.82126,37.23057],[127.82124,37.23121],[127.82155,37.2317],[127.82157,37.23209],[127.82146,37.23274],[127.82141,37.23342],[127.82146,37.23385],[127.82162,37.234],[127.82154,37.23428],[127.82157,37.23489],[127.82152,37.23515],[127.8211,37.23545],[127.82091,37.23586],[127.8209,37.23618],[127.82071,37.2364],[127.82073,37.23665],[127.8204,37.23692],[127.82049,37.23716],[127.8204,37.23742],[127.82065,37.23786],[127.82067,37.23808],[127.82036,37.23875],[127.82033,37.23907],[127.81996,37.23954],[127.82002,37.24005],[127.81983,37.24043],[127.81933,37.24085],[127.81912,37.24157],[127.81944,37.24209],[127.8194,37.24272],[127.81949,37.24299],[127.81834,37.24307],[127.81792,37.24297],[127.81746,37.24306],[127.81666,37.24292],[127.81589,37.24287],[127.81511,37.24289],[127.81456,37.24309],[127.81405,37.2431],[127.81368,37.24326],[127.8131,37.24329],[127.81267,37.24323],[127.81201,37.24295],[127.81161,37.24325],[127.81095,37.24353],[127.81075,37.24435],[127.81016,37.24589],[127.80978,37.24655],[127.80948,37.24665],[127.80906,37.24694],[127.8089,37.24769],[127.80837,37.24841],[127.80771,37.24878],[127.80715,37.249],[127.80677,37.24947],[127.80667,37.25028],[127.80676,37.25075],[127.80718,37.25132],[127.80698,37.25209],[127.80702,37.25264],[127.80785,37.25312],[127.80786,37.25389],[127.80559,37.25355],[127.80379,37.25412],[127.80343,37.25433],[127.80194,37.25375],[127.80169,37.25369],[127.80021,37.25257],[127.79911,37.25222],[127.79781,37.25169],[127.7975,37.25179],[127.79705,37.25157],[127.79684,37.25166],[127.79578,37.25237],[127.79566,37.25278],[127.79563,37.25393],[127.7951,37.25424],[127.79496,37.25504],[127.79436,37.25562],[127.79421,37.25599],[127.79433,37.25643],[127.7939,37.25699],[127.79403,37.25741],[127.79389,37.25791],[127.79459,37.25882],[127.79503,37.25953],[127.79506,37.25988],[127.7955,37.26015],[127.79533,37.26058],[127.79517,37.26119],[127.79467,37.26159],[127.79447,37.26224],[127.79395,37.26254],[127.79373,37.26289],[127.79312,37.26291],[127.79269,37.26312],[127.79233,37.26357],[127.79181,37.26395],[127.79113,37.26369],[127.79081,37.26381],[127.79075,37.2646],[127.79047,37.26481],[127.79047,37.26577],[127.7895,37.26595],[127.78913,37.26628],[127.78821,37.26629],[127.78809,37.26771],[127.78718,37.26855],[127.78596,37.26911],[127.78599,37.27004],[127.78612,37.27085],[127.78615,37.27165],[127.7859,37.27243],[127.78589,37.27267],[127.78611,37.27323],[127.78704,37.2749],[127.78755,37.27604],[127.78633,37.27621],[127.7857,37.27566],[127.78559,37.27535],[127.78517,37.27467],[127.78474,37.27429],[127.78427,37.27362],[127.784,37.27349],[127.78397,37.27326],[127.78358,37.27308],[127.78356,37.27276],[127.7831,37.27241],[127.78231,37.27167],[127.7813,37.27178],[127.78089,37.27138],[127.77963,37.27117],[127.77894,37.27114],[127.77861,37.27095],[127.77773,37.27078],[127.77703,37.27054],[127.77675,37.27031],[127.7759,37.27],[127.77552,37.26994],[127.7751,37.26962],[127.77421,37.26921],[127.77318,37.26896],[127.77294,37.26885],[127.77098,37.26824],[127.77048,37.2682],[127.77059,37.26707],[127.76898,37.2668],[127.76637,37.26643],[127.76405,37.26631],[127.76338,37.26574],[127.7622,37.26491],[127.76133,37.26406],[127.76073,37.26313],[127.76041,37.26249],[127.7584,37.25871],[127.75761,37.25825],[127.75695,37.25782],[127.75434,37.25479],[127.75267,37.25261],[127.75208,37.25166],[127.74997,37.24821],[127.74941,37.24717],[127.74792,37.24357],[127.74688,37.23997],[127.74697,37.23909],[127.74698,37.23681],[127.74702,37.23608],[127.74724,37.23394],[127.74764,37.23321],[127.74798,37.23243],[127.74691,37.22977],[127.74712,37.22916],[127.74718,37.22716],[127.74813,37.22555],[127.74921,37.22194],[127.74893,37.21834],[127.74842,37.21737],[127.74636,37.21448],[127.74606,37.21447],[127.74575,37.2141],[127.74475,37.21365],[127.74482,37.21304],[127.7446,37.21287],[127.74432,37.21207],[127.74452,37.2119],[127.74413,37.21123],[127.7441,37.20955],[127.74426,37.20755],[127.7456,37.20394],[127.74608,37.20226],[127.74651,37.20033],[127.74785,37.20033],[127.74891,37.19676],[127.74943,37.19392],[127.75013,37.19038],[127.74939,37.18956],[127.74972,37.18764],[127.7501,37.18589],[127.75078,37.18376],[127.75104,37.18246],[127.75189,37.18226],[127.75203,37.18196],[127.75215,37.18142],[127.75223,37.18073],[127.75286,37.17886],[127.75354,37.17734],[127.7541,37.17601],[127.75467,37.17475],[127.75515,37.17349],[127.75529,37.17295],[127.75553,37.17144],[127.7563,37.17047],[127.75658,37.17007],[127.75707,37.1692],[127.7579,37.1682],[127.75888,37.16724],[127.75987,37.16647],[127.76019,37.16613],[127.76089,37.16518],[127.76207,37.16335],[127.76291,37.16236],[127.76408,37.16076],[127.76466,37.16002],[127.76534,37.15929],[127.76572,37.15897],[127.76632,37.15856],[127.76755,37.15795],[127.76794,37.15742],[127.76869,37.15665],[127.76957,37.15598],[127.77092,37.15505],[127.77258,37.15416],[127.77345,37.15372],[127.77487,37.15282],[127.77568,37.15217],[127.77635,37.15173],[127.77748,37.15108],[127.77795,37.15075],[127.77918,37.14966],[127.78303,37.14758],[127.78446,37.14659],[127.7857,37.14602],[127.78732,37.14523],[127.78752,37.14503],[127.78783,37.14424],[127.78952,37.14341],[127.79051,37.14383],[127.79212,37.14469],[127.79282,37.14523],[127.79301,37.14558],[127.79336,37.14574],[127.79433,37.14561],[127.79506,37.14534],[127.79549,37.14526],[127.79685,37.14551],[127.79767,37.1455],[127.79944,37.14497],[127.8,37.14471],[127.80107,37.14434],[127.80165,37.14426],[127.80212,37.14443],[127.80262,37.14474],[127.80337,37.14506],[127.80398,37.1454],[127.80486,37.14578],[127.80553,37.1462],[127.80571,37.14641],[127.80664,37.14694],[127.80694,37.14706],[127.80806,37.14721],[127.80965,37.14707],[127.8116,37.14651],[127.81373,37.14665],[127.81527,37.14667],[127.81632,37.14696],[127.81685,37.147],[127.81739,37.14722],[127.81827,37.14782],[127.81926,37.14839],[127.82067,37.14939],[127.82144,37.14997],[127.82195,37.1503],[127.82358,37.15111],[127.82486,37.15204],[127.82537,37.15226],[127.8256,37.1524],[127.82539,37.15278],[127.8257,37.1533],[127.82602,37.15362],[127.82574,37.15455],[127.82552,37.15466],[127.82549,37.15487],[127.82489,37.15464],[127.82414,37.15459],[127.82393,37.15467],[127.82418,37.15494],[127.82429,37.15523],[127.82408,37.15552],[127.82412,37.15595],[127.82402,37.15614],[127.82454,37.15719],[127.82533,37.15774],[127.82539,37.15847],[127.82528,37.15899],[127.82511,37.15938],[127.82599,37.16077],[127.826,37.16142],[127.8257,37.16182],[127.82575,37.16218],[127.82545,37.16294],[127.82561,37.16339],[127.82674,37.1647],[127.82704,37.16536],[127.82729,37.16614],[127.82687,37.16688],[127.82635,37.16744],[127.82616,37.16782],[127.82549,37.16811],[127.82504,37.16849],[127.82452,37.16878],[127.82412,37.16925],[127.8246,37.17004],[127.82499,37.17057],[127.82606,37.17093],[127.82649,37.17124],[127.82695,37.1717],[127.8273,37.17225],[127.82773,37.17413],[127.82804,37.17465],[127.82846,37.1752],[127.82949,37.17578],[127.8299,37.17626],[127.83047,37.17774],[127.83039,37.1792],[127.82992,37.18021],[127.82809,37.18211],[127.82798,37.18324],[127.82755,37.18439],[127.82801,37.18593],[127.82823,37.18674],[127.82825,37.18762],[127.82856,37.18899],[127.82784,37.18995],[127.82642,37.1934],[127.82643,37.19366],[127.82788,37.19391],[127.82931,37.19438],[127.83046,37.19452],[127.83158,37.1949],[127.8328,37.19497],[127.83383,37.19515],[127.83506,37.19518],[127.83593,37.1954],[127.8364,37.19588],[127.83657,37.19641],[127.83708,37.19728],[127.83725,37.19779],[127.83787,37.19855],[127.83875,37.20068],[127.83896,37.20161],[127.83894,37.20244],[127.83854,37.20318],[127.83853,37.20392],[127.83877,37.20536],[127.83875,37.20585],[127.83834,37.20674],[127.8381,37.20686]]]},"properties":{"code":"32020340","name":"부론면"}},{"type":"Feature","geometry":{"type":"Polygon","coordinates":[[[127.8851,37.24449],[127.88418,37.24451],[127.88305,37.24407],[127.88019,37.24338],[127.87949,37.24388],[127.8786,37.24421],[127.87665,37.24384],[127.87526,37.24475],[127.87463,37.24456],[127.87414,37.2443],[127.87326,37.24425],[127.87289,37.24492],[127.87244,37.24524],[127.87197,37.24591],[127.87143,37.24581],[127.87076,37.24592],[127.87037,37.24581],[127.86972,37.2459],[127.8694,37.24553],[127.86869,37.24525],[127.86856,37.24478],[127.86833,37.24434],[127.86837,37.24389],[127.86741,37.24361],[127.86717,37.24285],[127.86649,37.24249],[127.86614,37.24247],[127.86609,37.24211],[127.86627,37.24096],[127.86609,37.2402],[127.86621,37.23983],[127.86594,37.23958],[127.86568,37.23864],[127.86524,37.23833],[127.86496,37.23803],[127.86481,37.23723],[127.86453,37.2369],[127.86447,37.23661],[127.86452,37.23622],[127.86432,37.23559],[127.86406,37.23518],[127.8642,37.23451],[127.86356,37.23343],[127.86301,37.23292],[127.8621,37.23355],[127.86195,37.23378],[127.8613,37.23376],[127.86032,37.23396],[127.85945,37.23371],[127.85881,37.23369],[127.85796,37.23336],[127.85731,37.23335],[127.85691,37.23352],[127.85677,37.23376],[127.85561,37.23392],[127.85535,37.23379],[127.85499,37.23378],[127.85414,37.2335],[127.85324,37.23331],[127.85311,37.23313],[127.85285,37.23315],[127.8525,37.23298],[127.85226,37.23273],[127.85167,37.23258],[127.8509,37.23254],[127.85067,37.23191],[127.85025,37.23163],[127.85057,37.23108],[127.85022,37.23058],[127.84962,37.23026],[127.8491,37.23007],[127.84948,37.22947],[127.84974,37.22893],[127.85024,37.22836],[127.85022,37.22797],[127.85042,37.2271],[127.85037,37.22624],[127.85028,37.22603],[127.85033,37.22539],[127.85027,37.22507],[127.8501,37.22486],[127.84957,37.22461],[127.84921,37.22467],[127.84873,37.22503],[127.84832,37.22543],[127.84798,37.22554],[127.84755,37.22536],[127.84737,37.22516],[127.84737,37.22468],[127.84817,37.22451],[127.84877,37.22421],[127.84888,37.22403],[127.84865,37.22362],[127.84849,37.22359],[127.84783,37.22374],[127.84756,37.22346],[127.84789,37.222],[127.84802,37.22127],[127.84754,37.22049],[127.84755,37.22005],[127.84785,37.2196],[127.84813,37.21879],[127.84855,37.21817],[127.8483,37.2176],[127.84839,37.21694],[127.84905,37.21624],[127.84919,37.21568],[127.84859,37.21548],[127.84822,37.21547],[127.84711,37.21472],[127.84695,37.2143],[127.84629,37.21393],[127.84432,37.2131],[127.8439,37.21262],[127.8433,37.21214],[127.84316,37.21165],[127.84298,37.21132],[127.84265,37.21106],[127.84219,37.21089],[127.84117,37.21061],[127.84103,37.21034],[127.84097,37.20995],[127.84071,37.20954],[127.84058,37.20897],[127.84062,37.20824],[127.84053,37.20764],[127.83947,37.20748],[127.8381,37.20686],[127.83834,37.20674],[127.83875,37.20585],[127.83877,37.20536],[127.83853,37.20392],[127.83854,37.20318],[127.83894,37.20244],[127.83896,37.20161],[127.83875,37.20068],[127.83787,37.19855],[127.83725,37.19779],[127.83708,37.19728],[127.83657,37.19641],[127.8364,37.19588],[127.83593,37.1954],[127.83506,37.19518],[127.83383,37.19515],[127.8328,37.19497],[127.83158,37.1949],[127.83046,37.19452],[127.82931,37.19438],[127.82788,37.19391],[127.82643,37.19366],[127.82642,37.1934],[127.82784,37.18995],[127.82856,37.18899],[127.82825,37.18762],[127.82823,37.18674],[127.82801,37.18593],[127.82755,37.18439],[127.82798,37.18324],[127.82809,37.18211],[127.82992,37.18021],[127.83039,37.1792],[127.83047,37.17774],[127.8299,37.17626],[127.82949,37.17578],[127.82846,37.1752],[127.82804,37.17465],[127.82773,37.17413],[127.8273,37.17225],[127.82695,37.1717],[127.82649,37.17124],[127.82606,37.17093],[127.82499,37.17057],[127.8246,37.17004],[127.82412,37.16925],[127.82452,37.16878],[127.82504,37.16849],[127.82549,37.16811],[127.82616,37.16782],[127.82635,37.16744],[127.82687,37.16688],[127.82729,37.16614],[127.82704,37.16536],[127.82674,37.1647],[127.82561,37.16339],[127.82545,37.16294],[127.82575,37.16218],[127.8257,37.16182],[127.826,37.16142],[127.82599,37.16077],[127.82511,37.15938],[127.82528,37.15899],[127.82539,37.15847],[127.82533,37.15774],[127.82454,37.15719],[127.82402,37.15614],[127.82412,37.15595],[127.82408,37.15552],[127.82429,37.15523],[127.82418,37.15494],[127.82393,37.15467],[127.82414,37.15459],[127.82489,37.15464],[127.82549,37.15487],[127.82552,37.15466],[127.82574,37.15455],[127.82602,37.15362],[127.8257,37.1533],[127.82539,37.15278],[127.8256,37.1524],[127.82537,37.15226],[127.82621,37.15201],[127.82724,37.1521],[127.82753,37.1522],[127.8284,37.15229],[127.82841,37.1524],[127.82896,37.15257],[127.82976,37.15267],[127.83032,37.15261],[127.83065,37.15231],[127.8309,37.15259],[127.83203,37.15236],[127.83268,37.15214],[127.83329,37.15203],[127.83374,37.15204],[127.83426,37.15179],[127.83464,37.15173],[127.83526,37.15179],[127.83588,37.15168],[127.83643,37.1517],[127.83697,37.1516],[127.83738,37.15163],[127.83777,37.15185],[127.83859,37.15214],[127.84032,37.15223],[127.84081,37.15213],[127.84296,37.15244],[127.84463,37.15284],[127.84541,37.15282],[127.84648,37.15286],[127.84688,37.15281],[127.84739,37.15294],[127.8496,37.1538],[127.85007,37.15418],[127.85053,37.15508],[127.85067,37.15658],[127.85085,37.1571],[127.85122,37.15835],[127.85168,37.15878],[127.85195,37.15955],[127.85223,37.15992],[127.85266,37.16014],[127.85379,37.16037],[127.85435,37.16038],[127.85481,37.16029],[127.85529,37.15995],[127.85535,37.15955],[127.85537,37.15885],[127.85528,37.1585],[127.85528,37.15799],[127.8555,37.15724],[127.85577,37.15659],[127.85588,37.15648],[127.85635,37.15638],[127.85799,37.1564],[127.85923,37.15634],[127.86023,37.15565],[127.86058,37.15552],[127.8613,37.15535],[127.86169,37.1556],[127.8618,37.15583],[127.86185,37.15653],[127.86166,37.15757],[127.86138,37.15861],[127.8614,37.15937],[127.8618,37.16066],[127.86196,37.16105],[127.86283,37.16164],[127.86324,37.16169],[127.86354,37.16183],[127.86363,37.16213],[127.86419,37.16238],[127.86484,37.16245],[127.86577,37.16232],[127.8658,37.16249],[127.8672,37.16229],[127.8676,37.16244],[127.86862,37.16329],[127.86932,37.1637],[127.86976,37.16389],[127.87054,37.16412],[127.87205,37.16434],[127.87247,37.16428],[127.87332,37.16393],[127.87425,37.16381],[127.87432,37.16387],[127.87506,37.16376],[127.87498,37.1636],[127.87585,37.1631],[127.87651,37.16282],[127.87698,37.16273],[127.87905,37.16179],[127.8797,37.1621],[127.88016,37.16225],[127.88066,37.16209],[127.88189,37.16203],[127.88238,37.16185],[127.88278,37.16186],[127.88291,37.16174],[127.88344,37.16185],[127.88438,37.16156],[127.88479,37.16123],[127.88657,37.16107],[127.88688,37.16079],[127.88742,37.16015],[127.88774,37.16004],[127.88838,37.15964],[127.88857,37.15969],[127.88954,37.15943],[127.88968,37.15923],[127.88998,37.15909],[127.89057,37.15921],[127.89106,37.15874],[127.8911,37.15849],[127.89163,37.15804],[127.89222,37.15796],[127.89345,37.15717],[127.89404,37.15706],[127.89416,37.15683],[127.89452,37.15652],[127.89492,37.15636],[127.8951,37.15619],[127.89543,37.15609],[127.89552,37.15568],[127.896,37.15523],[127.89643,37.15431],[127.89709,37.15345],[127.89777,37.15218],[127.89794,37.15158],[127.89817,37.15118],[127.89839,37.15046],[127.89889,37.14982],[127.89994,37.15046],[127.90026,37.15093],[127.90063,37.15126],[127.90164,37.1518],[127.90189,37.1522],[127.90194,37.15271],[127.90191,37.1532],[127.90236,37.15403],[127.90269,37.15446],[127.90306,37.15515],[127.90317,37.15588],[127.90368,37.15677],[127.90387,37.15696],[127.90403,37.15874],[127.90346,37.16005],[127.90408,37.16022],[127.90488,37.16073],[127.90551,37.16133],[127.90618,37.16173],[127.90654,37.16267],[127.90711,37.16428],[127.90719,37.1647],[127.90715,37.16523],[127.90795,37.16617],[127.90835,37.16633],[127.90863,37.16712],[127.91101,37.16752],[127.91141,37.16753],[127.91199,37.16781],[127.91301,37.1682],[127.91356,37.16856],[127.91377,37.16845],[127.91505,37.16888],[127.9174,37.16755],[127.91889,37.16695],[127.91974,37.16642],[127.9208,37.16587],[127.92091,37.16569],[127.92153,37.16504],[127.922,37.16497],[127.92249,37.16462],[127.92317,37.16396],[127.92384,37.16363],[127.92423,37.16417],[127.92464,37.16453],[127.92522,37.16491],[127.92633,37.16553],[127.92665,37.16643],[127.92648,37.16661],[127.92689,37.16804],[127.92707,37.16823],[127.9273,37.16978],[127.92823,37.17048],[127.92898,37.1709],[127.92945,37.17099],[127.92977,37.17121],[127.9299,37.17143],[127.93019,37.17151],[127.93066,37.17201],[127.9309,37.17268],[127.93101,37.17342],[127.93171,37.17478],[127.93232,37.17511],[127.93242,37.17532],[127.93363,37.1758],[127.93345,37.17656],[127.93323,37.17698],[127.93311,37.17745],[127.93284,37.17788],[127.93297,37.17829],[127.93292,37.17868],[127.93331,37.17931],[127.93305,37.18099],[127.9326,37.18237],[127.93341,37.18359],[127.934,37.18527],[127.93505,37.18563],[127.93587,37.18684],[127.93555,37.18786],[127.93626,37.18877],[127.93449,37.19038],[127.93296,37.19308],[127.93216,37.19523],[127.93198,37.1961],[127.93203,37.19658],[127.93176,37.19829],[127.93131,37.19955],[127.93111,37.20052],[127.93092,37.20113],[127.93153,37.20169],[127.9317,37.20326],[127.93162,37.20371],[127.93173,37.20498],[127.932,37.20559],[127.93257,37.20597],[127.93247,37.20699],[127.93065,37.21057],[127.92956,37.21169],[127.92729,37.21745],[127.9271,37.22015],[127.9235,37.22131],[127.92246,37.22215],[127.92175,37.22401],[127.92158,37.22505],[127.92172,37.22538],[127.9205,37.22576],[127.92002,37.22576],[127.91898,37.22663],[127.91779,37.2272],[127.9172,37.22789],[127.91733,37.22926],[127.91643,37.23289],[127.91578,37.23454],[127.91549,37.23484],[127.91354,37.23589],[127.91211,37.23589],[127.91036,37.23628],[127.90875,37.23501],[127.90764,37.2368],[127.90595,37.23746],[127.90399,37.23844],[127.90369,37.23864],[127.90334,37.23867],[127.90295,37.23897],[127.9025,37.23882],[127.90224,37.23892],[127.90217,37.23922],[127.90121,37.23914],[127.90079,37.23929],[127.90024,37.23916],[127.89976,37.23914],[127.89891,37.2395],[127.8982,37.23995],[127.89775,37.24013],[127.89745,37.24004],[127.89707,37.24014],[127.89676,37.24008],[127.89636,37.24029],[127.89607,37.24025],[127.89516,37.23985],[127.89429,37.2398],[127.89381,37.23963],[127.89318,37.23965],[127.89299,37.23926],[127.8925,37.23887],[127.89192,37.23908],[127.89098,37.23932],[127.89034,37.24006],[127.88963,37.24038],[127.88935,37.24108],[127.88888,37.24159],[127.88862,37.24177],[127.88813,37.24195],[127.88773,37.24239],[127.88695,37.24264],[127.88639,37.24277],[127.88573,37.24385],[127.8851,37.24449]]]},"properties":{"code":"32020350","name":"귀래면"}},{"type":"Feature","geometry":{"type":"Polygon","coordinates":[[[127.89224,37.34685],[127.89133,37.34706],[127.89011,37.34711],[127.88799,37.34682],[127.88711,37.34657],[127.88616,37.34641],[127.885,37.34647],[127.88226,37.34644],[127.87978,37.34655],[127.87834,37.34649],[127.87736,37.34634],[127.87679,37.34608],[127.87608,37.34554],[127.87565,37.34466],[127.87561,37.34442],[127.8757,37.34361],[127.87594,37.34297],[127.87597,37.34176],[127.87594,37.3415],[127.87574,37.34117],[127.8757,37.34017],[127.87588,37.33851],[127.87591,37.33781],[127.87572,37.33718],[127.87532,37.33682],[127.87446,37.33665],[127.87331,37.3367],[127.87181,37.33665],[127.87088,37.33675],[127.8702,37.33691],[127.86968,37.33695],[127.86905,37.33713],[127.86741,37.33771],[127.86667,37.3378],[127.8664,37.33774],[127.86625,37.33751],[127.86613,37.33683],[127.86619,37.33647],[127.86585,37.33501],[127.86605,37.33472],[127.86588,37.33419],[127.86553,37.33344],[127.86497,37.33279],[127.86464,37.33253],[127.86398,37.33217],[127.86326,37.33196],[127.86292,37.33084],[127.86206,37.32975],[127.86154,37.32939],[127.86082,37.32915],[127.86214,37.32823],[127.86301,37.32814],[127.8633,37.32732],[127.86365,37.32663],[127.86366,37.32604],[127.86322,37.32591],[127.86285,37.32543],[127.8624,37.32506],[127.86236,37.32443],[127.86039,37.32369],[127.86096,37.3232],[127.8612,37.32225],[127.86171,37.32174],[127.86197,37.32109],[127.8624,37.32072],[127.86268,37.3202],[127.86336,37.31987],[127.86367,37.31966],[127.86379,37.31909],[127.86514,37.31802],[127.86512,37.31756],[127.86589,37.3173],[127.86597,37.31626],[127.86546,37.31583],[127.8649,37.31549],[127.86468,37.31488],[127.86422,37.31446],[127.86429,37.31382],[127.86401,37.31333],[127.86402,37.31292],[127.86463,37.3124],[127.86478,37.31167],[127.86474,37.31092],[127.86525,37.31014],[127.86528,37.30951],[127.86497,37.30924],[127.86515,37.3084],[127.86514,37.30764],[127.86489,37.30699],[127.86504,37.3069],[127.86501,37.30628],[127.86522,37.30594],[127.8655,37.30571],[127.86568,37.30518],[127.86569,37.30464],[127.8649,37.30401],[127.86495,37.30322],[127.86469,37.30293],[127.86414,37.30261],[127.86402,37.30197],[127.86341,37.30137],[127.86279,37.30044],[127.86195,37.2998],[127.86188,37.29924],[127.86152,37.2991],[127.86103,37.29854],[127.86036,37.29852],[127.86009,37.29808],[127.86038,37.2973],[127.86131,37.29604],[127.8618,37.29553],[127.86215,37.29531],[127.86208,37.29476],[127.86238,37.29413],[127.86322,37.2935],[127.86323,37.293],[127.86354,37.29237],[127.86357,37.29175],[127.86392,37.29123],[127.86398,37.29064],[127.86413,37.28967],[127.8632,37.28814],[127.86252,37.28774],[127.86152,37.28699],[127.86112,37.28622],[127.86108,37.28574],[127.86131,37.2846],[127.86182,37.28376],[127.86156,37.28334],[127.86155,37.28273],[127.86111,37.2821],[127.86089,37.28148],[127.86042,37.28109],[127.86054,37.28053],[127.86039,37.27951],[127.85996,37.27928],[127.85963,37.27878],[127.85976,37.27832],[127.86011,37.27769],[127.86063,37.27706],[127.86119,37.27666],[127.86198,37.27653],[127.86255,37.27637],[127.86334,37.2765],[127.86383,37.27633],[127.86427,37.27582],[127.86454,37.27488],[127.86468,37.2737],[127.86509,37.27259],[127.86411,37.27201],[127.8637,37.27144],[127.86315,37.27131],[127.86273,37.27019],[127.86308,37.26976],[127.863,37.26927],[127.86316,37.26871],[127.86278,37.26794],[127.86263,37.26744],[127.8622,37.26677],[127.86223,37.26609],[127.86182,37.26571],[127.86176,37.26371],[127.86213,37.26372],[127.86271,37.2634],[127.86351,37.26344],[127.86487,37.26298],[127.86458,37.26266],[127.86468,37.262],[127.86508,37.26172],[127.86506,37.2613],[127.86469,37.2608],[127.86568,37.25987],[127.86591,37.25907],[127.86691,37.25862],[127.86762,37.25795],[127.86866,37.25757],[127.86948,37.25751],[127.87019,37.25733],[127.87036,37.25703],[127.8708,37.25659],[127.87124,37.25567],[127.87176,37.25516],[127.87249,37.25502],[127.87314,37.25495],[127.87381,37.25474],[127.87442,37.2544],[127.87523,37.25409],[127.87602,37.25393],[127.87741,37.25326],[127.87804,37.2531],[127.87856,37.25275],[127.87952,37.2524],[127.88038,37.25261],[127.88114,37.2529],[127.88205,37.25231],[127.88206,37.25149],[127.88245,37.2507],[127.88327,37.25062],[127.88447,37.24954],[127.88294,37.24835],[127.88279,37.24803],[127.88361,37.2474],[127.88393,37.24599],[127.88457,37.2448],[127.8851,37.24449],[127.88573,37.24385],[127.88639,37.24277],[127.88695,37.24264],[127.88773,37.24239],[127.88813,37.24195],[127.88862,37.24177],[127.88888,37.24159],[127.88935,37.24108],[127.88963,37.24038],[127.89034,37.24006],[127.89098,37.23932],[127.89192,37.23908],[127.8925,37.23887],[127.89299,37.23926],[127.89318,37.23965],[127.89381,37.23963],[127.89429,37.2398],[127.89516,37.23985],[127.89607,37.24025],[127.89636,37.24029],[127.89676,37.24008],[127.89707,37.24014],[127.89745,37.24004],[127.89775,37.24013],[127.8982,37.23995],[127.89891,37.2395],[127.89976,37.23914],[127.90024,37.23916],[127.90079,37.23929],[127.90121,37.23914],[127.90217,37.23922],[127.90224,37.23892],[127.9025,37.23882],[127.90295,37.23897],[127.90334,37.23867],[127.90369,37.23864],[127.90399,37.23844],[127.90595,37.23746],[127.90764,37.2368],[127.90875,37.23501],[127.91036,37.23628],[127.91211,37.23589],[127.91354,37.23589],[127.91549,37.23484],[127.91578,37.23454],[127.91643,37.23289],[127.91733,37.22926],[127.9172,37.22789],[127.91779,37.2272],[127.91898,37.22663],[127.92002,37.22576],[127.9205,37.22576],[127.92172,37.22538],[127.92191,37.22584],[127.92284,37.2267],[127.92662,37.2316],[127.9312,37.23416],[127.93557,37.23805],[127.93888,37.24074],[127.93901,37.24165],[127.9388,37.24255],[127.93872,37.2433],[127.93778,37.2458],[127.93666,37.24706],[127.93578,37.24748],[127.93479,37.24788],[127.93418,37.24826],[127.9338,37.24866],[127.93317,37.24911],[127.93258,37.24929],[127.9319,37.25003],[127.93183,37.25096],[127.93153,37.25167],[127.93138,37.2526],[127.93086,37.25392],[127.93039,37.25435],[127.92986,37.25545],[127.92918,37.25648],[127.92889,37.25728],[127.92887,37.25814],[127.92911,37.25897],[127.92943,37.25958],[127.92967,37.26162],[127.92959,37.26205],[127.92983,37.26289],[127.92979,37.26358],[127.93008,37.26413],[127.9299,37.26476],[127.93009,37.26514],[127.93012,37.26593],[127.93046,37.26668],[127.93026,37.26713],[127.93018,37.26756],[127.93067,37.26796],[127.93086,37.26835],[127.93149,37.26871],[127.93161,37.26891],[127.93202,37.26919],[127.93196,37.26996],[127.93244,37.27025],[127.9328,37.27093],[127.9334,37.27125],[127.93414,37.27209],[127.93405,37.2729],[127.93348,37.27368],[127.9322,37.27433],[127.93352,37.27534],[127.93365,37.27605],[127.93437,37.27611],[127.93475,37.27683],[127.93452,37.27757],[127.93484,37.27871],[127.93532,37.27952],[127.93493,37.28017],[127.93474,37.28103],[127.9342,37.28149],[127.93391,37.28254],[127.93413,37.28347],[127.93391,37.28404],[127.93339,37.28441],[127.93293,37.28485],[127.9322,37.28526],[127.932,37.2852],[127.93164,37.2853],[127.93118,37.28524],[127.93069,37.28561],[127.93011,37.28574],[127.9301,37.28638],[127.92989,37.28649],[127.92983,37.28673],[127.92958,37.28701],[127.9294,37.28757],[127.92919,37.28768],[127.93009,37.289],[127.9298,37.2901],[127.92973,37.29073],[127.92903,37.29155],[127.92834,37.29211],[127.92839,37.29311],[127.92861,37.29366],[127.92857,37.29391],[127.92783,37.29395],[127.92752,37.29428],[127.92713,37.29458],[127.92722,37.29489],[127.92692,37.29508],[127.92723,37.29578],[127.92763,37.29631],[127.92861,37.29729],[127.92885,37.29759],[127.92889,37.29847],[127.92864,37.29917],[127.9276,37.29969],[127.92744,37.29995],[127.92726,37.30047],[127.92715,37.30136],[127.92683,37.30157],[127.92686,37.30188],[127.92667,37.30209],[127.92679,37.30268],[127.92679,37.30318],[127.92625,37.30346],[127.92631,37.30376],[127.92672,37.30448],[127.92686,37.30487],[127.9266,37.30548],[127.92698,37.3064],[127.92698,37.30669],[127.92713,37.30708],[127.92642,37.30725],[127.92526,37.30782],[127.92498,37.30787],[127.92457,37.3078],[127.92357,37.30738],[127.92249,37.30748],[127.92183,37.30785],[127.92136,37.30823],[127.92024,37.30839],[127.9198,37.30869],[127.91929,37.30928],[127.91903,37.30971],[127.91805,37.31072],[127.91777,37.31115],[127.91758,37.31176],[127.91692,37.31198],[127.91607,37.312],[127.91528,37.31162],[127.91451,37.3116],[127.91418,37.31149],[127.91309,37.31128],[127.91237,37.31103],[127.91181,37.31098],[127.91133,37.31083],[127.91073,37.31075],[127.91001,37.31072],[127.9087,37.31159],[127.90795,37.31235],[127.90755,37.31281],[127.90752,37.31356],[127.90759,37.31454],[127.90747,37.315],[127.90663,37.31597],[127.90601,37.31631],[127.90504,37.31612],[127.90446,37.31604],[127.90328,37.31603],[127.90218,37.31625],[127.902,37.31675],[127.90173,37.31718],[127.90205,37.31788],[127.90201,37.31853],[127.90205,37.31896],[127.90301,37.31989],[127.90356,37.32028],[127.90399,37.32088],[127.90465,37.32133],[127.90579,37.3212],[127.90659,37.32129],[127.90713,37.32103],[127.90814,37.32186],[127.90842,37.32229],[127.90848,37.32289],[127.90913,37.32397],[127.90871,37.32442],[127.9087,37.32497],[127.90845,37.32569],[127.90826,37.32575],[127.90699,37.3265],[127.90616,37.32755],[127.90608,37.32818],[127.90622,37.32874],[127.9062,37.32947],[127.90671,37.33002],[127.9073,37.33035],[127.90795,37.33058],[127.90831,37.33087],[127.90811,37.33177],[127.90816,37.3324],[127.90838,37.33291],[127.9084,37.33338],[127.90859,37.33384],[127.90855,37.33445],[127.90719,37.33474],[127.90637,37.33495],[127.9055,37.33569],[127.90442,37.33584],[127.90312,37.33655],[127.90264,37.3365],[127.90247,37.33638],[127.90168,37.33653],[127.90113,37.33675],[127.90067,37.33674],[127.90043,37.33698],[127.89917,37.33719],[127.89798,37.33716],[127.89735,37.33733],[127.89677,37.33756],[127.89654,37.33703],[127.89594,37.33655],[127.89564,37.33607],[127.89507,37.3361],[127.89529,37.33668],[127.89576,37.33751],[127.89573,37.33822],[127.89606,37.3395],[127.89608,37.33985],[127.89629,37.34043],[127.89673,37.34139],[127.89712,37.34242],[127.89735,37.34345],[127.89729,37.3438],[127.89708,37.34443],[127.89665,37.34492],[127.89592,37.34521],[127.89558,37.34547],[127.89504,37.34574],[127.89478,37.34561],[127.89409,37.34612],[127.893,37.34682],[127.89224,37.34685]]]},"properties":{"code":"32020360","name":"흥업면"}},{"type":"Feature","geometry":{"type":"Polygon","coordinates":[[[128.05198,37.30846],[128.05185,37.3087],[128.05069,37.3096],[128.05035,37.30971],[128.04961,37.31019],[128.04941,37.31046],[128.04886,37.31081],[128.04831,37.31104],[128.04811,37.31126],[128.04774,37.31191],[128.04757,37.3124],[128.047,37.3128],[128.04627,37.31323],[128.04542,37.31402],[128.04548,37.3144],[128.04513,37.31512],[128.04433,37.3156],[128.04381,37.31635],[128.04369,37.31669],[128.04317,37.31676],[128.04276,37.31776],[128.04204,37.31831],[128.04085,37.31835],[128.04053,37.31878],[128.04005,37.3191],[128.03971,37.31956],[128.03972,37.32018],[128.03937,37.32096],[128.03838,37.32167],[128.0384,37.32219],[128.03833,37.32264],[128.03804,37.32283],[128.03801,37.32352],[128.03769,37.32413],[128.0377,37.32453],[128.03759,37.32469],[128.03766,37.32532],[128.0375,37.32542],[128.03748,37.32574],[128.03732,37.32613],[128.03725,37.3267],[128.03741,37.32703],[128.03714,37.32763],[128.0356,37.32768],[128.03558,37.32824],[128.03512,37.3297],[128.03483,37.33092],[128.03436,37.331],[128.03406,37.33066],[128.03348,37.3302],[128.03283,37.32949],[128.03209,37.32924],[128.03209,37.32896],[128.03192,37.32861],[128.03171,37.32846],[128.03164,37.32813],[128.03026,37.32817],[128.02971,37.32806],[128.0291,37.32829],[128.02871,37.32823],[128.0284,37.32802],[128.02789,37.32797],[128.02654,37.32816],[128.02632,37.32754],[128.02572,37.32724],[128.02572,37.32713],[128.02526,37.32614],[128.02497,37.32572],[128.02498,37.32536],[128.02383,37.32476],[128.02321,37.32439],[128.02328,37.32373],[128.02318,37.32327],[128.0227,37.32275],[128.02258,37.32239],[128.02224,37.3221],[128.02172,37.32136],[128.02163,37.32083],[128.0218,37.32049],[128.02174,37.32012],[128.02212,37.3194],[128.02203,37.31883],[128.02159,37.31822],[128.02157,37.31782],[128.02137,37.31737],[128.02172,37.31687],[128.02183,37.31643],[128.02179,37.31607],[128.02161,37.31563],[128.02158,37.31508],[128.02142,37.31451],[128.02028,37.31348],[128.0188,37.31218],[128.01725,37.31146],[128.01728,37.31094],[128.01712,37.31028],[128.01632,37.30987],[128.01572,37.30949],[128.01514,37.30841],[128.01531,37.3059],[128.01515,37.30511],[128.01537,37.30426],[128.01521,37.30343],[128.01537,37.30271],[128.01386,37.30259],[128.01285,37.30284],[128.01213,37.30286],[128.0117,37.30259],[128.01132,37.30247],[128.01156,37.30165],[128.0115,37.30107],[128.01192,37.30036],[128.01157,37.29935],[128.01145,37.29872],[128.0115,37.29799],[128.01167,37.29769],[128.01242,37.29708],[128.01296,37.29612],[128.01223,37.29533],[128.01132,37.29422],[128.011,37.29356],[128.0108,37.29334],[128.01022,37.29308],[128.00967,37.29335],[128.00963,37.29381],[128.00898,37.29489],[128.00834,37.29522],[128.00815,37.29511],[128.00801,37.29479],[128.00719,37.29454],[128.00656,37.29409],[128.0057,37.29423],[128.00489,37.29458],[128.00412,37.29542],[128.0038,37.29587],[128.00344,37.29605],[128.00257,37.2963],[128.00178,37.29641],[128.00046,37.29655],[127.99977,37.29676],[127.99912,37.2966],[127.99817,37.29622],[127.99727,37.29655],[127.99647,37.29647],[127.99581,37.29601],[127.99495,37.29563],[127.99393,37.29572],[127.99279,37.29619],[127.99244,37.29588],[127.99208,37.29572],[127.99155,37.29581],[127.99116,37.2955],[127.99078,37.29539],[127.99037,37.29554],[127.99001,37.29542],[127.98923,37.29657],[127.98886,37.29685],[127.98811,37.29712],[127.98717,37.29754],[127.98617,37.29791],[127.98566,37.29815],[127.9852,37.29745],[127.98499,37.29729],[127.98449,37.29738],[127.98403,37.29681],[127.98375,37.29658],[127.98358,37.29602],[127.98303,37.29559],[127.9828,37.295],[127.9824,37.29446],[127.9823,37.29391],[127.98213,37.29342],[127.98157,37.29296],[127.98134,37.29256],[127.98092,37.29236],[127.98085,37.29211],[127.98066,37.29198],[127.98014,37.2909],[127.97981,37.29075],[127.97811,37.29126],[127.97728,37.29168],[127.97659,37.2924],[127.97655,37.29315],[127.97579,37.29339],[127.9755,37.29377],[127.97533,37.29459],[127.97498,37.29507],[127.97437,37.29572],[127.97395,37.29593],[127.97304,37.29579],[127.97292,37.29613],[127.97303,37.29652],[127.97296,37.29714],[127.9728,37.29778],[127.97333,37.29857],[127.97374,37.29884],[127.97436,37.29938],[127.97469,37.2998],[127.97471,37.30013],[127.97463,37.3005],[127.97463,37.30101],[127.97473,37.30153],[127.97511,37.3019],[127.97463,37.30218],[127.97445,37.30246],[127.97408,37.30219],[127.97368,37.30213],[127.97245,37.30147],[127.97224,37.30122],[127.97141,37.30077],[127.97093,37.30069],[127.97,37.30067],[127.96979,37.30046],[127.96923,37.30058],[127.96923,37.30086],[127.96882,37.30093],[127.9683,37.3011],[127.96803,37.30098],[127.96766,37.301],[127.96754,37.3012],[127.96688,37.30139],[127.96658,37.30184],[127.96611,37.30187],[127.96559,37.30214],[127.96494,37.30205],[127.96421,37.30171],[127.96363,37.3019],[127.96343,37.30188],[127.9635,37.30154],[127.96281,37.30109],[127.96202,37.30023],[127.96072,37.29971],[127.96054,37.30008],[127.96007,37.30043],[127.95959,37.30113],[127.95969,37.30154],[127.95912,37.30247],[127.95948,37.30315],[127.9594,37.30349],[127.95885,37.3041],[127.95911,37.30458],[127.95886,37.30501],[127.95798,37.30571],[127.95701,37.30681],[127.95627,37.30744],[127.95597,37.30813],[127.9562,37.30999],[127.95613,37.31058],[127.9556,37.31046],[127.95496,37.30994],[127.95393,37.30993],[127.95335,37.31021],[127.95297,37.30991],[127.95193,37.30995],[127.95113,37.31032],[127.95062,37.31076],[127.95043,37.31112],[127.94992,37.3113],[127.94944,37.31159],[127.94879,37.31123],[127.94843,37.31146],[127.94875,37.31234],[127.94842,37.31289],[127.94838,37.31313],[127.94873,37.31412],[127.94857,37.31432],[127.94876,37.31454],[127.9486,37.31501],[127.94826,37.31502],[127.94746,37.31538],[127.94692,37.31587],[127.946,37.31614],[127.94606,37.3164],[127.9463,37.31678],[127.94675,37.3171],[127.94668,37.31784],[127.94712,37.31827],[127.94733,37.31875],[127.94799,37.31847],[127.94867,37.31828],[127.94861,37.31779],[127.94988,37.31811],[127.9509,37.31843],[127.95182,37.31815],[127.95207,37.31866],[127.95256,37.31851],[127.95275,37.31906],[127.94783,37.3206],[127.94649,37.32098],[127.93994,37.32264],[127.93986,37.3222],[127.93853,37.32248],[127.93802,37.32286],[127.93756,37.32334],[127.93661,37.32454],[127.93631,37.32501],[127.93617,37.32456],[127.93586,37.32396],[127.93545,37.32397],[127.93509,37.32381],[127.93506,37.32337],[127.93435,37.32287],[127.93386,37.32176],[127.93417,37.32101],[127.93364,37.32024],[127.93245,37.31996],[127.93193,37.31947],[127.93109,37.31883],[127.93026,37.31903],[127.93005,37.31866],[127.92996,37.31789],[127.93032,37.31772],[127.93088,37.31736],[127.9311,37.31712],[127.93133,37.31668],[127.93137,37.31641],[127.9312,37.31624],[127.93137,37.31581],[127.93091,37.31573],[127.93048,37.31578],[127.9299,37.31568],[127.92885,37.31491],[127.92827,37.31517],[127.92805,37.31536],[127.92784,37.31524],[127.92683,37.31417],[127.92685,37.31379],[127.92653,37.31336],[127.92633,37.31274],[127.92649,37.31241],[127.92681,37.3123],[127.92682,37.31195],[127.92632,37.31144],[127.92622,37.31055],[127.92583,37.31047],[127.92595,37.30968],[127.92592,37.30936],[127.92564,37.30853],[127.92526,37.30782],[127.92642,37.30725],[127.92713,37.30708],[127.92698,37.30669],[127.92698,37.3064],[127.9266,37.30548],[127.92686,37.30487],[127.92672,37.30448],[127.92631,37.30376],[127.92625,37.30346],[127.92679,37.30318],[127.92679,37.30268],[127.92667,37.30209],[127.92686,37.30188],[127.92683,37.30157],[127.92715,37.30136],[127.92726,37.30047],[127.92744,37.29995],[127.9276,37.29969],[127.92864,37.29917],[127.92889,37.29847],[127.92885,37.29759],[127.92861,37.29729],[127.92763,37.29631],[127.92723,37.29578],[127.92692,37.29508],[127.92722,37.29489],[127.92713,37.29458],[127.92752,37.29428],[127.92783,37.29395],[127.92857,37.29391],[127.92861,37.29366],[127.92839,37.29311],[127.92834,37.29211],[127.92903,37.29155],[127.92973,37.29073],[127.9298,37.2901],[127.93009,37.289],[127.92919,37.28768],[127.9294,37.28757],[127.92958,37.28701],[127.92983,37.28673],[127.92989,37.28649],[127.9301,37.28638],[127.93011,37.28574],[127.93069,37.28561],[127.93118,37.28524],[127.93164,37.2853],[127.932,37.2852],[127.9322,37.28526],[127.93293,37.28485],[127.93339,37.28441],[127.93391,37.28404],[127.93413,37.28347],[127.93391,37.28254],[127.9342,37.28149],[127.93474,37.28103],[127.93493,37.28017],[127.93532,37.27952],[127.93484,37.27871],[127.93452,37.27757],[127.93475,37.27683],[127.93437,37.27611],[127.93365,37.27605],[127.93352,37.27534],[127.9322,37.27433],[127.93348,37.27368],[127.93405,37.2729],[127.93414,37.27209],[127.9334,37.27125],[127.9328,37.27093],[127.93244,37.27025],[127.93196,37.26996],[127.93202,37.26919],[127.93161,37.26891],[127.93149,37.26871],[127.93086,37.26835],[127.93067,37.26796],[127.93018,37.26756],[127.93026,37.26713],[127.93046,37.26668],[127.93012,37.26593],[127.93009,37.26514],[127.9299,37.26476],[127.93008,37.26413],[127.92979,37.26358],[127.92983,37.26289],[127.92959,37.26205],[127.92967,37.26162],[127.92943,37.25958],[127.92911,37.25897],[127.92887,37.25814],[127.92889,37.25728],[127.92918,37.25648],[127.92986,37.25545],[127.93039,37.25435],[127.93086,37.25392],[127.93138,37.2526],[127.93153,37.25167],[127.93183,37.25096],[127.9319,37.25003],[127.93258,37.24929],[127.93317,37.24911],[127.9338,37.24866],[127.93418,37.24826],[127.93479,37.24788],[127.93578,37.24748],[127.93666,37.24706],[127.93778,37.2458],[127.93872,37.2433],[127.9388,37.24255],[127.93901,37.24165],[127.93888,37.24074],[127.9401,37.24066],[127.9425,37.24042],[127.94374,37.24059],[127.94519,37.24056],[127.94646,37.24135],[127.94694,37.24184],[127.94709,37.24251],[127.94738,37.24418],[127.94908,37.24568],[127.95268,37.24792],[127.95409,37.24859],[127.95765,37.2498],[127.95954,37.25014],[127.96323,37.25073],[127.96455,37.25101],[127.96546,37.25194],[127.96635,37.25291],[127.96744,37.25383],[127.9688,37.25446],[127.96974,37.2557],[127.97191,37.25638],[127.97256,37.25636],[127.97316,37.25623],[127.97399,37.25631],[127.97458,37.25659],[127.97521,37.2567],[127.97641,37.25717],[127.9768,37.25738],[127.97745,37.25742],[127.97782,37.25769],[127.97844,37.25774],[127.97892,37.25785],[127.9799,37.25833],[127.98048,37.2577],[127.98141,37.25688],[127.98188,37.2568],[127.98261,37.25685],[127.98298,37.25711],[127.98316,37.25744],[127.98366,37.25748],[127.98471,37.25769],[127.98546,37.25814],[127.98694,37.25784],[127.98743,37.25741],[127.98769,37.25727],[127.98837,37.2571],[127.98895,37.25644],[127.98975,37.25599],[127.99031,37.25551],[127.99108,37.25519],[127.99154,37.25508],[127.99205,37.25504],[127.99277,37.25483],[127.99359,37.25405],[127.99423,37.25357],[127.99468,37.25383],[127.99537,37.25431],[127.99677,37.25448],[127.99707,37.25456],[127.99845,37.25464],[127.999,37.25486],[127.99973,37.25446],[127.99979,37.25388],[128.00005,37.25357],[128.00075,37.2534],[128.00127,37.25361],[128.00195,37.25338],[128.0022,37.25324],[128.00509,37.25254],[128.00566,37.25231],[128.00643,37.25252],[128.00797,37.25212],[128.00868,37.25092],[128.009,37.25065],[128.00945,37.25068],[128.00998,37.25028],[128.01084,37.25003],[128.01136,37.24914],[128.0118,37.24888],[128.01223,37.24817],[128.01259,37.24769],[128.01391,37.24704],[128.01556,37.2468],[128.01575,37.24669],[128.01659,37.2469],[128.01765,37.24619],[128.01826,37.24571],[128.01833,37.24546],[128.01856,37.2453],[128.01904,37.24476],[128.01921,37.2444],[128.02044,37.24433],[128.0216,37.24456],[128.02281,37.24462],[128.02384,37.24502],[128.02498,37.24524],[128.02631,37.24538],[128.02665,37.24558],[128.02783,37.24551],[128.02875,37.24593],[128.02973,37.24603],[128.03006,37.24643],[128.03121,37.24616],[128.03175,37.24596],[128.03219,37.24615],[128.03269,37.24672],[128.03324,37.24699],[128.03376,37.24759],[128.03424,37.2479],[128.0356,37.24834],[128.03582,37.24872],[128.03667,37.24893],[128.03712,37.24941],[128.03833,37.24977],[128.03842,37.25052],[128.03941,37.25133],[128.03955,37.25253],[128.04008,37.25352],[128.0404,37.25395],[128.04075,37.25491],[128.0407,37.25582],[128.04087,37.25655],[128.04125,37.25683],[128.04139,37.25744],[128.04174,37.25784],[128.04216,37.25818],[128.04197,37.25837],[128.04209,37.25855],[128.0423,37.25947],[128.0427,37.25989],[128.04297,37.26044],[128.04332,37.26188],[128.04399,37.26228],[128.04534,37.26294],[128.04605,37.26311],[128.04688,37.2632],[128.04758,37.26357],[128.04782,37.26426],[128.04744,37.2651],[128.04728,37.26567],[128.04761,37.26614],[128.04778,37.26718],[128.04862,37.26803],[128.04891,37.26843],[128.04894,37.26928],[128.04878,37.26947],[128.04865,37.26997],[128.04954,37.27043],[128.05008,37.27046],[128.05041,37.27062],[128.05103,37.27115],[128.05117,37.27164],[128.05126,37.27244],[128.05175,37.27359],[128.05269,37.27481],[128.05313,37.27521],[128.05226,37.2764],[128.05135,37.27794],[128.05112,37.27943],[128.05041,37.28069],[128.04988,37.28216],[128.04787,37.28597],[128.04776,37.28697],[128.04794,37.28812],[128.04868,37.29021],[128.04853,37.29152],[128.04858,37.29354],[128.04848,37.29516],[128.04935,37.29614],[128.0499,37.29758],[128.04976,37.29978],[128.0502,37.30187],[128.05106,37.30374],[128.05149,37.30552],[128.05166,37.30571],[128.05179,37.30636],[128.05162,37.30672],[128.05174,37.30744],[128.05206,37.30817],[128.05198,37.30846]]]},"properties":{"code":"32020370","name":"판부면"}},{"type":"Feature","geometry":{"type":"Polygon","coordinates":[[[128.10857,37.29878],[128.10773,37.29934],[128.10724,37.2996],[128.10627,37.29978],[128.10576,37.29998],[128.10452,37.30091],[128.1042,37.30091],[128.10292,37.30032],[128.10168,37.29954],[128.1013,37.29967],[128.10083,37.30006],[128.10011,37.30081],[128.09955,37.30066],[128.09814,37.30126],[128.09751,37.30094],[128.09652,37.30103],[128.09536,37.30058],[128.0946,37.30059],[128.09368,37.30053],[128.09271,37.30088],[128.09219,37.30086],[128.0914,37.30123],[128.09138,37.30139],[128.09079,37.30136],[128.09005,37.30165],[128.0889,37.30181],[128.0882,37.30087],[128.08785,37.30085],[128.08741,37.30095],[128.08686,37.30095],[128.08654,37.30136],[128.08592,37.30157],[128.08568,37.30175],[128.08493,37.30198],[128.08468,37.30184],[128.08406,37.30195],[128.08342,37.30175],[128.0832,37.30206],[128.08122,37.30339],[128.08075,37.30331],[128.07933,37.30345],[128.0778,37.30413],[128.07654,37.30388],[128.07576,37.30412],[128.07462,37.30431],[128.07365,37.30439],[128.07334,37.30473],[128.07185,37.30603],[128.07055,37.30692],[128.06975,37.30759],[128.06811,37.3085],[128.06654,37.30885],[128.06565,37.30884],[128.06476,37.30878],[128.06384,37.3088],[128.06219,37.30926],[128.06037,37.30914],[128.05804,37.30918],[128.05716,37.30907],[128.05634,37.30913],[128.05524,37.30904],[128.05495,37.30911],[128.05339,37.3087],[128.05279,37.30864],[128.05198,37.30846],[128.05206,37.30817],[128.05174,37.30744],[128.05162,37.30672],[128.05179,37.30636],[128.05166,37.30571],[128.05149,37.30552],[128.05106,37.30374],[128.0502,37.30187],[128.04976,37.29978],[128.0499,37.29758],[128.04935,37.29614],[128.04848,37.29516],[128.04858,37.29354],[128.04853,37.29152],[128.04868,37.29021],[128.04794,37.28812],[128.04776,37.28697],[128.04787,37.28597],[128.04988,37.28216],[128.05041,37.28069],[128.05112,37.27943],[128.05135,37.27794],[128.05226,37.2764],[128.05313,37.27521],[128.05269,37.27481],[128.05175,37.27359],[128.05126,37.27244],[128.05117,37.27164],[128.05103,37.27115],[128.05041,37.27062],[128.05008,37.27046],[128.04954,37.27043],[128.04865,37.26997],[128.04878,37.26947],[128.04894,37.26928],[128.04891,37.26843],[128.04862,37.26803],[128.04778,37.26718],[128.04761,37.26614],[128.04728,37.26567],[128.04744,37.2651],[128.04782,37.26426],[128.04758,37.26357],[128.04688,37.2632],[128.04605,37.26311],[128.04534,37.26294],[128.04399,37.26228],[128.04332,37.26188],[128.04297,37.26044],[128.0427,37.25989],[128.0423,37.25947],[128.04209,37.25855],[128.04197,37.25837],[128.04216,37.25818],[128.04174,37.25784],[128.04139,37.25744],[128.04125,37.25683],[128.04087,37.25655],[128.0407,37.25582],[128.04075,37.25491],[128.0404,37.25395],[128.04008,37.25352],[128.03955,37.25253],[128.03941,37.25133],[128.03842,37.25052],[128.03833,37.24977],[128.03712,37.24941],[128.03667,37.24893],[128.03582,37.24872],[128.0356,37.24834],[128.03424,37.2479],[128.03376,37.24759],[128.03324,37.24699],[128.03269,37.24672],[128.03219,37.24615],[128.03175,37.24596],[128.03121,37.24616],[128.03006,37.24643],[128.02973,37.24603],[128.02875,37.24593],[128.02783,37.24551],[128.02665,37.24558],[128.02631,37.24538],[128.02498,37.24524],[128.02384,37.24502],[128.02281,37.24462],[128.0216,37.24456],[128.02044,37.24433],[128.01921,37.2444],[128.01941,37.24295],[128.01995,37.24138],[128.02009,37.24044],[128.01989,37.23943],[128.01976,37.23814],[128.01992,37.23657],[128.0203,37.23488],[128.02093,37.23285],[128.0211,37.2303],[128.02186,37.22825],[128.02229,37.22755],[128.02268,37.22663],[128.02302,37.22563],[128.02421,37.22562],[128.02583,37.22597],[128.02671,37.22509],[128.02771,37.22513],[128.02879,37.22451],[128.02989,37.22431],[128.03122,37.22382],[128.03213,37.2238],[128.03218,37.22341],[128.03216,37.22274],[128.03201,37.2219],[128.03205,37.22135],[128.03216,37.22108],[128.03284,37.22012],[128.03344,37.21952],[128.0353,37.21874],[128.03608,37.21861],[128.03723,37.21764],[128.03764,37.21707],[128.03875,37.21604],[128.03896,37.21538],[128.03888,37.21471],[128.0383,37.21426],[128.03782,37.21368],[128.0371,37.21339],[128.03688,37.21276],[128.03586,37.21211],[128.03377,37.2113],[128.03308,37.21081],[128.03282,37.21015],[128.03298,37.20938],[128.03278,37.20872],[128.03223,37.20815],[128.03114,37.20781],[128.03053,37.20703],[128.02999,37.20577],[128.02954,37.20367],[128.02835,37.20304],[128.0283,37.20232],[128.02858,37.20189],[128.02952,37.20087],[128.03067,37.2001],[128.03162,37.19934],[128.0319,37.19861],[128.03224,37.19804],[128.03212,37.1978],[128.03231,37.1972],[128.03237,37.19612],[128.03222,37.19388],[128.03264,37.19312],[128.03333,37.1923],[128.03391,37.19141],[128.0349,37.19055],[128.03587,37.18979],[128.0372,37.18928],[128.03865,37.18912],[128.04015,37.18902],[128.04107,37.18899],[128.04246,37.18977],[128.04304,37.19048],[128.04377,37.19089],[128.04428,37.19086],[128.04703,37.18964],[128.04744,37.18975],[128.04806,37.1896],[128.04894,37.18977],[128.04981,37.18958],[128.0501,37.18991],[128.05069,37.19035],[128.05122,37.1905],[128.05182,37.19091],[128.05351,37.19125],[128.05473,37.19153],[128.05505,37.19169],[128.05547,37.19224],[128.0572,37.19304],[128.05881,37.19376],[128.06047,37.19409],[128.06206,37.19344],[128.06288,37.19282],[128.06356,37.19282],[128.06407,37.19304],[128.06468,37.19341],[128.06545,37.19363],[128.06577,37.19389],[128.06733,37.19394],[128.06824,37.19418],[128.06894,37.19424],[128.07003,37.19449],[128.07139,37.19445],[128.07202,37.19449],[128.0723,37.19421],[128.07299,37.19382],[128.07314,37.19363],[128.07392,37.19311],[128.07431,37.19309],[128.0756,37.19373],[128.07649,37.19388],[128.07754,37.1937],[128.07946,37.19474],[128.08256,37.19594],[128.08565,37.19703],[128.08665,37.19799],[128.08707,37.19852],[128.08827,37.19941],[128.092,37.19931],[128.09257,37.19928],[128.09394,37.19982],[128.09433,37.19989],[128.09506,37.19992],[128.09528,37.20011],[128.09535,37.2004],[128.09615,37.20043],[128.09646,37.2005],[128.09722,37.20099],[128.09814,37.20129],[128.09835,37.20143],[128.09882,37.20146],[128.09915,37.20163],[128.09926,37.20187],[128.09952,37.20174],[128.1,37.2017],[128.10035,37.2018],[128.10082,37.20206],[128.10129,37.20222],[128.10184,37.20232],[128.10278,37.20277],[128.1033,37.20293],[128.10372,37.20328],[128.10439,37.20364],[128.10509,37.2038],[128.10572,37.20441],[128.10615,37.20475],[128.10662,37.205],[128.10758,37.20522],[128.10818,37.20543],[128.1088,37.20573],[128.1092,37.20644],[128.10945,37.20667],[128.11009,37.20693],[128.11036,37.20691],[128.11065,37.20721],[128.1115,37.20767],[128.11174,37.20797],[128.11185,37.20835],[128.11182,37.20893],[128.11173,37.20924],[128.11139,37.20955],[128.11115,37.21015],[128.11135,37.21044],[128.11223,37.21078],[128.11277,37.21147],[128.11326,37.21238],[128.11375,37.21266],[128.11417,37.21305],[128.1143,37.21386],[128.11418,37.21478],[128.11426,37.21526],[128.11449,37.21569],[128.11472,37.21586],[128.11511,37.21634],[128.11521,37.21664],[128.115,37.21711],[128.11473,37.21814],[128.11478,37.21842],[128.115,37.21885],[128.11534,37.21965],[128.11551,37.22027],[128.11601,37.22089],[128.11689,37.22164],[128.11844,37.22284],[128.12017,37.22371],[128.12236,37.2252],[128.12209,37.22558],[128.12186,37.22609],[128.12182,37.22641],[128.12141,37.22675],[128.12111,37.22689],[128.1208,37.2273],[128.12127,37.22768],[128.12141,37.22846],[128.12167,37.22895],[128.12151,37.22933],[128.1217,37.22959],[128.12226,37.23007],[128.12249,37.23048],[128.1233,37.23096],[128.12331,37.23132],[128.12371,37.23167],[128.124,37.23259],[128.12463,37.23326],[128.12459,37.23382],[128.12532,37.23454],[128.12591,37.2344],[128.12629,37.23459],[128.12693,37.23434],[128.12761,37.23423],[128.12783,37.23377],[128.12799,37.23361],[128.12884,37.23358],[128.12924,37.23377],[128.12957,37.23375],[128.12979,37.23351],[128.13043,37.23259],[128.13045,37.23229],[128.13132,37.23155],[128.13226,37.23093],[128.13231,37.23018],[128.1326,37.23013],[128.1329,37.2298],[128.13349,37.22973],[128.13552,37.22977],[128.13641,37.22987],[128.13729,37.22981],[128.13844,37.22997],[128.14055,37.22955],[128.14204,37.2286],[128.14228,37.22726],[128.14214,37.2261],[128.14232,37.22434],[128.14271,37.22414],[128.143,37.22375],[128.14363,37.22338],[128.14466,37.22232],[128.14561,37.22184],[128.14638,37.22232],[128.14689,37.22232],[128.14743,37.22195],[128.14881,37.22068],[128.14945,37.22057],[128.15034,37.22074],[128.15086,37.22074],[128.15254,37.21745],[128.15416,37.21586],[128.15467,37.21567],[128.15541,37.21583],[128.15656,37.21594],[128.15709,37.21618],[128.15802,37.21631],[128.15927,37.21588],[128.15988,37.2158],[128.16038,37.21549],[128.16146,37.2154],[128.16166,37.21486],[128.16234,37.21458],[128.16296,37.21385],[128.16404,37.21331],[128.16448,37.21346],[128.16476,37.21376],[128.16524,37.21393],[128.16664,37.21477],[128.16706,37.2148],[128.16702,37.21522],[128.16828,37.21596],[128.16867,37.21666],[128.16921,37.21706],[128.16967,37.21781],[128.17148,37.21786],[128.17213,37.21803],[128.17288,37.21875],[128.17307,37.21906],[128.17265,37.22173],[128.17259,37.2242],[128.17253,37.22494],[128.17285,37.22527],[128.17357,37.22558],[128.17399,37.22637],[128.17488,37.22685],[128.17508,37.22731],[128.17549,37.22792],[128.17604,37.22835],[128.17593,37.22855],[128.17531,37.22889],[128.17491,37.22924],[128.1743,37.23026],[128.17362,37.23101],[128.17374,37.23147],[128.17403,37.23214],[128.1741,37.23261],[128.17456,37.23292],[128.17556,37.23318],[128.17599,37.23372],[128.1771,37.23392],[128.17749,37.23437],[128.17788,37.23533],[128.17824,37.23554],[128.17914,37.23576],[128.18019,37.23639],[128.18419,37.23828],[128.18496,37.23885],[128.18556,37.23962],[128.18616,37.24011],[128.18653,37.24031],[128.18826,37.24137],[128.18923,37.24203],[128.18988,37.2428],[128.19091,37.24336],[128.1928,37.24486],[128.19301,37.24497],[128.19317,37.24524],[128.19361,37.24525],[128.19426,37.24548],[128.19466,37.24574],[128.19556,37.24577],[128.19583,37.2457],[128.19658,37.24574],[128.19911,37.2468],[128.19968,37.24699],[128.2002,37.24724],[128.20062,37.24837],[128.20118,37.24897],[128.20187,37.24896],[128.20339,37.24904],[128.20395,37.24899],[128.20486,37.24879],[128.20581,37.24871],[128.20678,37.24874],[128.2078,37.24882],[128.20859,37.2489],[128.20888,37.24963],[128.20932,37.25012],[128.20918,37.25085],[128.20949,37.25124],[128.20951,37.25163],[128.20931,37.25176],[128.20937,37.2526],[128.20972,37.25315],[128.20957,37.25436],[128.21004,37.25482],[128.21029,37.25533],[128.21048,37.25605],[128.21111,37.25718],[128.21142,37.25793],[128.21142,37.25816],[128.21161,37.25864],[128.21158,37.25939],[128.21186,37.25949],[128.2121,37.25977],[128.21194,37.26078],[128.21224,37.26115],[128.21266,37.26144],[128.21307,37.26206],[128.21305,37.26252],[128.21282,37.2627],[128.21272,37.26327],[128.21279,37.26348],[128.21252,37.26379],[128.21293,37.26384],[128.21274,37.26442],[128.21292,37.26501],[128.21282,37.26566],[128.21301,37.26614],[128.2123,37.26655],[128.2115,37.2672],[128.21138,37.26779],[128.21159,37.26889],[128.21178,37.26945],[128.21145,37.27057],[128.21185,37.27208],[128.21177,37.27315],[128.21139,37.27424],[128.21074,37.27507],[128.21107,37.27535],[128.21169,37.27551],[128.21276,37.27564],[128.21317,37.27614],[128.21354,37.27639],[128.21407,37.27688],[128.21487,37.27712],[128.2155,37.27724],[128.21568,37.27738],[128.21655,37.27725],[128.21689,37.27782],[128.21785,37.27757],[128.21846,37.27856],[128.21789,37.27953],[128.21692,37.2803],[128.21675,37.28137],[128.21617,37.28219],[128.21643,37.28322],[128.21591,37.28402],[128.21565,37.28473],[128.21508,37.28538],[128.21491,37.28665],[128.2145,37.28689],[128.21421,37.2875],[128.21412,37.28815],[128.21288,37.28882],[128.21154,37.2887],[128.21007,37.28894],[128.20852,37.28874],[128.20774,37.28813],[128.20657,37.28783],[128.2058,37.2888],[128.20555,37.28938],[128.20468,37.28993],[128.20447,37.29013],[128.20345,37.28988],[128.20261,37.29029],[128.20182,37.29086],[128.20143,37.29124],[128.20084,37.29232],[128.20041,37.293],[128.20008,37.29336],[128.19975,37.29357],[128.19958,37.29388],[128.19936,37.29478],[128.19837,37.29609],[128.19785,37.29655],[128.19736,37.29684],[128.19628,37.29728],[128.19608,37.29742],[128.19574,37.29743],[128.19446,37.29728],[128.19366,37.29702],[128.1929,37.29668],[128.19199,37.29613],[128.19156,37.29582],[128.19151,37.29544],[128.19162,37.2944],[128.19144,37.2942],[128.19042,37.29364],[128.19025,37.29346],[128.18964,37.29326],[128.18809,37.29284],[128.18736,37.29305],[128.18621,37.29283],[128.18551,37.29236],[128.18526,37.29238],[128.18453,37.29226],[128.18333,37.29276],[128.18267,37.29289],[128.18201,37.29258],[128.18121,37.29242],[128.18085,37.29222],[128.18047,37.2922],[128.1796,37.29195],[128.17882,37.29186],[128.17837,37.29141],[128.1784,37.29094],[128.17818,37.29074],[128.17802,37.29023],[128.17781,37.28988],[128.17788,37.28947],[128.17765,37.28912],[128.17775,37.28869],[128.17805,37.28845],[128.17813,37.28811],[128.17838,37.28795],[128.17852,37.28761],[128.17857,37.28696],[128.17871,37.28664],[128.17863,37.28637],[128.1789,37.2856],[128.17909,37.2854],[128.17908,37.28486],[128.17886,37.28473],[128.17901,37.28424],[128.17865,37.28394],[128.17875,37.28346],[128.17822,37.28317],[128.17803,37.2827],[128.17769,37.28245],[128.17769,37.28172],[128.17794,37.28144],[128.17811,37.28095],[128.17784,37.28033],[128.17783,37.27952],[128.17642,37.27922],[128.17524,37.27924],[128.17417,37.27905],[128.17328,37.27921],[128.17263,37.27878],[128.17212,37.27851],[128.17163,37.27795],[128.17079,37.27771],[128.17016,37.27792],[128.16969,37.27722],[128.16871,37.27679],[128.16797,37.27621],[128.16717,37.27617],[128.16631,37.27573],[128.16584,37.27568],[128.16467,37.27539],[128.16393,37.27486],[128.16391,37.27447],[128.16341,37.27392],[128.16287,37.27378],[128.16163,37.27385],[128.16026,37.27368],[128.15935,37.27386],[128.15854,37.27317],[128.1576,37.2731],[128.1571,37.27323],[128.15653,37.27301],[128.15481,37.2726],[128.1532,37.27254],[128.15246,37.27225],[128.1502,37.27256],[128.14878,37.27241],[128.14843,37.27245],[128.1472,37.2722],[128.14599,37.27212],[128.14485,37.27157],[128.14256,37.27104],[128.14094,37.27128],[128.14051,37.27119],[128.13885,37.27149],[128.13833,37.27182],[128.1368,37.2718],[128.13577,37.27213],[128.13495,37.27265],[128.13418,37.27303],[128.13269,37.27389],[128.13207,37.2742],[128.13137,37.27448],[128.12987,37.2745],[128.12862,37.27472],[128.12741,37.27434],[128.12597,37.27495],[128.12555,37.27522],[128.12468,37.27515],[128.12384,37.27463],[128.12141,37.27222],[128.11964,37.27243],[128.11883,37.27233],[128.11806,37.27263],[128.1174,37.27264],[128.11662,37.27226],[128.11555,37.27248],[128.11516,37.27306],[128.11459,37.27349],[128.11499,37.27434],[128.11516,37.27521],[128.11545,37.27597],[128.11545,37.27651],[128.11501,37.27683],[128.11453,37.27753],[128.1142,37.2783],[128.11339,37.27835],[128.11309,37.27828],[128.11204,37.27879],[128.11169,37.27881],[128.11105,37.27917],[128.11042,37.27924],[128.11001,37.28044],[128.10989,37.28066],[128.10984,37.28117],[128.11013,37.28191],[128.11044,37.28243],[128.11007,37.28321],[128.10896,37.28384],[128.10888,37.28458],[128.10871,37.28513],[128.10878,37.28559],[128.10854,37.28617],[128.10866,37.28705],[128.10892,37.288],[128.10913,37.28848],[128.10786,37.28968],[128.10783,37.28997],[128.10761,37.29029],[128.10766,37.29085],[128.10727,37.29134],[128.10716,37.29276],[128.10741,37.29361],[128.10766,37.2937],[128.10791,37.29454],[128.10829,37.29491],[128.10868,37.29564],[128.10895,37.2967],[128.10875,37.29724],[128.1088,37.29832],[128.10857,37.29878]]]},"properties":{"code":"32020380","name":"신림면"}},{"type":"Feature","geometry":{"type":"Polygon","coordinates":[[[127.95018,37.36552],[127.95005,37.3661],[127.94962,37.36714],[127.94939,37.36745],[127.94844,37.36813],[127.94836,37.36916],[127.94845,37.37077],[127.94856,37.37145],[127.9488,37.37221],[127.94894,37.37346],[127.94891,37.37413],[127.9486,37.37522],[127.94822,37.37548],[127.94785,37.37601],[127.94718,37.37669],[127.94658,37.37723],[127.94525,37.37825],[127.94494,37.37777],[127.94499,37.37739],[127.9454,37.37676],[127.94529,37.37551],[127.94512,37.37483],[127.94476,37.37424],[127.9442,37.37359],[127.94413,37.37318],[127.9443,37.37244],[127.94417,37.37157],[127.94421,37.3711],[127.94412,37.37066],[127.94412,37.37016],[127.94394,37.36969],[127.94372,37.36883],[127.94361,37.36795],[127.94349,37.36762],[127.94268,37.36683],[127.9423,37.36694],[127.9418,37.36662],[127.94084,37.36587],[127.94053,37.36544],[127.94038,37.36459],[127.94041,37.36438],[127.94074,37.36399],[127.94104,37.36331],[127.94112,37.3623],[127.94123,37.36178],[127.94119,37.36129],[127.94098,37.3606],[127.94034,37.36107],[127.94029,37.36058],[127.94035,37.36053],[127.9423,37.35821],[127.9442,37.35587],[127.94526,37.35441],[127.94645,37.35273],[127.94647,37.35273],[127.94847,37.34998],[127.95043,37.3484],[127.95139,37.34786],[127.95275,37.34661],[127.95444,37.34751],[127.95467,37.34736],[127.95537,37.34751],[127.95497,37.3485],[127.95484,37.34919],[127.95486,37.34993],[127.95497,37.35037],[127.9546,37.35155],[127.95408,37.3521],[127.95371,37.35334],[127.95358,37.35411],[127.95325,37.35502],[127.95251,37.35615],[127.95212,37.35697],[127.95191,37.35763],[127.95131,37.35801],[127.95094,37.35888],[127.95088,37.35922],[127.95146,37.36005],[127.95153,37.3605],[127.95114,37.36165],[127.95073,37.36326],[127.95051,37.36433],[127.95035,37.36466],[127.95018,37.36552]]]},"properties":{"code":"32020510","name":"중앙동"}},{"type":"Feature","geometry":{"type":"Polygon","coordinates":[[[127.95537,37.34751],[127.95467,37.34736],[127.95444,37.34751],[127.95275,37.34661],[127.95139,37.34786],[127.95067,37.3474],[127.95035,37.34738],[127.9498,37.34719],[127.94957,37.34697],[127.94908,37.34692],[127.9487,37.34718],[127.94721,37.34635],[127.94671,37.34612],[127.94609,37.34571],[127.94581,37.34568],[127.94537,37.34539],[127.94447,37.3452],[127.94415,37.34477],[127.94385,37.34422],[127.94334,37.34421],[127.94305,37.34385],[127.94282,37.34375],[127.94249,37.34316],[127.94116,37.34221],[127.94134,37.34215],[127.94293,37.3417],[127.94323,37.3413],[127.94354,37.3412],[127.94442,37.34061],[127.94516,37.34137],[127.94534,37.34137],[127.94556,37.34202],[127.94586,37.34186],[127.94612,37.34095],[127.94682,37.34087],[127.94728,37.34073],[127.94746,37.34097],[127.94806,37.34118],[127.94832,37.34145],[127.94812,37.34156],[127.94811,37.34208],[127.94779,37.34237],[127.94782,37.34265],[127.94878,37.34261],[127.94885,37.34281],[127.9494,37.34309],[127.94989,37.34359],[127.95006,37.34443],[127.95032,37.34461],[127.951,37.34436],[127.95127,37.34442],[127.95242,37.34446],[127.95338,37.34439],[127.95369,37.34445],[127.95369,37.34419],[127.95393,37.34409],[127.95451,37.34441],[127.95482,37.34418],[127.95494,37.3444],[127.95508,37.34499],[127.95529,37.34496],[127.95521,37.34553],[127.95526,37.34574],[127.95581,37.34506],[127.95633,37.34557],[127.9562,37.3457],[127.95557,37.3466],[127.95537,37.34751]]]},"properties":{"code":"32020520","name":"원인동"}},{"type":"Feature","geometry":{"type":"Polygon","coordinates":[[[127.95633,37.34557],[127.95581,37.34506],[127.95526,37.34574],[127.95521,37.34553],[127.95529,37.34496],[127.95508,37.34499],[127.95494,37.3444],[127.95482,37.34418],[127.9546,37.34381],[127.95502,37.34263],[127.95459,37.34199],[127.95444,37.34156],[127.95419,37.34108],[127.95328,37.3409],[127.95269,37.34026],[127.95195,37.33919],[127.95123,37.33799],[127.95142,37.33757],[127.95137,37.33722],[127.95112,37.337],[127.95,37.33571],[127.9496,37.3354],[127.94921,37.33576],[127.94788,37.33425],[127.94768,37.33383],[127.94727,37.33242],[127.94748,37.33227],[127.94911,37.33113],[127.95084,37.32996],[127.95328,37.3327],[127.95358,37.33323],[127.95383,37.33385],[127.95454,37.33407],[127.95492,37.3345],[127.95487,37.33494],[127.95492,37.33545],[127.9553,37.33615],[127.95538,37.3366],[127.95579,37.33712],[127.95615,37.33739],[127.95618,37.33696],[127.9571,37.3372],[127.95709,37.33733],[127.95906,37.33789],[127.95932,37.33768],[127.95986,37.33652],[127.96008,37.33665],[127.96048,37.33655],[127.96092,37.33655],[127.9612,37.33667],[127.96121,37.3369],[127.96175,37.33697],[127.96245,37.33714],[127.96259,37.338],[127.96357,37.33785],[127.96426,37.3377],[127.96499,37.33767],[127.96511,37.33796],[127.96417,37.33871],[127.96437,37.3399],[127.96555,37.33984],[127.96544,37.34007],[127.96532,37.34031],[127.96399,37.34159],[127.96385,37.34178],[127.96246,37.34211],[127.9622,37.34201],[127.96112,37.34263],[127.96052,37.34283],[127.96044,37.34314],[127.96011,37.34362],[127.95968,37.34382],[127.95849,37.34403],[127.95802,37.34419],[127.95741,37.34455],[127.95741,37.34507],[127.95665,37.34532],[127.95633,37.34557]]]},"properties":{"code":"32020530","name":"개운동"}},{"type":"Feature","geometry":{"type":"Polygon","coordinates":[[[127.95482,37.34418],[127.95451,37.34441],[127.95393,37.34409],[127.95369,37.34419],[127.95369,37.34445],[127.95338,37.34439],[127.95242,37.34446],[127.95127,37.34442],[127.951,37.34436],[127.95032,37.34461],[127.95006,37.34443],[127.94989,37.34359],[127.9494,37.34309],[127.94885,37.34281],[127.94878,37.34261],[127.94782,37.34265],[127.94779,37.34237],[127.94811,37.34208],[127.94812,37.34156],[127.94832,37.34145],[127.94806,37.34118],[127.94746,37.34097],[127.94728,37.34073],[127.94682,37.34087],[127.94612,37.34095],[127.94586,37.34186],[127.94556,37.34202],[127.94534,37.34137],[127.94516,37.34137],[127.94442,37.34061],[127.94354,37.3412],[127.94323,37.3413],[127.94293,37.3417],[127.94134,37.34215],[127.94045,37.34141],[127.94035,37.34145],[127.93799,37.33996],[127.93796,37.33994],[127.93945,37.33866],[127.94105,37.33729],[127.94158,37.33702],[127.94161,37.33684],[127.94194,37.3367],[127.94227,37.33638],[127.94215,37.33626],[127.94261,37.33575],[127.94301,37.33543],[127.9444,37.33438],[127.94507,37.33395],[127.947,37.33256],[127.94708,37.33215],[127.94748,37.33227],[127.94727,37.33242],[127.94768,37.33383],[127.94788,37.33425],[127.94921,37.33576],[127.9496,37.3354],[127.95,37.33571],[127.95112,37.337],[127.95137,37.33722],[127.95142,37.33757],[127.95123,37.33799],[127.95195,37.33919],[127.95269,37.34026],[127.95328,37.3409],[127.95419,37.34108],[127.95444,37.34156],[127.95459,37.34199],[127.95502,37.34263],[127.9546,37.34381],[127.95482,37.34418]]]},"properties":{"code":"32020540","name":"명륜1동"}},{"type":"Feature","geometry":{"type":"Polygon","coordinates":[[[127.93945,37.33866],[127.93926,37.3384],[127.93835,37.33787],[127.93825,37.3379],[127.93725,37.33692],[127.93842,37.33601],[127.9385,37.33581],[127.93869,37.33439],[127.93829,37.334],[127.93829,37.33385],[127.93793,37.33315],[127.93825,37.33268],[127.93801,37.33212],[127.93777,37.3312],[127.93764,37.33112],[127.93775,37.33041],[127.93766,37.32996],[127.93747,37.32968],[127.9379,37.32922],[127.93799,37.32878],[127.93774,37.32832],[127.93774,37.32802],[127.93717,37.32848],[127.93666,37.32852],[127.93628,37.32841],[127.93607,37.32818],[127.93579,37.32711],[127.93546,37.32636],[127.93594,37.32616],[127.93605,37.3259],[127.93586,37.3256],[127.93611,37.32507],[127.93631,37.32501],[127.93661,37.32454],[127.93756,37.32334],[127.93802,37.32286],[127.93853,37.32248],[127.93986,37.3222],[127.93994,37.32264],[127.9407,37.32455],[127.94099,37.32503],[127.94128,37.32534],[127.94432,37.32773],[127.94483,37.32828],[127.94627,37.33061],[127.94619,37.33064],[127.94671,37.33147],[127.94708,37.33215],[127.947,37.33256],[127.94507,37.33395],[127.9444,37.33438],[127.94301,37.33543],[127.94261,37.33575],[127.94215,37.33626],[127.94227,37.33638],[127.94194,37.3367],[127.94161,37.33684],[127.94158,37.33702],[127.94105,37.33729],[127.93945,37.33866]]]},"properties":{"code":"32020550","name":"명륜2동"}},{"type":"Feature","geometry":{"type":"Polygon","coordinates":[[[127.96499,37.33767],[127.96426,37.3377],[127.96357,37.33785],[127.96259,37.338],[127.96245,37.33714],[127.96175,37.33697],[127.96121,37.3369],[127.9612,37.33667],[127.96092,37.33655],[127.96048,37.33655],[127.96008,37.33665],[127.95986,37.33652],[127.95932,37.33768],[127.95906,37.33789],[127.95709,37.33733],[127.9571,37.3372],[127.95618,37.33696],[127.95615,37.33739],[127.95579,37.33712],[127.95538,37.3366],[127.9553,37.33615],[127.95492,37.33545],[127.95487,37.33494],[127.95492,37.3345],[127.95454,37.33407],[127.95383,37.33385],[127.95358,37.33323],[127.95328,37.3327],[127.95084,37.32996],[127.94911,37.33113],[127.94748,37.33227],[127.94708,37.33215],[127.94671,37.33147],[127.94619,37.33064],[127.94627,37.33061],[127.94483,37.32828],[127.94432,37.32773],[127.94128,37.32534],[127.94099,37.32503],[127.9407,37.32455],[127.93994,37.32264],[127.94649,37.32098],[127.94783,37.3206],[127.95275,37.31906],[127.95256,37.31851],[127.95207,37.31866],[127.95182,37.31815],[127.9509,37.31843],[127.94988,37.31811],[127.94861,37.31779],[127.94867,37.31828],[127.94799,37.31847],[127.94733,37.31875],[127.94712,37.31827],[127.94668,37.31784],[127.94675,37.3171],[127.9463,37.31678],[127.94606,37.3164],[127.946,37.31614],[127.94692,37.31587],[127.94746,37.31538],[127.94826,37.31502],[127.9486,37.31501],[127.94876,37.31454],[127.94857,37.31432],[127.94873,37.31412],[127.94838,37.31313],[127.94842,37.31289],[127.94875,37.31234],[127.94843,37.31146],[127.94879,37.31123],[127.94944,37.31159],[127.94992,37.3113],[127.95043,37.31112],[127.95062,37.31076],[127.95113,37.31032],[127.95193,37.30995],[127.95297,37.30991],[127.95335,37.31021],[127.95393,37.30993],[127.95496,37.30994],[127.9556,37.31046],[127.95613,37.31058],[127.95691,37.31127],[127.9578,37.31178],[127.95839,37.31181],[127.95906,37.31214],[127.95985,37.31325],[127.96026,37.31353],[127.96044,37.31387],[127.9597,37.31444],[127.95746,37.31514],[127.95837,37.31878],[127.95856,37.31925],[127.96064,37.32297],[127.96082,37.32288],[127.96144,37.32233],[127.96178,37.3227],[127.96202,37.3228],[127.96209,37.323],[127.96337,37.32186],[127.9666,37.3191],[127.96823,37.31766],[127.97071,37.31553],[127.97119,37.31575],[127.97166,37.31584],[127.97171,37.31601],[127.9722,37.31564],[127.97255,37.31549],[127.97283,37.31549],[127.97311,37.31595],[127.97259,37.3166],[127.97219,37.31723],[127.97207,37.31758],[127.97091,37.31869],[127.96956,37.31929],[127.96903,37.31959],[127.96895,37.32037],[127.96909,37.32098],[127.96909,37.32139],[127.96854,37.32243],[127.96746,37.3242],[127.96716,37.32461],[127.96624,37.32528],[127.96488,37.32583],[127.96436,37.32613],[127.96385,37.32674],[127.96339,37.32779],[127.96316,37.32888],[127.96291,37.32967],[127.96321,37.33043],[127.96297,37.33097],[127.96241,37.33143],[127.96192,37.33213],[127.9617,37.33351],[127.96188,37.33437],[127.96232,37.33498],[127.96302,37.33528],[127.9636,37.33609],[127.96372,37.33684],[127.96394,37.33689],[127.96456,37.33684],[127.9647,37.3372],[127.96499,37.33767]]]},"properties":{"code":"32020560","name":"단구동"}},{"type":"Feature","geometry":{"type":"Polygon","coordinates":[[[127.95139,37.34786],[127.95043,37.3484],[127.94847,37.34998],[127.94647,37.35273],[127.94645,37.35273],[127.94607,37.35262],[127.94551,37.35269],[127.94469,37.3525],[127.94438,37.35234],[127.94417,37.35195],[127.94396,37.35176],[127.94349,37.35158],[127.94308,37.35156],[127.94289,37.35166],[127.94231,37.3515],[127.94213,37.35136],[127.94145,37.35143],[127.94043,37.35166],[127.93971,37.35199],[127.93822,37.35237],[127.93806,37.35194],[127.93734,37.35097],[127.93701,37.35036],[127.93749,37.34992],[127.93763,37.34958],[127.93772,37.34905],[127.93741,37.34843],[127.93731,37.34757],[127.93772,37.34749],[127.9381,37.34718],[127.93845,37.34671],[127.93841,37.34548],[127.93872,37.34531],[127.93921,37.34518],[127.93945,37.34495],[127.93957,37.34433],[127.93987,37.34419],[127.93998,37.34364],[127.94025,37.34348],[127.93993,37.34314],[127.93998,37.34302],[127.94116,37.34221],[127.94249,37.34316],[127.94282,37.34375],[127.94305,37.34385],[127.94334,37.34421],[127.94385,37.34422],[127.94415,37.34477],[127.94447,37.3452],[127.94537,37.34539],[127.94581,37.34568],[127.94609,37.34571],[127.94671,37.34612],[127.94721,37.34635],[127.9487,37.34718],[127.94908,37.34692],[127.94957,37.34697],[127.9498,37.34719],[127.95035,37.34738],[127.95067,37.3474],[127.95139,37.34786]]]},"properties":{"code":"32020570","name":"일산동"}},{"type":"Feature","geometry":{"type":"Polygon","coordinates":[[[127.94029,37.36058],[127.93998,37.36053],[127.94004,37.36028],[127.93996,37.35991],[127.94005,37.35941],[127.94,37.3592],[127.93958,37.35919],[127.93876,37.35873],[127.93866,37.35859],[127.93817,37.35847],[127.93791,37.35848],[127.93725,37.35824],[127.93675,37.35795],[127.9363,37.35713],[127.93548,37.35666],[127.93521,37.35569],[127.93546,37.3553],[127.9353,37.3547],[127.93552,37.35471],[127.93519,37.35358],[127.93527,37.35286],[127.93548,37.3523],[127.93586,37.35234],[127.93612,37.35221],[127.93671,37.35226],[127.93697,37.35206],[127.93738,37.35191],[127.93775,37.35254],[127.93822,37.35237],[127.93971,37.35199],[127.94043,37.35166],[127.94145,37.35143],[127.94213,37.35136],[127.94231,37.3515],[127.94289,37.35166],[127.94308,37.35156],[127.94349,37.35158],[127.94396,37.35176],[127.94417,37.35195],[127.94438,37.35234],[127.94469,37.3525],[127.94551,37.35269],[127.94607,37.35262],[127.94645,37.35273],[127.94526,37.35441],[127.9442,37.35587],[127.9423,37.35821],[127.94035,37.36053],[127.94029,37.36058]]]},"properties":{"code":"32020580","name":"학성동"}},{"type":"Feature","geometry":{"type":"Polygon","coordinates":[[[127.93998,37.36053],[127.93975,37.3608],[127.9393,37.36097],[127.9389,37.36092],[127.93836,37.36141],[127.93687,37.36148],[127.93653,37.36224],[127.9364,37.36211],[127.93542,37.36259],[127.93424,37.36195],[127.93401,37.36196],[127.93393,37.36164],[127.93338,37.36133],[127.93289,37.36114],[127.93183,37.3609],[127.93144,37.36108],[127.93078,37.36102],[127.93035,37.3611],[127.93009,37.36097],[127.92975,37.36102],[127.92843,37.3608],[127.92794,37.36114],[127.92771,37.36156],[127.92696,37.36135],[127.92653,37.36141],[127.92602,37.36087],[127.92545,37.36105],[127.9251,37.36139],[127.92474,37.36139],[127.92409,37.36188],[127.92357,37.36236],[127.92287,37.36239],[127.92267,37.36283],[127.9221,37.36313],[127.92197,37.36277],[127.92039,37.36253],[127.92018,37.36232],[127.91939,37.36216],[127.91868,37.36104],[127.9185,37.36054],[127.91811,37.36017],[127.91781,37.35959],[127.91897,37.35939],[127.919,37.35909],[127.91851,37.35872],[127.9175,37.35842],[127.91749,37.35818],[127.91727,37.35779],[127.91726,37.35735],[127.91703,37.35668],[127.91652,37.35592],[127.91627,37.35483],[127.91563,37.35446],[127.91535,37.35403],[127.91504,37.35383],[127.91474,37.35376],[127.91386,37.3537],[127.91319,37.3537],[127.91297,37.35307],[127.91304,37.35274],[127.91369,37.35224],[127.91419,37.35202],[127.91502,37.35126],[127.91542,37.35107],[127.91586,37.35057],[127.91579,37.35019],[127.91591,37.34958],[127.91603,37.34945],[127.91578,37.34875],[127.91596,37.3486],[127.91614,37.34767],[127.91645,37.34739],[127.91668,37.34661],[127.91712,37.34665],[127.91765,37.34638],[127.91851,37.34576],[127.91878,37.34573],[127.91919,37.34608],[127.91993,37.34637],[127.92165,37.34666],[127.92267,37.34649],[127.92294,37.34634],[127.92338,37.34636],[127.92377,37.34607],[127.92411,37.34599],[127.92458,37.34563],[127.92502,37.34539],[127.92568,37.34482],[127.92554,37.34421],[127.92559,37.34355],[127.92586,37.34313],[127.926,37.34244],[127.92659,37.34238],[127.92684,37.34216],[127.92793,37.34451],[127.93139,37.34407],[127.9335,37.34384],[127.9357,37.3419],[127.93704,37.34074],[127.93799,37.33996],[127.94035,37.34145],[127.94045,37.34141],[127.94134,37.34215],[127.94116,37.34221],[127.93998,37.34302],[127.93993,37.34314],[127.94025,37.34348],[127.93998,37.34364],[127.93987,37.34419],[127.93957,37.34433],[127.93945,37.34495],[127.93921,37.34518],[127.93872,37.34531],[127.93841,37.34548],[127.93845,37.34671],[127.9381,37.34718],[127.93772,37.34749],[127.93731,37.34757],[127.93741,37.34843],[127.93772,37.34905],[127.93763,37.34958],[127.93749,37.34992],[127.93701,37.35036],[127.93734,37.35097],[127.93806,37.35194],[127.93822,37.35237],[127.93775,37.35254],[127.93738,37.35191],[127.93697,37.35206],[127.93671,37.35226],[127.93612,37.35221],[127.93586,37.35234],[127.93548,37.3523],[127.93527,37.35286],[127.93519,37.35358],[127.93552,37.35471],[127.9353,37.3547],[127.93546,37.3553],[127.93521,37.35569],[127.93548,37.35666],[127.9363,37.35713],[127.93675,37.35795],[127.93725,37.35824],[127.93791,37.35848],[127.93817,37.35847],[127.93866,37.35859],[127.93876,37.35873],[127.93958,37.35919],[127.94,37.3592],[127.94005,37.35941],[127.93996,37.35991],[127.94004,37.36028],[127.93998,37.36053]]]},"properties":{"code":"32020600","name":"단계동"}},{"type":"Feature","geometry":{"type":"Polygon","coordinates":[[[127.93407,37.39805],[127.9338,37.39791],[127.93327,37.39792],[127.93315,37.39806],[127.93274,37.39787],[127.93242,37.39815],[127.93183,37.39836],[127.9317,37.39868],[127.93092,37.39848],[127.93088,37.39835],[127.93115,37.39756],[127.93037,37.39672],[127.93033,37.39578],[127.92979,37.39505],[127.9295,37.39456],[127.92941,37.39367],[127.92893,37.39333],[127.92859,37.39293],[127.92798,37.39279],[127.92793,37.3923],[127.92696,37.392],[127.92639,37.39112],[127.92577,37.39025],[127.92491,37.39048],[127.92451,37.39049],[127.92415,37.3901],[127.92404,37.38986],[127.92376,37.3897],[127.92268,37.38974],[127.92216,37.39039],[127.921,37.39019],[127.92068,37.39104],[127.92041,37.39118],[127.91901,37.39093],[127.91794,37.39109],[127.91746,37.39129],[127.91711,37.39115],[127.91561,37.3914],[127.9149,37.39129],[127.91379,37.39127],[127.9127,37.3914],[127.91151,37.39147],[127.91157,37.39104],[127.91175,37.39055],[127.91273,37.38942],[127.91279,37.38883],[127.9131,37.38835],[127.91313,37.38774],[127.91332,37.38721],[127.91376,37.38636],[127.91393,37.38573],[127.91441,37.38562],[127.91454,37.38493],[127.91456,37.38435],[127.91428,37.38374],[127.91382,37.3833],[127.91385,37.38274],[127.91393,37.38165],[127.91532,37.38133],[127.9158,37.381],[127.91623,37.38061],[127.91702,37.37998],[127.91759,37.37929],[127.91843,37.37919],[127.91929,37.37888],[127.91948,37.37873],[127.92017,37.37847],[127.92107,37.37803],[127.92147,37.37744],[127.92198,37.37639],[127.92225,37.37599],[127.92229,37.37547],[127.92275,37.37507],[127.92206,37.37491],[127.92174,37.37448],[127.92165,37.37421],[127.92189,37.37319],[127.92205,37.37282],[127.92237,37.37266],[127.92248,37.37232],[127.92228,37.37147],[127.92264,37.37074],[127.92281,37.37024],[127.92308,37.37013],[127.92325,37.36978],[127.92342,37.3697],[127.92348,37.3694],[127.92398,37.36951],[127.92464,37.36927],[127.92433,37.36883],[127.92384,37.3683],[127.92409,37.36793],[127.92418,37.36744],[127.92397,37.36681],[127.92406,37.36633],[127.92349,37.36635],[127.92306,37.36619],[127.92255,37.36623],[127.92191,37.36598],[127.92199,37.36541],[127.92233,37.36477],[127.92215,37.36443],[127.92232,37.36395],[127.92213,37.36342],[127.9221,37.36313],[127.92267,37.36283],[127.92287,37.36239],[127.92357,37.36236],[127.92409,37.36188],[127.92474,37.36139],[127.9251,37.36139],[127.92545,37.36105],[127.92602,37.36087],[127.92653,37.36141],[127.92696,37.36135],[127.92771,37.36156],[127.92794,37.36114],[127.92843,37.3608],[127.92975,37.36102],[127.93009,37.36097],[127.93035,37.3611],[127.93078,37.36102],[127.93144,37.36108],[127.93183,37.3609],[127.93289,37.36114],[127.93338,37.36133],[127.93393,37.36164],[127.93401,37.36196],[127.93424,37.36195],[127.93542,37.36259],[127.9364,37.36211],[127.93653,37.36224],[127.93687,37.36148],[127.93836,37.36141],[127.9389,37.36092],[127.9393,37.36097],[127.93975,37.3608],[127.93998,37.36053],[127.94029,37.36058],[127.94034,37.36107],[127.94098,37.3606],[127.94119,37.36129],[127.94123,37.36178],[127.94112,37.3623],[127.94104,37.36331],[127.94074,37.36399],[127.94041,37.36438],[127.94038,37.36459],[127.94053,37.36544],[127.94084,37.36587],[127.9418,37.36662],[127.9423,37.36694],[127.94268,37.36683],[127.94349,37.36762],[127.94361,37.36795],[127.94372,37.36883],[127.94394,37.36969],[127.94412,37.37016],[127.94412,37.37066],[127.94421,37.3711],[127.94417,37.37157],[127.9443,37.37244],[127.94413,37.37318],[127.9442,37.37359],[127.94476,37.37424],[127.94512,37.37483],[127.94529,37.37551],[127.9454,37.37676],[127.94499,37.37739],[127.94494,37.37777],[127.94525,37.37825],[127.94542,37.37844],[127.9446,37.37892],[127.94318,37.37986],[127.94269,37.38033],[127.94231,37.3808],[127.94168,37.38149],[127.94158,37.38188],[127.94176,37.38219],[127.94158,37.3825],[127.94211,37.38264],[127.94228,37.38293],[127.94411,37.38317],[127.9436,37.38328],[127.94216,37.38326],[127.94168,37.38337],[127.94148,37.38355],[127.94133,37.38387],[127.94131,37.38424],[127.94146,37.38584],[127.94171,37.38714],[127.94187,37.38813],[127.94193,37.38893],[127.94187,37.38935],[127.94103,37.38948],[127.94069,37.39011],[127.94074,37.39028],[127.94043,37.39088],[127.94013,37.39088],[127.94034,37.39032],[127.94018,37.39027],[127.93951,37.39131],[127.93932,37.39174],[127.93883,37.39194],[127.93851,37.39231],[127.93819,37.39248],[127.93722,37.39322],[127.93573,37.39444],[127.93513,37.39531],[127.93469,37.39617],[127.93486,37.39656],[127.93444,37.3975],[127.93407,37.39805]]]},"properties":{"code":"32020610","name":"우산동"}},{"type":"Feature","geometry":{"type":"Polygon","coordinates":[[[127.97102,37.37781],[127.96943,37.37774],[127.96953,37.37811],[127.96934,37.37815],[127.96922,37.37776],[127.96826,37.37763],[127.96773,37.37773],[127.96655,37.37813],[127.9659,37.37825],[127.96512,37.3783],[127.96442,37.37817],[127.96343,37.37767],[127.96306,37.37727],[127.9629,37.3767],[127.96278,37.37659],[127.96207,37.37628],[127.96183,37.37613],[127.96134,37.37562],[127.9618,37.37514],[127.96159,37.3746],[127.96112,37.37419],[127.961,37.37399],[127.96039,37.37423],[127.96026,37.37407],[127.96054,37.3733],[127.96042,37.37286],[127.96073,37.3724],[127.96049,37.3716],[127.96033,37.37135],[127.95985,37.37142],[127.95932,37.3712],[127.95886,37.37091],[127.95796,37.3705],[127.9575,37.37044],[127.9568,37.37024],[127.95683,37.37003],[127.95763,37.36961],[127.95799,37.36956],[127.95832,37.36938],[127.95857,37.36907],[127.95856,37.36879],[127.95886,37.36862],[127.95922,37.36787],[127.9587,37.36762],[127.95811,37.36768],[127.95785,37.36757],[127.95744,37.36768],[127.95702,37.36766],[127.95653,37.36779],[127.95637,37.36764],[127.9568,37.36744],[127.95677,37.36721],[127.95651,37.36698],[127.9565,37.36676],[127.9553,37.36633],[127.95458,37.36655],[127.9548,37.367],[127.95466,37.36729],[127.955,37.36769],[127.95486,37.3679],[127.95438,37.36796],[127.9542,37.36775],[127.95375,37.36763],[127.95333,37.36738],[127.95275,37.36752],[127.95291,37.36721],[127.95327,37.36709],[127.95354,37.36677],[127.95341,37.36634],[127.95281,37.3665],[127.9524,37.36587],[127.95214,37.36561],[127.95171,37.36549],[127.95123,37.36576],[127.95018,37.36552],[127.95035,37.36466],[127.95051,37.36433],[127.95073,37.36326],[127.95114,37.36165],[127.95153,37.3605],[127.95146,37.36005],[127.95088,37.35922],[127.95094,37.35888],[127.95131,37.35801],[127.95191,37.35763],[127.95212,37.35697],[127.95251,37.35615],[127.95325,37.35502],[127.95358,37.35411],[127.95371,37.35334],[127.95415,37.35337],[127.95443,37.35386],[127.95471,37.35344],[127.95484,37.35363],[127.95592,37.35359],[127.95646,37.3538],[127.95682,37.35401],[127.95734,37.35446],[127.95765,37.35414],[127.95813,37.3538],[127.95875,37.35357],[127.95877,37.35317],[127.95928,37.35309],[127.96031,37.35268],[127.96051,37.35138],[127.96104,37.35138],[127.96201,37.35155],[127.96242,37.35201],[127.96367,37.35231],[127.96521,37.35237],[127.96569,37.35266],[127.96607,37.35332],[127.96648,37.35384],[127.96786,37.35417],[127.96798,37.35454],[127.96828,37.35488],[127.96913,37.35505],[127.96976,37.35489],[127.97086,37.3544],[127.97163,37.35451],[127.97151,37.35506],[127.97208,37.35591],[127.97261,37.35639],[127.97287,37.35671],[127.97263,37.35729],[127.97221,37.35794],[127.97245,37.35859],[127.97238,37.35888],[127.97214,37.359],[127.97164,37.3595],[127.97109,37.36087],[127.97041,37.36168],[127.96978,37.36175],[127.9696,37.36208],[127.96983,37.36258],[127.96922,37.36345],[127.96887,37.36414],[127.96915,37.36441],[127.96973,37.3646],[127.9706,37.36457],[127.97128,37.36563],[127.97142,37.36636],[127.97128,37.36691],[127.97188,37.36747],[127.97188,37.36791],[127.97207,37.3682],[127.97214,37.36872],[127.97281,37.36921],[127.97311,37.36954],[127.97317,37.37055],[127.97391,37.37109],[127.97398,37.37139],[127.97455,37.37181],[127.97445,37.37221],[127.97505,37.37303],[127.97551,37.37304],[127.9767,37.37404],[127.97637,37.37431],[127.97579,37.37447],[127.97597,37.37553],[127.97551,37.37565],[127.97513,37.37587],[127.97427,37.3762],[127.97375,37.37627],[127.97351,37.3764],[127.9731,37.37638],[127.97281,37.37664],[127.97242,37.37682],[127.97206,37.37717],[127.97102,37.37781]]]},"properties":{"code":"32020620","name":"태장1동"}},{"type":"Feature","geometry":{"type":"Polygon","coordinates":[[[127.97102,37.37781],[127.97028,37.37837],[127.96972,37.37834],[127.96941,37.37869],[127.96903,37.37887],[127.96878,37.37889],[127.96838,37.37914],[127.96813,37.3795],[127.96745,37.37968],[127.96713,37.38007],[127.96721,37.3805],[127.96715,37.38107],[127.96667,37.38195],[127.96658,37.38222],[127.96596,37.38255],[127.96528,37.38249],[127.96528,37.38292],[127.96541,37.3833],[127.96535,37.38389],[127.96549,37.38428],[127.96544,37.38447],[127.96504,37.38435],[127.96454,37.3843],[127.96444,37.38469],[127.96473,37.38539],[127.96477,37.38596],[127.96453,37.38669],[127.96447,37.38724],[127.96465,37.38742],[127.96457,37.38763],[127.96487,37.38836],[127.96482,37.38894],[127.9647,37.38895],[127.96456,37.38976],[127.96453,37.39041],[127.96408,37.39082],[127.96393,37.39184],[127.96358,37.39221],[127.96321,37.39245],[127.96303,37.39273],[127.96249,37.39291],[127.96153,37.39347],[127.96097,37.3939],[127.96006,37.39524],[127.96039,37.39615],[127.96066,37.39631],[127.96059,37.39667],[127.9604,37.39699],[127.96023,37.39813],[127.96018,37.39893],[127.95997,37.3995],[127.96004,37.4],[127.95991,37.40059],[127.96,37.4011],[127.96049,37.40165],[127.96056,37.40191],[127.96033,37.40197],[127.95977,37.40194],[127.95924,37.40224],[127.95938,37.40253],[127.95863,37.40274],[127.95858,37.40309],[127.95898,37.40391],[127.95866,37.40431],[127.95853,37.40469],[127.95835,37.40467],[127.9579,37.40495],[127.95779,37.40518],[127.95727,37.40545],[127.95694,37.4053],[127.95637,37.40539],[127.95641,37.40514],[127.95545,37.40511],[127.95514,37.40486],[127.95496,37.40519],[127.9547,37.40511],[127.9544,37.40523],[127.95433,37.40566],[127.95354,37.40599],[127.95347,37.40622],[127.95222,37.40666],[127.95219,37.40631],[127.95167,37.40631],[127.95105,37.40656],[127.95054,37.40683],[127.95038,37.40703],[127.94993,37.40723],[127.94966,37.40747],[127.94935,37.40722],[127.94903,37.40718],[127.94821,37.40731],[127.94761,37.40748],[127.94696,37.40743],[127.94645,37.40754],[127.94606,37.40735],[127.94539,37.40752],[127.9448,37.40703],[127.94422,37.40741],[127.94257,37.40712],[127.94141,37.40762],[127.94097,37.40726],[127.9402,37.4068],[127.93986,37.40651],[127.93921,37.40697],[127.93893,37.40692],[127.93813,37.4071],[127.93791,37.40745],[127.93793,37.40781],[127.93731,37.40829],[127.93611,37.40768],[127.93646,37.40686],[127.93698,37.40659],[127.9374,37.40579],[127.93737,37.40537],[127.93816,37.4041],[127.93843,37.40379],[127.9385,37.40311],[127.93836,37.40264],[127.9383,37.40217],[127.93845,37.40179],[127.93881,37.40152],[127.93887,37.40126],[127.93887,37.40031],[127.93838,37.40003],[127.93793,37.39955],[127.93703,37.39987],[127.93648,37.39986],[127.9364,37.39967],[127.93602,37.39949],[127.93601,37.39926],[127.93549,37.39915],[127.9353,37.39949],[127.93501,37.39955],[127.93472,37.39948],[127.93437,37.39953],[127.93367,37.39932],[127.93399,37.39877],[127.93436,37.39831],[127.93407,37.39805],[127.93444,37.3975],[127.93486,37.39656],[127.93469,37.39617],[127.93513,37.39531],[127.93573,37.39444],[127.93722,37.39322],[127.93819,37.39248],[127.93851,37.39231],[127.93883,37.39194],[127.93932,37.39174],[127.93951,37.39131],[127.94018,37.39027],[127.94034,37.39032],[127.94013,37.39088],[127.94043,37.39088],[127.94074,37.39028],[127.94069,37.39011],[127.94103,37.38948],[127.94187,37.38935],[127.94193,37.38893],[127.94187,37.38813],[127.94171,37.38714],[127.94146,37.38584],[127.94131,37.38424],[127.94133,37.38387],[127.94148,37.38355],[127.94168,37.38337],[127.94216,37.38326],[127.9436,37.38328],[127.94411,37.38317],[127.94228,37.38293],[127.94211,37.38264],[127.94158,37.3825],[127.94176,37.38219],[127.94158,37.38188],[127.94168,37.38149],[127.94231,37.3808],[127.94269,37.38033],[127.94318,37.37986],[127.9446,37.37892],[127.94542,37.37844],[127.94525,37.37825],[127.94658,37.37723],[127.94718,37.37669],[127.94785,37.37601],[127.94822,37.37548],[127.9486,37.37522],[127.94891,37.37413],[127.94894,37.37346],[127.9488,37.37221],[127.94856,37.37145],[127.94845,37.37077],[127.94836,37.36916],[127.94844,37.36813],[127.94939,37.36745],[127.94962,37.36714],[127.95005,37.3661],[127.95018,37.36552],[127.95123,37.36576],[127.95171,37.36549],[127.95214,37.36561],[127.9524,37.36587],[127.95281,37.3665],[127.95341,37.36634],[127.95354,37.36677],[127.95327,37.36709],[127.95291,37.36721],[127.95275,37.36752],[127.95333,37.36738],[127.95375,37.36763],[127.9542,37.36775],[127.95438,37.36796],[127.95486,37.3679],[127.955,37.36769],[127.95466,37.36729],[127.9548,37.367],[127.95458,37.36655],[127.9553,37.36633],[127.9565,37.36676],[127.95651,37.36698],[127.95677,37.36721],[127.9568,37.36744],[127.95637,37.36764],[127.95653,37.36779],[127.95702,37.36766],[127.95744,37.36768],[127.95785,37.36757],[127.95811,37.36768],[127.9587,37.36762],[127.95922,37.36787],[127.95886,37.36862],[127.95856,37.36879],[127.95857,37.36907],[127.95832,37.36938],[127.95799,37.36956],[127.95763,37.36961],[127.95683,37.37003],[127.9568,37.37024],[127.9575,37.37044],[127.95796,37.3705],[127.95886,37.37091],[127.95932,37.3712],[127.95985,37.37142],[127.96033,37.37135],[127.96049,37.3716],[127.96073,37.3724],[127.96042,37.37286],[127.96054,37.3733],[127.96026,37.37407],[127.96039,37.37423],[127.961,37.37399],[127.96112,37.37419],[127.96159,37.3746],[127.9618,37.37514],[127.96134,37.37562],[127.96183,37.37613],[127.96207,37.37628],[127.96278,37.37659],[127.9629,37.3767],[127.96306,37.37727],[127.96343,37.37767],[127.96442,37.37817],[127.96512,37.3783],[127.9659,37.37825],[127.96655,37.37813],[127.96773,37.37773],[127.96826,37.37763],[127.96922,37.37776],[127.96934,37.37815],[127.96953,37.37811],[127.96943,37.37774],[127.97102,37.37781]]]},"properties":{"code":"32020630","name":"태장2동"}},{"type":"Feature","geometry":{"type":"Polygon","coordinates":[[[127.9767,37.37404],[127.97551,37.37304],[127.97505,37.37303],[127.97445,37.37221],[127.97455,37.37181],[127.97398,37.37139],[127.97391,37.37109],[127.97317,37.37055],[127.97311,37.36954],[127.97281,37.36921],[127.97214,37.36872],[127.97207,37.3682],[127.97188,37.36791],[127.97188,37.36747],[127.97128,37.36691],[127.97142,37.36636],[127.97128,37.36563],[127.9706,37.36457],[127.96973,37.3646],[127.96915,37.36441],[127.96887,37.36414],[127.96922,37.36345],[127.96983,37.36258],[127.9696,37.36208],[127.96978,37.36175],[127.97041,37.36168],[127.97109,37.36087],[127.97164,37.3595],[127.97214,37.359],[127.97238,37.35888],[127.97245,37.35859],[127.97221,37.35794],[127.97263,37.35729],[127.97287,37.35671],[127.97261,37.35639],[127.97208,37.35591],[127.97151,37.35506],[127.97163,37.35451],[127.97086,37.3544],[127.96976,37.35489],[127.96913,37.35505],[127.96828,37.35488],[127.96798,37.35454],[127.96786,37.35417],[127.96648,37.35384],[127.96607,37.35332],[127.96569,37.35266],[127.96521,37.35237],[127.96367,37.35231],[127.96242,37.35201],[127.96201,37.35155],[127.96104,37.35138],[127.96051,37.35138],[127.96031,37.35268],[127.95928,37.35309],[127.95877,37.35317],[127.95875,37.35357],[127.95813,37.3538],[127.95765,37.35414],[127.95734,37.35446],[127.95682,37.35401],[127.95646,37.3538],[127.95592,37.35359],[127.95484,37.35363],[127.95471,37.35344],[127.95443,37.35386],[127.95415,37.35337],[127.95371,37.35334],[127.95408,37.3521],[127.9546,37.35155],[127.95497,37.35037],[127.95486,37.34993],[127.95484,37.34919],[127.95497,37.3485],[127.95537,37.34751],[127.95557,37.3466],[127.9562,37.3457],[127.95633,37.34557],[127.95665,37.34532],[127.95741,37.34507],[127.95741,37.34455],[127.95802,37.34419],[127.95849,37.34403],[127.95968,37.34382],[127.96011,37.34362],[127.96044,37.34314],[127.96052,37.34283],[127.96112,37.34263],[127.9622,37.34201],[127.96246,37.34211],[127.96385,37.34178],[127.96399,37.34159],[127.96532,37.34031],[127.96544,37.34007],[127.96545,37.34022],[127.96626,37.34018],[127.96637,37.34036],[127.96692,37.34043],[127.96764,37.34069],[127.96926,37.34114],[127.96973,37.34138],[127.97046,37.34156],[127.971,37.34208],[127.97094,37.3423],[127.97126,37.34286],[127.97132,37.3434],[127.97194,37.34471],[127.97271,37.34579],[127.97334,37.34597],[127.97379,37.346],[127.97633,37.34573],[127.977,37.34544],[127.97782,37.34551],[127.97928,37.34632],[127.98006,37.34652],[127.98134,37.34655],[127.98316,37.34664],[127.98487,37.34652],[127.98568,37.34655],[127.98623,37.34668],[127.98657,37.34684],[127.98737,37.34768],[127.98785,37.34803],[127.98843,37.34833],[127.9888,37.34864],[127.98873,37.34907],[127.98883,37.34962],[127.98873,37.35003],[127.98909,37.35011],[127.9896,37.35047],[127.99002,37.35057],[127.99047,37.35058],[127.99095,37.35072],[127.99099,37.35098],[127.99144,37.35119],[127.99161,37.35139],[127.99231,37.35157],[127.99286,37.35145],[127.99328,37.35174],[127.99371,37.35139],[127.99401,37.35155],[127.99404,37.35253],[127.99417,37.3527],[127.99541,37.35298],[127.99565,37.35311],[127.99569,37.35345],[127.99621,37.3539],[127.99662,37.35418],[127.99741,37.3545],[127.99777,37.35487],[127.99777,37.35525],[127.9982,37.35566],[127.99834,37.35601],[127.99799,37.35662],[127.99772,37.35672],[127.99772,37.35713],[127.99816,37.35756],[127.99895,37.35801],[127.99936,37.35815],[127.9997,37.3586],[127.9996,37.35898],[127.99941,37.35984],[127.99876,37.36026],[127.99869,37.36063],[127.99805,37.36122],[127.99809,37.36152],[127.99792,37.36195],[127.99794,37.36235],[127.99845,37.36271],[127.9981,37.36361],[127.9977,37.36385],[127.99775,37.36439],[127.99765,37.36531],[127.99684,37.36537],[127.99655,37.36558],[127.99624,37.36559],[127.99599,37.36586],[127.996,37.36634],[127.99514,37.36691],[127.9943,37.3671],[127.99421,37.36732],[127.99385,37.36757],[127.99324,37.3672],[127.99284,37.36673],[127.99207,37.3664],[127.99148,37.36594],[127.99125,37.36534],[127.99088,37.36503],[127.98995,37.36485],[127.9896,37.36468],[127.98903,37.36472],[127.98807,37.36519],[127.9878,37.36585],[127.98757,37.36596],[127.98746,37.36658],[127.987,37.36705],[127.98678,37.36706],[127.98634,37.36726],[127.98597,37.3673],[127.98576,37.36763],[127.98536,37.3678],[127.98501,37.36826],[127.98446,37.36937],[127.98416,37.36963],[127.98398,37.37002],[127.98368,37.37027],[127.98364,37.37065],[127.98313,37.37132],[127.98281,37.37151],[127.98207,37.37147],[127.98131,37.37197],[127.98128,37.37233],[127.98085,37.37281],[127.97995,37.3735],[127.97973,37.37396],[127.97937,37.37366],[127.97863,37.37383],[127.97812,37.37351],[127.97759,37.3735],[127.9767,37.37404]]]},"properties":{"code":"32020640","name":"봉산동"}},{"type":"Feature","geometry":{"type":"Polygon","coordinates":[[[128.03721,37.34629],[128.03691,37.34626],[128.03529,37.34575],[128.03255,37.34706],[128.03244,37.34767],[128.03201,37.3481],[128.03142,37.34826],[128.03047,37.34873],[128.03007,37.3487],[128.02927,37.34902],[128.02822,37.34915],[128.02678,37.34942],[128.02607,37.35004],[128.02587,37.35083],[128.02596,37.35125],[128.02554,37.35167],[128.02556,37.35219],[128.02502,37.35264],[128.02495,37.35348],[128.0251,37.35367],[128.02475,37.3545],[128.02463,37.35524],[128.02469,37.35574],[128.02445,37.35585],[128.02438,37.35609],[128.0238,37.35664],[128.02321,37.35693],[128.02299,37.35711],[128.02266,37.35722],[128.02221,37.35781],[128.02135,37.35824],[128.02084,37.35861],[128.02027,37.35878],[128.01934,37.35961],[128.01889,37.35957],[128.01858,37.35967],[128.01809,37.3597],[128.01762,37.3601],[128.0171,37.36042],[128.01695,37.36078],[128.01651,37.36096],[128.01595,37.36085],[128.0153,37.36096],[128.01489,37.36027],[128.01459,37.36],[128.01378,37.3596],[128.01222,37.35923],[128.01179,37.35932],[128.0111,37.35914],[128.01064,37.35908],[128.00984,37.35885],[128.0099,37.35952],[128.00983,37.35965],[128.00942,37.35963],[128.00852,37.35936],[128.00821,37.35947],[128.00751,37.35942],[128.00726,37.3595],[128.00657,37.35933],[128.00597,37.35946],[128.00518,37.35987],[128.00465,37.35959],[128.00398,37.35901],[128.00351,37.35908],[128.00258,37.35873],[128.00232,37.35886],[128.00176,37.35945],[128.00119,37.35963],[128.00036,37.35912],[127.9996,37.35898],[127.9997,37.3586],[127.99936,37.35815],[127.99895,37.35801],[127.99816,37.35756],[127.99772,37.35713],[127.99772,37.35672],[127.99799,37.35662],[127.99834,37.35601],[127.9982,37.35566],[127.99777,37.35525],[127.99777,37.35487],[127.99741,37.3545],[127.99662,37.35418],[127.99621,37.3539],[127.99569,37.35345],[127.99565,37.35311],[127.99541,37.35298],[127.99417,37.3527],[127.99404,37.35253],[127.99401,37.35155],[127.99371,37.35139],[127.99328,37.35174],[127.99286,37.35145],[127.99231,37.35157],[127.99161,37.35139],[127.99144,37.35119],[127.99099,37.35098],[127.99095,37.35072],[127.99047,37.35058],[127.99002,37.35057],[127.9896,37.35047],[127.98909,37.35011],[127.98873,37.35003],[127.98883,37.34962],[127.98873,37.34907],[127.9888,37.34864],[127.98843,37.34833],[127.98785,37.34803],[127.98737,37.34768],[127.98657,37.34684],[127.98623,37.34668],[127.98568,37.34655],[127.98487,37.34652],[127.98316,37.34664],[127.98134,37.34655],[127.98006,37.34652],[127.97928,37.34632],[127.97782,37.34551],[127.977,37.34544],[127.97633,37.34573],[127.97379,37.346],[127.97334,37.34597],[127.97271,37.34579],[127.97194,37.34471],[127.97132,37.3434],[127.97126,37.34286],[127.97094,37.3423],[127.971,37.34208],[127.97046,37.34156],[127.96973,37.34138],[127.96926,37.34114],[127.96764,37.34069],[127.96692,37.34043],[127.96814,37.34023],[127.96874,37.33976],[127.96943,37.33957],[127.96989,37.33969],[127.9706,37.33974],[127.97078,37.33981],[127.97112,37.33964],[127.97167,37.33926],[127.97271,37.3395],[127.97465,37.33871],[127.97503,37.33868],[127.97585,37.33848],[127.9768,37.33798],[127.97743,37.33795],[127.97875,37.33749],[127.97961,37.33746],[127.98047,37.33721],[127.98098,37.33715],[127.98148,37.33725],[127.98246,37.33708],[127.98268,37.33713],[127.98317,37.33705],[127.98399,37.33704],[127.98453,37.33685],[127.98562,37.33665],[127.98621,37.33663],[127.98664,37.33648],[127.98675,37.33631],[127.98714,37.33635],[127.98936,37.33595],[127.99,37.33489],[127.99073,37.33407],[127.99115,37.33386],[127.99195,37.33368],[127.99237,37.33386],[127.99365,37.33411],[127.99383,37.3341],[127.99487,37.3335],[127.99522,37.33326],[127.99585,37.33321],[127.99622,37.33299],[127.99705,37.33263],[127.99741,37.33236],[127.99816,37.3321],[127.99882,37.33175],[127.99927,37.33127],[127.99972,37.3311],[128.00027,37.33065],[128.00037,37.33004],[128.0015,37.32921],[128.00169,37.32819],[128.0019,37.32791],[128.00254,37.32776],[128.00276,37.32746],[128.00364,37.32707],[128.0051,37.32709],[128.00608,37.32757],[128.00703,37.3274],[128.00818,37.32834],[128.00908,37.32881],[128.01022,37.32891],[128.01101,37.32954],[128.01125,37.32997],[128.012,37.3298],[128.01291,37.32989],[128.01366,37.33019],[128.01431,37.3301],[128.01622,37.32954],[128.01651,37.32962],[128.01739,37.32945],[128.01794,37.32884],[128.01838,37.3279],[128.01929,37.32705],[128.02003,37.32677],[128.02056,37.32671],[128.02113,37.32639],[128.02164,37.32649],[128.02204,37.32645],[128.02252,37.32656],[128.02348,37.32636],[128.02456,37.32643],[128.02572,37.32724],[128.02632,37.32754],[128.02654,37.32816],[128.02789,37.32797],[128.0284,37.32802],[128.02871,37.32823],[128.0291,37.32829],[128.02971,37.32806],[128.03026,37.32817],[128.03164,37.32813],[128.03171,37.32846],[128.03192,37.32861],[128.03209,37.32896],[128.03209,37.32924],[128.03283,37.32949],[128.03348,37.3302],[128.03406,37.33066],[128.03436,37.331],[128.0344,37.33141],[128.03418,37.33162],[128.03399,37.33206],[128.03368,37.33248],[128.03368,37.33291],[128.03406,37.33339],[128.03439,37.33417],[128.03537,37.33517],[128.03564,37.3357],[128.03633,37.33615],[128.0365,37.33664],[128.03727,37.33736],[128.03775,37.3376],[128.03789,37.33806],[128.03773,37.33866],[128.03761,37.3395],[128.03775,37.34092],[128.0384,37.34198],[128.03893,37.34264],[128.03931,37.34318],[128.0394,37.34352],[128.03939,37.34469],[128.03834,37.34504],[128.03808,37.3457],[128.03794,37.3459],[128.03721,37.34629]]]},"properties":{"code":"32020660","name":"행구동"}},{"type":"Feature","geometry":{"type":"Polygon","coordinates":[[[127.93799,37.33996],[127.93704,37.34074],[127.9357,37.3419],[127.9335,37.34384],[127.93139,37.34407],[127.92793,37.34451],[127.92684,37.34216],[127.92659,37.34238],[127.926,37.34244],[127.92586,37.34313],[127.92559,37.34355],[127.92554,37.34421],[127.92568,37.34482],[127.92502,37.34539],[127.92458,37.34563],[127.92411,37.34599],[127.92377,37.34607],[127.92338,37.34636],[127.92294,37.34634],[127.92267,37.34649],[127.92165,37.34666],[127.91993,37.34637],[127.91919,37.34608],[127.91878,37.34573],[127.91851,37.34576],[127.91765,37.34638],[127.91712,37.34665],[127.91668,37.34661],[127.91664,37.34608],[127.91598,37.34558],[127.91566,37.34429],[127.91554,37.3442],[127.91459,37.34392],[127.91392,37.34405],[127.91222,37.3438],[127.91132,37.3432],[127.91115,37.34283],[127.9109,37.34284],[127.91059,37.34257],[127.91026,37.34184],[127.90983,37.34132],[127.90924,37.34095],[127.9094,37.34023],[127.90989,37.33983],[127.91012,37.33932],[127.91027,37.33873],[127.9103,37.33804],[127.91045,37.33726],[127.91074,37.33669],[127.91009,37.33569],[127.90923,37.3347],[127.90855,37.33445],[127.90859,37.33384],[127.9084,37.33338],[127.90838,37.33291],[127.90816,37.3324],[127.90811,37.33177],[127.90831,37.33087],[127.90795,37.33058],[127.9073,37.33035],[127.90671,37.33002],[127.9062,37.32947],[127.90622,37.32874],[127.90608,37.32818],[127.90616,37.32755],[127.90699,37.3265],[127.90826,37.32575],[127.90845,37.32569],[127.9087,37.32497],[127.90871,37.32442],[127.90913,37.32397],[127.90848,37.32289],[127.90842,37.32229],[127.90814,37.32186],[127.90713,37.32103],[127.90659,37.32129],[127.90579,37.3212],[127.90465,37.32133],[127.90399,37.32088],[127.90356,37.32028],[127.90301,37.31989],[127.90205,37.31896],[127.90201,37.31853],[127.90205,37.31788],[127.90173,37.31718],[127.902,37.31675],[127.90218,37.31625],[127.90328,37.31603],[127.90446,37.31604],[127.90504,37.31612],[127.90601,37.31631],[127.90663,37.31597],[127.90747,37.315],[127.90759,37.31454],[127.90752,37.31356],[127.90755,37.31281],[127.90795,37.31235],[127.9087,37.31159],[127.91001,37.31072],[127.91073,37.31075],[127.91133,37.31083],[127.91181,37.31098],[127.91237,37.31103],[127.91309,37.31128],[127.91418,37.31149],[127.91451,37.3116],[127.91528,37.31162],[127.91607,37.312],[127.91692,37.31198],[127.91758,37.31176],[127.91777,37.31115],[127.91805,37.31072],[127.91903,37.30971],[127.91929,37.30928],[127.9198,37.30869],[127.92024,37.30839],[127.92136,37.30823],[127.92183,37.30785],[127.92249,37.30748],[127.92357,37.30738],[127.92457,37.3078],[127.92498,37.30787],[127.92526,37.30782],[127.92564,37.30853],[127.92592,37.30936],[127.92595,37.30968],[127.92583,37.31047],[127.92622,37.31055],[127.92632,37.31144],[127.92682,37.31195],[127.92681,37.3123],[127.92649,37.31241],[127.92633,37.31274],[127.92653,37.31336],[127.92685,37.31379],[127.92683,37.31417],[127.92784,37.31524],[127.92805,37.31536],[127.92827,37.31517],[127.92885,37.31491],[127.9299,37.31568],[127.93048,37.31578],[127.93091,37.31573],[127.93137,37.31581],[127.9312,37.31624],[127.93137,37.31641],[127.93133,37.31668],[127.9311,37.31712],[127.93088,37.31736],[127.93032,37.31772],[127.92996,37.31789],[127.93005,37.31866],[127.93026,37.31903],[127.93109,37.31883],[127.93193,37.31947],[127.93245,37.31996],[127.93364,37.32024],[127.93417,37.32101],[127.93386,37.32176],[127.93435,37.32287],[127.93506,37.32337],[127.93509,37.32381],[127.93545,37.32397],[127.93586,37.32396],[127.93617,37.32456],[127.93631,37.32501],[127.93611,37.32507],[127.93586,37.3256],[127.93605,37.3259],[127.93594,37.32616],[127.93546,37.32636],[127.93579,37.32711],[127.93607,37.32818],[127.93628,37.32841],[127.93666,37.32852],[127.93717,37.32848],[127.93774,37.32802],[127.93774,37.32832],[127.93799,37.32878],[127.9379,37.32922],[127.93747,37.32968],[127.93766,37.32996],[127.93775,37.33041],[127.93764,37.33112],[127.93777,37.3312],[127.93801,37.33212],[127.93825,37.33268],[127.93793,37.33315],[127.93829,37.33385],[127.93829,37.334],[127.93869,37.33439],[127.9385,37.33581],[127.93842,37.33601],[127.93725,37.33692],[127.93825,37.3379],[127.93835,37.33787],[127.93926,37.3384],[127.93945,37.33866],[127.93796,37.33994],[127.93799,37.33996]]]},"properties":{"code":"32020670","name":"무실동"}},{"type":"Feature","geometry":{"type":"Polygon","coordinates":[[[128.02572,37.32724],[128.02456,37.32643],[128.02348,37.32636],[128.02252,37.32656],[128.02204,37.32645],[128.02164,37.32649],[128.02113,37.32639],[128.02056,37.32671],[128.02003,37.32677],[128.01929,37.32705],[128.01838,37.3279],[128.01794,37.32884],[128.01739,37.32945],[128.01651,37.32962],[128.01622,37.32954],[128.01431,37.3301],[128.01366,37.33019],[128.01291,37.32989],[128.012,37.3298],[128.01125,37.32997],[128.01101,37.32954],[128.01022,37.32891],[128.00908,37.32881],[128.00818,37.32834],[128.00703,37.3274],[128.00608,37.32757],[128.0051,37.32709],[128.00364,37.32707],[128.00276,37.32746],[128.00254,37.32776],[128.0019,37.32791],[128.00169,37.32819],[128.0015,37.32921],[128.00037,37.33004],[128.00027,37.33065],[127.99972,37.3311],[127.99927,37.33127],[127.99882,37.33175],[127.99816,37.3321],[127.99741,37.33236],[127.99705,37.33263],[127.99622,37.33299],[127.99585,37.33321],[127.99522,37.33326],[127.99487,37.3335],[127.99383,37.3341],[127.99365,37.33411],[127.99237,37.33386],[127.99195,37.33368],[127.99115,37.33386],[127.99073,37.33407],[127.99,37.33489],[127.98936,37.33595],[127.98714,37.33635],[127.98675,37.33631],[127.98664,37.33648],[127.98621,37.33663],[127.98562,37.33665],[127.98453,37.33685],[127.98399,37.33704],[127.98317,37.33705],[127.98268,37.33713],[127.98246,37.33708],[127.98148,37.33725],[127.98098,37.33715],[127.98047,37.33721],[127.97961,37.33746],[127.97875,37.33749],[127.97743,37.33795],[127.9768,37.33798],[127.97585,37.33848],[127.97503,37.33868],[127.97465,37.33871],[127.97271,37.3395],[127.97167,37.33926],[127.97112,37.33964],[127.97078,37.33981],[127.9706,37.33974],[127.96989,37.33969],[127.96943,37.33957],[127.96874,37.33976],[127.96814,37.34023],[127.96692,37.34043],[127.96637,37.34036],[127.96626,37.34018],[127.96545,37.34022],[127.96544,37.34007],[127.96555,37.33984],[127.96437,37.3399],[127.96417,37.33871],[127.96511,37.33796],[127.96499,37.33767],[127.9647,37.3372],[127.96456,37.33684],[127.96394,37.33689],[127.96372,37.33684],[127.9636,37.33609],[127.96302,37.33528],[127.96232,37.33498],[127.96188,37.33437],[127.9617,37.33351],[127.96192,37.33213],[127.96241,37.33143],[127.96297,37.33097],[127.96321,37.33043],[127.96291,37.32967],[127.96316,37.32888],[127.96339,37.32779],[127.96385,37.32674],[127.96436,37.32613],[127.96488,37.32583],[127.96624,37.32528],[127.96716,37.32461],[127.96746,37.3242],[127.96854,37.32243],[127.96909,37.32139],[127.96909,37.32098],[127.96895,37.32037],[127.96903,37.31959],[127.96956,37.31929],[127.97091,37.31869],[127.97207,37.31758],[127.97219,37.31723],[127.97259,37.3166],[127.97311,37.31595],[127.97283,37.31549],[127.97255,37.31549],[127.9722,37.31564],[127.97171,37.31601],[127.97166,37.31584],[127.97119,37.31575],[127.97071,37.31553],[127.96823,37.31766],[127.9666,37.3191],[127.96337,37.32186],[127.96209,37.323],[127.96202,37.3228],[127.96178,37.3227],[127.96144,37.32233],[127.96082,37.32288],[127.96064,37.32297],[127.95856,37.31925],[127.95837,37.31878],[127.95746,37.31514],[127.9597,37.31444],[127.96044,37.31387],[127.96026,37.31353],[127.95985,37.31325],[127.95906,37.31214],[127.95839,37.31181],[127.9578,37.31178],[127.95691,37.31127],[127.95613,37.31058],[127.9562,37.30999],[127.95597,37.30813],[127.95627,37.30744],[127.95701,37.30681],[127.95798,37.30571],[127.95886,37.30501],[127.95911,37.30458],[127.95885,37.3041],[127.9594,37.30349],[127.95948,37.30315],[127.95912,37.30247],[127.95969,37.30154],[127.95959,37.30113],[127.96007,37.30043],[127.96054,37.30008],[127.96072,37.29971],[127.96202,37.30023],[127.96281,37.30109],[127.9635,37.30154],[127.96343,37.30188],[127.96363,37.3019],[127.96421,37.30171],[127.96494,37.30205],[127.96559,37.30214],[127.96611,37.30187],[127.96658,37.30184],[127.96688,37.30139],[127.96754,37.3012],[127.96766,37.301],[127.96803,37.30098],[127.9683,37.3011],[127.96882,37.30093],[127.96923,37.30086],[127.96923,37.30058],[127.96979,37.30046],[127.97,37.30067],[127.97093,37.30069],[127.97141,37.30077],[127.97224,37.30122],[127.97245,37.30147],[127.97368,37.30213],[127.97408,37.30219],[127.97445,37.30246],[127.97463,37.30218],[127.97511,37.3019],[127.97473,37.30153],[127.97463,37.30101],[127.97463,37.3005],[127.97471,37.30013],[127.97469,37.2998],[127.97436,37.29938],[127.97374,37.29884],[127.97333,37.29857],[127.9728,37.29778],[127.97296,37.29714],[127.97303,37.29652],[127.97292,37.29613],[127.97304,37.29579],[127.97395,37.29593],[127.97437,37.29572],[127.97498,37.29507],[127.97533,37.29459],[127.9755,37.29377],[127.97579,37.29339],[127.97655,37.29315],[127.97659,37.2924],[127.97728,37.29168],[127.97811,37.29126],[127.97981,37.29075],[127.98014,37.2909],[127.98066,37.29198],[127.98085,37.29211],[127.98092,37.29236],[127.98134,37.29256],[127.98157,37.29296],[127.98213,37.29342],[127.9823,37.29391],[127.9824,37.29446],[127.9828,37.295],[127.98303,37.29559],[127.98358,37.29602],[127.98375,37.29658],[127.98403,37.29681],[127.98449,37.29738],[127.98499,37.29729],[127.9852,37.29745],[127.98566,37.29815],[127.98617,37.29791],[127.98717,37.29754],[127.98811,37.29712],[127.98886,37.29685],[127.98923,37.29657],[127.99001,37.29542],[127.99037,37.29554],[127.99078,37.29539],[127.99116,37.2955],[127.99155,37.29581],[127.99208,37.29572],[127.99244,37.29588],[127.99279,37.29619],[127.99393,37.29572],[127.99495,37.29563],[127.99581,37.29601],[127.99647,37.29647],[127.99727,37.29655],[127.99817,37.29622],[127.99912,37.2966],[127.99977,37.29676],[128.00046,37.29655],[128.00178,37.29641],[128.00257,37.2963],[128.00344,37.29605],[128.0038,37.29587],[128.00412,37.29542],[128.00489,37.29458],[128.0057,37.29423],[128.00656,37.29409],[128.00719,37.29454],[128.00801,37.29479],[128.00815,37.29511],[128.00834,37.29522],[128.00898,37.29489],[128.00963,37.29381],[128.00967,37.29335],[128.01022,37.29308],[128.0108,37.29334],[128.011,37.29356],[128.01132,37.29422],[128.01223,37.29533],[128.01296,37.29612],[128.01242,37.29708],[128.01167,37.29769],[128.0115,37.29799],[128.01145,37.29872],[128.01157,37.29935],[128.01192,37.30036],[128.0115,37.30107],[128.01156,37.30165],[128.01132,37.30247],[128.0117,37.30259],[128.01213,37.30286],[128.01285,37.30284],[128.01386,37.30259],[128.01537,37.30271],[128.01521,37.30343],[128.01537,37.30426],[128.01515,37.30511],[128.01531,37.3059],[128.01514,37.30841],[128.01572,37.30949],[128.01632,37.30987],[128.01712,37.31028],[128.01728,37.31094],[128.01725,37.31146],[128.0188,37.31218],[128.02028,37.31348],[128.02142,37.31451],[128.02158,37.31508],[128.02161,37.31563],[128.02179,37.31607],[128.02183,37.31643],[128.02172,37.31687],[128.02137,37.31737],[128.02157,37.31782],[128.02159,37.31822],[128.02203,37.31883],[128.02212,37.3194],[128.02174,37.32012],[128.0218,37.32049],[128.02163,37.32083],[128.02172,37.32136],[128.02224,37.3221],[128.02258,37.32239],[128.0227,37.32275],[128.02318,37.32327],[128.02328,37.32373],[128.02321,37.32439],[128.02383,37.32476],[128.02498,37.32536],[128.02497,37.32572],[128.02526,37.32614],[128.02572,37.32713],[128.02572,37.32724]]]},"properties":{"code":"32020680","name":"반곡관설동"}}],"profileId":"gangwon","schemaVersion":2,"dataVersion":"gangwon-2022-563a6bb6162048a7"}
