{"type":"FeatureCollection","features":[{"type":"Feature","geometry":{"type":"MultiPolygon","coordinates":[[[[128.83679,37.88562],[128.83626,37.88671],[128.83589,37.88661],[128.83608,37.88638],[128.83691,37.88471],[128.83695,37.88441],[128.83734,37.88453],[128.83679,37.88562]]],[[[128.83678,37.87675],[128.83598,37.87766],[128.8357,37.87788],[128.83535,37.87832],[128.83446,37.87925],[128.83411,37.87976],[128.83373,37.87999],[128.83348,37.88039],[128.83369,37.88054],[128.83321,37.88069],[128.83296,37.88104],[128.83296,37.88125],[128.83355,37.88153],[128.83338,37.88167],[128.83281,37.88137],[128.83236,37.88162],[128.83208,37.88198],[128.83189,37.88267],[128.83164,37.88313],[128.83334,37.88409],[128.83346,37.88432],[128.83136,37.88311],[128.83107,37.88324],[128.83074,37.88354],[128.83016,37.88436],[128.83012,37.88478],[128.83064,37.88573],[128.83128,37.88582],[128.83159,37.88563],[128.83179,37.88584],[128.83151,37.88597],[128.83196,37.88693],[128.83178,37.88698],[128.83134,37.88605],[128.83123,37.88597],[128.83028,37.88588],[128.83036,37.8879],[128.82899,37.88794],[128.8289,37.88819],[128.82901,37.88909],[128.82946,37.8891],[128.82957,37.89155],[128.83078,37.89152],[128.83078,37.89202],[128.82951,37.89271],[128.83001,37.89318],[128.82985,37.8933],[128.83043,37.89379],[128.83166,37.8944],[128.83237,37.89455],[128.83301,37.89448],[128.83323,37.89352],[128.83265,37.89285],[128.83266,37.89234],[128.83237,37.89147],[128.83241,37.89068],[128.83307,37.8876],[128.83377,37.88639],[128.83396,37.88598],[128.83489,37.88571],[128.83496,37.88603],[128.83425,37.88625],[128.83379,37.8869],[128.83338,37.88761],[128.83318,37.88831],[128.83303,37.88917],[128.83292,37.88955],[128.83273,37.89054],[128.83266,37.89149],[128.83293,37.8921],[128.83305,37.8926],[128.83365,37.89322],[128.83393,37.89385],[128.83396,37.89418],[128.83435,37.89437],[128.83412,37.89452],[128.83438,37.89483],[128.83429,37.89494],[128.83445,37.89555],[128.83433,37.8959],[128.83403,37.89613],[128.83399,37.8967],[128.83415,37.89692],[128.83477,37.89719],[128.83484,37.89741],[128.83477,37.89776],[128.83414,37.89887],[128.8342,37.89933],[128.83445,37.89954],[128.83434,37.89984],[128.83378,37.9002],[128.83375,37.9006],[128.8331,37.90046],[128.83263,37.90046],[128.83243,37.90081],[128.83212,37.90067],[128.83159,37.90086],[128.83134,37.90129],[128.83155,37.90137],[128.8317,37.90164],[128.83136,37.90183],[128.83112,37.90173],[128.83092,37.9019],[128.83021,37.90207],[128.82985,37.90238],[128.82939,37.90336],[128.82946,37.90368],[128.83048,37.90375],[128.83045,37.90395],[128.82966,37.90391],[128.82957,37.90456],[128.83049,37.90493],[128.83075,37.90456],[128.83179,37.90378],[128.83202,37.90389],[128.83118,37.9045],[128.83113,37.9048],[128.83074,37.90518],[128.83002,37.90612],[128.82957,37.90615],[128.82902,37.90649],[128.82877,37.90712],[128.82844,37.90724],[128.82799,37.90688],[128.82633,37.90724],[128.82506,37.90724],[128.82424,37.90765],[128.82401,37.90786],[128.8228,37.90863],[128.82193,37.90939],[128.82122,37.90991],[128.8207,37.91039],[128.82024,37.91092],[128.81934,37.91153],[128.81889,37.91193],[128.81837,37.91231],[128.81727,37.91287],[128.81627,37.91328],[128.81576,37.91357],[128.81401,37.91475],[128.81257,37.91561],[128.81132,37.91643],[128.8108,37.91682],[128.81,37.91753],[128.80867,37.91698],[128.80818,37.91664],[128.80756,37.91647],[128.8072,37.91622],[128.80692,37.91585],[128.80648,37.91565],[128.806,37.91569],[128.80575,37.91552],[128.80551,37.915],[128.80521,37.91463],[128.80437,37.91383],[128.80435,37.91366],[128.80387,37.91326],[128.80343,37.91301],[128.80262,37.91294],[128.80223,37.91303],[128.80202,37.91296],[128.8016,37.91307],[128.80079,37.91314],[128.80032,37.91305],[128.79951,37.91299],[128.79889,37.91286],[128.7984,37.91269],[128.79723,37.91302],[128.7965,37.91283],[128.79644,37.91239],[128.79603,37.91214],[128.79484,37.91244],[128.79425,37.9124],[128.79348,37.91221],[128.79315,37.91221],[128.7929,37.91239],[128.79215,37.9127],[128.79164,37.91263],[128.79127,37.91267],[128.79045,37.91296],[128.7897,37.91333],[128.7883,37.91302],[128.78762,37.91316],[128.78667,37.91328],[128.78631,37.91339],[128.78581,37.91378],[128.78541,37.9142],[128.78499,37.91448],[128.78401,37.91455],[128.7837,37.9147],[128.78301,37.91469],[128.7828,37.91426],[128.78247,37.91412],[128.78188,37.91413],[128.78107,37.91355],[128.77978,37.91328],[128.77884,37.91344],[128.77832,37.91341],[128.77794,37.91315],[128.77791,37.91279],[128.77764,37.91233],[128.77679,37.91125],[128.77682,37.9108],[128.7766,37.91062],[128.77554,37.91012],[128.77385,37.91026],[128.77314,37.91106],[128.77144,37.91081],[128.77035,37.90975],[128.77008,37.91002],[128.769,37.91063],[128.76797,37.91057],[128.76771,37.9105],[128.76709,37.9106],[128.76671,37.91045],[128.76633,37.9102],[128.76581,37.91024],[128.7652,37.91011],[128.76485,37.90995],[128.76458,37.91023],[128.76392,37.91033],[128.76343,37.91023],[128.76299,37.90999],[128.76242,37.90982],[128.76135,37.91009],[128.76017,37.9101],[128.75999,37.91007],[128.75959,37.91024],[128.75938,37.91046],[128.75895,37.91053],[128.75824,37.91075],[128.7573,37.91148],[128.75735,37.91179],[128.75695,37.91232],[128.7562,37.9125],[128.75611,37.91243],[128.75556,37.91255],[128.7545,37.91235],[128.7537,37.91225],[128.75264,37.91169],[128.75238,37.91126],[128.75219,37.91075],[128.75129,37.91049],[128.75039,37.91013],[128.74973,37.91001],[128.74934,37.90978],[128.74861,37.90954],[128.74738,37.90977],[128.74694,37.90951],[128.7466,37.9092],[128.74645,37.90854],[128.74628,37.90829],[128.74643,37.90777],[128.74646,37.90738],[128.74621,37.90718],[128.74601,37.90685],[128.74611,37.90646],[128.74605,37.90615],[128.74561,37.9056],[128.74525,37.9054],[128.74507,37.90518],[128.74466,37.90421],[128.7438,37.9039],[128.74335,37.90388],[128.74221,37.90405],[128.74188,37.90381],[128.74094,37.90345],[128.73973,37.90353],[128.73888,37.90378],[128.73638,37.90341],[128.73564,37.90281],[128.73543,37.90254],[128.73545,37.90179],[128.73504,37.90114],[128.73463,37.90105],[128.73241,37.89988],[128.73157,37.90025],[128.7291,37.90101],[128.72778,37.90182],[128.72705,37.90267],[128.72517,37.90257],[128.72452,37.90231],[128.72372,37.90219],[128.72331,37.90189],[128.7192,37.90279],[128.71857,37.90339],[128.71759,37.90261],[128.71753,37.90214],[128.71567,37.90154],[128.71511,37.90113],[128.71405,37.90012],[128.71326,37.89968],[128.71337,37.89875],[128.71146,37.89813],[128.7106,37.89805],[128.70881,37.89729],[128.70781,37.89785],[128.7075,37.89797],[128.70448,37.89787],[128.70402,37.89817],[128.70217,37.89841],[128.70029,37.89766],[128.69942,37.8972],[128.69811,37.89677],[128.69658,37.89602],[128.69613,37.89605],[128.69551,37.89566],[128.69441,37.89534],[128.69349,37.89419],[128.69124,37.89291],[128.6898,37.89282],[128.68913,37.89251],[128.68829,37.89257],[128.68773,37.8924],[128.68713,37.89239],[128.68664,37.89246],[128.68592,37.8921],[128.68561,37.89176],[128.68416,37.89055],[128.68296,37.89005],[128.68283,37.88991],[128.68166,37.89033],[128.68135,37.89018],[128.68077,37.89015],[128.68013,37.88998],[128.67973,37.89011],[128.67867,37.89026],[128.67705,37.88972],[128.67634,37.88982],[128.67528,37.88895],[128.67402,37.88835],[128.67208,37.88759],[128.67133,37.88647],[128.66982,37.88623],[128.66959,37.8859],[128.66918,37.88582],[128.66788,37.88581],[128.66708,37.88573],[128.66682,37.88588],[128.66677,37.88373],[128.66708,37.88204],[128.66668,37.88129],[128.66599,37.88086],[128.66536,37.88018],[128.66545,37.87972],[128.66449,37.87864],[128.66439,37.87712],[128.66321,37.87496],[128.6622,37.8745],[128.66128,37.87321],[128.6618,37.87282],[128.6626,37.87169],[128.66278,37.87056],[128.66236,37.87016],[128.66259,37.86833],[128.66323,37.86741],[128.66586,37.86722],[128.667,37.86784],[128.66788,37.86817],[128.66921,37.86829],[128.66998,37.869],[128.67114,37.87048],[128.67277,37.87057],[128.67398,37.87113],[128.67509,37.87101],[128.67616,37.87156],[128.67832,37.87215],[128.67993,37.87194],[128.68143,37.87196],[128.68197,37.87141],[128.68254,37.87166],[128.68396,37.87149],[128.68586,37.87146],[128.68705,37.87169],[128.68818,37.87117],[128.69063,37.87141],[128.69162,37.87102],[128.69261,37.8709],[128.69345,37.87003],[128.69444,37.86999],[128.69666,37.87035],[128.69756,37.87085],[128.69901,37.87152],[128.69938,37.87153],[128.70011,37.87196],[128.7,37.87225],[128.7003,37.87276],[128.70067,37.87275],[128.70326,37.87341],[128.70389,37.87338],[128.70553,37.87387],[128.70592,37.87371],[128.70635,37.87367],[128.70666,37.87377],[128.70687,37.87365],[128.70745,37.87383],[128.70856,37.87346],[128.7088,37.87318],[128.70996,37.87367],[128.71138,37.87338],[128.71174,37.87261],[128.7121,37.87238],[128.71254,37.87181],[128.71372,37.87142],[128.71379,37.87091],[128.71424,37.87073],[128.71479,37.87078],[128.71545,37.87104],[128.71575,37.87102],[128.71627,37.87119],[128.71747,37.87103],[128.71845,37.87063],[128.71997,37.87093],[128.72088,37.87132],[128.72204,37.87164],[128.72309,37.8717],[128.72383,37.87179],[128.72417,37.87172],[128.72532,37.87169],[128.72607,37.87123],[128.72624,37.87091],[128.72758,37.86972],[128.72817,37.86952],[128.72883,37.86856],[128.72943,37.86829],[128.72966,37.86763],[128.7303,37.86669],[128.73069,37.86652],[128.73128,37.8668],[128.73168,37.86679],[128.73212,37.86692],[128.73242,37.86725],[128.73426,37.86724],[128.73465,37.86735],[128.73581,37.86755],[128.73638,37.86746],[128.73753,37.86791],[128.73829,37.86836],[128.73892,37.86897],[128.73932,37.86908],[128.73987,37.86901],[128.74016,37.86887],[128.74053,37.86884],[128.74109,37.86918],[128.74151,37.86926],[128.74196,37.86894],[128.74227,37.86852],[128.74273,37.86827],[128.7429,37.86801],[128.74379,37.86792],[128.74402,37.8681],[128.74442,37.86811],[128.74456,37.86791],[128.74543,37.86797],[128.74575,37.86812],[128.74631,37.86853],[128.74672,37.86898],[128.74734,37.86886],[128.74834,37.86901],[128.74965,37.86931],[128.75082,37.86892],[128.75088,37.86816],[128.75268,37.86763],[128.7529,37.8678],[128.75365,37.8678],[128.75446,37.86749],[128.75468,37.86753],[128.75512,37.86734],[128.75518,37.86689],[128.75568,37.86672],[128.75625,37.86681],[128.75663,37.86678],[128.75717,37.86754],[128.75785,37.86769],[128.75858,37.86754],[128.75956,37.86714],[128.76029,37.86732],[128.76086,37.86757],[128.76164,37.86828],[128.76188,37.8684],[128.7623,37.86844],[128.76346,37.86882],[128.76403,37.86914],[128.76469,37.86921],[128.76509,37.86932],[128.76543,37.86925],[128.76525,37.86899],[128.76568,37.86779],[128.76587,37.86711],[128.76623,37.86686],[128.76697,37.86689],[128.76732,37.86675],[128.76758,37.86655],[128.7678,37.86603],[128.76821,37.86567],[128.76868,37.8657],[128.76955,37.86522],[128.77029,37.86474],[128.77053,37.86475],[128.77095,37.8644],[128.77158,37.86453],[128.77199,37.86477],[128.77281,37.86465],[128.77356,37.86435],[128.7746,37.86442],[128.77541,37.86382],[128.77584,37.86341],[128.77631,37.86267],[128.77679,37.86246],[128.77694,37.86207],[128.77729,37.86152],[128.77772,37.86109],[128.77816,37.86107],[128.77823,37.86093],[128.77866,37.86078],[128.779,37.86085],[128.77919,37.86057],[128.77968,37.86047],[128.78017,37.86048],[128.78016,37.85985],[128.78077,37.8588],[128.78119,37.85861],[128.78141,37.85838],[128.78183,37.85828],[128.78215,37.85831],[128.78261,37.85821],[128.78326,37.85842],[128.78378,37.85848],[128.78432,37.8587],[128.78451,37.85904],[128.78479,37.85909],[128.78542,37.85886],[128.78638,37.85877],[128.78661,37.85865],[128.78697,37.85868],[128.78748,37.85836],[128.78788,37.8584],[128.78812,37.8587],[128.78821,37.85945],[128.78908,37.85979],[128.78944,37.8596],[128.7896,37.85992],[128.78982,37.86067],[128.79019,37.86123],[128.7916,37.86146],[128.79186,37.86111],[128.79255,37.86083],[128.79282,37.86082],[128.79331,37.86099],[128.79352,37.86132],[128.79342,37.86173],[128.79383,37.86208],[128.79453,37.86234],[128.7948,37.8627],[128.79575,37.86268],[128.79644,37.86247],[128.79674,37.86274],[128.79728,37.86265],[128.79766,37.86269],[128.79797,37.86314],[128.79871,37.86301],[128.79909,37.86301],[128.7996,37.86363],[128.80004,37.86404],[128.80064,37.86425],[128.80114,37.86452],[128.80203,37.8646],[128.80226,37.86451],[128.80284,37.86453],[128.80378,37.86379],[128.80441,37.86371],[128.80477,37.86376],[128.80593,37.86418],[128.80628,37.86443],[128.80622,37.86476],[128.80666,37.86493],[128.80744,37.86504],[128.80803,37.86518],[128.80833,37.86506],[128.80961,37.865],[128.81041,37.86567],[128.81135,37.86625],[128.81213,37.86664],[128.81243,37.86672],[128.81295,37.86673],[128.81354,37.86691],[128.81404,37.86669],[128.81406,37.86648],[128.81436,37.86613],[128.81447,37.86561],[128.81517,37.86486],[128.81561,37.8645],[128.81556,37.86402],[128.81564,37.86357],[128.81663,37.86373],[128.81705,37.86421],[128.81729,37.86516],[128.819,37.86504],[128.81955,37.86486],[128.82008,37.86513],[128.82013,37.86527],[128.82116,37.86551],[128.82173,37.86518],[128.82222,37.86517],[128.8224,37.86504],[128.8231,37.86498],[128.82297,37.86463],[128.82323,37.86447],[128.82357,37.86399],[128.82334,37.86374],[128.82384,37.86376],[128.82429,37.8633],[128.82438,37.86302],[128.82468,37.86289],[128.82479,37.86345],[128.82504,37.86374],[128.82583,37.86442],[128.82658,37.86459],[128.82699,37.86504],[128.82715,37.86502],[128.82779,37.8653],[128.82802,37.86552],[128.82807,37.86583],[128.82844,37.86632],[128.829,37.86617],[128.82902,37.86635],[128.83001,37.86657],[128.82975,37.86694],[128.8301,37.86743],[128.83032,37.86751],[128.83024,37.86815],[128.83051,37.86844],[128.83078,37.86853],[128.83121,37.86882],[128.83147,37.86878],[128.83166,37.86902],[128.83148,37.86922],[128.83193,37.86945],[128.83204,37.86966],[128.8336,37.87075],[128.83399,37.87085],[128.83445,37.87087],[128.83496,37.87049],[128.83563,37.87022],[128.836,37.87021],[128.83629,37.87063],[128.83511,37.87128],[128.83422,37.8716],[128.83336,37.87206],[128.83035,37.87456],[128.82992,37.87489],[128.83011,37.875],[128.83062,37.87499],[128.83107,37.87508],[128.83135,37.87523],[128.83172,37.87523],[128.83235,37.87507],[128.83286,37.87501],[128.83268,37.8754],[128.83291,37.87561],[128.83362,37.87572],[128.83545,37.87628],[128.83678,37.87675]]]]},"properties":{"code":"32030110","name":"주문진읍"}},{"type":"Feature","geometry":{"type":"Polygon","coordinates":[[[128.83876,37.78742],[128.83798,37.78805],[128.83738,37.78809],[128.83699,37.78828],[128.83609,37.78799],[128.83591,37.78824],[128.83544,37.78838],[128.83514,37.78832],[128.83472,37.78791],[128.83364,37.78771],[128.83326,37.78749],[128.83292,37.78749],[128.83185,37.78772],[128.83165,37.78767],[128.83095,37.78783],[128.83052,37.78812],[128.83022,37.78814],[128.82923,37.78791],[128.82879,37.78853],[128.82833,37.7885],[128.828,37.78861],[128.82755,37.78831],[128.82673,37.78825],[128.82602,37.78791],[128.82566,37.7875],[128.82516,37.78748],[128.82499,37.78734],[128.82463,37.78675],[128.82471,37.78591],[128.82338,37.78554],[128.82242,37.7855],[128.82203,37.78531],[128.82232,37.78465],[128.82243,37.78454],[128.82132,37.78397],[128.82046,37.78409],[128.81981,37.78398],[128.81962,37.78365],[128.81951,37.78263],[128.81909,37.78254],[128.81898,37.78223],[128.81853,37.78182],[128.81861,37.78158],[128.81822,37.78086],[128.81869,37.78037],[128.81852,37.77989],[128.81889,37.77938],[128.81872,37.77884],[128.81865,37.77838],[128.81838,37.77754],[128.81792,37.77725],[128.81716,37.7771],[128.81693,37.77697],[128.81639,37.77685],[128.81733,37.77561],[128.81715,37.77484],[128.81676,37.77445],[128.81673,37.77392],[128.81664,37.77356],[128.81615,37.7731],[128.81597,37.77267],[128.81598,37.77247],[128.81526,37.77222],[128.81491,37.77204],[128.81475,37.77144],[128.81491,37.77079],[128.81486,37.77044],[128.8151,37.76991],[128.81492,37.76939],[128.81435,37.76864],[128.81437,37.76811],[128.81422,37.76748],[128.81386,37.76728],[128.81394,37.76653],[128.81344,37.7665],[128.81305,37.76669],[128.81251,37.7664],[128.81208,37.76644],[128.81172,37.76614],[128.81127,37.76597],[128.81024,37.76548],[128.81011,37.76547],[128.81014,37.765],[128.81035,37.76474],[128.81043,37.76434],[128.80987,37.76435],[128.80917,37.76426],[128.80787,37.7637],[128.80743,37.76346],[128.80714,37.76339],[128.80656,37.76347],[128.80572,37.76333],[128.80491,37.76338],[128.80455,37.76429],[128.80428,37.76449],[128.8031,37.76464],[128.80299,37.76544],[128.80273,37.76567],[128.80262,37.7662],[128.80201,37.76622],[128.80145,37.76608],[128.80074,37.76598],[128.80047,37.76578],[128.80031,37.76538],[128.80041,37.76522],[128.80015,37.7648],[128.79939,37.76452],[128.79888,37.76424],[128.79782,37.7642],[128.79741,37.76404],[128.79695,37.76448],[128.7969,37.76484],[128.79622,37.76496],[128.79593,37.76493],[128.79497,37.76599],[128.7943,37.76628],[128.79431,37.76697],[128.79374,37.76739],[128.79314,37.76819],[128.79237,37.76916],[128.79106,37.77035],[128.79052,37.77014],[128.78952,37.7704],[128.78838,37.77024],[128.78807,37.76975],[128.78778,37.76953],[128.78697,37.76941],[128.78598,37.76843],[128.78549,37.768],[128.78465,37.768],[128.7838,37.76828],[128.78295,37.76874],[128.78245,37.76869],[128.78163,37.76869],[128.78156,37.76877],[128.78073,37.76879],[128.77942,37.76835],[128.77899,37.76845],[128.77783,37.76889],[128.77663,37.76916],[128.7762,37.7688],[128.77517,37.76837],[128.77401,37.76811],[128.77306,37.76802],[128.77165,37.7683],[128.77079,37.76807],[128.76925,37.76862],[128.76802,37.76878],[128.76779,37.7686],[128.7676,37.76814],[128.76683,37.76771],[128.7663,37.7677],[128.76582,37.76759],[128.7648,37.76654],[128.764,37.76601],[128.76239,37.76523],[128.76219,37.76443],[128.76187,37.7639],[128.76206,37.76338],[128.7619,37.76281],[128.76164,37.76242],[128.76117,37.76219],[128.76074,37.76153],[128.76011,37.76105],[128.7602,37.75972],[128.76066,37.7585],[128.76101,37.75688],[128.7608,37.7562],[128.76097,37.75585],[128.76102,37.75525],[128.75993,37.75445],[128.75954,37.7543],[128.75945,37.75319],[128.75929,37.7529],[128.75812,37.75239],[128.757,37.75173],[128.75638,37.75164],[128.75591,37.75148],[128.75543,37.75082],[128.75509,37.75065],[128.75428,37.75074],[128.7535,37.75075],[128.75277,37.75021],[128.75243,37.74949],[128.75237,37.74862],[128.75201,37.74747],[128.75197,37.74645],[128.75216,37.74603],[128.75164,37.74545],[128.75089,37.74446],[128.75067,37.74388],[128.74992,37.74341],[128.74976,37.74305],[128.74949,37.74275],[128.74763,37.74227],[128.74516,37.7416],[128.74465,37.74151],[128.74407,37.74153],[128.7438,37.74143],[128.74425,37.73914],[128.74417,37.73563],[128.74478,37.73405],[128.745,37.73176],[128.74486,37.73116],[128.74401,37.73003],[128.74403,37.72879],[128.74465,37.72779],[128.74567,37.72677],[128.74479,37.72489],[128.74455,37.72344],[128.74524,37.72232],[128.74794,37.72028],[128.74848,37.71995],[128.74691,37.71835],[128.74698,37.7178],[128.74716,37.71705],[128.74746,37.71542],[128.74798,37.71447],[128.74783,37.7141],[128.74889,37.71296],[128.75051,37.71224],[128.75215,37.71142],[128.75318,37.71071],[128.75338,37.7086],[128.75494,37.70755],[128.75399,37.70684],[128.75393,37.7054],[128.75509,37.70409],[128.75525,37.70367],[128.75468,37.70213],[128.75439,37.70086],[128.75456,37.69965],[128.75497,37.69883],[128.7556,37.69777],[128.75723,37.69476],[128.75776,37.69437],[128.75828,37.69448],[128.75858,37.69417],[128.75878,37.69334],[128.75913,37.69266],[128.7589,37.69233],[128.75873,37.69191],[128.75864,37.69139],[128.75931,37.6897],[128.75928,37.6882],[128.75917,37.68788],[128.7593,37.68694],[128.75927,37.68654],[128.75943,37.68627],[128.761,37.68639],[128.76119,37.6859],[128.76112,37.68492],[128.76076,37.68399],[128.76071,37.68284],[128.762,37.68171],[128.76395,37.6807],[128.76505,37.68213],[128.76561,37.68256],[128.76684,37.68266],[128.76741,37.68309],[128.76945,37.6837],[128.77019,37.6838],[128.77076,37.68404],[128.77211,37.68478],[128.77356,37.68565],[128.77479,37.68534],[128.77552,37.68535],[128.77605,37.68524],[128.77685,37.68546],[128.77775,37.68563],[128.77834,37.68547],[128.77921,37.68589],[128.78017,37.68573],[128.78068,37.68594],[128.78147,37.68615],[128.78245,37.68623],[128.78297,37.68659],[128.78375,37.68668],[128.78465,37.68699],[128.78516,37.68707],[128.78588,37.68825],[128.78683,37.68818],[128.78802,37.6888],[128.78917,37.6895],[128.79018,37.68968],[128.79026,37.69045],[128.79037,37.69115],[128.79073,37.69141],[128.7917,37.69152],[128.79228,37.69169],[128.79256,37.69245],[128.79334,37.69385],[128.79397,37.69406],[128.79531,37.69599],[128.79573,37.69641],[128.79655,37.69663],[128.79721,37.69752],[128.79765,37.69776],[128.79821,37.69824],[128.79906,37.69798],[128.80035,37.69833],[128.80071,37.69801],[128.8011,37.6979],[128.80152,37.69759],[128.80318,37.69812],[128.80376,37.69824],[128.80398,37.69794],[128.80397,37.69751],[128.80444,37.6965],[128.80522,37.69613],[128.80631,37.69601],[128.80707,37.69553],[128.80766,37.69472],[128.80897,37.6938],[128.80917,37.69342],[128.81054,37.69268],[128.81233,37.69219],[128.81303,37.69114],[128.81399,37.69137],[128.81432,37.69068],[128.81436,37.69005],[128.81358,37.68944],[128.81243,37.68806],[128.81286,37.68706],[128.81306,37.68617],[128.81299,37.68552],[128.81465,37.68612],[128.81558,37.68657],[128.81602,37.68685],[128.81649,37.68744],[128.81656,37.68817],[128.81682,37.68894],[128.81725,37.68947],[128.81737,37.6895],[128.81736,37.69032],[128.81751,37.69087],[128.81751,37.69129],[128.81798,37.69217],[128.81853,37.69286],[128.81986,37.69334],[128.82009,37.69361],[128.82061,37.69392],[128.82099,37.69435],[128.82175,37.69447],[128.82203,37.69473],[128.82199,37.69493],[128.82125,37.69482],[128.82018,37.69455],[128.81972,37.69497],[128.81946,37.69545],[128.81953,37.69563],[128.82086,37.69634],[128.8221,37.69657],[128.82235,37.69675],[128.82445,37.69666],[128.82487,37.69645],[128.82565,37.69559],[128.8253,37.69486],[128.82526,37.69425],[128.82573,37.69352],[128.8259,37.69317],[128.82628,37.69277],[128.82726,37.69202],[128.82752,37.69188],[128.82912,37.6916],[128.82978,37.69151],[128.83056,37.69112],[128.8311,37.69077],[128.83212,37.69065],[128.83263,37.69051],[128.83321,37.69045],[128.83381,37.69049],[128.83428,37.69028],[128.83486,37.6895],[128.83601,37.68839],[128.83651,37.68814],[128.83777,37.68658],[128.83866,37.68584],[128.83941,37.68571],[128.84059,37.68544],[128.84227,37.68454],[128.84387,37.68379],[128.84576,37.68351],[128.84627,37.68479],[128.84635,37.68582],[128.84683,37.68616],[128.84614,37.68726],[128.84661,37.6878],[128.84779,37.68815],[128.84835,37.68856],[128.84873,37.68893],[128.84918,37.68912],[128.84975,37.68915],[128.85004,37.68928],[128.85128,37.68948],[128.85181,37.6896],[128.85204,37.69035],[128.85236,37.69049],[128.85209,37.69107],[128.85255,37.69196],[128.85256,37.69232],[128.85318,37.69302],[128.85334,37.69339],[128.85382,37.69423],[128.85378,37.69501],[128.85351,37.69576],[128.85353,37.69608],[128.8532,37.69652],[128.85318,37.69734],[128.85311,37.69781],[128.85304,37.6989],[128.85317,37.69966],[128.85276,37.70026],[128.8527,37.70081],[128.85305,37.70134],[128.85337,37.70163],[128.85362,37.70198],[128.85355,37.70234],[128.85269,37.7029],[128.85237,37.70315],[128.85209,37.70323],[128.85146,37.70398],[128.85103,37.70484],[128.85043,37.70561],[128.85051,37.70591],[128.85051,37.70657],[128.85083,37.70722],[128.85083,37.70756],[128.85054,37.70796],[128.85211,37.7086],[128.85218,37.70887],[128.8524,37.70917],[128.85231,37.70987],[128.85179,37.71018],[128.85165,37.71056],[128.85106,37.71056],[128.85083,37.71069],[128.85036,37.71128],[128.85016,37.71186],[128.84951,37.71233],[128.84943,37.71286],[128.84948,37.71321],[128.84894,37.71341],[128.84863,37.71364],[128.8485,37.71428],[128.84783,37.71485],[128.84708,37.71514],[128.84615,37.71512],[128.84477,37.71503],[128.84442,37.71529],[128.84385,37.71539],[128.8431,37.71603],[128.84245,37.71603],[128.84219,37.71576],[128.84138,37.71592],[128.84101,37.71643],[128.84083,37.71649],[128.83999,37.71653],[128.83888,37.71698],[128.83889,37.71726],[128.83865,37.71762],[128.83782,37.71852],[128.83726,37.71921],[128.83706,37.72005],[128.83721,37.72059],[128.83696,37.72095],[128.83573,37.72156],[128.83523,37.72155],[128.83543,37.7225],[128.83614,37.72335],[128.83702,37.7243],[128.83739,37.72479],[128.83819,37.72569],[128.83866,37.72605],[128.8393,37.72634],[128.84,37.72645],[128.84074,37.72667],[128.84119,37.72746],[128.84178,37.72799],[128.84298,37.72877],[128.84383,37.72951],[128.84527,37.7307],[128.84594,37.73138],[128.84691,37.73187],[128.84744,37.73218],[128.84794,37.73238],[128.84904,37.73298],[128.85035,37.73309],[128.85166,37.73308],[128.85313,37.7333],[128.85472,37.73406],[128.85548,37.73451],[128.85678,37.73537],[128.85744,37.73599],[128.8586,37.73772],[128.85874,37.73941],[128.85873,37.74078],[128.85868,37.7418],[128.85878,37.7432],[128.85911,37.74373],[128.85969,37.74409],[128.86009,37.74475],[128.8593,37.74528],[128.85906,37.74507],[128.85847,37.74486],[128.8578,37.74432],[128.8576,37.74445],[128.85721,37.74493],[128.8577,37.7454],[128.85698,37.74566],[128.8567,37.74558],[128.85652,37.74522],[128.85623,37.74531],[128.85606,37.74563],[128.85532,37.74598],[128.85466,37.74597],[128.85429,37.74615],[128.85386,37.74575],[128.85315,37.74585],[128.85392,37.74647],[128.85387,37.74678],[128.85366,37.74696],[128.85304,37.74693],[128.85311,37.74727],[128.85357,37.74735],[128.85335,37.74791],[128.85361,37.74798],[128.85383,37.74858],[128.85427,37.74855],[128.85524,37.74869],[128.85568,37.74834],[128.85581,37.74835],[128.85623,37.74796],[128.85652,37.74817],[128.8557,37.74892],[128.85567,37.74942],[128.85543,37.74966],[128.85531,37.75001],[128.85494,37.75038],[128.85475,37.75135],[128.85424,37.75172],[128.85447,37.75179],[128.85479,37.7517],[128.85508,37.7518],[128.8557,37.75279],[128.85586,37.75336],[128.85556,37.75367],[128.85555,37.75413],[128.8558,37.75426],[128.85635,37.75431],[128.85689,37.75464],[128.85718,37.75471],[128.85748,37.75496],[128.85811,37.75454],[128.85857,37.75451],[128.85884,37.75475],[128.85882,37.75497],[128.8594,37.7553],[128.85936,37.75564],[128.8592,37.75603],[128.85925,37.75628],[128.85892,37.75674],[128.85888,37.75704],[128.85919,37.75755],[128.85889,37.75821],[128.85925,37.75845],[128.85886,37.75885],[128.85851,37.75902],[128.8581,37.75935],[128.85707,37.75969],[128.85684,37.75999],[128.85622,37.76014],[128.85607,37.76036],[128.85562,37.76053],[128.85521,37.76076],[128.85404,37.76104],[128.85383,37.7618],[128.85337,37.76222],[128.8529,37.76251],[128.85248,37.76269],[128.85223,37.76329],[128.85182,37.76322],[128.85155,37.76327],[128.8509,37.76379],[128.85053,37.76443],[128.85052,37.76482],[128.85068,37.76519],[128.85066,37.76543],[128.84988,37.76586],[128.84993,37.76703],[128.84951,37.76765],[128.84913,37.76791],[128.84891,37.76795],[128.84845,37.76825],[128.84861,37.76873],[128.84837,37.76904],[128.84836,37.77035],[128.84859,37.77067],[128.84866,37.77114],[128.84849,37.77143],[128.8483,37.77139],[128.84802,37.77179],[128.84797,37.77222],[128.84807,37.77257],[128.84772,37.77291],[128.84752,37.77328],[128.84708,37.77298],[128.84666,37.773],[128.84576,37.77375],[128.84539,37.77357],[128.8447,37.77387],[128.84448,37.77447],[128.84396,37.7749],[128.84389,37.77527],[128.84415,37.77572],[128.8439,37.77626],[128.84406,37.77675],[128.84384,37.77737],[128.84376,37.7778],[128.84391,37.77871],[128.8436,37.77905],[128.8432,37.77976],[128.84205,37.77936],[128.84164,37.7794],[128.84142,37.77964],[128.8408,37.77977],[128.84073,37.78052],[128.84027,37.78064],[128.84002,37.78141],[128.84024,37.7817],[128.8408,37.78209],[128.8404,37.78304],[128.84049,37.78316],[128.84005,37.78359],[128.83998,37.78421],[128.83999,37.7849],[128.84011,37.78521],[128.83994,37.78546],[128.83987,37.78592],[128.83952,37.78621],[128.83938,37.7866],[128.83924,37.78668],[128.83876,37.78742]]]},"properties":{"code":"32030310","name":"성산면"}},{"type":"Feature","geometry":{"type":"Polygon","coordinates":[[[128.84576,37.68351],[128.84387,37.68379],[128.84227,37.68454],[128.84059,37.68544],[128.83941,37.68571],[128.83866,37.68584],[128.83777,37.68658],[128.83651,37.68814],[128.83601,37.68839],[128.83486,37.6895],[128.83428,37.69028],[128.83381,37.69049],[128.83321,37.69045],[128.83263,37.69051],[128.83212,37.69065],[128.8311,37.69077],[128.83056,37.69112],[128.82978,37.69151],[128.82912,37.6916],[128.82752,37.69188],[128.82726,37.69202],[128.82628,37.69277],[128.8259,37.69317],[128.82573,37.69352],[128.82526,37.69425],[128.8253,37.69486],[128.82565,37.69559],[128.82487,37.69645],[128.82445,37.69666],[128.82235,37.69675],[128.8221,37.69657],[128.82086,37.69634],[128.81953,37.69563],[128.81946,37.69545],[128.81972,37.69497],[128.82018,37.69455],[128.82125,37.69482],[128.82199,37.69493],[128.82203,37.69473],[128.82175,37.69447],[128.82099,37.69435],[128.82061,37.69392],[128.82009,37.69361],[128.81986,37.69334],[128.81853,37.69286],[128.81798,37.69217],[128.81751,37.69129],[128.81751,37.69087],[128.81736,37.69032],[128.81737,37.6895],[128.81725,37.68947],[128.81682,37.68894],[128.81656,37.68817],[128.81649,37.68744],[128.81602,37.68685],[128.81558,37.68657],[128.81465,37.68612],[128.81299,37.68552],[128.81306,37.68617],[128.81286,37.68706],[128.81243,37.68806],[128.81358,37.68944],[128.81436,37.69005],[128.81432,37.69068],[128.81399,37.69137],[128.81303,37.69114],[128.81233,37.69219],[128.81054,37.69268],[128.80917,37.69342],[128.80897,37.6938],[128.80766,37.69472],[128.80707,37.69553],[128.80631,37.69601],[128.80522,37.69613],[128.80444,37.6965],[128.80397,37.69751],[128.80398,37.69794],[128.80376,37.69824],[128.80318,37.69812],[128.80152,37.69759],[128.8011,37.6979],[128.80071,37.69801],[128.80035,37.69833],[128.79906,37.69798],[128.79821,37.69824],[128.79765,37.69776],[128.79721,37.69752],[128.79655,37.69663],[128.79573,37.69641],[128.79531,37.69599],[128.79397,37.69406],[128.79334,37.69385],[128.79256,37.69245],[128.79228,37.69169],[128.7917,37.69152],[128.79073,37.69141],[128.79037,37.69115],[128.79026,37.69045],[128.79018,37.68968],[128.78917,37.6895],[128.78802,37.6888],[128.78683,37.68818],[128.78588,37.68825],[128.78516,37.68707],[128.78465,37.68699],[128.78375,37.68668],[128.78297,37.68659],[128.78245,37.68623],[128.78147,37.68615],[128.78068,37.68594],[128.78017,37.68573],[128.77921,37.68589],[128.77834,37.68547],[128.77775,37.68563],[128.77685,37.68546],[128.77605,37.68524],[128.77552,37.68535],[128.77479,37.68534],[128.77356,37.68565],[128.77211,37.68478],[128.77076,37.68404],[128.77019,37.6838],[128.76945,37.6837],[128.76741,37.68309],[128.76684,37.68266],[128.76561,37.68256],[128.76505,37.68213],[128.76395,37.6807],[128.76351,37.68003],[128.7633,37.67895],[128.7634,37.67793],[128.76392,37.67717],[128.76418,37.6767],[128.76427,37.67603],[128.76476,37.67454],[128.76475,37.67395],[128.76511,37.67352],[128.76503,37.67292],[128.76442,37.67258],[128.76238,37.6724],[128.76178,37.67183],[128.76062,37.67128],[128.75925,37.6714],[128.7584,37.67139],[128.75707,37.67084],[128.75613,37.67033],[128.75527,37.67037],[128.75302,37.66979],[128.75247,37.66978],[128.75206,37.66856],[128.75186,37.66821],[128.75189,37.66758],[128.7506,37.66687],[128.74984,37.66684],[128.74949,37.66658],[128.74786,37.66644],[128.74727,37.66649],[128.74576,37.66503],[128.74614,37.66455],[128.74598,37.66362],[128.74529,37.66316],[128.74479,37.66291],[128.74466,37.66172],[128.74413,37.66135],[128.74365,37.66029],[128.74378,37.65947],[128.74367,37.65883],[128.74273,37.65845],[128.74141,37.65758],[128.7393,37.65748],[128.73737,37.65676],[128.73668,37.65664],[128.73587,37.65625],[128.73475,37.65544],[128.73424,37.65516],[128.73347,37.6549],[128.73347,37.65454],[128.73294,37.65348],[128.73312,37.65278],[128.73292,37.65201],[128.73177,37.64978],[128.7323,37.64893],[128.73377,37.64684],[128.73226,37.64531],[128.7313,37.64355],[128.73106,37.64331],[128.73063,37.64195],[128.73064,37.64034],[128.73027,37.63993],[128.72994,37.6398],[128.72959,37.63955],[128.72898,37.6387],[128.72863,37.63793],[128.7287,37.6368],[128.72923,37.63632],[128.73007,37.63449],[128.73172,37.63406],[128.7324,37.63318],[128.73293,37.63281],[128.73343,37.63201],[128.73393,37.63139],[128.73455,37.63093],[128.7346,37.63062],[128.73524,37.62998],[128.73539,37.6295],[128.73583,37.6287],[128.73602,37.62768],[128.73589,37.62754],[128.73565,37.62653],[128.73619,37.6263],[128.7363,37.62574],[128.73608,37.62478],[128.7361,37.6238],[128.73622,37.62315],[128.73601,37.62265],[128.73606,37.62046],[128.73595,37.61976],[128.73642,37.61928],[128.7365,37.61863],[128.7362,37.61804],[128.73632,37.61754],[128.73682,37.61677],[128.73678,37.61539],[128.737,37.61492],[128.7371,37.61402],[128.73655,37.61354],[128.73624,37.61282],[128.73627,37.6126],[128.73592,37.61222],[128.73642,37.6115],[128.73635,37.61113],[128.73666,37.61023],[128.73656,37.60975],[128.73597,37.60957],[128.73552,37.60909],[128.73397,37.60906],[128.73324,37.6092],[128.73224,37.60927],[128.73113,37.60941],[128.7305,37.60952],[128.72906,37.60994],[128.72834,37.61008],[128.72735,37.60996],[128.72644,37.61035],[128.72542,37.61042],[128.72449,37.61037],[128.7242,37.61069],[128.7234,37.61125],[128.72302,37.61132],[128.72233,37.61033],[128.7214,37.60963],[128.72094,37.60938],[128.72021,37.60886],[128.71977,37.60825],[128.71953,37.60778],[128.71906,37.60745],[128.71838,37.6068],[128.71736,37.60555],[128.71697,37.60493],[128.71665,37.60427],[128.71666,37.60229],[128.71675,37.60094],[128.71663,37.59958],[128.71672,37.59885],[128.7166,37.59826],[128.71657,37.59776],[128.71643,37.59723],[128.71628,37.59548],[128.71635,37.59507],[128.71635,37.59338],[128.71588,37.59317],[128.7154,37.59286],[128.7143,37.59242],[128.71312,37.59185],[128.71249,37.59131],[128.71207,37.59087],[128.71194,37.58975],[128.71204,37.58921],[128.71207,37.58864],[128.7113,37.58861],[128.71058,37.58843],[128.70905,37.58854],[128.70833,37.58863],[128.707,37.58892],[128.7062,37.58919],[128.70537,37.5894],[128.70443,37.58977],[128.70344,37.59],[128.70316,37.59067],[128.70328,37.59082],[128.70278,37.59112],[128.70187,37.59183],[128.70179,37.59198],[128.70146,37.59202],[128.70056,37.59244],[128.69991,37.59298],[128.69892,37.59352],[128.69855,37.59342],[128.69733,37.59263],[128.69694,37.59259],[128.69533,37.59211],[128.69501,37.59225],[128.6943,37.59242],[128.69318,37.5925],[128.69267,37.59219],[128.69197,37.59204],[128.69126,37.59217],[128.69035,37.59239],[128.68952,37.59276],[128.68923,37.5928],[128.68795,37.59269],[128.68711,37.59301],[128.68632,37.59313],[128.68491,37.59371],[128.684,37.59384],[128.68396,37.59385],[128.68372,37.59222],[128.68406,37.59198],[128.68427,37.59114],[128.68407,37.59004],[128.68382,37.58942],[128.6836,37.58865],[128.68335,37.58842],[128.68345,37.58793],[128.68315,37.58688],[128.68306,37.58614],[128.68281,37.58552],[128.6829,37.58491],[128.68274,37.58453],[128.68265,37.58343],[128.68242,37.58271],[128.68268,37.58201],[128.68199,37.58115],[128.68172,37.58054],[128.68153,37.57976],[128.68155,37.57916],[128.68149,37.57896],[128.68155,37.57823],[128.6818,37.5775],[128.68161,37.57725],[128.68142,37.5766],[128.68179,37.57627],[128.68179,37.57594],[128.68163,37.57535],[128.68136,37.57479],[128.68144,37.57383],[128.6807,37.57338],[128.68032,37.57229],[128.68036,37.57188],[128.67967,37.57084],[128.67918,37.57044],[128.67896,37.56986],[128.67918,37.56903],[128.67894,37.56767],[128.67888,37.56706],[128.67957,37.56617],[128.68186,37.56496],[128.68265,37.56417],[128.68358,37.56341],[128.68374,37.56278],[128.68417,37.5618],[128.68409,37.5609],[128.68391,37.5597],[128.68365,37.55933],[128.68339,37.55867],[128.68338,37.55825],[128.6835,37.55715],[128.68469,37.5562],[128.68503,37.55599],[128.68592,37.55576],[128.68595,37.55555],[128.68639,37.55496],[128.68671,37.55487],[128.68776,37.55432],[128.68815,37.5536],[128.68823,37.55332],[128.68855,37.55285],[128.68905,37.55255],[128.68946,37.55112],[128.6895,37.55055],[128.68973,37.54964],[128.68977,37.5493],[128.69136,37.54738],[128.69173,37.54608],[128.69192,37.54577],[128.69262,37.54401],[128.69269,37.54312],[128.69334,37.54292],[128.69357,37.54264],[128.69405,37.54125],[128.6948,37.541],[128.696,37.54029],[128.69673,37.53889],[128.69768,37.53778],[128.69833,37.53731],[128.69901,37.53665],[128.69978,37.53654],[128.70001,37.53629],[128.70084,37.53606],[128.70165,37.53537],[128.70243,37.53524],[128.7036,37.53525],[128.70425,37.53506],[128.70485,37.53415],[128.70589,37.53294],[128.70683,37.53246],[128.7071,37.53219],[128.70891,37.53181],[128.71007,37.53152],[128.71071,37.53159],[128.71184,37.53153],[128.7128,37.53161],[128.71413,37.53161],[128.71523,37.53122],[128.71618,37.53118],[128.71716,37.53101],[128.71878,37.52994],[128.71978,37.52871],[128.72086,37.52918],[128.72146,37.53001],[128.72237,37.53133],[128.72271,37.533],[128.72249,37.53414],[128.72289,37.53489],[128.72382,37.53544],[128.72437,37.53594],[128.72726,37.53784],[128.72773,37.53896],[128.72898,37.54009],[128.7303,37.54193],[128.73079,37.54224],[128.73149,37.54259],[128.73169,37.54305],[128.73241,37.54389],[128.73312,37.54408],[128.73354,37.54431],[128.73408,37.54438],[128.73494,37.54472],[128.73502,37.54491],[128.7356,37.54519],[128.73568,37.54547],[128.73606,37.54575],[128.7362,37.54627],[128.7367,37.54671],[128.73708,37.5473],[128.73765,37.54751],[128.73923,37.54767],[128.73973,37.54741],[128.7409,37.54657],[128.74237,37.54589],[128.74315,37.54586],[128.74451,37.54617],[128.74521,37.54685],[128.74598,37.54702],[128.74669,37.54676],[128.74783,37.54656],[128.74869,37.5469],[128.74979,37.54659],[128.7513,37.54567],[128.75179,37.54555],[128.75196,37.54525],[128.75314,37.54501],[128.75348,37.54506],[128.75431,37.54469],[128.7559,37.54416],[128.75616,37.54429],[128.75654,37.54421],[128.75666,37.54379],[128.75733,37.54312],[128.75828,37.54269],[128.75892,37.54226],[128.75995,37.54186],[128.76079,37.54187],[128.76201,37.5415],[128.76241,37.54182],[128.76341,37.54208],[128.76463,37.54277],[128.76543,37.54297],[128.76584,37.54323],[128.76647,37.54339],[128.76703,37.54363],[128.76824,37.54322],[128.76913,37.54319],[128.76964,37.54325],[128.77154,37.54298],[128.77201,37.54294],[128.77319,37.54301],[128.77414,37.54277],[128.77736,37.54417],[128.78,37.54377],[128.78093,37.54349],[128.78319,37.54239],[128.78437,37.54173],[128.78507,37.54144],[128.7855,37.54092],[128.78615,37.54088],[128.78702,37.54099],[128.78781,37.5401],[128.78823,37.53989],[128.78908,37.53995],[128.78983,37.53969],[128.79082,37.53922],[128.79166,37.53843],[128.7921,37.53824],[128.79221,37.53791],[128.79296,37.53717],[128.79274,37.53644],[128.79199,37.5353],[128.79205,37.53413],[128.79203,37.53276],[128.79239,37.53219],[128.79266,37.53207],[128.79333,37.53126],[128.7937,37.52978],[128.79422,37.52982],[128.79533,37.5296],[128.79607,37.52963],[128.797,37.52896],[128.79724,37.52867],[128.79721,37.52832],[128.79749,37.52771],[128.79813,37.52747],[128.79798,37.52717],[128.79775,37.52697],[128.79747,37.52693],[128.79714,37.52667],[128.7976,37.52587],[128.79762,37.52558],[128.7975,37.52526],[128.79749,37.52419],[128.79745,37.52352],[128.79723,37.52284],[128.79733,37.52237],[128.79757,37.52187],[128.79797,37.52141],[128.79824,37.52121],[128.79805,37.52053],[128.79814,37.52017],[128.79784,37.51967],[128.79779,37.5187],[128.79762,37.51845],[128.79921,37.51734],[128.79952,37.51692],[128.79955,37.51674],[128.80011,37.51643],[128.80259,37.51515],[128.80339,37.51486],[128.80382,37.51463],[128.80555,37.51384],[128.80652,37.5137],[128.80735,37.51342],[128.80801,37.51306],[128.80802,37.51214],[128.80858,37.51159],[128.81023,37.51082],[128.81049,37.51033],[128.81086,37.51001],[128.81169,37.50993],[128.81195,37.50966],[128.81223,37.50904],[128.81225,37.50882],[128.81201,37.50834],[128.81216,37.50799],[128.81266,37.50771],[128.81287,37.50748],[128.81366,37.50714],[128.81435,37.50658],[128.8145,37.50632],[128.81415,37.50555],[128.81431,37.50528],[128.81375,37.5033],[128.81439,37.50348],[128.81463,37.50377],[128.81516,37.50377],[128.81582,37.50409],[128.81663,37.50432],[128.81696,37.50431],[128.81725,37.50461],[128.8176,37.5051],[128.818,37.50542],[128.81872,37.50569],[128.81907,37.5059],[128.81927,37.50619],[128.82078,37.50713],[128.82288,37.50786],[128.82469,37.50834],[128.8261,37.50854],[128.82649,37.50863],[128.82826,37.50922],[128.82906,37.50965],[128.83049,37.51009],[128.8314,37.511],[128.83157,37.5117],[128.83196,37.51208],[128.83245,37.51238],[128.83291,37.51243],[128.83309,37.51277],[128.83396,37.51314],[128.83581,37.51285],[128.8365,37.51249],[128.83818,37.51211],[128.83873,37.51193],[128.83942,37.51203],[128.83972,37.51199],[128.84042,37.51203],[128.84101,37.51252],[128.84146,37.51278],[128.84203,37.51322],[128.84245,37.51285],[128.84311,37.51257],[128.84582,37.51384],[128.84705,37.51466],[128.84817,37.51493],[128.84837,37.5152],[128.84879,37.51544],[128.84897,37.51575],[128.84849,37.51644],[128.8485,37.51711],[128.84886,37.51749],[128.84957,37.51854],[128.84997,37.51925],[128.85012,37.51978],[128.85005,37.51997],[128.84966,37.52036],[128.84941,37.52048],[128.84946,37.52066],[128.84815,37.52144],[128.84838,37.5218],[128.84943,37.52223],[128.84954,37.52238],[128.85093,37.52299],[128.8513,37.52322],[128.8517,37.523],[128.85257,37.52318],[128.85266,37.52342],[128.85311,37.52349],[128.85333,37.52399],[128.85376,37.52421],[128.85426,37.5242],[128.85453,37.52491],[128.85451,37.52543],[128.85471,37.5256],[128.85475,37.52624],[128.85397,37.5267],[128.85355,37.52765],[128.85375,37.52805],[128.85367,37.52893],[128.85359,37.5293],[128.85372,37.52949],[128.85367,37.52989],[128.85418,37.53048],[128.85426,37.53073],[128.85451,37.53085],[128.85489,37.53138],[128.85493,37.5316],[128.85523,37.53191],[128.8553,37.53225],[128.85577,37.53271],[128.85589,37.53301],[128.85565,37.53336],[128.85565,37.53376],[128.85538,37.53394],[128.85542,37.53436],[128.85561,37.53466],[128.85539,37.53471],[128.85525,37.5351],[128.85524,37.53624],[128.85551,37.53729],[128.85593,37.53747],[128.85672,37.53725],[128.85689,37.53787],[128.85706,37.53805],[128.85751,37.53808],[128.85795,37.53902],[128.85856,37.5391],[128.85898,37.53973],[128.85914,37.54053],[128.8595,37.54073],[128.85958,37.54093],[128.85937,37.54127],[128.85934,37.54177],[128.85993,37.54242],[128.85974,37.543],[128.8598,37.54358],[128.86011,37.54398],[128.85966,37.54458],[128.85987,37.5451],[128.85952,37.54551],[128.85916,37.54571],[128.85909,37.54667],[128.85928,37.54704],[128.85916,37.54778],[128.86005,37.54813],[128.8605,37.54867],[128.86089,37.54902],[128.86078,37.54931],[128.86097,37.54983],[128.86157,37.55083],[128.86145,37.55151],[128.86173,37.55178],[128.86186,37.55225],[128.86176,37.5528],[128.86198,37.55307],[128.86203,37.55363],[128.86161,37.55425],[128.86177,37.55447],[128.85989,37.5553],[128.85918,37.5559],[128.85942,37.55706],[128.85931,37.55812],[128.85942,37.5594],[128.85914,37.5594],[128.85913,37.56024],[128.8589,37.56066],[128.85879,37.56122],[128.86127,37.563],[128.86119,37.56319],[128.86134,37.56349],[128.86127,37.56378],[128.86212,37.56421],[128.86255,37.56465],[128.8627,37.56507],[128.86271,37.56598],[128.86257,37.56845],[128.86195,37.57046],[128.86239,37.5714],[128.86257,37.57168],[128.86315,37.57368],[128.86379,37.57522],[128.8647,37.57592],[128.86588,37.57643],[128.86603,37.57728],[128.86663,37.57834],[128.86722,37.5787],[128.86754,37.57912],[128.86856,37.57907],[128.86875,37.57949],[128.86938,37.58011],[128.86996,37.5811],[128.8702,37.58198],[128.86994,37.58233],[128.87046,37.58316],[128.87093,37.58452],[128.8717,37.5846],[128.87184,37.58487],[128.87143,37.58583],[128.872,37.58634],[128.87227,37.58723],[128.87309,37.58808],[128.87354,37.58967],[128.87606,37.58931],[128.87684,37.58899],[128.87771,37.58849],[128.87934,37.59013],[128.88059,37.59055],[128.88186,37.59115],[128.88249,37.59244],[128.88393,37.59272],[128.88448,37.59292],[128.88435,37.59339],[128.8846,37.59381],[128.88459,37.59418],[128.8844,37.59469],[128.88481,37.59612],[128.88533,37.59647],[128.88568,37.59757],[128.88577,37.59838],[128.88555,37.59956],[128.88591,37.60005],[128.88681,37.602],[128.88828,37.60292],[128.88824,37.60348],[128.88873,37.60431],[128.89074,37.6057],[128.89111,37.60653],[128.89123,37.60733],[128.89116,37.60772],[128.89167,37.60828],[128.89328,37.60932],[128.89436,37.60965],[128.89438,37.61062],[128.89492,37.61096],[128.89535,37.61138],[128.89552,37.61182],[128.89577,37.61197],[128.89594,37.6124],[128.8963,37.61274],[128.89652,37.61332],[128.89771,37.61358],[128.89794,37.61378],[128.89852,37.61397],[128.90002,37.61419],[128.90052,37.61456],[128.90093,37.61474],[128.90288,37.61625],[128.90463,37.61725],[128.90379,37.61761],[128.90302,37.61814],[128.90273,37.61853],[128.90141,37.61909],[128.90097,37.61956],[128.90068,37.61959],[128.89977,37.62023],[128.89942,37.62059],[128.89905,37.62068],[128.89832,37.62186],[128.89816,37.62295],[128.8973,37.62357],[128.89551,37.6246],[128.89437,37.62544],[128.89342,37.62586],[128.8918,37.62726],[128.8893,37.6288],[128.88825,37.62958],[128.88725,37.63068],[128.8873,37.6319],[128.88857,37.63341],[128.89049,37.63504],[128.89161,37.63581],[128.89178,37.63658],[128.89258,37.63795],[128.89287,37.63864],[128.89339,37.63935],[128.89395,37.64],[128.89538,37.64242],[128.89536,37.64401],[128.89471,37.6459],[128.89499,37.64683],[128.89449,37.64738],[128.89472,37.64799],[128.89446,37.64938],[128.89482,37.64977],[128.89476,37.65],[128.89389,37.65172],[128.89388,37.6525],[128.89322,37.65474],[128.89348,37.65521],[128.8931,37.65545],[128.8926,37.65545],[128.89212,37.65564],[128.89164,37.656],[128.89127,37.65662],[128.89049,37.65727],[128.88973,37.65801],[128.88817,37.65834],[128.88812,37.65859],[128.88767,37.65876],[128.88656,37.65946],[128.88593,37.65955],[128.88508,37.65944],[128.88382,37.65942],[128.88247,37.65975],[128.88245,37.66039],[128.88206,37.66098],[128.88175,37.66181],[128.88193,37.66249],[128.88129,37.6633],[128.87961,37.66453],[128.87944,37.66496],[128.87909,37.66517],[128.87815,37.66528],[128.87719,37.66584],[128.87629,37.66624],[128.87552,37.66643],[128.8741,37.66639],[128.87384,37.66656],[128.87329,37.66672],[128.87341,37.66757],[128.87331,37.66803],[128.87378,37.66914],[128.87344,37.66937],[128.87292,37.67004],[128.87147,37.67053],[128.87074,37.67126],[128.87028,37.67194],[128.86916,37.67299],[128.86879,37.67269],[128.8685,37.67277],[128.86754,37.67252],[128.86666,37.67286],[128.86569,37.67246],[128.86509,37.6726],[128.8648,37.67254],[128.86443,37.67275],[128.86369,37.67255],[128.86325,37.672],[128.86173,37.67175],[128.86072,37.67216],[128.86006,37.67225],[128.85941,37.67253],[128.85904,37.67306],[128.85908,37.67385],[128.85863,37.67444],[128.85832,37.67462],[128.85681,37.67469],[128.85627,37.67497],[128.85598,37.67504],[128.85531,37.67548],[128.85487,37.67619],[128.8545,37.67657],[128.85408,37.67672],[128.85221,37.67666],[128.85152,37.67652],[128.8511,37.67712],[128.85103,37.67733],[128.85053,37.67767],[128.85032,37.67801],[128.85008,37.67805],[128.84955,37.67835],[128.84925,37.67871],[128.84921,37.67908],[128.84875,37.67985],[128.84862,37.68025],[128.8483,37.68063],[128.84745,37.68116],[128.84715,37.68117],[128.84691,37.6814],[128.84652,37.68246],[128.84606,37.68337],[128.84576,37.68351]]]},"properties":{"code":"32030320","name":"왕산면"}},{"type":"Feature","geometry":{"type":"Polygon","coordinates":[[[128.88354,37.72759],[128.88353,37.72764],[128.88188,37.72712],[128.88159,37.72722],[128.88,37.72764],[128.87963,37.72769],[128.87905,37.72803],[128.87871,37.72812],[128.87811,37.72854],[128.87786,37.72861],[128.87692,37.72831],[128.87602,37.72826],[128.87521,37.72912],[128.87508,37.72958],[128.87473,37.72971],[128.87442,37.72962],[128.87405,37.72965],[128.87339,37.72947],[128.87339,37.72963],[128.87304,37.72975],[128.87224,37.73034],[128.87188,37.73038],[128.87102,37.73061],[128.86977,37.73053],[128.86907,37.73087],[128.86897,37.73102],[128.86928,37.73174],[128.86866,37.73269],[128.86821,37.73235],[128.86818,37.73209],[128.86784,37.73175],[128.86718,37.73127],[128.86704,37.73091],[128.86716,37.73032],[128.86707,37.73009],[128.86659,37.72995],[128.86532,37.72977],[128.86473,37.72961],[128.8642,37.72959],[128.86401,37.72947],[128.8632,37.72933],[128.86214,37.72934],[128.86177,37.72949],[128.86146,37.72976],[128.86102,37.72999],[128.86014,37.73001],[128.85972,37.73031],[128.85947,37.73012],[128.85924,37.73043],[128.85925,37.73138],[128.85906,37.73226],[128.8591,37.73252],[128.85896,37.7328],[128.85793,37.73345],[128.85713,37.73368],[128.85674,37.73392],[128.8562,37.73411],[128.85548,37.73451],[128.85472,37.73406],[128.85313,37.7333],[128.85166,37.73308],[128.85035,37.73309],[128.84904,37.73298],[128.84794,37.73238],[128.84744,37.73218],[128.84691,37.73187],[128.84594,37.73138],[128.84527,37.7307],[128.84383,37.72951],[128.84298,37.72877],[128.84178,37.72799],[128.84119,37.72746],[128.84074,37.72667],[128.84,37.72645],[128.8393,37.72634],[128.83866,37.72605],[128.83819,37.72569],[128.83739,37.72479],[128.83702,37.7243],[128.83614,37.72335],[128.83543,37.7225],[128.83523,37.72155],[128.83573,37.72156],[128.83696,37.72095],[128.83721,37.72059],[128.83706,37.72005],[128.83726,37.71921],[128.83782,37.71852],[128.83865,37.71762],[128.83889,37.71726],[128.83888,37.71698],[128.83999,37.71653],[128.84083,37.71649],[128.84101,37.71643],[128.84138,37.71592],[128.84219,37.71576],[128.84245,37.71603],[128.8431,37.71603],[128.84385,37.71539],[128.84442,37.71529],[128.84477,37.71503],[128.84615,37.71512],[128.84708,37.71514],[128.84783,37.71485],[128.8485,37.71428],[128.84863,37.71364],[128.84894,37.71341],[128.84948,37.71321],[128.84943,37.71286],[128.84951,37.71233],[128.85016,37.71186],[128.85036,37.71128],[128.85083,37.71069],[128.85106,37.71056],[128.85165,37.71056],[128.85179,37.71018],[128.85231,37.70987],[128.8524,37.70917],[128.85218,37.70887],[128.85211,37.7086],[128.85054,37.70796],[128.85083,37.70756],[128.85083,37.70722],[128.85051,37.70657],[128.85051,37.70591],[128.85043,37.70561],[128.85103,37.70484],[128.85146,37.70398],[128.85209,37.70323],[128.85237,37.70315],[128.85269,37.7029],[128.85355,37.70234],[128.85362,37.70198],[128.85337,37.70163],[128.85305,37.70134],[128.8527,37.70081],[128.85276,37.70026],[128.85317,37.69966],[128.85304,37.6989],[128.85311,37.69781],[128.85318,37.69734],[128.8532,37.69652],[128.85353,37.69608],[128.85351,37.69576],[128.85378,37.69501],[128.85382,37.69423],[128.85334,37.69339],[128.85318,37.69302],[128.85256,37.69232],[128.85255,37.69196],[128.85209,37.69107],[128.85236,37.69049],[128.85204,37.69035],[128.85181,37.6896],[128.85128,37.68948],[128.85004,37.68928],[128.84975,37.68915],[128.84918,37.68912],[128.84873,37.68893],[128.84835,37.68856],[128.84779,37.68815],[128.84661,37.6878],[128.84614,37.68726],[128.84683,37.68616],[128.84635,37.68582],[128.84627,37.68479],[128.84576,37.68351],[128.84606,37.68337],[128.84652,37.68246],[128.84691,37.6814],[128.84715,37.68117],[128.84745,37.68116],[128.8483,37.68063],[128.84862,37.68025],[128.84875,37.67985],[128.84921,37.67908],[128.84925,37.67871],[128.84955,37.67835],[128.85008,37.67805],[128.85032,37.67801],[128.85053,37.67767],[128.85103,37.67733],[128.8511,37.67712],[128.85152,37.67652],[128.85221,37.67666],[128.85408,37.67672],[128.8545,37.67657],[128.85487,37.67619],[128.85531,37.67548],[128.85598,37.67504],[128.85627,37.67497],[128.85681,37.67469],[128.85832,37.67462],[128.85863,37.67444],[128.85908,37.67385],[128.85904,37.67306],[128.85941,37.67253],[128.86006,37.67225],[128.86072,37.67216],[128.86173,37.67175],[128.86325,37.672],[128.86369,37.67255],[128.86443,37.67275],[128.8648,37.67254],[128.86509,37.6726],[128.86569,37.67246],[128.86666,37.67286],[128.86754,37.67252],[128.8685,37.67277],[128.86879,37.67269],[128.86916,37.67299],[128.87028,37.67194],[128.87074,37.67126],[128.87147,37.67053],[128.87292,37.67004],[128.87344,37.66937],[128.87378,37.66914],[128.87331,37.66803],[128.87341,37.66757],[128.87329,37.66672],[128.87384,37.66656],[128.8741,37.66639],[128.87552,37.66643],[128.87629,37.66624],[128.87719,37.66584],[128.87815,37.66528],[128.87909,37.66517],[128.87944,37.66496],[128.87961,37.66453],[128.88129,37.6633],[128.88193,37.66249],[128.88175,37.66181],[128.88206,37.66098],[128.88245,37.66039],[128.88247,37.65975],[128.88382,37.65942],[128.88508,37.65944],[128.88593,37.65955],[128.88656,37.65946],[128.88767,37.65876],[128.88812,37.65859],[128.88817,37.65834],[128.88973,37.65801],[128.89049,37.65727],[128.89127,37.65662],[128.89164,37.656],[128.89212,37.65564],[128.8926,37.65545],[128.8931,37.65545],[128.89348,37.65521],[128.89481,37.65548],[128.8962,37.65616],[128.89732,37.65691],[128.89771,37.65706],[128.8982,37.65747],[128.89826,37.65782],[128.89917,37.65818],[128.89988,37.65879],[128.90083,37.65907],[128.9016,37.65969],[128.90073,37.66103],[128.90035,37.66137],[128.90037,37.66186],[128.90102,37.6628],[128.9013,37.66418],[128.90175,37.66505],[128.90323,37.66628],[128.90447,37.66796],[128.9039,37.66852],[128.90365,37.66911],[128.90369,37.67025],[128.90335,37.67098],[128.90286,37.67182],[128.9028,37.67297],[128.90305,37.67366],[128.90386,37.67487],[128.90454,37.67534],[128.90519,37.67538],[128.90621,37.6761],[128.90768,37.67647],[128.90812,37.67721],[128.9085,37.67759],[128.90926,37.67771],[128.90942,37.67815],[128.91115,37.67896],[128.912,37.67933],[128.91383,37.68006],[128.91444,37.68015],[128.91452,37.68034],[128.91575,37.68145],[128.91535,37.68187],[128.91502,37.68235],[128.91562,37.68308],[128.91628,37.6833],[128.91687,37.68356],[128.91717,37.68401],[128.91732,37.68438],[128.91744,37.68499],[128.91773,37.68522],[128.91771,37.68563],[128.91782,37.68574],[128.91881,37.6862],[128.91937,37.68679],[128.9195,37.68715],[128.91992,37.68757],[128.92075,37.68754],[128.92089,37.68769],[128.92108,37.68828],[128.92149,37.6885],[128.92142,37.68916],[128.92108,37.68974],[128.92085,37.68998],[128.92073,37.69044],[128.92042,37.6907],[128.92068,37.69094],[128.92066,37.69117],[128.9208,37.69147],[128.92099,37.69151],[128.92169,37.69242],[128.92213,37.69281],[128.9224,37.69345],[128.92267,37.69354],[128.92296,37.69392],[128.923,37.69417],[128.92327,37.69436],[128.92347,37.69467],[128.92398,37.69471],[128.92458,37.69488],[128.92507,37.69482],[128.92559,37.69505],[128.92585,37.69541],[128.92664,37.69549],[128.92691,37.69566],[128.92706,37.69619],[128.92727,37.69632],[128.92748,37.69672],[128.92755,37.69705],[128.92813,37.69757],[128.92864,37.69759],[128.9291,37.69731],[128.92992,37.69757],[128.93022,37.69775],[128.93038,37.69807],[128.93057,37.69874],[128.93103,37.69944],[128.93168,37.69972],[128.93214,37.70034],[128.93242,37.70051],[128.93277,37.70057],[128.93359,37.70093],[128.9339,37.70134],[128.93358,37.70221],[128.93414,37.70284],[128.93463,37.70356],[128.93496,37.70372],[128.93504,37.70393],[128.93536,37.70426],[128.93578,37.70456],[128.93584,37.70475],[128.93642,37.70497],[128.93696,37.70539],[128.93806,37.7056],[128.93845,37.70578],[128.93855,37.70599],[128.93853,37.70632],[128.93877,37.70676],[128.93913,37.70681],[128.93954,37.70729],[128.93951,37.70773],[128.93967,37.70803],[128.93991,37.7079],[128.94033,37.70784],[128.94107,37.70799],[128.94132,37.70793],[128.94154,37.70807],[128.94181,37.70871],[128.94174,37.70915],[128.94154,37.70943],[128.94196,37.70997],[128.94252,37.71047],[128.94288,37.71107],[128.94329,37.71151],[128.94251,37.71203],[128.94215,37.71243],[128.94177,37.71242],[128.94133,37.71271],[128.94101,37.71326],[128.94054,37.71346],[128.9402,37.71394],[128.94001,37.71437],[128.93941,37.71454],[128.93905,37.71494],[128.93884,37.71549],[128.93845,37.71586],[128.93892,37.71607],[128.93912,37.71626],[128.93923,37.71676],[128.93918,37.71702],[128.93881,37.71688],[128.93858,37.71716],[128.93871,37.71751],[128.93879,37.71805],[128.93852,37.71865],[128.93851,37.71895],[128.93793,37.71861],[128.93737,37.71848],[128.93642,37.71818],[128.93537,37.71811],[128.93499,37.71813],[128.93468,37.7183],[128.93429,37.71791],[128.93424,37.71724],[128.93396,37.71678],[128.93332,37.7169],[128.9328,37.71721],[128.93213,37.71719],[128.93177,37.71684],[128.93099,37.71668],[128.93065,37.71656],[128.93064,37.71627],[128.93003,37.71587],[128.93017,37.71571],[128.92972,37.7156],[128.92872,37.71568],[128.92789,37.71636],[128.92743,37.71679],[128.92662,37.71691],[128.92633,37.7171],[128.92599,37.71711],[128.92566,37.7173],[128.92529,37.71784],[128.92455,37.71813],[128.92402,37.71858],[128.92341,37.71936],[128.92292,37.71923],[128.92265,37.71903],[128.9223,37.719],[128.92144,37.71908],[128.92083,37.71936],[128.92086,37.71954],[128.92052,37.7198],[128.92066,37.7201],[128.92034,37.72046],[128.91987,37.72047],[128.91953,37.72077],[128.91925,37.72131],[128.91846,37.7218],[128.91829,37.72164],[128.91828,37.72095],[128.91781,37.72034],[128.91764,37.72021],[128.91774,37.7197],[128.9176,37.71881],[128.91758,37.71835],[128.91744,37.71798],[128.91711,37.7178],[128.91682,37.71805],[128.91618,37.71814],[128.91585,37.71846],[128.91523,37.71841],[128.91505,37.71807],[128.9151,37.71768],[128.91474,37.71736],[128.91383,37.71759],[128.91368,37.71775],[128.91221,37.71769],[128.91172,37.71706],[128.91145,37.71702],[128.9109,37.71643],[128.91077,37.71595],[128.91026,37.71546],[128.9098,37.71426],[128.90991,37.71396],[128.90958,37.71382],[128.9093,37.71351],[128.90929,37.71324],[128.90911,37.71296],[128.9091,37.71263],[128.90864,37.71233],[128.9085,37.71195],[128.90849,37.71138],[128.90805,37.71137],[128.90687,37.71183],[128.90648,37.71207],[128.90541,37.71235],[128.90491,37.71256],[128.90427,37.71253],[128.90402,37.71242],[128.90355,37.71247],[128.90307,37.71263],[128.90271,37.71243],[128.9027,37.7121],[128.90219,37.7121],[128.90188,37.71196],[128.90129,37.71191],[128.9003,37.71249],[128.89911,37.7133],[128.89818,37.71352],[128.89835,37.71433],[128.89851,37.71456],[128.89836,37.71485],[128.89831,37.71523],[128.89844,37.71584],[128.89868,37.7163],[128.89858,37.71669],[128.89822,37.71676],[128.89749,37.71666],[128.89742,37.71651],[128.8969,37.71637],[128.89664,37.71643],[128.89664,37.71675],[128.89676,37.71708],[128.89675,37.71744],[128.8961,37.71801],[128.89533,37.71844],[128.89514,37.71848],[128.89495,37.71941],[128.89479,37.71963],[128.89473,37.71999],[128.89505,37.72025],[128.89454,37.72025],[128.89416,37.72057],[128.89338,37.7206],[128.89317,37.72085],[128.89322,37.7212],[128.89363,37.72147],[128.8933,37.72178],[128.89292,37.72165],[128.89277,37.72259],[128.89184,37.72278],[128.89157,37.72268],[128.89094,37.72282],[128.8905,37.72283],[128.89024,37.72342],[128.88991,37.72351],[128.88956,37.72373],[128.88926,37.7242],[128.8888,37.72472],[128.88859,37.72507],[128.88781,37.72476],[128.88758,37.72491],[128.88729,37.72529],[128.88745,37.7256],[128.88833,37.72625],[128.88784,37.72652],[128.88767,37.72674],[128.88668,37.72694],[128.88663,37.7271],[128.88683,37.72767],[128.88675,37.72786],[128.8853,37.72721],[128.88356,37.7271],[128.88354,37.72759]]]},"properties":{"code":"32030330","name":"구정면"}},{"type":"Feature","geometry":{"type":"MultiPolygon","coordinates":[[[[129.03088,37.69399],[129.03093,37.69417],[129.03044,37.69462],[129.0302,37.69492],[129.03024,37.69534],[129.02983,37.69516],[129.02979,37.69499],[129.03011,37.69442],[129.03053,37.69406],[129.03088,37.69399]]],[[[129.02919,37.69546],[129.02894,37.6959],[129.02851,37.69613],[129.02842,37.69596],[129.02877,37.69561],[129.02919,37.69546]]],[[[129.05655,37.65824],[129.0568,37.65843],[129.05698,37.65875],[129.05685,37.65921],[129.05613,37.65937],[129.05609,37.6596],[129.05633,37.66003],[129.05657,37.66011],[129.05656,37.6605],[129.05633,37.66052],[129.05628,37.66094],[129.05558,37.66105],[129.0552,37.66128],[129.0551,37.66161],[129.0554,37.6622],[129.05554,37.6627],[129.05548,37.66321],[129.05535,37.66362],[129.05499,37.66378],[129.05512,37.66407],[129.05483,37.66417],[129.05472,37.66468],[129.05507,37.66485],[129.05503,37.66499],[129.05437,37.66469],[129.0534,37.66484],[129.05316,37.66546],[129.05462,37.6661],[129.05546,37.66505],[129.05554,37.66482],[129.05585,37.66493],[129.05581,37.66515],[129.05546,37.66555],[129.05529,37.66562],[129.05479,37.66632],[129.05513,37.6667],[129.05505,37.66708],[129.05541,37.66738],[129.05514,37.66783],[129.0559,37.66818],[129.05606,37.66845],[129.05626,37.66851],[129.05637,37.66905],[129.0566,37.6691],[129.05675,37.66935],[129.05671,37.66956],[129.05647,37.6697],[129.0564,37.66996],[129.05661,37.67028],[129.05688,37.6704],[129.05668,37.67084],[129.05704,37.67137],[129.05695,37.67191],[129.05713,37.6721],[129.05697,37.67265],[129.0575,37.6732],[129.05771,37.67319],[129.05773,37.6735],[129.057,37.6734],[129.05684,37.6732],[129.05605,37.67319],[129.05515,37.67347],[129.05481,37.67409],[129.05503,37.67449],[129.05507,37.67476],[129.05529,37.67509],[129.05528,37.67537],[129.0556,37.67536],[129.05556,37.67588],[129.05538,37.67594],[129.05508,37.67643],[129.05417,37.67643],[129.05369,37.67669],[129.0537,37.67715],[129.05348,37.67736],[129.05327,37.67725],[129.05286,37.67748],[129.05284,37.67792],[129.05241,37.67794],[129.05214,37.67853],[129.05174,37.67862],[129.05086,37.67903],[129.05058,37.67938],[129.04981,37.67981],[129.04958,37.68002],[129.04938,37.68061],[129.04904,37.68071],[129.04894,37.68117],[129.04796,37.6813],[129.0477,37.68147],[129.04757,37.68229],[129.04731,37.68245],[129.04725,37.68265],[129.04636,37.68289],[129.04645,37.6832],[129.04618,37.68335],[129.04653,37.68372],[129.04581,37.68388],[129.04541,37.68408],[129.0451,37.68449],[129.04462,37.68465],[129.04483,37.6849],[129.04537,37.6849],[129.04546,37.68513],[129.04492,37.68521],[129.0447,37.68508],[129.04437,37.68462],[129.0442,37.68456],[129.04361,37.68463],[129.04273,37.68534],[129.0426,37.68584],[129.04394,37.68668],[129.0436,37.6868],[129.04288,37.68627],[129.04233,37.68591],[129.04192,37.68596],[129.04171,37.68629],[129.04147,37.68637],[129.04096,37.68627],[129.04065,37.68635],[129.04022,37.68659],[129.03969,37.68706],[129.03907,37.68741],[129.03819,37.68805],[129.03644,37.6891],[129.0359,37.68956],[129.03543,37.69016],[129.03512,37.69072],[129.03519,37.69119],[129.03463,37.69112],[129.03405,37.69132],[129.03332,37.69183],[129.03257,37.69251],[129.03129,37.69342],[129.03062,37.69396],[129.0299,37.69447],[129.02919,37.69489],[129.0286,37.69539],[129.02722,37.69623],[129.02615,37.69714],[129.02592,37.69739],[129.02539,37.69777],[129.02466,37.69851],[129.02405,37.69904],[129.02274,37.7],[129.02173,37.70082],[129.02146,37.7011],[129.02111,37.70132],[129.02056,37.70191],[129.02021,37.70199],[129.0198,37.70224],[129.01951,37.70254],[129.01841,37.70344],[129.0178,37.70386],[129.01651,37.70507],[129.01596,37.70564],[129.01524,37.7065],[129.0151,37.70676],[129.01433,37.70719],[129.01395,37.70756],[129.0138,37.70781],[129.0139,37.70799],[129.01337,37.70823],[129.01316,37.70853],[129.0131,37.70908],[129.01337,37.70942],[129.01338,37.70969],[129.01291,37.71027],[129.01272,37.71081],[129.01289,37.71102],[129.01274,37.71124],[129.01246,37.71121],[129.0123,37.71143],[129.01239,37.71166],[129.01195,37.71162],[129.01178,37.71173],[129.01173,37.71206],[129.0114,37.71239],[129.01133,37.71294],[129.01097,37.7135],[129.01024,37.71368],[129.01002,37.71386],[129.0092,37.71404],[129.00874,37.7144],[129.00833,37.71508],[129.00754,37.71618],[129.00724,37.71635],[129.00661,37.71689],[129.00547,37.71792],[129.00496,37.71852],[129.00438,37.71928],[129.00413,37.71936],[129.00399,37.71971],[129.00369,37.71966],[129.00357,37.71999],[129.00318,37.72045],[129.0025,37.72053],[129.00155,37.72152],[129.00148,37.72188],[129.00116,37.72192],[128.99996,37.72266],[128.99909,37.72325],[128.99912,37.72371],[128.99931,37.72379],[128.99928,37.72422],[128.99899,37.72437],[128.99883,37.72415],[128.99858,37.72432],[128.99803,37.72445],[128.99764,37.72439],[128.99735,37.72461],[128.9971,37.72464],[128.996,37.72552],[128.99582,37.72593],[128.99597,37.72648],[128.99555,37.72673],[128.99543,37.72691],[128.995,37.72685],[128.9946,37.72737],[128.99408,37.72838],[128.99391,37.72863],[128.9941,37.72871],[128.99392,37.72937],[128.99367,37.72939],[128.99345,37.72912],[128.99256,37.73008],[128.99259,37.73029],[128.99225,37.73074],[128.9919,37.73101],[128.99136,37.73185],[128.99057,37.73325],[128.99044,37.73359],[128.99064,37.73379],[128.99054,37.73463],[128.99011,37.7347],[128.98992,37.7351],[128.9909,37.73573],[128.99055,37.7358],[128.98989,37.73535],[128.989,37.73609],[128.98896,37.73677],[128.98986,37.73678],[128.99137,37.73591],[128.99218,37.73584],[128.99199,37.73608],[128.99113,37.73627],[128.99077,37.7365],[128.98969,37.73706],[128.98883,37.73705],[128.98896,37.73734],[128.98905,37.73862],[128.98928,37.7387],[128.98914,37.73895],[128.9892,37.73929],[128.98945,37.7395],[128.98922,37.73968],[128.98928,37.7402],[128.98902,37.74035],[128.98881,37.74002],[128.988,37.73966],[128.98718,37.7399],[128.98688,37.74022],[128.98671,37.7407],[128.9869,37.74096],[128.98743,37.74143],[128.98745,37.74161],[128.98649,37.74232],[128.98714,37.74276],[128.98738,37.74283],[128.98814,37.74275],[128.98817,37.74297],[128.98711,37.74294],[128.98636,37.74247],[128.98624,37.74231],[128.98551,37.74177],[128.9851,37.74185],[128.98449,37.74213],[128.98401,37.74243],[128.98277,37.74329],[128.9826,37.74362],[128.98318,37.74418],[128.98321,37.74442],[128.98305,37.74457],[128.98196,37.74531],[128.98102,37.7453],[128.98048,37.74486],[128.97969,37.74547],[128.97908,37.7458],[128.97889,37.74599],[128.97755,37.74703],[128.97708,37.74731],[128.97573,37.74828],[128.97478,37.74947],[128.97414,37.7499],[128.97331,37.75063],[128.97127,37.75184],[128.97039,37.7523],[128.97007,37.75246],[128.96759,37.75325],[128.96591,37.75305],[128.96459,37.75282],[128.96336,37.75259],[128.9618,37.7524],[128.96119,37.7524],[128.96095,37.75209],[128.9601,37.75165],[128.95948,37.75127],[128.95938,37.75103],[128.95916,37.75097],[128.95882,37.75056],[128.9583,37.75038],[128.95755,37.75061],[128.9573,37.75074],[128.95597,37.75098],[128.95527,37.75103],[128.95495,37.75116],[128.95423,37.7517],[128.95335,37.75188],[128.95343,37.75165],[128.95346,37.75103],[128.95339,37.75036],[128.95341,37.74989],[128.95296,37.74979],[128.9524,37.74983],[128.95218,37.74934],[128.95179,37.74899],[128.95126,37.74843],[128.95093,37.7476],[128.95057,37.74734],[128.95017,37.74717],[128.94946,37.74665],[128.94912,37.74625],[128.9484,37.74603],[128.94875,37.74519],[128.94885,37.74463],[128.94844,37.74414],[128.94829,37.74368],[128.94838,37.74341],[128.94841,37.74286],[128.9483,37.74241],[128.94843,37.74199],[128.94831,37.74139],[128.94794,37.74126],[128.94656,37.74044],[128.94634,37.74007],[128.94529,37.73939],[128.94465,37.73944],[128.94435,37.73954],[128.94366,37.73964],[128.94328,37.73925],[128.94369,37.73872],[128.9428,37.73855],[128.94188,37.73865],[128.94128,37.73848],[128.94075,37.73847],[128.94043,37.73824],[128.94026,37.73782],[128.93987,37.73747],[128.93951,37.73697],[128.93929,37.73684],[128.93896,37.73628],[128.93974,37.73615],[128.9409,37.73628],[128.9414,37.73616],[128.94224,37.73571],[128.94273,37.73587],[128.94321,37.73588],[128.94396,37.7356],[128.94433,37.73537],[128.94523,37.73438],[128.94545,37.73402],[128.94551,37.7337],[128.94611,37.73342],[128.94622,37.73317],[128.9465,37.73291],[128.94675,37.73251],[128.94682,37.73216],[128.94712,37.73138],[128.94739,37.73101],[128.94751,37.73062],[128.94775,37.73022],[128.94773,37.72983],[128.9475,37.72952],[128.94744,37.7292],[128.94726,37.72908],[128.94713,37.72857],[128.94667,37.72832],[128.94622,37.72772],[128.94604,37.72764],[128.94604,37.72711],[128.94592,37.72686],[128.94593,37.72651],[128.94563,37.72637],[128.94541,37.72642],[128.94478,37.72622],[128.94481,37.72556],[128.94474,37.72535],[128.94425,37.72517],[128.94331,37.72494],[128.94218,37.7248],[128.94192,37.72463],[128.94185,37.72429],[128.94212,37.72396],[128.94207,37.72366],[128.94219,37.72313],[128.94157,37.72287],[128.94126,37.72265],[128.94089,37.72217],[128.9409,37.7214],[128.94076,37.72104],[128.94075,37.72067],[128.94011,37.72007],[128.93988,37.71997],[128.93959,37.71964],[128.939,37.71922],[128.93851,37.71895],[128.93852,37.71865],[128.93879,37.71805],[128.93871,37.71751],[128.93858,37.71716],[128.93881,37.71688],[128.93918,37.71702],[128.93923,37.71676],[128.93912,37.71626],[128.93892,37.71607],[128.93845,37.71586],[128.93884,37.71549],[128.93905,37.71494],[128.93941,37.71454],[128.94001,37.71437],[128.9402,37.71394],[128.94054,37.71346],[128.94101,37.71326],[128.94133,37.71271],[128.94177,37.71242],[128.94215,37.71243],[128.94251,37.71203],[128.94329,37.71151],[128.94288,37.71107],[128.94252,37.71047],[128.94196,37.70997],[128.94154,37.70943],[128.94174,37.70915],[128.94181,37.70871],[128.94154,37.70807],[128.94132,37.70793],[128.94107,37.70799],[128.94033,37.70784],[128.93991,37.7079],[128.93967,37.70803],[128.93951,37.70773],[128.93954,37.70729],[128.93913,37.70681],[128.93877,37.70676],[128.93853,37.70632],[128.93855,37.70599],[128.93845,37.70578],[128.93806,37.7056],[128.93696,37.70539],[128.93642,37.70497],[128.93584,37.70475],[128.93578,37.70456],[128.93536,37.70426],[128.93504,37.70393],[128.93496,37.70372],[128.93463,37.70356],[128.93414,37.70284],[128.93358,37.70221],[128.9339,37.70134],[128.93359,37.70093],[128.93277,37.70057],[128.93242,37.70051],[128.93214,37.70034],[128.93168,37.69972],[128.93103,37.69944],[128.93057,37.69874],[128.93038,37.69807],[128.93022,37.69775],[128.92992,37.69757],[128.9291,37.69731],[128.92864,37.69759],[128.92813,37.69757],[128.92755,37.69705],[128.92748,37.69672],[128.92727,37.69632],[128.92706,37.69619],[128.92691,37.69566],[128.92664,37.69549],[128.92585,37.69541],[128.92559,37.69505],[128.92507,37.69482],[128.92458,37.69488],[128.92398,37.69471],[128.92347,37.69467],[128.92327,37.69436],[128.923,37.69417],[128.92296,37.69392],[128.92267,37.69354],[128.9224,37.69345],[128.92213,37.69281],[128.92169,37.69242],[128.92099,37.69151],[128.9208,37.69147],[128.92066,37.69117],[128.92068,37.69094],[128.92042,37.6907],[128.92073,37.69044],[128.92085,37.68998],[128.92108,37.68974],[128.92142,37.68916],[128.92149,37.6885],[128.92108,37.68828],[128.92089,37.68769],[128.92075,37.68754],[128.91992,37.68757],[128.9195,37.68715],[128.91937,37.68679],[128.91881,37.6862],[128.91782,37.68574],[128.91771,37.68563],[128.91773,37.68522],[128.91744,37.68499],[128.91732,37.68438],[128.91717,37.68401],[128.91687,37.68356],[128.91628,37.6833],[128.91562,37.68308],[128.91502,37.68235],[128.91535,37.68187],[128.91575,37.68145],[128.91452,37.68034],[128.91444,37.68015],[128.91383,37.68006],[128.912,37.67933],[128.91115,37.67896],[128.90942,37.67815],[128.90926,37.67771],[128.9085,37.67759],[128.90812,37.67721],[128.90768,37.67647],[128.90621,37.6761],[128.90519,37.67538],[128.90454,37.67534],[128.90386,37.67487],[128.90305,37.67366],[128.9028,37.67297],[128.90286,37.67182],[128.90335,37.67098],[128.90369,37.67025],[128.90365,37.66911],[128.9039,37.66852],[128.90447,37.66796],[128.90323,37.66628],[128.90175,37.66505],[128.9013,37.66418],[128.90102,37.6628],[128.90037,37.66186],[128.90035,37.66137],[128.90073,37.66103],[128.9016,37.65969],[128.90083,37.65907],[128.89988,37.65879],[128.89917,37.65818],[128.89826,37.65782],[128.8982,37.65747],[128.89771,37.65706],[128.89732,37.65691],[128.8962,37.65616],[128.89481,37.65548],[128.89348,37.65521],[128.89322,37.65474],[128.89388,37.6525],[128.89389,37.65172],[128.89476,37.65],[128.89482,37.64977],[128.89446,37.64938],[128.89472,37.64799],[128.89449,37.64738],[128.89499,37.64683],[128.89471,37.6459],[128.89536,37.64401],[128.89538,37.64242],[128.89395,37.64],[128.89339,37.63935],[128.89287,37.63864],[128.89258,37.63795],[128.89178,37.63658],[128.89161,37.63581],[128.89049,37.63504],[128.88857,37.63341],[128.8873,37.6319],[128.88725,37.63068],[128.88825,37.62958],[128.8893,37.6288],[128.8918,37.62726],[128.89342,37.62586],[128.89437,37.62544],[128.89551,37.6246],[128.8973,37.62357],[128.89816,37.62295],[128.89832,37.62186],[128.89905,37.62068],[128.89942,37.62059],[128.89977,37.62023],[128.90068,37.61959],[128.90097,37.61956],[128.90141,37.61909],[128.90273,37.61853],[128.90302,37.61814],[128.90379,37.61761],[128.90463,37.61725],[128.90606,37.61836],[128.90696,37.61857],[128.90846,37.61913],[128.90989,37.61952],[128.91026,37.61979],[128.91122,37.6199],[128.91176,37.61989],[128.91211,37.62012],[128.91305,37.62027],[128.91335,37.6205],[128.91508,37.62106],[128.91556,37.62108],[128.91617,37.62125],[128.91746,37.6218],[128.91768,37.62224],[128.91858,37.62255],[128.91841,37.62305],[128.91945,37.62405],[128.91986,37.6243],[128.92025,37.62467],[128.92101,37.62488],[128.92103,37.62597],[128.92196,37.62653],[128.92245,37.62671],[128.92323,37.62748],[128.9241,37.62764],[128.92444,37.62804],[128.92514,37.62873],[128.92604,37.62897],[128.92759,37.62961],[128.92894,37.62883],[128.92943,37.62867],[128.9303,37.63081],[128.93025,37.63144],[128.93069,37.63211],[128.93219,37.63259],[128.93238,37.63325],[128.93291,37.63454],[128.93377,37.63566],[128.93489,37.63686],[128.93504,37.63711],[128.93531,37.63728],[128.93589,37.63913],[128.93661,37.63979],[128.93729,37.64015],[128.93903,37.64013],[128.93971,37.63991],[128.94076,37.63851],[128.94354,37.63805],[128.94452,37.63817],[128.94736,37.63697],[128.94915,37.6372],[128.94957,37.6376],[128.95016,37.6378],[128.95064,37.63826],[128.9529,37.63819],[128.95314,37.63908],[128.95367,37.63983],[128.95427,37.64],[128.95483,37.64006],[128.95592,37.63979],[128.95654,37.64029],[128.95736,37.64078],[128.95831,37.64104],[128.95888,37.64064],[128.95904,37.64039],[128.95965,37.6405],[128.96071,37.64028],[128.96115,37.64045],[128.96183,37.64008],[128.96231,37.63975],[128.96297,37.63961],[128.96566,37.63949],[128.96649,37.6404],[128.96664,37.64081],[128.96696,37.64092],[128.96811,37.64114],[128.96984,37.64109],[128.97101,37.64137],[128.97266,37.64147],[128.97323,37.64129],[128.97367,37.64128],[128.97581,37.64219],[128.97676,37.64226],[128.97772,37.64204],[128.9791,37.64197],[128.97974,37.64153],[128.98057,37.6408],[128.9812,37.63958],[128.98189,37.63868],[128.98458,37.63777],[128.9854,37.63755],[128.98673,37.63794],[128.9879,37.63787],[128.98997,37.63728],[128.99092,37.63723],[128.99171,37.63705],[128.99282,37.63632],[128.99543,37.63581],[128.99777,37.63473],[128.99863,37.63447],[128.99925,37.63436],[129.00035,37.63455],[129.00054,37.63529],[129.00071,37.63556],[129.00144,37.63596],[129.00207,37.63639],[129.00307,37.63712],[129.00523,37.63787],[129.00619,37.63801],[129.00721,37.63829],[129.00821,37.6392],[129.00887,37.63932],[129.01028,37.64029],[129.01102,37.64097],[129.01229,37.64245],[129.01337,37.64322],[129.01436,37.64336],[129.01525,37.64366],[129.0162,37.64372],[129.01623,37.64361],[129.01683,37.64365],[129.01687,37.64377],[129.0173,37.6438],[129.01796,37.64373],[129.01839,37.64359],[129.01903,37.64368],[129.01958,37.64368],[129.02016,37.64349],[129.02218,37.64293],[129.02301,37.64303],[129.02374,37.64295],[129.02481,37.64328],[129.02543,37.64479],[129.02608,37.64553],[129.02679,37.64599],[129.02614,37.64675],[129.02579,37.64772],[129.0261,37.64896],[129.02697,37.65003],[129.02793,37.6517],[129.02747,37.65235],[129.02741,37.65314],[129.02719,37.65428],[129.0273,37.65484],[129.02677,37.65547],[129.02564,37.65594],[129.02586,37.65646],[129.02584,37.65699],[129.0257,37.6572],[129.02589,37.65792],[129.02639,37.65812],[129.02633,37.65881],[129.02625,37.65909],[129.02648,37.65994],[129.02685,37.66031],[129.02736,37.66055],[129.02752,37.66111],[129.02777,37.66151],[129.02749,37.66185],[129.02726,37.66239],[129.02725,37.66286],[129.02775,37.66325],[129.02801,37.66409],[129.02879,37.6646],[129.02913,37.66411],[129.02936,37.66391],[129.02939,37.6637],[129.03016,37.66325],[129.03049,37.66319],[129.0318,37.66309],[129.03257,37.66279],[129.03359,37.66292],[129.03394,37.66269],[129.03446,37.66266],[129.03541,37.6625],[129.03579,37.66255],[129.03665,37.66238],[129.03712,37.66221],[129.03778,37.6622],[129.03854,37.66225],[129.03922,37.66214],[129.04014,37.66205],[129.04134,37.66183],[129.04171,37.66172],[129.04195,37.66138],[129.04257,37.66127],[129.04305,37.66072],[129.0446,37.65935],[129.04488,37.65873],[129.04561,37.65898],[129.04654,37.65921],[129.04689,37.65946],[129.0477,37.65967],[129.04853,37.65968],[129.05083,37.65988],[129.05214,37.65994],[129.05329,37.65975],[129.05369,37.6598],[129.05484,37.65925],[129.05632,37.65846],[129.05655,37.65824]],[[128.98192,37.74383],[128.98163,37.74397],[128.98098,37.74454],[128.98101,37.74482],[128.98124,37.74497],[128.98186,37.74499],[128.98266,37.74442],[128.98256,37.74411],[128.98215,37.74382],[128.98192,37.74383]]]]},"properties":{"code":"32030340","name":"강동면"}},{"type":"Feature","geometry":{"type":"Polygon","coordinates":[[[129.05655,37.65824],[129.05632,37.65846],[129.05484,37.65925],[129.05369,37.6598],[129.05329,37.65975],[129.05214,37.65994],[129.05083,37.65988],[129.04853,37.65968],[129.0477,37.65967],[129.04689,37.65946],[129.04654,37.65921],[129.04561,37.65898],[129.04488,37.65873],[129.0446,37.65935],[129.04305,37.66072],[129.04257,37.66127],[129.04195,37.66138],[129.04171,37.66172],[129.04134,37.66183],[129.04014,37.66205],[129.03922,37.66214],[129.03854,37.66225],[129.03778,37.6622],[129.03712,37.66221],[129.03665,37.66238],[129.03579,37.66255],[129.03541,37.6625],[129.03446,37.66266],[129.03394,37.66269],[129.03359,37.66292],[129.03257,37.66279],[129.0318,37.66309],[129.03049,37.66319],[129.03016,37.66325],[129.02939,37.6637],[129.02936,37.66391],[129.02913,37.66411],[129.02879,37.6646],[129.02801,37.66409],[129.02775,37.66325],[129.02725,37.66286],[129.02726,37.66239],[129.02749,37.66185],[129.02777,37.66151],[129.02752,37.66111],[129.02736,37.66055],[129.02685,37.66031],[129.02648,37.65994],[129.02625,37.65909],[129.02633,37.65881],[129.02639,37.65812],[129.02589,37.65792],[129.0257,37.6572],[129.02584,37.65699],[129.02586,37.65646],[129.02564,37.65594],[129.02677,37.65547],[129.0273,37.65484],[129.02719,37.65428],[129.02741,37.65314],[129.02747,37.65235],[129.02793,37.6517],[129.02697,37.65003],[129.0261,37.64896],[129.02579,37.64772],[129.02614,37.64675],[129.02679,37.64599],[129.02608,37.64553],[129.02543,37.64479],[129.02481,37.64328],[129.02374,37.64295],[129.02301,37.64303],[129.02218,37.64293],[129.02016,37.64349],[129.01958,37.64368],[129.01903,37.64368],[129.01839,37.64359],[129.01796,37.64373],[129.0173,37.6438],[129.01687,37.64377],[129.01683,37.64365],[129.01623,37.64361],[129.0162,37.64372],[129.01525,37.64366],[129.01436,37.64336],[129.01337,37.64322],[129.01229,37.64245],[129.01102,37.64097],[129.01028,37.64029],[129.00887,37.63932],[129.00821,37.6392],[129.00721,37.63829],[129.00619,37.63801],[129.00523,37.63787],[129.00307,37.63712],[129.00207,37.63639],[129.00144,37.63596],[129.00071,37.63556],[129.00054,37.63529],[129.00035,37.63455],[128.99925,37.63436],[128.99863,37.63447],[128.99777,37.63473],[128.99543,37.63581],[128.99282,37.63632],[128.99171,37.63705],[128.99092,37.63723],[128.98997,37.63728],[128.9879,37.63787],[128.98673,37.63794],[128.9854,37.63755],[128.98458,37.63777],[128.98189,37.63868],[128.9812,37.63958],[128.98057,37.6408],[128.97974,37.64153],[128.9791,37.64197],[128.97772,37.64204],[128.97676,37.64226],[128.97581,37.64219],[128.97367,37.64128],[128.97323,37.64129],[128.97266,37.64147],[128.97101,37.64137],[128.96984,37.64109],[128.96811,37.64114],[128.96696,37.64092],[128.96664,37.64081],[128.96649,37.6404],[128.96566,37.63949],[128.96297,37.63961],[128.96231,37.63975],[128.96183,37.64008],[128.96115,37.64045],[128.96071,37.64028],[128.95965,37.6405],[128.95904,37.64039],[128.95888,37.64064],[128.95831,37.64104],[128.95736,37.64078],[128.95654,37.64029],[128.95592,37.63979],[128.95483,37.64006],[128.95427,37.64],[128.95367,37.63983],[128.95314,37.63908],[128.9529,37.63819],[128.95064,37.63826],[128.95016,37.6378],[128.94957,37.6376],[128.94915,37.6372],[128.94736,37.63697],[128.94452,37.63817],[128.94354,37.63805],[128.94076,37.63851],[128.93971,37.63991],[128.93903,37.64013],[128.93729,37.64015],[128.93661,37.63979],[128.93589,37.63913],[128.93531,37.63728],[128.93504,37.63711],[128.93489,37.63686],[128.93377,37.63566],[128.93291,37.63454],[128.93238,37.63325],[128.93219,37.63259],[128.93069,37.63211],[128.93025,37.63144],[128.9303,37.63081],[128.92943,37.62867],[128.92894,37.62883],[128.92759,37.62961],[128.92604,37.62897],[128.92514,37.62873],[128.92444,37.62804],[128.9241,37.62764],[128.92323,37.62748],[128.92245,37.62671],[128.92196,37.62653],[128.92103,37.62597],[128.92101,37.62488],[128.92025,37.62467],[128.91986,37.6243],[128.91945,37.62405],[128.91841,37.62305],[128.91858,37.62255],[128.91768,37.62224],[128.91746,37.6218],[128.91617,37.62125],[128.91556,37.62108],[128.91508,37.62106],[128.91335,37.6205],[128.91305,37.62027],[128.91211,37.62012],[128.91176,37.61989],[128.91122,37.6199],[128.91026,37.61979],[128.90989,37.61952],[128.90846,37.61913],[128.90696,37.61857],[128.90606,37.61836],[128.90463,37.61725],[128.90288,37.61625],[128.90093,37.61474],[128.90052,37.61456],[128.90002,37.61419],[128.89852,37.61397],[128.89794,37.61378],[128.89771,37.61358],[128.89652,37.61332],[128.8963,37.61274],[128.89594,37.6124],[128.89577,37.61197],[128.89552,37.61182],[128.89535,37.61138],[128.89492,37.61096],[128.89438,37.61062],[128.89436,37.60965],[128.89328,37.60932],[128.89167,37.60828],[128.89116,37.60772],[128.89123,37.60733],[128.89111,37.60653],[128.89074,37.6057],[128.88873,37.60431],[128.88824,37.60348],[128.88828,37.60292],[128.88681,37.602],[128.88591,37.60005],[128.88555,37.59956],[128.88577,37.59838],[128.88568,37.59757],[128.88533,37.59647],[128.88481,37.59612],[128.8844,37.59469],[128.88459,37.59418],[128.8846,37.59381],[128.88435,37.59339],[128.88448,37.59292],[128.88555,37.59289],[128.88879,37.59223],[128.88937,37.59152],[128.88986,37.59007],[128.89025,37.58855],[128.89071,37.58835],[128.89116,37.5883],[128.89263,37.58841],[128.89445,37.58775],[128.89531,37.58676],[128.89594,37.58647],[128.89776,37.58669],[128.89752,37.58502],[128.89869,37.584],[128.89821,37.58181],[128.89955,37.5807],[128.89934,37.57925],[128.89975,37.57795],[128.90043,37.57485],[128.90123,37.57399],[128.90102,37.57189],[128.90139,37.5715],[128.9034,37.57139],[128.90407,37.57144],[128.90477,37.57037],[128.90521,37.56844],[128.90573,37.5671],[128.90446,37.56578],[128.90417,37.56356],[128.90482,37.56333],[128.90487,37.56299],[128.90545,37.56139],[128.9049,37.55985],[128.90521,37.55782],[128.90447,37.55547],[128.90503,37.5547],[128.90529,37.55348],[128.90574,37.55262],[128.90635,37.55259],[128.90765,37.5526],[128.90832,37.55286],[128.90867,37.55276],[128.91032,37.55292],[128.91151,37.55298],[128.91292,37.55285],[128.91372,37.55215],[128.91446,37.55193],[128.91484,37.5512],[128.91455,37.55027],[128.91506,37.54927],[128.91622,37.54801],[128.9171,37.5483],[128.91751,37.54883],[128.91907,37.5485],[128.91979,37.54767],[128.92148,37.54743],[128.92178,37.54744],[128.92203,37.54726],[128.92298,37.54728],[128.92395,37.54706],[128.92476,37.54724],[128.92549,37.54664],[128.92549,37.54611],[128.92575,37.54595],[128.92635,37.54505],[128.92635,37.54464],[128.9271,37.5443],[128.92806,37.54309],[128.9295,37.5427],[128.9297,37.5425],[128.93085,37.54278],[128.93141,37.54231],[128.93143,37.54188],[128.93197,37.54105],[128.93179,37.53967],[128.93198,37.53938],[128.93276,37.53885],[128.93372,37.53889],[128.93438,37.53814],[128.93529,37.53829],[128.93726,37.53777],[128.93797,37.53807],[128.9389,37.538],[128.93922,37.53811],[128.94046,37.53814],[128.941,37.53856],[128.94165,37.53854],[128.94282,37.53922],[128.94284,37.53956],[128.94394,37.54069],[128.94444,37.54078],[128.94463,37.54096],[128.94563,37.54122],[128.94593,37.54084],[128.94925,37.53967],[128.95017,37.53993],[128.95062,37.54062],[128.95084,37.54065],[128.95126,37.54092],[128.95173,37.54091],[128.95309,37.54138],[128.95341,37.54154],[128.95422,37.54139],[128.95513,37.54144],[128.95707,37.54302],[128.95724,37.54322],[128.95686,37.54382],[128.95761,37.54424],[128.95781,37.54458],[128.95839,37.54457],[128.95914,37.54551],[128.95973,37.54602],[128.95982,37.54719],[128.95954,37.5484],[128.96109,37.54869],[128.96123,37.54875],[128.96177,37.54775],[128.96207,37.54598],[128.96278,37.54316],[128.96504,37.54194],[128.96509,37.54185],[128.96643,37.54031],[128.96831,37.53962],[128.96829,37.53857],[128.96977,37.53694],[128.97,37.53677],[128.97119,37.53684],[128.97216,37.53635],[128.97221,37.53567],[128.97217,37.53526],[128.97338,37.53374],[128.97391,37.53391],[128.9749,37.53399],[128.97582,37.53425],[128.97641,37.53425],[128.97766,37.5339],[128.97879,37.53372],[128.97966,37.53324],[128.98069,37.53308],[128.98136,37.53317],[128.98262,37.53363],[128.98285,37.5336],[128.98371,37.53369],[128.98434,37.53355],[128.98441,37.53366],[128.98568,37.53411],[128.98674,37.53412],[128.98764,37.53387],[128.988,37.53428],[128.98834,37.53547],[128.98867,37.53559],[128.98909,37.53603],[128.98905,37.53653],[128.98959,37.53684],[128.9899,37.53729],[128.99037,37.53768],[128.99106,37.53842],[128.99129,37.53888],[128.99195,37.53914],[128.99262,37.53968],[128.99346,37.54026],[128.99459,37.54109],[128.99558,37.54164],[128.99701,37.542],[128.99767,37.54253],[128.99856,37.54281],[128.99994,37.54276],[129.00061,37.54283],[129.00172,37.54273],[129.00265,37.54282],[129.00341,37.54166],[129.00445,37.54169],[129.00498,37.5418],[129.00701,37.54125],[129.00834,37.54116],[129.00954,37.54044],[129.01009,37.54028],[129.01056,37.53986],[129.01164,37.53975],[129.01243,37.53948],[129.01299,37.53948],[129.01339,37.5393],[129.0146,37.5394],[129.01495,37.53959],[129.01597,37.53976],[129.01738,37.53853],[129.01856,37.53828],[129.01876,37.53831],[129.01976,37.53863],[129.02052,37.53922],[129.02116,37.53946],[129.02165,37.53997],[129.02224,37.54037],[129.02221,37.54075],[129.02315,37.54166],[129.02341,37.5422],[129.02384,37.54249],[129.02438,37.54302],[129.02502,37.54393],[129.02528,37.54441],[129.0254,37.54492],[129.02577,37.54543],[129.02689,37.54599],[129.02779,37.54603],[129.02844,37.54656],[129.02959,37.54686],[129.03053,37.54705],[129.03117,37.54728],[129.03183,37.54735],[129.03269,37.5476],[129.03303,37.54761],[129.03343,37.54738],[129.03398,37.54727],[129.03527,37.54769],[129.03573,37.5478],[129.03625,37.54808],[129.03699,37.54863],[129.03762,37.54917],[129.03803,37.54971],[129.03866,37.54975],[129.03912,37.54955],[129.03921,37.54886],[129.03952,37.5486],[129.03962,37.54831],[129.04006,37.54762],[129.04032,37.5473],[129.04091,37.5471],[129.04128,37.54712],[129.04228,37.54741],[129.04279,37.54735],[129.04399,37.54665],[129.04423,37.54631],[129.04451,37.54615],[129.04517,37.54616],[129.04591,37.54626],[129.04631,37.54644],[129.04707,37.54663],[129.04707,37.547],[129.04779,37.54767],[129.04784,37.54805],[129.04747,37.54849],[129.04763,37.54935],[129.04744,37.54978],[129.04784,37.55029],[129.04858,37.55157],[129.04891,37.55195],[129.04957,37.5524],[129.04984,37.55271],[129.0503,37.55393],[129.04985,37.55423],[129.04964,37.55454],[129.04945,37.55524],[129.04892,37.55593],[129.04837,37.55717],[129.04821,37.55794],[129.0483,37.55872],[129.0486,37.55942],[129.0489,37.55994],[129.04862,37.56057],[129.04873,37.56125],[129.04897,37.56148],[129.04884,37.562],[129.04909,37.56255],[129.04919,37.56312],[129.04881,37.56372],[129.04874,37.56427],[129.04879,37.56474],[129.04992,37.56573],[129.05059,37.5671],[129.05065,37.56832],[129.05045,37.56874],[129.05041,37.56964],[129.05139,37.57083],[129.05109,37.57162],[129.05133,37.57231],[129.05135,37.57259],[129.05174,37.57357],[129.05185,37.5744],[129.0516,37.57456],[129.05117,37.57535],[129.05103,37.5764],[129.05218,37.57749],[129.0522,37.57781],[129.05289,37.57838],[129.05316,37.57871],[129.05387,37.57889],[129.05426,37.5797],[129.05452,37.57982],[129.0548,37.58021],[129.05482,37.58046],[129.05512,37.58099],[129.05599,37.58125],[129.05669,37.58235],[129.05639,37.58351],[129.05702,37.58613],[129.05732,37.58669],[129.05792,37.58755],[129.05852,37.58808],[129.05957,37.58848],[129.05953,37.58905],[129.05964,37.58989],[129.05954,37.59026],[129.0589,37.59102],[129.05867,37.59162],[129.0583,37.59201],[129.05805,37.59243],[129.05754,37.59292],[129.05705,37.59356],[129.05616,37.59379],[129.05572,37.59377],[129.05558,37.59435],[129.05501,37.5947],[129.05519,37.59516],[129.05518,37.59568],[129.05547,37.59596],[129.05567,37.59711],[129.0565,37.59712],[129.05724,37.59695],[129.05882,37.59734],[129.05973,37.59747],[129.06033,37.59781],[129.06102,37.59789],[129.06131,37.59809],[129.06259,37.59784],[129.06331,37.59783],[129.06411,37.59837],[129.06518,37.59867],[129.06589,37.59861],[129.06643,37.59875],[129.06758,37.59888],[129.06835,37.5988],[129.06874,37.5989],[129.06992,37.59987],[129.07029,37.60037],[129.07054,37.60093],[129.07144,37.60185],[129.07172,37.60232],[129.07314,37.60384],[129.07383,37.60406],[129.07488,37.60486],[129.07429,37.60531],[129.07331,37.60596],[129.071,37.60772],[129.06862,37.60963],[129.06819,37.61005],[129.06735,37.61072],[129.06603,37.61188],[129.06536,37.61242],[129.06474,37.61307],[129.06326,37.61451],[129.06309,37.61488],[129.06322,37.6153],[129.06313,37.61567],[129.06192,37.61699],[129.06222,37.61732],[129.06185,37.61749],[129.0615,37.61738],[129.06149,37.61764],[129.06013,37.61825],[129.06001,37.61842],[129.05997,37.61931],[129.06003,37.62016],[129.06001,37.6204],[129.06005,37.62235],[129.05999,37.62287],[129.05976,37.62286],[129.05973,37.62047],[129.05953,37.62036],[129.05878,37.62047],[129.0588,37.62058],[129.05419,37.62137],[129.05419,37.62547],[129.05393,37.62548],[129.05393,37.62575],[129.05601,37.62575],[129.05607,37.62592],[129.05706,37.6259],[129.05757,37.62585],[129.05896,37.6252],[129.06164,37.62388],[129.06348,37.62302],[129.06367,37.62281],[129.0643,37.62257],[129.06454,37.62284],[129.06441,37.62304],[129.06377,37.6233],[129.0625,37.62392],[129.05853,37.62584],[129.05794,37.62617],[129.05773,37.62621],[129.05515,37.62618],[129.05322,37.62621],[129.05152,37.62696],[129.05118,37.62763],[129.05031,37.6287],[129.04942,37.62992],[129.04899,37.63044],[129.04852,37.63127],[129.0475,37.63267],[129.04701,37.63365],[129.04646,37.63443],[129.04594,37.63538],[129.04534,37.63667],[129.0452,37.63715],[129.04454,37.63857],[129.04435,37.63941],[129.04423,37.64024],[129.04402,37.64112],[129.044,37.64183],[129.04412,37.64287],[129.04437,37.64334],[129.04476,37.64345],[129.04556,37.64428],[129.04569,37.64507],[129.04562,37.64545],[129.04569,37.64618],[129.046,37.64664],[129.04625,37.64737],[129.04662,37.64805],[129.04733,37.64888],[129.04802,37.64944],[129.04977,37.64866],[129.04982,37.64879],[129.04835,37.64949],[129.04837,37.64985],[129.04786,37.65009],[129.04792,37.6503],[129.04833,37.65075],[129.04881,37.65087],[129.04939,37.65122],[129.04988,37.65209],[129.05219,37.65208],[129.05219,37.65029],[129.0514,37.65029],[129.0514,37.65019],[129.0523,37.6502],[129.05072,37.64812],[129.05038,37.648],[129.05043,37.64765],[129.05067,37.64764],[129.05091,37.6479],[129.05142,37.6486],[129.05251,37.65002],[129.05263,37.65036],[129.05267,37.65168],[129.05266,37.65279],[129.05278,37.65288],[129.05402,37.65316],[129.05426,37.65341],[129.05461,37.65444],[129.05507,37.65479],[129.05576,37.65507],[129.05569,37.65543],[129.05541,37.65552],[129.05528,37.65589],[129.05571,37.65619],[129.05574,37.65665],[129.05545,37.65665],[129.0554,37.65698],[129.05571,37.65729],[129.05577,37.6575],[129.05605,37.65777],[129.0563,37.65784],[129.05655,37.65824]]]},"properties":{"code":"32030350","name":"옥계면"}},{"type":"Feature","geometry":{"type":"Polygon","coordinates":[[[128.86319,37.85177],[128.86216,37.8511],[128.86162,37.85141],[128.86004,37.85257],[128.85971,37.85229],[128.8602,37.8519],[128.85966,37.85137],[128.8602,37.85094],[128.86036,37.85073],[128.86122,37.8501],[128.85911,37.84953],[128.85518,37.84851],[128.85506,37.84873],[128.85471,37.84858],[128.85452,37.84877],[128.85365,37.84854],[128.8527,37.8482],[128.8523,37.84818],[128.85172,37.8483],[128.85159,37.84815],[128.85107,37.84797],[128.85018,37.84791],[128.8497,37.84764],[128.84883,37.84727],[128.8482,37.84734],[128.84758,37.8472],[128.84697,37.84699],[128.84615,37.84615],[128.84573,37.84542],[128.84439,37.84507],[128.84379,37.84507],[128.84337,37.84495],[128.84302,37.84498],[128.84226,37.84486],[128.8416,37.84468],[128.84098,37.84487],[128.84055,37.84478],[128.83996,37.84518],[128.83866,37.84455],[128.83834,37.84463],[128.83752,37.84422],[128.83663,37.84401],[128.83589,37.84375],[128.83501,37.84285],[128.8348,37.84275],[128.83213,37.84237],[128.83172,37.8425],[128.831,37.84254],[128.8306,37.84244],[128.83009,37.84222],[128.82941,37.84243],[128.82914,37.84263],[128.82817,37.84291],[128.82789,37.84289],[128.82681,37.84306],[128.8259,37.84289],[128.82551,37.84333],[128.825,37.84344],[128.82471,37.84339],[128.82416,37.84349],[128.82392,37.84347],[128.82296,37.84321],[128.82249,37.84361],[128.82216,37.84339],[128.81982,37.84387],[128.81937,37.84362],[128.81898,37.84352],[128.81812,37.84356],[128.81781,37.84338],[128.81722,37.84325],[128.81601,37.84267],[128.81563,37.84181],[128.81527,37.84151],[128.81468,37.84137],[128.81427,37.84143],[128.81356,37.84163],[128.81341,37.84145],[128.81302,37.84133],[128.81244,37.84137],[128.81211,37.84088],[128.81139,37.84079],[128.81086,37.84034],[128.80995,37.84038],[128.80928,37.83978],[128.80818,37.83938],[128.80772,37.83937],[128.80698,37.83925],[128.80697,37.83906],[128.80637,37.83876],[128.80602,37.83868],[128.80579,37.83819],[128.80555,37.83811],[128.80522,37.83775],[128.80498,37.83767],[128.80445,37.83769],[128.80421,37.8373],[128.80356,37.83693],[128.80346,37.83649],[128.80323,37.83625],[128.80224,37.83586],[128.80196,37.83562],[128.80149,37.83547],[128.8015,37.83485],[128.80174,37.83438],[128.80151,37.83407],[128.8013,37.83347],[128.80112,37.83333],[128.80123,37.83271],[128.8009,37.83149],[128.80037,37.83093],[128.7999,37.83013],[128.79929,37.82985],[128.79913,37.82968],[128.79809,37.82952],[128.79695,37.82968],[128.79618,37.82995],[128.79565,37.82953],[128.7955,37.82923],[128.79519,37.82893],[128.79468,37.82874],[128.79453,37.82854],[128.79402,37.82841],[128.794,37.82796],[128.79387,37.82769],[128.79399,37.82724],[128.79374,37.82695],[128.79317,37.82656],[128.79273,37.82633],[128.79207,37.82562],[128.79174,37.82541],[128.79079,37.82503],[128.78983,37.8253],[128.78929,37.82493],[128.7887,37.82411],[128.7886,37.82292],[128.78913,37.82237],[128.78977,37.82204],[128.78997,37.82159],[128.79032,37.82141],[128.79132,37.82067],[128.79161,37.81992],[128.79159,37.81902],[128.79148,37.81834],[128.79172,37.8179],[128.79161,37.81679],[128.79124,37.81629],[128.79082,37.81605],[128.79069,37.81582],[128.79018,37.81555],[128.78974,37.81506],[128.78925,37.81474],[128.78902,37.81431],[128.78877,37.81361],[128.7887,37.81323],[128.78808,37.81265],[128.78834,37.81223],[128.7884,37.81179],[128.78767,37.8112],[128.7874,37.81078],[128.78733,37.81051],[128.78741,37.81013],[128.7869,37.80998],[128.78655,37.80905],[128.78669,37.80796],[128.78629,37.80669],[128.78656,37.80631],[128.78649,37.80603],[128.78666,37.80491],[128.78666,37.80464],[128.78611,37.80466],[128.78557,37.80399],[128.78536,37.80384],[128.78524,37.80317],[128.78537,37.80287],[128.7859,37.80232],[128.78534,37.80195],[128.7849,37.80113],[128.78479,37.80078],[128.78482,37.80007],[128.78505,37.79953],[128.78469,37.79885],[128.78413,37.79863],[128.78323,37.79856],[128.78267,37.79836],[128.78214,37.79826],[128.78142,37.79843],[128.78087,37.79883],[128.77979,37.79884],[128.77894,37.79851],[128.77828,37.7981],[128.77786,37.79804],[128.7775,37.79812],[128.77692,37.79792],[128.77663,37.79756],[128.77584,37.79744],[128.77535,37.79753],[128.77504,37.79706],[128.77483,37.79691],[128.77461,37.7963],[128.77429,37.79585],[128.77393,37.79546],[128.77281,37.79526],[128.77225,37.79511],[128.77109,37.79463],[128.77049,37.79409],[128.77023,37.7936],[128.77009,37.79316],[128.76939,37.79323],[128.76833,37.79285],[128.7677,37.79223],[128.76684,37.79184],[128.76653,37.7915],[128.7661,37.79128],[128.76558,37.79124],[128.76526,37.79135],[128.76459,37.7914],[128.76359,37.79134],[128.76283,37.79118],[128.76193,37.79028],[128.76179,37.78997],[128.76122,37.78993],[128.76063,37.79005],[128.75965,37.78921],[128.7591,37.78917],[128.75852,37.78886],[128.75796,37.78883],[128.75765,37.78872],[128.75714,37.78875],[128.75683,37.78867],[128.75629,37.78869],[128.75482,37.78856],[128.75433,37.7886],[128.75356,37.78836],[128.75259,37.7883],[128.75204,37.78796],[128.75015,37.78668],[128.74918,37.78634],[128.74853,37.78679],[128.74768,37.78695],[128.74718,37.78726],[128.74602,37.78701],[128.74541,37.78615],[128.74477,37.7847],[128.74414,37.78445],[128.74314,37.78436],[128.74117,37.78351],[128.74117,37.78316],[128.73908,37.78247],[128.73778,37.78219],[128.73716,37.78229],[128.73651,37.78174],[128.73573,37.78193],[128.73504,37.78192],[128.73385,37.7813],[128.73395,37.78062],[128.73325,37.77999],[128.73244,37.77971],[128.73252,37.7795],[128.73243,37.77869],[128.73172,37.77772],[128.73086,37.77679],[128.73008,37.77612],[128.72952,37.77598],[128.72856,37.77558],[128.72852,37.77539],[128.72823,37.77524],[128.72715,37.77438],[128.72663,37.77375],[128.72626,37.7737],[128.7256,37.77267],[128.72531,37.77235],[128.72504,37.77228],[128.7246,37.77183],[128.72441,37.77141],[128.72379,37.77082],[128.72239,37.76983],[128.72197,37.76935],[128.72111,37.76876],[128.72091,37.76837],[128.72015,37.76767],[128.71951,37.76663],[128.71895,37.76601],[128.7186,37.76587],[128.71801,37.76529],[128.71727,37.76524],[128.71702,37.76499],[128.71616,37.76444],[128.71606,37.76432],[128.71498,37.76362],[128.71438,37.76304],[128.71389,37.76284],[128.71358,37.76253],[128.71359,37.76169],[128.71517,37.76043],[128.71517,37.75995],[128.71596,37.75894],[128.71758,37.75752],[128.71806,37.75607],[128.7187,37.75614],[128.72023,37.75596],[128.72077,37.7556],[128.72138,37.75565],[128.72236,37.75513],[128.72337,37.75389],[128.72278,37.75311],[128.72332,37.75246],[128.72313,37.75132],[128.72415,37.75038],[128.72491,37.75004],[128.72536,37.7495],[128.72787,37.74862],[128.7303,37.74795],[128.73188,37.7477],[128.73374,37.7463],[128.73411,37.74571],[128.73586,37.74506],[128.73596,37.7443],[128.73807,37.74251],[128.73966,37.74163],[128.74177,37.74203],[128.7438,37.74143],[128.74407,37.74153],[128.74465,37.74151],[128.74516,37.7416],[128.74763,37.74227],[128.74949,37.74275],[128.74976,37.74305],[128.74992,37.74341],[128.75067,37.74388],[128.75089,37.74446],[128.75164,37.74545],[128.75216,37.74603],[128.75197,37.74645],[128.75201,37.74747],[128.75237,37.74862],[128.75243,37.74949],[128.75277,37.75021],[128.7535,37.75075],[128.75428,37.75074],[128.75509,37.75065],[128.75543,37.75082],[128.75591,37.75148],[128.75638,37.75164],[128.757,37.75173],[128.75812,37.75239],[128.75929,37.7529],[128.75945,37.75319],[128.75954,37.7543],[128.75993,37.75445],[128.76102,37.75525],[128.76097,37.75585],[128.7608,37.7562],[128.76101,37.75688],[128.76066,37.7585],[128.7602,37.75972],[128.76011,37.76105],[128.76074,37.76153],[128.76117,37.76219],[128.76164,37.76242],[128.7619,37.76281],[128.76206,37.76338],[128.76187,37.7639],[128.76219,37.76443],[128.76239,37.76523],[128.764,37.76601],[128.7648,37.76654],[128.76582,37.76759],[128.7663,37.7677],[128.76683,37.76771],[128.7676,37.76814],[128.76779,37.7686],[128.76802,37.76878],[128.76925,37.76862],[128.77079,37.76807],[128.77165,37.7683],[128.77306,37.76802],[128.77401,37.76811],[128.77517,37.76837],[128.7762,37.7688],[128.77663,37.76916],[128.77783,37.76889],[128.77899,37.76845],[128.77942,37.76835],[128.78073,37.76879],[128.78156,37.76877],[128.78163,37.76869],[128.78245,37.76869],[128.78295,37.76874],[128.7838,37.76828],[128.78465,37.768],[128.78549,37.768],[128.78598,37.76843],[128.78697,37.76941],[128.78778,37.76953],[128.78807,37.76975],[128.78838,37.77024],[128.78952,37.7704],[128.79052,37.77014],[128.79106,37.77035],[128.79237,37.76916],[128.79314,37.76819],[128.79374,37.76739],[128.79431,37.76697],[128.7943,37.76628],[128.79497,37.76599],[128.79593,37.76493],[128.79622,37.76496],[128.7969,37.76484],[128.79695,37.76448],[128.79741,37.76404],[128.79782,37.7642],[128.79888,37.76424],[128.79939,37.76452],[128.80015,37.7648],[128.80041,37.76522],[128.80031,37.76538],[128.80047,37.76578],[128.80074,37.76598],[128.80145,37.76608],[128.80201,37.76622],[128.80262,37.7662],[128.80273,37.76567],[128.80299,37.76544],[128.8031,37.76464],[128.80428,37.76449],[128.80455,37.76429],[128.80491,37.76338],[128.80572,37.76333],[128.80656,37.76347],[128.80714,37.76339],[128.80743,37.76346],[128.80787,37.7637],[128.80917,37.76426],[128.80987,37.76435],[128.81043,37.76434],[128.81035,37.76474],[128.81014,37.765],[128.81011,37.76547],[128.81024,37.76548],[128.81127,37.76597],[128.81172,37.76614],[128.81208,37.76644],[128.81251,37.7664],[128.81305,37.76669],[128.81344,37.7665],[128.81394,37.76653],[128.81386,37.76728],[128.81422,37.76748],[128.81437,37.76811],[128.81435,37.76864],[128.81492,37.76939],[128.8151,37.76991],[128.81486,37.77044],[128.81491,37.77079],[128.81475,37.77144],[128.81491,37.77204],[128.81526,37.77222],[128.81598,37.77247],[128.81597,37.77267],[128.81615,37.7731],[128.81664,37.77356],[128.81673,37.77392],[128.81676,37.77445],[128.81715,37.77484],[128.81733,37.77561],[128.81639,37.77685],[128.81693,37.77697],[128.81716,37.7771],[128.81792,37.77725],[128.81838,37.77754],[128.81865,37.77838],[128.81872,37.77884],[128.81889,37.77938],[128.81852,37.77989],[128.81869,37.78037],[128.81822,37.78086],[128.81861,37.78158],[128.81853,37.78182],[128.81898,37.78223],[128.81909,37.78254],[128.81951,37.78263],[128.81962,37.78365],[128.81981,37.78398],[128.82046,37.78409],[128.82132,37.78397],[128.82243,37.78454],[128.82232,37.78465],[128.82203,37.78531],[128.82242,37.7855],[128.82338,37.78554],[128.82471,37.78591],[128.82463,37.78675],[128.82499,37.78734],[128.82516,37.78748],[128.82566,37.7875],[128.82602,37.78791],[128.82673,37.78825],[128.82755,37.78831],[128.828,37.78861],[128.82833,37.7885],[128.82879,37.78853],[128.82923,37.78791],[128.83022,37.78814],[128.83052,37.78812],[128.83095,37.78783],[128.83165,37.78767],[128.83185,37.78772],[128.83292,37.78749],[128.83326,37.78749],[128.83364,37.78771],[128.83472,37.78791],[128.83514,37.78832],[128.83544,37.78838],[128.83591,37.78824],[128.83609,37.78799],[128.83699,37.78828],[128.83738,37.78809],[128.83798,37.78805],[128.83876,37.78742],[128.83947,37.78777],[128.83967,37.78795],[128.8395,37.78828],[128.83968,37.78893],[128.84018,37.78922],[128.84017,37.78947],[128.83999,37.78995],[128.84055,37.79043],[128.84006,37.79102],[128.84008,37.79139],[128.83991,37.7919],[128.83997,37.79233],[128.83946,37.7927],[128.83921,37.79319],[128.8393,37.79355],[128.83984,37.79379],[128.83978,37.79414],[128.84066,37.79432],[128.84079,37.79449],[128.84154,37.79485],[128.8422,37.79534],[128.84229,37.79551],[128.84291,37.79588],[128.84291,37.79621],[128.84302,37.79662],[128.84319,37.7969],[128.84304,37.79795],[128.84347,37.7984],[128.84376,37.79851],[128.84395,37.79885],[128.84386,37.79955],[128.84428,37.79991],[128.84444,37.80029],[128.84498,37.80046],[128.84515,37.80079],[128.84576,37.80092],[128.84613,37.80081],[128.8468,37.80095],[128.84749,37.80091],[128.84784,37.80102],[128.84801,37.80127],[128.84834,37.80204],[128.84929,37.80216],[128.85012,37.80191],[128.85043,37.80188],[128.85105,37.80204],[128.85135,37.8026],[128.85151,37.80255],[128.85203,37.80315],[128.85245,37.80344],[128.85281,37.80354],[128.8553,37.80399],[128.85573,37.80416],[128.85607,37.80459],[128.85601,37.80522],[128.85629,37.80545],[128.85691,37.80549],[128.85729,37.80577],[128.85734,37.80611],[128.85825,37.80656],[128.85913,37.80618],[128.8597,37.80634],[128.85958,37.80592],[128.85985,37.80567],[128.86002,37.80522],[128.85998,37.80488],[128.86003,37.80424],[128.86027,37.80346],[128.8606,37.80305],[128.86097,37.80279],[128.86169,37.80286],[128.86193,37.80304],[128.86203,37.80375],[128.86276,37.80371],[128.86342,37.80439],[128.86438,37.80449],[128.86472,37.80445],[128.86507,37.80498],[128.86564,37.80551],[128.86621,37.80571],[128.86633,37.80566],[128.867,37.80614],[128.86752,37.8061],[128.86756,37.80565],[128.86828,37.80497],[128.86913,37.80489],[128.87035,37.80457],[128.87094,37.80397],[128.87194,37.80396],[128.87241,37.80454],[128.87307,37.80448],[128.87369,37.80418],[128.87425,37.80442],[128.87462,37.80535],[128.87506,37.80575],[128.87556,37.80591],[128.87549,37.80626],[128.87527,37.80672],[128.87594,37.80749],[128.87605,37.80799],[128.87681,37.80829],[128.87723,37.80934],[128.87751,37.80955],[128.87776,37.81022],[128.87851,37.8105],[128.87884,37.81043],[128.87927,37.81079],[128.87961,37.81138],[128.87853,37.81183],[128.87854,37.81192],[128.87992,37.81244],[128.88122,37.8121],[128.8824,37.81211],[128.88309,37.81242],[128.88372,37.81306],[128.88398,37.81314],[128.88441,37.81306],[128.88544,37.81257],[128.88621,37.81238],[128.88651,37.81251],[128.88681,37.81282],[128.88728,37.81352],[128.88735,37.81376],[128.88723,37.81445],[128.88732,37.81475],[128.88761,37.81522],[128.8883,37.81576],[128.88832,37.81643],[128.88893,37.81683],[128.89007,37.8175],[128.89034,37.81796],[128.89072,37.8182],[128.89086,37.81856],[128.89127,37.81914],[128.89109,37.81925],[128.88979,37.82044],[128.88907,37.82117],[128.88896,37.82136],[128.88854,37.82172],[128.88819,37.82188],[128.88736,37.82246],[128.88695,37.82297],[128.88671,37.82317],[128.88595,37.82357],[128.88529,37.82401],[128.88483,37.82439],[128.88434,37.82492],[128.88355,37.82547],[128.88256,37.82635],[128.88191,37.82678],[128.88141,37.82718],[128.88021,37.82847],[128.87912,37.82951],[128.87817,37.83096],[128.87793,37.83141],[128.87788,37.83195],[128.8788,37.83219],[128.87869,37.83237],[128.87738,37.832],[128.87701,37.83238],[128.87676,37.83307],[128.87675,37.8334],[128.8769,37.83387],[128.87709,37.83421],[128.87671,37.83431],[128.87634,37.83395],[128.87622,37.83374],[128.87547,37.83439],[128.87562,37.83446],[128.87681,37.83441],[128.87743,37.83401],[128.87774,37.83408],[128.87727,37.83442],[128.87692,37.83476],[128.87648,37.8348],[128.87594,37.8347],[128.87566,37.83489],[128.87593,37.83745],[128.87724,37.83732],[128.87871,37.8361],[128.87877,37.83584],[128.87871,37.83473],[128.87953,37.83378],[128.87983,37.83391],[128.8793,37.83455],[128.8791,37.83509],[128.87915,37.83625],[128.87843,37.8369],[128.87767,37.8375],[128.87763,37.83785],[128.87719,37.83829],[128.87706,37.83868],[128.87707,37.83898],[128.87741,37.8395],[128.87711,37.83967],[128.87713,37.83996],[128.87704,37.84048],[128.87708,37.84075],[128.87751,37.84098],[128.87781,37.84089],[128.87779,37.84122],[128.87739,37.84121],[128.87702,37.84082],[128.8765,37.84098],[128.87598,37.8413],[128.87541,37.8418],[128.87467,37.84253],[128.87416,37.84285],[128.87356,37.84348],[128.87316,37.84382],[128.87231,37.8444],[128.87166,37.84505],[128.87041,37.84616],[128.86899,37.84716],[128.86679,37.84892],[128.86625,37.84941],[128.86469,37.85056],[128.86319,37.85177]]]},"properties":{"code":"32030360","name":"사천면"}},{"type":"Feature","geometry":{"type":"Polygon","coordinates":[[[128.66682,37.88588],[128.6667,37.88588],[128.66671,37.88671],[128.66619,37.8874],[128.66608,37.8881],[128.66524,37.88918],[128.66483,37.8905],[128.66419,37.89078],[128.65976,37.89177],[128.65774,37.89175],[128.65651,37.89162],[128.6563,37.89144],[128.65389,37.89078],[128.65274,37.89081],[128.65216,37.89089],[128.65133,37.8907],[128.65086,37.89064],[128.65023,37.89068],[128.64938,37.89081],[128.64777,37.89093],[128.64749,37.89144],[128.6468,37.89198],[128.64604,37.89232],[128.64513,37.89297],[128.64538,37.89366],[128.64341,37.89433],[128.64294,37.89489],[128.642,37.89438],[128.64111,37.89349],[128.64034,37.89291],[128.63942,37.89238],[128.63903,37.892],[128.6385,37.89203],[128.63743,37.892],[128.63731,37.89175],[128.6386,37.89181],[128.63883,37.89179],[128.63797,37.89082],[128.63715,37.89019],[128.63684,37.88975],[128.6357,37.88914],[128.63508,37.88835],[128.63504,37.88797],[128.6348,37.88762],[128.6333,37.88722],[128.6321,37.8865],[128.63121,37.88633],[128.63062,37.88567],[128.62976,37.88563],[128.62848,37.88499],[128.62808,37.88446],[128.62768,37.88414],[128.62677,37.88252],[128.62559,37.88239],[128.62436,37.88165],[128.62396,37.88082],[128.62356,37.88052],[128.62501,37.87913],[128.62465,37.87879],[128.62355,37.87844],[128.6232,37.87806],[128.6235,37.87758],[128.6237,37.87575],[128.62351,37.87496],[128.62264,37.87463],[128.62198,37.87422],[128.62151,37.87422],[128.62127,37.87322],[128.62077,37.87235],[128.61908,37.87177],[128.61835,37.87192],[128.61763,37.8719],[128.61713,37.87206],[128.61552,37.87201],[128.61421,37.87141],[128.61331,37.87159],[128.6118,37.8711],[128.61029,37.87144],[128.60963,37.87106],[128.60773,37.8706],[128.60698,37.87035],[128.60574,37.87038],[128.60518,37.87091],[128.6041,37.87079],[128.60343,37.87085],[128.60205,37.87066],[128.60118,37.87071],[128.60035,37.86985],[128.5998,37.86913],[128.59964,37.86839],[128.59897,37.8678],[128.59847,37.86689],[128.5977,37.86596],[128.59565,37.86614],[128.59486,37.86612],[128.59413,37.86578],[128.59197,37.8656],[128.5916,37.86542],[128.59083,37.8643],[128.58979,37.8632],[128.58818,37.86202],[128.58802,37.86203],[128.58843,37.86141],[128.58879,37.861],[128.58878,37.85992],[128.58861,37.85855],[128.58827,37.85754],[128.58826,37.85673],[128.58739,37.8557],[128.58756,37.8549],[128.58714,37.85404],[128.58739,37.85308],[128.58737,37.8522],[128.58725,37.852],[128.58639,37.85141],[128.58593,37.85095],[128.58577,37.85065],[128.58554,37.84984],[128.58508,37.84923],[128.58493,37.84815],[128.58568,37.84702],[128.58611,37.84623],[128.5858,37.84575],[128.58606,37.84514],[128.58519,37.84434],[128.58455,37.84321],[128.58339,37.84263],[128.58303,37.84207],[128.58353,37.84083],[128.58324,37.84032],[128.58256,37.83872],[128.58186,37.83838],[128.58161,37.83773],[128.582,37.83618],[128.58157,37.83537],[128.58187,37.83449],[128.58181,37.83405],[128.58194,37.83302],[128.5823,37.83242],[128.58182,37.83194],[128.58125,37.83098],[128.58066,37.82876],[128.58036,37.82798],[128.58061,37.82702],[128.58048,37.82615],[128.58112,37.82537],[128.58139,37.8247],[128.58158,37.82334],[128.58177,37.8228],[128.58274,37.82139],[128.58413,37.82016],[128.58484,37.81917],[128.5855,37.81854],[128.58767,37.81762],[128.5896,37.81672],[128.59192,37.81604],[128.5944,37.81384],[128.5956,37.81252],[128.597,37.81157],[128.59795,37.81003],[128.5989,37.80927],[128.59996,37.80882],[128.59927,37.80631],[128.59863,37.80574],[128.59815,37.80438],[128.59837,37.80351],[128.59881,37.80304],[128.59974,37.80289],[128.60061,37.80235],[128.60094,37.80174],[128.60095,37.80054],[128.60068,37.79957],[128.60125,37.7979],[128.60095,37.79643],[128.60089,37.79545],[128.60159,37.79377],[128.60112,37.79279],[128.60047,37.79213],[128.59979,37.79161],[128.59998,37.79048],[128.60028,37.78961],[128.59999,37.78872],[128.60064,37.78806],[128.60103,37.78717],[128.60111,37.78334],[128.6013,37.78241],[128.60141,37.78133],[128.60085,37.78104],[128.60099,37.78011],[128.6,37.77934],[128.59911,37.77726],[128.59879,37.7745],[128.5988,37.77448],[128.60021,37.77188],[128.60103,37.77067],[128.60167,37.76993],[128.60244,37.76935],[128.60394,37.76917],[128.60563,37.7686],[128.60669,37.76837],[128.60758,37.76787],[128.608,37.767],[128.60928,37.76632],[128.6104,37.76621],[128.61056,37.76686],[128.61075,37.76721],[128.61175,37.76768],[128.613,37.76954],[128.61403,37.77054],[128.6147,37.77058],[128.6152,37.76985],[128.61612,37.76937],[128.61811,37.76973],[128.6196,37.76928],[128.62261,37.77045],[128.62363,37.76959],[128.62562,37.77055],[128.62706,37.77274],[128.62749,37.7729],[128.62959,37.77256],[128.63047,37.77295],[128.6307,37.77381],[128.63144,37.77436],[128.63178,37.77654],[128.63314,37.77835],[128.63324,37.7794],[128.63386,37.78027],[128.63496,37.78128],[128.63642,37.78176],[128.63669,37.78226],[128.63734,37.78246],[128.63898,37.78244],[128.63898,37.78202],[128.63947,37.78021],[128.64092,37.77909],[128.64237,37.77864],[128.64309,37.77732],[128.64333,37.77719],[128.64506,37.77711],[128.64769,37.77621],[128.64982,37.77458],[128.65039,37.77379],[128.65142,37.77378],[128.65286,37.77308],[128.65309,37.77268],[128.65378,37.77271],[128.6557,37.77143],[128.65748,37.7713],[128.65844,37.77199],[128.65981,37.77116],[128.66063,37.77052],[128.66296,37.77034],[128.66578,37.7703],[128.66606,37.77026],[128.66738,37.76979],[128.66926,37.76832],[128.66938,37.76808],[128.66985,37.76751],[128.67085,37.76688],[128.67135,37.76785],[128.67244,37.76855],[128.67362,37.76948],[128.67363,37.76985],[128.67513,37.77043],[128.67618,37.77104],[128.67697,37.77095],[128.67722,37.77127],[128.67852,37.77197],[128.67871,37.77215],[128.67875,37.77247],[128.67926,37.7729],[128.67984,37.77303],[128.68199,37.77252],[128.68268,37.77287],[128.68399,37.77269],[128.68485,37.77305],[128.68722,37.77234],[128.68822,37.771],[128.68956,37.77083],[128.69097,37.76972],[128.69304,37.77019],[128.69458,37.77024],[128.69528,37.77035],[128.69597,37.77082],[128.69676,37.76984],[128.6973,37.77003],[128.69837,37.77133],[128.70025,37.77054],[128.70323,37.76994],[128.70327,37.76893],[128.70407,37.76838],[128.70611,37.76878],[128.7089,37.76805],[128.71002,37.7668],[128.71061,37.76651],[128.71153,37.76505],[128.71053,37.76473],[128.7101,37.76373],[128.71209,37.76314],[128.71358,37.76253],[128.71389,37.76284],[128.71438,37.76304],[128.71498,37.76362],[128.71606,37.76432],[128.71616,37.76444],[128.71702,37.76499],[128.71727,37.76524],[128.71801,37.76529],[128.7186,37.76587],[128.71895,37.76601],[128.71951,37.76663],[128.72015,37.76767],[128.72091,37.76837],[128.72111,37.76876],[128.72197,37.76935],[128.72239,37.76983],[128.72379,37.77082],[128.72441,37.77141],[128.7246,37.77183],[128.72504,37.77228],[128.72531,37.77235],[128.7256,37.77267],[128.72626,37.7737],[128.72663,37.77375],[128.72715,37.77438],[128.72823,37.77524],[128.72852,37.77539],[128.72856,37.77558],[128.72952,37.77598],[128.73008,37.77612],[128.73086,37.77679],[128.73172,37.77772],[128.73243,37.77869],[128.73252,37.7795],[128.73244,37.77971],[128.73325,37.77999],[128.73395,37.78062],[128.73385,37.7813],[128.73504,37.78192],[128.73573,37.78193],[128.73651,37.78174],[128.73716,37.78229],[128.73778,37.78219],[128.73908,37.78247],[128.74117,37.78316],[128.74117,37.78351],[128.74314,37.78436],[128.74414,37.78445],[128.74477,37.7847],[128.74541,37.78615],[128.74602,37.78701],[128.74718,37.78726],[128.74768,37.78695],[128.74853,37.78679],[128.74918,37.78634],[128.75015,37.78668],[128.75204,37.78796],[128.75259,37.7883],[128.75356,37.78836],[128.75433,37.7886],[128.75482,37.78856],[128.75629,37.78869],[128.75683,37.78867],[128.75714,37.78875],[128.75765,37.78872],[128.75796,37.78883],[128.75852,37.78886],[128.7591,37.78917],[128.75965,37.78921],[128.76063,37.79005],[128.76122,37.78993],[128.76179,37.78997],[128.76193,37.79028],[128.76283,37.79118],[128.76359,37.79134],[128.76459,37.7914],[128.76526,37.79135],[128.76558,37.79124],[128.7661,37.79128],[128.76653,37.7915],[128.76684,37.79184],[128.7677,37.79223],[128.76833,37.79285],[128.76939,37.79323],[128.77009,37.79316],[128.77023,37.7936],[128.77049,37.79409],[128.77109,37.79463],[128.77225,37.79511],[128.77281,37.79526],[128.77393,37.79546],[128.77429,37.79585],[128.77461,37.7963],[128.77483,37.79691],[128.77504,37.79706],[128.77535,37.79753],[128.77584,37.79744],[128.77663,37.79756],[128.77692,37.79792],[128.7775,37.79812],[128.77786,37.79804],[128.77828,37.7981],[128.77894,37.79851],[128.77979,37.79884],[128.78087,37.79883],[128.78142,37.79843],[128.78214,37.79826],[128.78267,37.79836],[128.78323,37.79856],[128.78413,37.79863],[128.78469,37.79885],[128.78505,37.79953],[128.78482,37.80007],[128.78479,37.80078],[128.7849,37.80113],[128.78534,37.80195],[128.7859,37.80232],[128.78537,37.80287],[128.78524,37.80317],[128.78536,37.80384],[128.78557,37.80399],[128.78611,37.80466],[128.78666,37.80464],[128.78666,37.80491],[128.78649,37.80603],[128.78656,37.80631],[128.78629,37.80669],[128.78669,37.80796],[128.78655,37.80905],[128.7869,37.80998],[128.78741,37.81013],[128.78733,37.81051],[128.7874,37.81078],[128.78767,37.8112],[128.7884,37.81179],[128.78834,37.81223],[128.78808,37.81265],[128.7887,37.81323],[128.78877,37.81361],[128.78902,37.81431],[128.78925,37.81474],[128.78974,37.81506],[128.79018,37.81555],[128.79069,37.81582],[128.79082,37.81605],[128.79124,37.81629],[128.79161,37.81679],[128.79172,37.8179],[128.79148,37.81834],[128.79159,37.81902],[128.79161,37.81992],[128.79132,37.82067],[128.79032,37.82141],[128.78997,37.82159],[128.78977,37.82204],[128.78913,37.82237],[128.7886,37.82292],[128.7887,37.82411],[128.78929,37.82493],[128.78983,37.8253],[128.79079,37.82503],[128.79174,37.82541],[128.79207,37.82562],[128.79273,37.82633],[128.79317,37.82656],[128.79374,37.82695],[128.79399,37.82724],[128.79387,37.82769],[128.794,37.82796],[128.79402,37.82841],[128.79453,37.82854],[128.79468,37.82874],[128.79519,37.82893],[128.7955,37.82923],[128.79565,37.82953],[128.79618,37.82995],[128.79695,37.82968],[128.79809,37.82952],[128.79913,37.82968],[128.79929,37.82985],[128.7999,37.83013],[128.80037,37.83093],[128.8009,37.83149],[128.80123,37.83271],[128.80112,37.83333],[128.8013,37.83347],[128.80151,37.83407],[128.80174,37.83438],[128.8015,37.83485],[128.80149,37.83547],[128.80196,37.83562],[128.80224,37.83586],[128.80323,37.83625],[128.80346,37.83649],[128.80356,37.83693],[128.80421,37.8373],[128.80445,37.83769],[128.80498,37.83767],[128.80522,37.83775],[128.80555,37.83811],[128.80579,37.83819],[128.80602,37.83868],[128.80637,37.83876],[128.80697,37.83906],[128.80698,37.83925],[128.80772,37.83937],[128.80818,37.83938],[128.80928,37.83978],[128.80995,37.84038],[128.81086,37.84034],[128.81139,37.84079],[128.81211,37.84088],[128.81244,37.84137],[128.81302,37.84133],[128.81341,37.84145],[128.81356,37.84163],[128.81427,37.84143],[128.81468,37.84137],[128.81527,37.84151],[128.81563,37.84181],[128.81601,37.84267],[128.81722,37.84325],[128.81781,37.84338],[128.81812,37.84356],[128.81898,37.84352],[128.81937,37.84362],[128.81982,37.84387],[128.82216,37.84339],[128.82249,37.84361],[128.82296,37.84321],[128.82392,37.84347],[128.82416,37.84349],[128.82471,37.84339],[128.825,37.84344],[128.82551,37.84333],[128.8259,37.84289],[128.82681,37.84306],[128.82789,37.84289],[128.82817,37.84291],[128.82914,37.84263],[128.82941,37.84243],[128.83009,37.84222],[128.8306,37.84244],[128.831,37.84254],[128.83172,37.8425],[128.83213,37.84237],[128.8348,37.84275],[128.83501,37.84285],[128.83589,37.84375],[128.83663,37.84401],[128.83752,37.84422],[128.83834,37.84463],[128.83866,37.84455],[128.83996,37.84518],[128.84055,37.84478],[128.84098,37.84487],[128.8416,37.84468],[128.84226,37.84486],[128.84302,37.84498],[128.84337,37.84495],[128.84379,37.84507],[128.84439,37.84507],[128.84573,37.84542],[128.84615,37.84615],[128.84697,37.84699],[128.84758,37.8472],[128.8482,37.84734],[128.84883,37.84727],[128.8497,37.84764],[128.85018,37.84791],[128.85107,37.84797],[128.85159,37.84815],[128.85172,37.8483],[128.8523,37.84818],[128.8527,37.8482],[128.85365,37.84854],[128.85452,37.84877],[128.85471,37.84858],[128.85506,37.84873],[128.85518,37.84851],[128.85911,37.84953],[128.86122,37.8501],[128.86036,37.85073],[128.8602,37.85094],[128.85966,37.85137],[128.8602,37.8519],[128.85971,37.85229],[128.86004,37.85257],[128.86162,37.85141],[128.86216,37.8511],[128.86319,37.85177],[128.86231,37.85252],[128.86059,37.85388],[128.86045,37.85411],[128.85995,37.85412],[128.85941,37.85471],[128.85794,37.85601],[128.85639,37.85727],[128.85519,37.85838],[128.85378,37.85952],[128.85215,37.861],[128.85134,37.8617],[128.85029,37.8627],[128.84946,37.86363],[128.84901,37.86407],[128.84878,37.86444],[128.84869,37.86557],[128.84876,37.86582],[128.84908,37.86624],[128.84874,37.86648],[128.84834,37.86737],[128.84861,37.8675],[128.84926,37.86741],[128.84945,37.86725],[128.85013,37.86599],[128.85042,37.86599],[128.85016,37.86662],[128.84973,37.86743],[128.84938,37.86772],[128.84888,37.86778],[128.84849,37.86825],[128.84846,37.86932],[128.84812,37.8697],[128.84783,37.8696],[128.84826,37.86924],[128.84826,37.86887],[128.84732,37.86862],[128.84667,37.8687],[128.8457,37.86916],[128.84515,37.8695],[128.84466,37.86997],[128.84439,37.87057],[128.84394,37.87054],[128.84328,37.87082],[128.84248,37.87145],[128.8404,37.87344],[128.83956,37.8742],[128.83891,37.87471],[128.83803,37.87553],[128.83678,37.87675],[128.83545,37.87628],[128.83362,37.87572],[128.83291,37.87561],[128.83268,37.8754],[128.83286,37.87501],[128.83235,37.87507],[128.83172,37.87523],[128.83135,37.87523],[128.83107,37.87508],[128.83062,37.87499],[128.83011,37.875],[128.82992,37.87489],[128.83035,37.87456],[128.83336,37.87206],[128.83422,37.8716],[128.83511,37.87128],[128.83629,37.87063],[128.836,37.87021],[128.83563,37.87022],[128.83496,37.87049],[128.83445,37.87087],[128.83399,37.87085],[128.8336,37.87075],[128.83204,37.86966],[128.83193,37.86945],[128.83148,37.86922],[128.83166,37.86902],[128.83147,37.86878],[128.83121,37.86882],[128.83078,37.86853],[128.83051,37.86844],[128.83024,37.86815],[128.83032,37.86751],[128.8301,37.86743],[128.82975,37.86694],[128.83001,37.86657],[128.82902,37.86635],[128.829,37.86617],[128.82844,37.86632],[128.82807,37.86583],[128.82802,37.86552],[128.82779,37.8653],[128.82715,37.86502],[128.82699,37.86504],[128.82658,37.86459],[128.82583,37.86442],[128.82504,37.86374],[128.82479,37.86345],[128.82468,37.86289],[128.82438,37.86302],[128.82429,37.8633],[128.82384,37.86376],[128.82334,37.86374],[128.82357,37.86399],[128.82323,37.86447],[128.82297,37.86463],[128.8231,37.86498],[128.8224,37.86504],[128.82222,37.86517],[128.82173,37.86518],[128.82116,37.86551],[128.82013,37.86527],[128.82008,37.86513],[128.81955,37.86486],[128.819,37.86504],[128.81729,37.86516],[128.81705,37.86421],[128.81663,37.86373],[128.81564,37.86357],[128.81556,37.86402],[128.81561,37.8645],[128.81517,37.86486],[128.81447,37.86561],[128.81436,37.86613],[128.81406,37.86648],[128.81404,37.86669],[128.81354,37.86691],[128.81295,37.86673],[128.81243,37.86672],[128.81213,37.86664],[128.81135,37.86625],[128.81041,37.86567],[128.80961,37.865],[128.80833,37.86506],[128.80803,37.86518],[128.80744,37.86504],[128.80666,37.86493],[128.80622,37.86476],[128.80628,37.86443],[128.80593,37.86418],[128.80477,37.86376],[128.80441,37.86371],[128.80378,37.86379],[128.80284,37.86453],[128.80226,37.86451],[128.80203,37.8646],[128.80114,37.86452],[128.80064,37.86425],[128.80004,37.86404],[128.7996,37.86363],[128.79909,37.86301],[128.79871,37.86301],[128.79797,37.86314],[128.79766,37.86269],[128.79728,37.86265],[128.79674,37.86274],[128.79644,37.86247],[128.79575,37.86268],[128.7948,37.8627],[128.79453,37.86234],[128.79383,37.86208],[128.79342,37.86173],[128.79352,37.86132],[128.79331,37.86099],[128.79282,37.86082],[128.79255,37.86083],[128.79186,37.86111],[128.7916,37.86146],[128.79019,37.86123],[128.78982,37.86067],[128.7896,37.85992],[128.78944,37.8596],[128.78908,37.85979],[128.78821,37.85945],[128.78812,37.8587],[128.78788,37.8584],[128.78748,37.85836],[128.78697,37.85868],[128.78661,37.85865],[128.78638,37.85877],[128.78542,37.85886],[128.78479,37.85909],[128.78451,37.85904],[128.78432,37.8587],[128.78378,37.85848],[128.78326,37.85842],[128.78261,37.85821],[128.78215,37.85831],[128.78183,37.85828],[128.78141,37.85838],[128.78119,37.85861],[128.78077,37.8588],[128.78016,37.85985],[128.78017,37.86048],[128.77968,37.86047],[128.77919,37.86057],[128.779,37.86085],[128.77866,37.86078],[128.77823,37.86093],[128.77816,37.86107],[128.77772,37.86109],[128.77729,37.86152],[128.77694,37.86207],[128.77679,37.86246],[128.77631,37.86267],[128.77584,37.86341],[128.77541,37.86382],[128.7746,37.86442],[128.77356,37.86435],[128.77281,37.86465],[128.77199,37.86477],[128.77158,37.86453],[128.77095,37.8644],[128.77053,37.86475],[128.77029,37.86474],[128.76955,37.86522],[128.76868,37.8657],[128.76821,37.86567],[128.7678,37.86603],[128.76758,37.86655],[128.76732,37.86675],[128.76697,37.86689],[128.76623,37.86686],[128.76587,37.86711],[128.76568,37.86779],[128.76525,37.86899],[128.76543,37.86925],[128.76509,37.86932],[128.76469,37.86921],[128.76403,37.86914],[128.76346,37.86882],[128.7623,37.86844],[128.76188,37.8684],[128.76164,37.86828],[128.76086,37.86757],[128.76029,37.86732],[128.75956,37.86714],[128.75858,37.86754],[128.75785,37.86769],[128.75717,37.86754],[128.75663,37.86678],[128.75625,37.86681],[128.75568,37.86672],[128.75518,37.86689],[128.75512,37.86734],[128.75468,37.86753],[128.75446,37.86749],[128.75365,37.8678],[128.7529,37.8678],[128.75268,37.86763],[128.75088,37.86816],[128.75082,37.86892],[128.74965,37.86931],[128.74834,37.86901],[128.74734,37.86886],[128.74672,37.86898],[128.74631,37.86853],[128.74575,37.86812],[128.74543,37.86797],[128.74456,37.86791],[128.74442,37.86811],[128.74402,37.8681],[128.74379,37.86792],[128.7429,37.86801],[128.74273,37.86827],[128.74227,37.86852],[128.74196,37.86894],[128.74151,37.86926],[128.74109,37.86918],[128.74053,37.86884],[128.74016,37.86887],[128.73987,37.86901],[128.73932,37.86908],[128.73892,37.86897],[128.73829,37.86836],[128.73753,37.86791],[128.73638,37.86746],[128.73581,37.86755],[128.73465,37.86735],[128.73426,37.86724],[128.73242,37.86725],[128.73212,37.86692],[128.73168,37.86679],[128.73128,37.8668],[128.73069,37.86652],[128.7303,37.86669],[128.72966,37.86763],[128.72943,37.86829],[128.72883,37.86856],[128.72817,37.86952],[128.72758,37.86972],[128.72624,37.87091],[128.72607,37.87123],[128.72532,37.87169],[128.72417,37.87172],[128.72383,37.87179],[128.72309,37.8717],[128.72204,37.87164],[128.72088,37.87132],[128.71997,37.87093],[128.71845,37.87063],[128.71747,37.87103],[128.71627,37.87119],[128.71575,37.87102],[128.71545,37.87104],[128.71479,37.87078],[128.71424,37.87073],[128.71379,37.87091],[128.71372,37.87142],[128.71254,37.87181],[128.7121,37.87238],[128.71174,37.87261],[128.71138,37.87338],[128.70996,37.87367],[128.7088,37.87318],[128.70856,37.87346],[128.70745,37.87383],[128.70687,37.87365],[128.70666,37.87377],[128.70635,37.87367],[128.70592,37.87371],[128.70553,37.87387],[128.70389,37.87338],[128.70326,37.87341],[128.70067,37.87275],[128.7003,37.87276],[128.7,37.87225],[128.70011,37.87196],[128.69938,37.87153],[128.69901,37.87152],[128.69756,37.87085],[128.69666,37.87035],[128.69444,37.86999],[128.69345,37.87003],[128.69261,37.8709],[128.69162,37.87102],[128.69063,37.87141],[128.68818,37.87117],[128.68705,37.87169],[128.68586,37.87146],[128.68396,37.87149],[128.68254,37.87166],[128.68197,37.87141],[128.68143,37.87196],[128.67993,37.87194],[128.67832,37.87215],[128.67616,37.87156],[128.67509,37.87101],[128.67398,37.87113],[128.67277,37.87057],[128.67114,37.87048],[128.66998,37.869],[128.66921,37.86829],[128.66788,37.86817],[128.667,37.86784],[128.66586,37.86722],[128.66323,37.86741],[128.66259,37.86833],[128.66236,37.87016],[128.66278,37.87056],[128.6626,37.87169],[128.6618,37.87282],[128.66128,37.87321],[128.6622,37.8745],[128.66321,37.87496],[128.66439,37.87712],[128.66449,37.87864],[128.66545,37.87972],[128.66536,37.88018],[128.66599,37.88086],[128.66668,37.88129],[128.66708,37.88204],[128.66677,37.88373],[128.66682,37.88588]]]},"properties":{"code":"32030370","name":"연곡면"}},{"type":"Feature","geometry":{"type":"Polygon","coordinates":[[[128.89031,37.75644],[128.89001,37.75664],[128.88951,37.75676],[128.88878,37.7567],[128.88876,37.75641],[128.88852,37.7561],[128.88831,37.75564],[128.88825,37.75519],[128.88797,37.75514],[128.88763,37.75555],[128.8875,37.75547],[128.88692,37.75595],[128.8867,37.75606],[128.88593,37.75586],[128.88555,37.75558],[128.88452,37.75516],[128.88414,37.75511],[128.88375,37.7552],[128.88328,37.75515],[128.8829,37.75502],[128.88276,37.7551],[128.88242,37.75489],[128.88212,37.75487],[128.88095,37.75506],[128.8807,37.75543],[128.88008,37.75544],[128.88003,37.75564],[128.87973,37.75577],[128.87974,37.75621],[128.87901,37.75623],[128.87897,37.75668],[128.8786,37.75722],[128.87812,37.75819],[128.87741,37.7576],[128.87688,37.75766],[128.87634,37.75803],[128.87599,37.75806],[128.87571,37.75777],[128.87592,37.75741],[128.87598,37.75688],[128.87615,37.75648],[128.87583,37.7564],[128.87528,37.75669],[128.87493,37.75702],[128.87358,37.75778],[128.87268,37.75878],[128.87257,37.75873],[128.87269,37.75844],[128.87254,37.75832],[128.87178,37.75826],[128.87053,37.75823],[128.87054,37.75808],[128.86761,37.75804],[128.86609,37.758],[128.86604,37.75818],[128.8652,37.75805],[128.86462,37.75823],[128.86408,37.7581],[128.86319,37.75822],[128.86226,37.75857],[128.86172,37.75845],[128.86129,37.75851],[128.86094,37.75873],[128.8602,37.75882],[128.85997,37.75865],[128.85925,37.75845],[128.85889,37.75821],[128.85919,37.75755],[128.85888,37.75704],[128.85892,37.75674],[128.85925,37.75628],[128.8592,37.75603],[128.85936,37.75564],[128.8594,37.7553],[128.85882,37.75497],[128.85884,37.75475],[128.85857,37.75451],[128.85811,37.75454],[128.85748,37.75496],[128.85718,37.75471],[128.85689,37.75464],[128.85635,37.75431],[128.8558,37.75426],[128.85555,37.75413],[128.85556,37.75367],[128.85586,37.75336],[128.8557,37.75279],[128.85508,37.7518],[128.85479,37.7517],[128.85447,37.75179],[128.85424,37.75172],[128.85475,37.75135],[128.85494,37.75038],[128.85531,37.75001],[128.85543,37.74966],[128.85567,37.74942],[128.8557,37.74892],[128.85652,37.74817],[128.85623,37.74796],[128.85581,37.74835],[128.85568,37.74834],[128.85524,37.74869],[128.85427,37.74855],[128.85383,37.74858],[128.85361,37.74798],[128.85335,37.74791],[128.85357,37.74735],[128.85311,37.74727],[128.85304,37.74693],[128.85366,37.74696],[128.85387,37.74678],[128.85392,37.74647],[128.85315,37.74585],[128.85386,37.74575],[128.85429,37.74615],[128.85466,37.74597],[128.85532,37.74598],[128.85606,37.74563],[128.85623,37.74531],[128.85652,37.74522],[128.8567,37.74558],[128.85698,37.74566],[128.8577,37.7454],[128.85721,37.74493],[128.8576,37.74445],[128.8578,37.74432],[128.85847,37.74486],[128.85906,37.74507],[128.8593,37.74528],[128.86009,37.74475],[128.86048,37.74445],[128.86366,37.74534],[128.86583,37.74469],[128.86691,37.74421],[128.86794,37.74368],[128.86908,37.74326],[128.87084,37.74317],[128.87302,37.74322],[128.87445,37.74366],[128.87571,37.74408],[128.87731,37.74483],[128.87838,37.7452],[128.87942,37.74538],[128.88027,37.74581],[128.88147,37.74632],[128.88294,37.74655],[128.88385,37.74683],[128.88469,37.74724],[128.88586,37.74741],[128.88572,37.74779],[128.88597,37.74814],[128.8857,37.74834],[128.88585,37.74899],[128.88578,37.74904],[128.88444,37.74887],[128.88439,37.74913],[128.88474,37.74976],[128.88527,37.74991],[128.88623,37.75005],[128.88713,37.75009],[128.88766,37.75059],[128.88802,37.75067],[128.88816,37.75093],[128.88954,37.75119],[128.88929,37.75154],[128.88922,37.75187],[128.88867,37.75186],[128.88835,37.75226],[128.88896,37.75259],[128.88902,37.75293],[128.88973,37.75348],[128.88965,37.75386],[128.89027,37.75426],[128.89038,37.75493],[128.89066,37.7554],[128.89064,37.75566],[128.89029,37.75555],[128.89007,37.75612],[128.89031,37.75644]]]},"properties":{"code":"32030510","name":"홍제동"}},{"type":"Feature","geometry":{"type":"Polygon","coordinates":[[[128.89572,37.75832],[128.89541,37.75854],[128.89486,37.75836],[128.89449,37.75795],[128.89368,37.75798],[128.89288,37.75775],[128.89199,37.75742],[128.89166,37.75732],[128.89152,37.75706],[128.891,37.75701],[128.89078,37.75668],[128.89031,37.75644],[128.89007,37.75612],[128.89029,37.75555],[128.89064,37.75566],[128.89066,37.7554],[128.89038,37.75493],[128.89027,37.75426],[128.88965,37.75386],[128.88973,37.75348],[128.88902,37.75293],[128.88896,37.75259],[128.88835,37.75226],[128.88867,37.75186],[128.88922,37.75187],[128.88929,37.75154],[128.88954,37.75119],[128.88816,37.75093],[128.88802,37.75067],[128.88766,37.75059],[128.88713,37.75009],[128.88623,37.75005],[128.88527,37.74991],[128.88474,37.74976],[128.88439,37.74913],[128.88444,37.74887],[128.88578,37.74904],[128.88585,37.74899],[128.8857,37.74834],[128.88597,37.74814],[128.88572,37.74779],[128.88586,37.74741],[128.88761,37.7477],[128.88919,37.74809],[128.89047,37.74867],[128.89151,37.74911],[128.89281,37.74939],[128.89533,37.74944],[128.89695,37.7496],[128.89848,37.75025],[128.8996,37.75098],[128.90171,37.75219],[128.90277,37.75303],[128.90415,37.75406],[128.90617,37.7558],[128.90693,37.75657],[128.90613,37.75698],[128.90585,37.75662],[128.90549,37.75648],[128.90518,37.75604],[128.90463,37.75567],[128.90418,37.75555],[128.90375,37.75503],[128.90309,37.75476],[128.90239,37.75467],[128.90162,37.75471],[128.90079,37.75484],[128.9002,37.75537],[128.89993,37.75521],[128.89918,37.75463],[128.89861,37.75522],[128.8985,37.75522],[128.898,37.75572],[128.89812,37.75579],[128.89647,37.75729],[128.89608,37.75774],[128.89572,37.75832]]]},"properties":{"code":"32030520","name":"중앙동"}},{"type":"Feature","geometry":{"type":"Polygon","coordinates":[[[128.90768,37.75749],[128.90493,37.75963],[128.90393,37.76041],[128.90501,37.7614],[128.9034,37.76266],[128.90304,37.76388],[128.90171,37.76344],[128.90146,37.76364],[128.90055,37.76291],[128.90063,37.76284],[128.90004,37.76084],[128.89914,37.76101],[128.89572,37.75832],[128.89608,37.75774],[128.89647,37.75729],[128.89812,37.75579],[128.898,37.75572],[128.8985,37.75522],[128.89861,37.75522],[128.89918,37.75463],[128.89993,37.75521],[128.9002,37.75537],[128.90079,37.75484],[128.90162,37.75471],[128.90239,37.75467],[128.90309,37.75476],[128.90375,37.75503],[128.90418,37.75555],[128.90463,37.75567],[128.90518,37.75604],[128.90549,37.75648],[128.90585,37.75662],[128.90613,37.75698],[128.90693,37.75657],[128.90768,37.75749]]]},"properties":{"code":"32030540","name":"옥천동"}},{"type":"Feature","geometry":{"type":"Polygon","coordinates":[[[128.89199,37.75742],[128.89168,37.75737],[128.89183,37.75864],[128.89201,37.75875],[128.89212,37.75943],[128.89194,37.75944],[128.89217,37.76073],[128.89224,37.76157],[128.89248,37.76221],[128.89215,37.76276],[128.89217,37.76334],[128.89192,37.76417],[128.89197,37.76427],[128.8915,37.76553],[128.89128,37.76718],[128.89136,37.76736],[128.89167,37.76749],[128.89167,37.76808],[128.89212,37.76825],[128.89232,37.76872],[128.89208,37.76942],[128.89182,37.77052],[128.89115,37.77107],[128.89012,37.7724],[128.89003,37.7726],[128.88909,37.77407],[128.88848,37.77474],[128.88797,37.77545],[128.88656,37.77676],[128.88519,37.77793],[128.88494,37.77758],[128.88495,37.7772],[128.8848,37.77625],[128.88406,37.77474],[128.88365,37.7744],[128.88354,37.77412],[128.88181,37.77345],[128.88068,37.77289],[128.87965,37.77148],[128.87693,37.77168],[128.87631,37.77178],[128.87555,37.77181],[128.87554,37.77116],[128.87535,37.77081],[128.87546,37.77005],[128.87522,37.7697],[128.87535,37.76932],[128.87515,37.76864],[128.87518,37.76825],[128.87501,37.76799],[128.87502,37.7676],[128.87485,37.7674],[128.87481,37.76687],[128.87449,37.76651],[128.87447,37.76614],[128.87406,37.76556],[128.87372,37.76534],[128.87363,37.76491],[128.87332,37.76471],[128.87311,37.7644],[128.87294,37.76387],[128.87277,37.76378],[128.87255,37.76337],[128.87244,37.76273],[128.87227,37.76222],[128.87239,37.76199],[128.87231,37.76175],[128.87237,37.7611],[128.87258,37.76081],[128.87253,37.76055],[128.87213,37.75992],[128.87222,37.7595],[128.87257,37.75873],[128.87268,37.75878],[128.87358,37.75778],[128.87493,37.75702],[128.87528,37.75669],[128.87583,37.7564],[128.87615,37.75648],[128.87598,37.75688],[128.87592,37.75741],[128.87571,37.75777],[128.87599,37.75806],[128.87634,37.75803],[128.87688,37.75766],[128.87741,37.7576],[128.87812,37.75819],[128.8786,37.75722],[128.87897,37.75668],[128.87901,37.75623],[128.87974,37.75621],[128.87973,37.75577],[128.88003,37.75564],[128.88008,37.75544],[128.8807,37.75543],[128.88095,37.75506],[128.88212,37.75487],[128.88242,37.75489],[128.88276,37.7551],[128.8829,37.75502],[128.88328,37.75515],[128.88375,37.7552],[128.88414,37.75511],[128.88452,37.75516],[128.88555,37.75558],[128.88593,37.75586],[128.8867,37.75606],[128.88692,37.75595],[128.8875,37.75547],[128.88763,37.75555],[128.88797,37.75514],[128.88825,37.75519],[128.88831,37.75564],[128.88852,37.7561],[128.88876,37.75641],[128.88878,37.7567],[128.88951,37.75676],[128.89001,37.75664],[128.89031,37.75644],[128.89078,37.75668],[128.891,37.75701],[128.89152,37.75706],[128.89166,37.75732],[128.89199,37.75742]]]},"properties":{"code":"32030550","name":"교1동"}},{"type":"Feature","geometry":{"type":"Polygon","coordinates":[[[128.89601,37.78073],[128.89515,37.7805],[128.89491,37.78064],[128.89476,37.78092],[128.89406,37.78131],[128.89369,37.78139],[128.89304,37.78324],[128.89216,37.78414],[128.89104,37.78366],[128.89048,37.78347],[128.88988,37.78303],[128.88944,37.78197],[128.88908,37.78203],[128.8887,37.78148],[128.88699,37.78044],[128.8867,37.77963],[128.88632,37.77927],[128.88581,37.77891],[128.88555,37.77863],[128.88535,37.77809],[128.88519,37.77793],[128.88656,37.77676],[128.88797,37.77545],[128.88848,37.77474],[128.88909,37.77407],[128.89003,37.7726],[128.89012,37.7724],[128.89115,37.77107],[128.89182,37.77052],[128.89208,37.76942],[128.89232,37.76872],[128.89212,37.76825],[128.89167,37.76808],[128.89167,37.76749],[128.89136,37.76736],[128.89128,37.76718],[128.8915,37.76553],[128.89197,37.76427],[128.89192,37.76417],[128.89217,37.76334],[128.89215,37.76276],[128.89248,37.76221],[128.89224,37.76157],[128.89217,37.76073],[128.89194,37.75944],[128.89212,37.75943],[128.89201,37.75875],[128.89183,37.75864],[128.89168,37.75737],[128.89199,37.75742],[128.89288,37.75775],[128.89368,37.75798],[128.89449,37.75795],[128.89486,37.75836],[128.89541,37.75854],[128.89572,37.75832],[128.89914,37.76101],[128.90004,37.76084],[128.90063,37.76284],[128.90055,37.76291],[128.90146,37.76364],[128.90076,37.7642],[128.90162,37.7649],[128.90157,37.7653],[128.90209,37.76621],[128.90184,37.76651],[128.90208,37.76684],[128.90241,37.76707],[128.90312,37.76746],[128.90271,37.76789],[128.90233,37.7681],[128.90216,37.76831],[128.90169,37.76861],[128.90146,37.76901],[128.9016,37.76912],[128.90125,37.76946],[128.9009,37.77],[128.90157,37.77057],[128.90144,37.77072],[128.90066,37.77095],[128.90048,37.77155],[128.90045,37.7721],[128.90021,37.77278],[128.89995,37.77302],[128.89979,37.77343],[128.89945,37.77362],[128.89894,37.77422],[128.89893,37.77459],[128.89922,37.77485],[128.89921,37.77521],[128.89905,37.77544],[128.89924,37.77578],[128.89978,37.77596],[128.89994,37.77654],[128.89984,37.77678],[128.89939,37.77725],[128.89914,37.77732],[128.89898,37.77761],[128.89859,37.77792],[128.89838,37.77824],[128.89765,37.77838],[128.89742,37.77867],[128.8968,37.77862],[128.8965,37.77905],[128.89629,37.77954],[128.89644,37.77983],[128.89622,37.78048],[128.89601,37.78073]]]},"properties":{"code":"32030560","name":"교2동"}},{"type":"Feature","geometry":{"type":"Polygon","coordinates":[[[128.91911,37.77014],[128.91728,37.76928],[128.91725,37.76935],[128.91616,37.77011],[128.91592,37.77007],[128.91533,37.76981],[128.91449,37.76997],[128.91364,37.77025],[128.91197,37.7704],[128.91149,37.77037],[128.91065,37.77021],[128.9106,37.77135],[128.91078,37.77188],[128.91013,37.77152],[128.90808,37.77082],[128.90741,37.77066],[128.90695,37.77061],[128.90301,37.77045],[128.90228,37.77049],[128.90168,37.77066],[128.90157,37.77057],[128.9009,37.77],[128.90125,37.76946],[128.9016,37.76912],[128.90146,37.76901],[128.90169,37.76861],[128.90216,37.76831],[128.90233,37.7681],[128.90271,37.76789],[128.90312,37.76746],[128.90241,37.76707],[128.90208,37.76684],[128.90184,37.76651],[128.90209,37.76621],[128.90157,37.7653],[128.90162,37.7649],[128.90076,37.7642],[128.90146,37.76364],[128.90171,37.76344],[128.90304,37.76388],[128.9034,37.76266],[128.90501,37.7614],[128.90393,37.76041],[128.90493,37.75963],[128.90768,37.75749],[128.9082,37.75814],[128.90966,37.76091],[128.90984,37.76159],[128.90998,37.7619],[128.91017,37.76198],[128.91342,37.76549],[128.91453,37.76586],[128.91883,37.76713],[128.91942,37.76762],[128.92028,37.76849],[128.92047,37.76885],[128.91971,37.76993],[128.91939,37.77029],[128.91911,37.77014]]]},"properties":{"code":"32030570","name":"포남1동"}},{"type":"Feature","geometry":{"type":"Polygon","coordinates":[[[128.91949,37.78295],[128.91842,37.78295],[128.91809,37.78239],[128.9179,37.78238],[128.91653,37.78282],[128.9164,37.78284],[128.91618,37.78228],[128.91592,37.78199],[128.91554,37.78174],[128.91541,37.78178],[128.91478,37.78123],[128.91398,37.78118],[128.9135,37.78074],[128.91247,37.78148],[128.91252,37.78166],[128.9119,37.78206],[128.9116,37.78263],[128.91104,37.78341],[128.91089,37.78401],[128.91096,37.78447],[128.91072,37.78504],[128.91079,37.78536],[128.91026,37.78557],[128.91013,37.78551],[128.90978,37.78679],[128.90903,37.78741],[128.90859,37.78753],[128.90838,37.78796],[128.90822,37.78805],[128.90779,37.7875],[128.90749,37.78833],[128.90451,37.78603],[128.89875,37.78474],[128.89873,37.7846],[128.89955,37.78229],[128.89897,37.7823],[128.89835,37.78223],[128.89758,37.782],[128.8968,37.7819],[128.89613,37.78165],[128.89588,37.78144],[128.89601,37.78073],[128.89622,37.78048],[128.89644,37.77983],[128.89629,37.77954],[128.8965,37.77905],[128.8968,37.77862],[128.89742,37.77867],[128.89765,37.77838],[128.89838,37.77824],[128.89859,37.77792],[128.89898,37.77761],[128.89914,37.77732],[128.89939,37.77725],[128.89984,37.77678],[128.89994,37.77654],[128.89978,37.77596],[128.89924,37.77578],[128.89905,37.77544],[128.89921,37.77521],[128.89922,37.77485],[128.89893,37.77459],[128.89894,37.77422],[128.89945,37.77362],[128.89979,37.77343],[128.89995,37.77302],[128.90021,37.77278],[128.90045,37.7721],[128.90048,37.77155],[128.90066,37.77095],[128.90144,37.77072],[128.90157,37.77057],[128.90168,37.77066],[128.90228,37.77049],[128.90301,37.77045],[128.90695,37.77061],[128.90741,37.77066],[128.90808,37.77082],[128.91013,37.77152],[128.91078,37.77188],[128.9106,37.77135],[128.91065,37.77021],[128.91149,37.77037],[128.91197,37.7704],[128.91364,37.77025],[128.91449,37.76997],[128.91533,37.76981],[128.91592,37.77007],[128.91616,37.77011],[128.91725,37.76935],[128.91728,37.76928],[128.91911,37.77014],[128.91774,37.77148],[128.91413,37.77512],[128.91624,37.77715],[128.91746,37.77839],[128.918,37.77918],[128.91975,37.78295],[128.91949,37.78295]]]},"properties":{"code":"32030580","name":"포남2동"}},{"type":"Feature","geometry":{"type":"Polygon","coordinates":[[[128.91557,37.79903],[128.9149,37.79885],[128.91347,37.79986],[128.9129,37.80016],[128.91324,37.79866],[128.91243,37.79859],[128.91228,37.79934],[128.91142,37.79954],[128.9094,37.80057],[128.90787,37.79877],[128.90775,37.79797],[128.90768,37.79643],[128.90759,37.79605],[128.90708,37.79516],[128.90729,37.79436],[128.90595,37.79263],[128.90474,37.79112],[128.90422,37.79057],[128.90459,37.79039],[128.90522,37.79112],[128.90608,37.79221],[128.90644,37.79123],[128.9066,37.79111],[128.90657,37.79086],[128.90681,37.79019],[128.9072,37.78995],[128.90703,37.78958],[128.90749,37.78833],[128.90779,37.7875],[128.90822,37.78805],[128.90838,37.78796],[128.90859,37.78753],[128.90903,37.78741],[128.90978,37.78679],[128.91013,37.78551],[128.91026,37.78557],[128.91079,37.78536],[128.91072,37.78504],[128.91096,37.78447],[128.91089,37.78401],[128.91104,37.78341],[128.9116,37.78263],[128.9119,37.78206],[128.91252,37.78166],[128.91247,37.78148],[128.9135,37.78074],[128.91398,37.78118],[128.91478,37.78123],[128.91541,37.78178],[128.91554,37.78174],[128.91592,37.78199],[128.91618,37.78228],[128.9164,37.78284],[128.91653,37.78282],[128.9179,37.78238],[128.91809,37.78239],[128.91842,37.78295],[128.91949,37.78295],[128.91997,37.78334],[128.92029,37.78372],[128.92031,37.78388],[128.92062,37.78411],[128.92223,37.7825],[128.92556,37.78461],[128.92731,37.78569],[128.92732,37.78642],[128.92683,37.78641],[128.92565,37.78654],[128.92568,37.78677],[128.92608,37.78722],[128.92642,37.78744],[128.92619,37.7876],[128.9274,37.7887],[128.92579,37.78986],[128.92479,37.79064],[128.92427,37.7911],[128.9233,37.79186],[128.92292,37.7922],[128.92212,37.79279],[128.92137,37.79354],[128.92076,37.79402],[128.92042,37.79443],[128.9202,37.79483],[128.91978,37.79476],[128.91843,37.7961],[128.91814,37.7963],[128.91793,37.7968],[128.91822,37.79684],[128.91837,37.797],[128.91795,37.7974],[128.91755,37.79733],[128.91712,37.79805],[128.91669,37.79804],[128.91651,37.79814],[128.91621,37.79862],[128.91586,37.79878],[128.91557,37.79903]]]},"properties":{"code":"32030590","name":"초당동"}},{"type":"Feature","geometry":{"type":"Polygon","coordinates":[[[128.95141,37.76738],[128.95138,37.76895],[128.95218,37.76909],[128.95269,37.76932],[128.95375,37.7693],[128.95445,37.76921],[128.95466,37.76926],[128.9554,37.77084],[128.95544,37.77113],[128.95531,37.77124],[128.95494,37.77123],[128.95491,37.77084],[128.95447,37.76985],[128.95335,37.76985],[128.95162,37.77118],[128.95201,37.7715],[128.95116,37.77213],[128.95195,37.77282],[128.9545,37.77283],[128.9566,37.77117],[128.95661,37.77088],[128.95706,37.77084],[128.95721,37.77096],[128.95714,37.77125],[128.95473,37.77317],[128.95464,37.7732],[128.9518,37.77315],[128.95119,37.7731],[128.951,37.77284],[128.9503,37.7722],[128.95015,37.77188],[128.94981,37.77187],[128.9491,37.77209],[128.94825,37.77258],[128.94643,37.77377],[128.94563,37.77447],[128.94474,37.77517],[128.94343,37.77611],[128.9421,37.77723],[128.94144,37.77762],[128.93991,37.77875],[128.93917,37.77924],[128.93875,37.77967],[128.93746,37.78078],[128.93634,37.78159],[128.93601,37.78179],[128.93437,37.78298],[128.93353,37.78376],[128.93254,37.78456],[128.93192,37.78498],[128.93067,37.786],[128.93018,37.7863],[128.92916,37.78718],[128.92854,37.78777],[128.9274,37.7887],[128.92619,37.7876],[128.92642,37.78744],[128.92608,37.78722],[128.92568,37.78677],[128.92565,37.78654],[128.92683,37.78641],[128.92732,37.78642],[128.92731,37.78569],[128.92556,37.78461],[128.92223,37.7825],[128.92062,37.78411],[128.92031,37.78388],[128.92029,37.78372],[128.91997,37.78334],[128.91949,37.78295],[128.91975,37.78295],[128.918,37.77918],[128.91746,37.77839],[128.91624,37.77715],[128.91413,37.77512],[128.91774,37.77148],[128.91911,37.77014],[128.91939,37.77029],[128.91971,37.76993],[128.92047,37.76885],[128.92028,37.76849],[128.91942,37.76762],[128.92097,37.76815],[128.92205,37.76923],[128.92236,37.76939],[128.92318,37.76921],[128.92594,37.77026],[128.9267,37.77054],[128.92735,37.7706],[128.92765,37.77074],[128.92804,37.77079],[128.92872,37.77065],[128.92925,37.77074],[128.92967,37.77052],[128.92987,37.77105],[128.93038,37.77105],[128.93246,37.77099],[128.93525,37.77068],[128.93579,37.77045],[128.93589,37.77032],[128.93703,37.7699],[128.93774,37.76971],[128.93817,37.77023],[128.94043,37.77077],[128.94274,37.77056],[128.94615,37.77001],[128.94917,37.76914],[128.94961,37.76889],[128.95002,37.7685],[128.95135,37.7669],[128.95141,37.76738]]]},"properties":{"code":"32030600","name":"송정동"}},{"type":"Feature","geometry":{"type":"Polygon","coordinates":[[[128.88354,37.72759],[128.88399,37.72779],[128.88491,37.728],[128.88535,37.7285],[128.8852,37.72899],[128.88562,37.72922],[128.88622,37.72933],[128.88676,37.72974],[128.88723,37.73037],[128.88737,37.73099],[128.88734,37.73163],[128.88742,37.73201],[128.8877,37.73251],[128.88836,37.73279],[128.88903,37.73326],[128.88942,37.73374],[128.88966,37.73424],[128.88971,37.73467],[128.88959,37.73521],[128.88909,37.73565],[128.88884,37.737],[128.88894,37.7378],[128.88874,37.73837],[128.88882,37.73898],[128.88938,37.73974],[128.88954,37.74047],[128.8895,37.74068],[128.88977,37.74113],[128.88979,37.74135],[128.89023,37.74168],[128.89118,37.74133],[128.89177,37.74124],[128.89221,37.74167],[128.89124,37.74203],[128.8915,37.74225],[128.89123,37.74262],[128.89137,37.74291],[128.8917,37.74292],[128.89222,37.74318],[128.89239,37.74371],[128.89296,37.74422],[128.89325,37.74422],[128.89323,37.7445],[128.89351,37.74482],[128.89327,37.74539],[128.89343,37.74589],[128.89315,37.74687],[128.89317,37.74834],[128.89374,37.74856],[128.89428,37.74868],[128.89533,37.74944],[128.89281,37.74939],[128.89151,37.74911],[128.89047,37.74867],[128.88919,37.74809],[128.88761,37.7477],[128.88586,37.74741],[128.88469,37.74724],[128.88385,37.74683],[128.88294,37.74655],[128.88147,37.74632],[128.88027,37.74581],[128.87942,37.74538],[128.87838,37.7452],[128.87731,37.74483],[128.87571,37.74408],[128.87445,37.74366],[128.87302,37.74322],[128.87084,37.74317],[128.86908,37.74326],[128.86794,37.74368],[128.86691,37.74421],[128.86583,37.74469],[128.86366,37.74534],[128.86048,37.74445],[128.86009,37.74475],[128.85969,37.74409],[128.85911,37.74373],[128.85878,37.7432],[128.85868,37.7418],[128.85873,37.74078],[128.85874,37.73941],[128.8586,37.73772],[128.85744,37.73599],[128.85678,37.73537],[128.85548,37.73451],[128.8562,37.73411],[128.85674,37.73392],[128.85713,37.73368],[128.85793,37.73345],[128.85896,37.7328],[128.8591,37.73252],[128.85906,37.73226],[128.85925,37.73138],[128.85924,37.73043],[128.85947,37.73012],[128.85972,37.73031],[128.86014,37.73001],[128.86102,37.72999],[128.86146,37.72976],[128.86177,37.72949],[128.86214,37.72934],[128.8632,37.72933],[128.86401,37.72947],[128.8642,37.72959],[128.86473,37.72961],[128.86532,37.72977],[128.86659,37.72995],[128.86707,37.73009],[128.86716,37.73032],[128.86704,37.73091],[128.86718,37.73127],[128.86784,37.73175],[128.86818,37.73209],[128.86821,37.73235],[128.86866,37.73269],[128.86928,37.73174],[128.86897,37.73102],[128.86907,37.73087],[128.86977,37.73053],[128.87102,37.73061],[128.87188,37.73038],[128.87224,37.73034],[128.87304,37.72975],[128.87339,37.72963],[128.87339,37.72947],[128.87405,37.72965],[128.87442,37.72962],[128.87473,37.72971],[128.87508,37.72958],[128.87521,37.72912],[128.87602,37.72826],[128.87692,37.72831],[128.87786,37.72861],[128.87811,37.72854],[128.87871,37.72812],[128.87905,37.72803],[128.87963,37.72769],[128.88,37.72764],[128.88159,37.72722],[128.88188,37.72712],[128.88353,37.72764],[128.88354,37.72759]]]},"properties":{"code":"32030610","name":"내곡동"}},{"type":"Feature","geometry":{"type":"Polygon","coordinates":[[[128.95179,37.74899],[128.95199,37.74924],[128.95164,37.74929],[128.9512,37.74952],[128.95108,37.74935],[128.95069,37.74941],[128.94909,37.75004],[128.94798,37.7496],[128.94723,37.74935],[128.94706,37.74977],[128.94663,37.75036],[128.9462,37.75071],[128.94593,37.75044],[128.94585,37.75001],[128.94485,37.74889],[128.94439,37.74845],[128.94354,37.74815],[128.94314,37.74786],[128.94311,37.74824],[128.94294,37.7486],[128.94303,37.749],[128.9429,37.74948],[128.94274,37.74962],[128.94264,37.75002],[128.94177,37.75127],[128.94182,37.75157],[128.94135,37.75355],[128.93905,37.75265],[128.93907,37.75248],[128.93835,37.75185],[128.93839,37.75055],[128.9383,37.75031],[128.9384,37.75002],[128.9382,37.74983],[128.93797,37.74939],[128.9378,37.74954],[128.93731,37.74917],[128.93731,37.74888],[128.93762,37.74849],[128.93767,37.74814],[128.93554,37.74751],[128.93528,37.74733],[128.93505,37.74736],[128.9342,37.74711],[128.93699,37.74452],[128.93674,37.74413],[128.93547,37.74327],[128.93452,37.74267],[128.93439,37.74237],[128.93414,37.74219],[128.93367,37.74209],[128.93319,37.74175],[128.93283,37.74133],[128.93244,37.74105],[128.93221,37.74103],[128.93187,37.7408],[128.93138,37.74005],[128.93044,37.73994],[128.93015,37.73979],[128.92222,37.74063],[128.92178,37.74081],[128.92045,37.74105],[128.9195,37.74153],[128.91892,37.74219],[128.91844,37.74239],[128.9177,37.74244],[128.91698,37.74243],[128.91671,37.74257],[128.9158,37.7434],[128.91524,37.74441],[128.91434,37.74473],[128.91404,37.74489],[128.91354,37.7453],[128.91289,37.74566],[128.91156,37.74618],[128.9102,37.74746],[128.90972,37.74778],[128.90901,37.74812],[128.90868,37.74821],[128.90812,37.74848],[128.90779,37.74895],[128.90781,37.74911],[128.90745,37.75015],[128.90724,37.75048],[128.90668,37.751],[128.90648,37.75149],[128.90619,37.75198],[128.90608,37.7523],[128.90572,37.75251],[128.90541,37.75283],[128.90509,37.75295],[128.90415,37.75406],[128.90277,37.75303],[128.90171,37.75219],[128.8996,37.75098],[128.89848,37.75025],[128.89695,37.7496],[128.89533,37.74944],[128.89428,37.74868],[128.89374,37.74856],[128.89317,37.74834],[128.89315,37.74687],[128.89343,37.74589],[128.89327,37.74539],[128.89351,37.74482],[128.89323,37.7445],[128.89325,37.74422],[128.89296,37.74422],[128.89239,37.74371],[128.89222,37.74318],[128.8917,37.74292],[128.89137,37.74291],[128.89123,37.74262],[128.8915,37.74225],[128.89124,37.74203],[128.89221,37.74167],[128.89177,37.74124],[128.89118,37.74133],[128.89023,37.74168],[128.88979,37.74135],[128.88977,37.74113],[128.8895,37.74068],[128.88954,37.74047],[128.88938,37.73974],[128.88882,37.73898],[128.88874,37.73837],[128.88894,37.7378],[128.88884,37.737],[128.88909,37.73565],[128.88959,37.73521],[128.88971,37.73467],[128.88966,37.73424],[128.88942,37.73374],[128.88903,37.73326],[128.88836,37.73279],[128.8877,37.73251],[128.88742,37.73201],[128.88734,37.73163],[128.88737,37.73099],[128.88723,37.73037],[128.88676,37.72974],[128.88622,37.72933],[128.88562,37.72922],[128.8852,37.72899],[128.88535,37.7285],[128.88491,37.728],[128.88399,37.72779],[128.88354,37.72759],[128.88356,37.7271],[128.8853,37.72721],[128.88675,37.72786],[128.88683,37.72767],[128.88663,37.7271],[128.88668,37.72694],[128.88767,37.72674],[128.88784,37.72652],[128.88833,37.72625],[128.88745,37.7256],[128.88729,37.72529],[128.88758,37.72491],[128.88781,37.72476],[128.88859,37.72507],[128.8888,37.72472],[128.88926,37.7242],[128.88956,37.72373],[128.88991,37.72351],[128.89024,37.72342],[128.8905,37.72283],[128.89094,37.72282],[128.89157,37.72268],[128.89184,37.72278],[128.89277,37.72259],[128.89292,37.72165],[128.8933,37.72178],[128.89363,37.72147],[128.89322,37.7212],[128.89317,37.72085],[128.89338,37.7206],[128.89416,37.72057],[128.89454,37.72025],[128.89505,37.72025],[128.89473,37.71999],[128.89479,37.71963],[128.89495,37.71941],[128.89514,37.71848],[128.89533,37.71844],[128.8961,37.71801],[128.89675,37.71744],[128.89676,37.71708],[128.89664,37.71675],[128.89664,37.71643],[128.8969,37.71637],[128.89742,37.71651],[128.89749,37.71666],[128.89822,37.71676],[128.89858,37.71669],[128.89868,37.7163],[128.89844,37.71584],[128.89831,37.71523],[128.89836,37.71485],[128.89851,37.71456],[128.89835,37.71433],[128.89818,37.71352],[128.89911,37.7133],[128.9003,37.71249],[128.90129,37.71191],[128.90188,37.71196],[128.90219,37.7121],[128.9027,37.7121],[128.90271,37.71243],[128.90307,37.71263],[128.90355,37.71247],[128.90402,37.71242],[128.90427,37.71253],[128.90491,37.71256],[128.90541,37.71235],[128.90648,37.71207],[128.90687,37.71183],[128.90805,37.71137],[128.90849,37.71138],[128.9085,37.71195],[128.90864,37.71233],[128.9091,37.71263],[128.90911,37.71296],[128.90929,37.71324],[128.9093,37.71351],[128.90958,37.71382],[128.90991,37.71396],[128.9098,37.71426],[128.91026,37.71546],[128.91077,37.71595],[128.9109,37.71643],[128.91145,37.71702],[128.91172,37.71706],[128.91221,37.71769],[128.91368,37.71775],[128.91383,37.71759],[128.91474,37.71736],[128.9151,37.71768],[128.91505,37.71807],[128.91523,37.71841],[128.91585,37.71846],[128.91618,37.71814],[128.91682,37.71805],[128.91711,37.7178],[128.91744,37.71798],[128.91758,37.71835],[128.9176,37.71881],[128.91774,37.7197],[128.91764,37.72021],[128.91781,37.72034],[128.91828,37.72095],[128.91829,37.72164],[128.91846,37.7218],[128.91925,37.72131],[128.91953,37.72077],[128.91987,37.72047],[128.92034,37.72046],[128.92066,37.7201],[128.92052,37.7198],[128.92086,37.71954],[128.92083,37.71936],[128.92144,37.71908],[128.9223,37.719],[128.92265,37.71903],[128.92292,37.71923],[128.92341,37.71936],[128.92402,37.71858],[128.92455,37.71813],[128.92529,37.71784],[128.92566,37.7173],[128.92599,37.71711],[128.92633,37.7171],[128.92662,37.71691],[128.92743,37.71679],[128.92789,37.71636],[128.92872,37.71568],[128.92972,37.7156],[128.93017,37.71571],[128.93003,37.71587],[128.93064,37.71627],[128.93065,37.71656],[128.93099,37.71668],[128.93177,37.71684],[128.93213,37.71719],[128.9328,37.71721],[128.93332,37.7169],[128.93396,37.71678],[128.93424,37.71724],[128.93429,37.71791],[128.93468,37.7183],[128.93499,37.71813],[128.93537,37.71811],[128.93642,37.71818],[128.93737,37.71848],[128.93793,37.71861],[128.93851,37.71895],[128.939,37.71922],[128.93959,37.71964],[128.93988,37.71997],[128.94011,37.72007],[128.94075,37.72067],[128.94076,37.72104],[128.9409,37.7214],[128.94089,37.72217],[128.94126,37.72265],[128.94157,37.72287],[128.94219,37.72313],[128.94207,37.72366],[128.94212,37.72396],[128.94185,37.72429],[128.94192,37.72463],[128.94218,37.7248],[128.94331,37.72494],[128.94425,37.72517],[128.94474,37.72535],[128.94481,37.72556],[128.94478,37.72622],[128.94541,37.72642],[128.94563,37.72637],[128.94593,37.72651],[128.94592,37.72686],[128.94604,37.72711],[128.94604,37.72764],[128.94622,37.72772],[128.94667,37.72832],[128.94713,37.72857],[128.94726,37.72908],[128.94744,37.7292],[128.9475,37.72952],[128.94773,37.72983],[128.94775,37.73022],[128.94751,37.73062],[128.94739,37.73101],[128.94712,37.73138],[128.94682,37.73216],[128.94675,37.73251],[128.9465,37.73291],[128.94622,37.73317],[128.94611,37.73342],[128.94551,37.7337],[128.94545,37.73402],[128.94523,37.73438],[128.94433,37.73537],[128.94396,37.7356],[128.94321,37.73588],[128.94273,37.73587],[128.94224,37.73571],[128.9414,37.73616],[128.9409,37.73628],[128.93974,37.73615],[128.93896,37.73628],[128.93929,37.73684],[128.93951,37.73697],[128.93987,37.73747],[128.94026,37.73782],[128.94043,37.73824],[128.94075,37.73847],[128.94128,37.73848],[128.94188,37.73865],[128.9428,37.73855],[128.94369,37.73872],[128.94328,37.73925],[128.94366,37.73964],[128.94435,37.73954],[128.94465,37.73944],[128.94529,37.73939],[128.94634,37.74007],[128.94656,37.74044],[128.94794,37.74126],[128.94831,37.74139],[128.94843,37.74199],[128.9483,37.74241],[128.94841,37.74286],[128.94838,37.74341],[128.94829,37.74368],[128.94844,37.74414],[128.94885,37.74463],[128.94875,37.74519],[128.9484,37.74603],[128.94912,37.74625],[128.94946,37.74665],[128.95017,37.74717],[128.95057,37.74734],[128.95093,37.7476],[128.95126,37.74843],[128.95179,37.74899]]]},"properties":{"code":"32030620","name":"강남동"}},{"type":"Feature","geometry":{"type":"Polygon","coordinates":[[[128.95141,37.76738],[128.95135,37.7669],[128.95002,37.7685],[128.94961,37.76889],[128.94917,37.76914],[128.94615,37.77001],[128.94274,37.77056],[128.94043,37.77077],[128.93817,37.77023],[128.93774,37.76971],[128.93703,37.7699],[128.93589,37.77032],[128.93579,37.77045],[128.93525,37.77068],[128.93246,37.77099],[128.93038,37.77105],[128.92987,37.77105],[128.92967,37.77052],[128.92925,37.77074],[128.92872,37.77065],[128.92804,37.77079],[128.92765,37.77074],[128.92735,37.7706],[128.9267,37.77054],[128.92594,37.77026],[128.92318,37.76921],[128.92236,37.76939],[128.92205,37.76923],[128.92097,37.76815],[128.91942,37.76762],[128.91883,37.76713],[128.91453,37.76586],[128.91342,37.76549],[128.91017,37.76198],[128.90998,37.7619],[128.90984,37.76159],[128.90966,37.76091],[128.9082,37.75814],[128.90768,37.75749],[128.90693,37.75657],[128.90617,37.7558],[128.90415,37.75406],[128.90509,37.75295],[128.90541,37.75283],[128.90572,37.75251],[128.90608,37.7523],[128.90619,37.75198],[128.90648,37.75149],[128.90668,37.751],[128.90724,37.75048],[128.90745,37.75015],[128.90781,37.74911],[128.90779,37.74895],[128.90812,37.74848],[128.90868,37.74821],[128.90901,37.74812],[128.90972,37.74778],[128.9102,37.74746],[128.91156,37.74618],[128.91289,37.74566],[128.91354,37.7453],[128.91404,37.74489],[128.91434,37.74473],[128.91524,37.74441],[128.9158,37.7434],[128.91671,37.74257],[128.91698,37.74243],[128.9177,37.74244],[128.91844,37.74239],[128.91892,37.74219],[128.9195,37.74153],[128.92045,37.74105],[128.92178,37.74081],[128.92222,37.74063],[128.93015,37.73979],[128.93044,37.73994],[128.93138,37.74005],[128.93187,37.7408],[128.93221,37.74103],[128.93244,37.74105],[128.93283,37.74133],[128.93319,37.74175],[128.93367,37.74209],[128.93414,37.74219],[128.93439,37.74237],[128.93452,37.74267],[128.93547,37.74327],[128.93674,37.74413],[128.93699,37.74452],[128.9342,37.74711],[128.93505,37.74736],[128.93528,37.74733],[128.93554,37.74751],[128.93767,37.74814],[128.93762,37.74849],[128.93731,37.74888],[128.93731,37.74917],[128.9378,37.74954],[128.93797,37.74939],[128.9382,37.74983],[128.9384,37.75002],[128.9383,37.75031],[128.93839,37.75055],[128.93835,37.75185],[128.93907,37.75248],[128.93905,37.75265],[128.94135,37.75355],[128.94182,37.75157],[128.94177,37.75127],[128.94264,37.75002],[128.94274,37.74962],[128.9429,37.74948],[128.94303,37.749],[128.94294,37.7486],[128.94311,37.74824],[128.94314,37.74786],[128.94354,37.74815],[128.94439,37.74845],[128.94485,37.74889],[128.94585,37.75001],[128.94593,37.75044],[128.9462,37.75071],[128.94663,37.75036],[128.94706,37.74977],[128.94723,37.74935],[128.94798,37.7496],[128.94909,37.75004],[128.95069,37.74941],[128.95108,37.74935],[128.9512,37.74952],[128.95164,37.74929],[128.95199,37.74924],[128.95179,37.74899],[128.95218,37.74934],[128.9524,37.74983],[128.95296,37.74979],[128.95341,37.74989],[128.95339,37.75036],[128.95346,37.75103],[128.95343,37.75165],[128.95335,37.75188],[128.95423,37.7517],[128.95495,37.75116],[128.95527,37.75103],[128.95597,37.75098],[128.9573,37.75074],[128.95755,37.75061],[128.9583,37.75038],[128.95882,37.75056],[128.95916,37.75097],[128.95938,37.75103],[128.95948,37.75127],[128.9601,37.75165],[128.96095,37.75209],[128.96119,37.7524],[128.9618,37.7524],[128.96336,37.75259],[128.96459,37.75282],[128.96591,37.75305],[128.96759,37.75325],[128.97007,37.75246],[128.97039,37.7523],[128.96907,37.7531],[128.9684,37.75384],[128.96671,37.75528],[128.96627,37.75571],[128.96566,37.75607],[128.96492,37.75683],[128.96476,37.7572],[128.96485,37.75744],[128.96509,37.75745],[128.96529,37.75764],[128.96501,37.75782],[128.96463,37.75752],[128.96404,37.75756],[128.96384,37.75766],[128.96314,37.75823],[128.9629,37.75878],[128.96251,37.75862],[128.96226,37.75896],[128.9613,37.75967],[128.96097,37.75975],[128.96013,37.76027],[128.95922,37.76119],[128.95886,37.76151],[128.95837,37.76176],[128.95826,37.76192],[128.95655,37.76335],[128.95623,37.76375],[128.95521,37.76461],[128.95432,37.76562],[128.95403,37.76675],[128.95402,37.76703],[128.95508,37.76704],[128.9548,37.76727],[128.95426,37.76736],[128.95291,37.76734],[128.95141,37.76738]]]},"properties":{"code":"32030650","name":"성덕동"}},{"type":"Feature","geometry":{"type":"MultiPolygon","coordinates":[[[[128.91277,37.81039],[128.91239,37.81038],[128.91229,37.80992],[128.91257,37.80975],[128.91317,37.80988],[128.91306,37.81015],[128.91272,37.81008],[128.91277,37.81039]]],[[[128.91557,37.79903],[128.91494,37.79947],[128.91466,37.79974],[128.91433,37.79992],[128.91363,37.80061],[128.91336,37.801],[128.91249,37.80184],[128.91218,37.80229],[128.91144,37.80288],[128.91118,37.80302],[128.91058,37.80355],[128.91019,37.80397],[128.90947,37.80489],[128.90922,37.80527],[128.90884,37.80566],[128.90784,37.80642],[128.90724,37.8068],[128.90636,37.80725],[128.90546,37.80782],[128.90518,37.80807],[128.90426,37.80861],[128.90283,37.80954],[128.90203,37.81023],[128.90113,37.81093],[128.90016,37.81181],[128.89966,37.81217],[128.89954,37.81236],[128.89981,37.81263],[128.89967,37.81291],[128.89931,37.81282],[128.89856,37.81323],[128.89824,37.81357],[128.89808,37.81414],[128.89726,37.81422],[128.89661,37.81461],[128.89624,37.81503],[128.89479,37.81613],[128.89361,37.81722],[128.89233,37.81836],[128.89198,37.81864],[128.89172,37.81895],[128.89127,37.81914],[128.89086,37.81856],[128.89072,37.8182],[128.89034,37.81796],[128.89007,37.8175],[128.88893,37.81683],[128.88832,37.81643],[128.8883,37.81576],[128.88761,37.81522],[128.88732,37.81475],[128.88723,37.81445],[128.88735,37.81376],[128.88728,37.81352],[128.88681,37.81282],[128.88651,37.81251],[128.88621,37.81238],[128.88544,37.81257],[128.88441,37.81306],[128.88398,37.81314],[128.88372,37.81306],[128.88309,37.81242],[128.8824,37.81211],[128.88122,37.8121],[128.87992,37.81244],[128.87854,37.81192],[128.87853,37.81183],[128.87961,37.81138],[128.87927,37.81079],[128.87884,37.81043],[128.87851,37.8105],[128.87776,37.81022],[128.87751,37.80955],[128.87723,37.80934],[128.87681,37.80829],[128.87605,37.80799],[128.87594,37.80749],[128.87527,37.80672],[128.87549,37.80626],[128.87556,37.80591],[128.87506,37.80575],[128.87462,37.80535],[128.87425,37.80442],[128.87369,37.80418],[128.87307,37.80448],[128.87241,37.80454],[128.87194,37.80396],[128.87094,37.80397],[128.87035,37.80457],[128.86913,37.80489],[128.86828,37.80497],[128.86756,37.80565],[128.86752,37.8061],[128.867,37.80614],[128.86633,37.80566],[128.86621,37.80571],[128.86564,37.80551],[128.86507,37.80498],[128.86472,37.80445],[128.86438,37.80449],[128.86342,37.80439],[128.86276,37.80371],[128.86203,37.80375],[128.86193,37.80304],[128.86169,37.80286],[128.86097,37.80279],[128.8606,37.80305],[128.86027,37.80346],[128.86003,37.80424],[128.85998,37.80488],[128.86002,37.80522],[128.85985,37.80567],[128.85958,37.80592],[128.8597,37.80634],[128.85913,37.80618],[128.85825,37.80656],[128.85734,37.80611],[128.85729,37.80577],[128.85691,37.80549],[128.85629,37.80545],[128.85601,37.80522],[128.85607,37.80459],[128.85573,37.80416],[128.8553,37.80399],[128.85281,37.80354],[128.85245,37.80344],[128.85203,37.80315],[128.85151,37.80255],[128.85135,37.8026],[128.85105,37.80204],[128.85043,37.80188],[128.85012,37.80191],[128.84929,37.80216],[128.84834,37.80204],[128.84801,37.80127],[128.84784,37.80102],[128.84749,37.80091],[128.8468,37.80095],[128.84613,37.80081],[128.84576,37.80092],[128.84515,37.80079],[128.84498,37.80046],[128.84444,37.80029],[128.84428,37.79991],[128.84386,37.79955],[128.84395,37.79885],[128.84376,37.79851],[128.84347,37.7984],[128.84304,37.79795],[128.84319,37.7969],[128.84302,37.79662],[128.84291,37.79621],[128.84291,37.79588],[128.84229,37.79551],[128.8422,37.79534],[128.84154,37.79485],[128.84079,37.79449],[128.84066,37.79432],[128.83978,37.79414],[128.83984,37.79379],[128.8393,37.79355],[128.83921,37.79319],[128.83946,37.7927],[128.83997,37.79233],[128.83991,37.7919],[128.84008,37.79139],[128.84006,37.79102],[128.84055,37.79043],[128.83999,37.78995],[128.84017,37.78947],[128.84018,37.78922],[128.83968,37.78893],[128.8395,37.78828],[128.83967,37.78795],[128.83947,37.78777],[128.83876,37.78742],[128.83924,37.78668],[128.83938,37.7866],[128.83952,37.78621],[128.83987,37.78592],[128.83994,37.78546],[128.84011,37.78521],[128.83999,37.7849],[128.83998,37.78421],[128.84005,37.78359],[128.84049,37.78316],[128.8404,37.78304],[128.8408,37.78209],[128.84024,37.7817],[128.84002,37.78141],[128.84027,37.78064],[128.84073,37.78052],[128.8408,37.77977],[128.84142,37.77964],[128.84164,37.7794],[128.84205,37.77936],[128.8432,37.77976],[128.8436,37.77905],[128.84391,37.77871],[128.84376,37.7778],[128.84384,37.77737],[128.84406,37.77675],[128.8439,37.77626],[128.84415,37.77572],[128.84389,37.77527],[128.84396,37.7749],[128.84448,37.77447],[128.8447,37.77387],[128.84539,37.77357],[128.84576,37.77375],[128.84666,37.773],[128.84708,37.77298],[128.84752,37.77328],[128.84772,37.77291],[128.84807,37.77257],[128.84797,37.77222],[128.84802,37.77179],[128.8483,37.77139],[128.84849,37.77143],[128.84866,37.77114],[128.84859,37.77067],[128.84836,37.77035],[128.84837,37.76904],[128.84861,37.76873],[128.84845,37.76825],[128.84891,37.76795],[128.84913,37.76791],[128.84951,37.76765],[128.84993,37.76703],[128.84988,37.76586],[128.85066,37.76543],[128.85068,37.76519],[128.85052,37.76482],[128.85053,37.76443],[128.8509,37.76379],[128.85155,37.76327],[128.85182,37.76322],[128.85223,37.76329],[128.85248,37.76269],[128.8529,37.76251],[128.85337,37.76222],[128.85383,37.7618],[128.85404,37.76104],[128.85521,37.76076],[128.85562,37.76053],[128.85607,37.76036],[128.85622,37.76014],[128.85684,37.75999],[128.85707,37.75969],[128.8581,37.75935],[128.85851,37.75902],[128.85886,37.75885],[128.85925,37.75845],[128.85997,37.75865],[128.8602,37.75882],[128.86094,37.75873],[128.86129,37.75851],[128.86172,37.75845],[128.86226,37.75857],[128.86319,37.75822],[128.86408,37.7581],[128.86462,37.75823],[128.8652,37.75805],[128.86604,37.75818],[128.86609,37.758],[128.86761,37.75804],[128.87054,37.75808],[128.87053,37.75823],[128.87178,37.75826],[128.87254,37.75832],[128.87269,37.75844],[128.87257,37.75873],[128.87222,37.7595],[128.87213,37.75992],[128.87253,37.76055],[128.87258,37.76081],[128.87237,37.7611],[128.87231,37.76175],[128.87239,37.76199],[128.87227,37.76222],[128.87244,37.76273],[128.87255,37.76337],[128.87277,37.76378],[128.87294,37.76387],[128.87311,37.7644],[128.87332,37.76471],[128.87363,37.76491],[128.87372,37.76534],[128.87406,37.76556],[128.87447,37.76614],[128.87449,37.76651],[128.87481,37.76687],[128.87485,37.7674],[128.87502,37.7676],[128.87501,37.76799],[128.87518,37.76825],[128.87515,37.76864],[128.87535,37.76932],[128.87522,37.7697],[128.87546,37.77005],[128.87535,37.77081],[128.87554,37.77116],[128.87555,37.77181],[128.87631,37.77178],[128.87693,37.77168],[128.87965,37.77148],[128.88068,37.77289],[128.88181,37.77345],[128.88354,37.77412],[128.88365,37.7744],[128.88406,37.77474],[128.8848,37.77625],[128.88495,37.7772],[128.88494,37.77758],[128.88519,37.77793],[128.88535,37.77809],[128.88555,37.77863],[128.88581,37.77891],[128.88632,37.77927],[128.8867,37.77963],[128.88699,37.78044],[128.8887,37.78148],[128.88908,37.78203],[128.88944,37.78197],[128.88988,37.78303],[128.89048,37.78347],[128.89104,37.78366],[128.89216,37.78414],[128.89304,37.78324],[128.89369,37.78139],[128.89406,37.78131],[128.89476,37.78092],[128.89491,37.78064],[128.89515,37.7805],[128.89601,37.78073],[128.89588,37.78144],[128.89613,37.78165],[128.8968,37.7819],[128.89758,37.782],[128.89835,37.78223],[128.89897,37.7823],[128.89955,37.78229],[128.89873,37.7846],[128.89875,37.78474],[128.90451,37.78603],[128.90749,37.78833],[128.90703,37.78958],[128.9072,37.78995],[128.90681,37.79019],[128.90657,37.79086],[128.9066,37.79111],[128.90644,37.79123],[128.90608,37.79221],[128.90522,37.79112],[128.90459,37.79039],[128.90422,37.79057],[128.90474,37.79112],[128.90595,37.79263],[128.90729,37.79436],[128.90708,37.79516],[128.90759,37.79605],[128.90768,37.79643],[128.90775,37.79797],[128.90787,37.79877],[128.9094,37.80057],[128.91142,37.79954],[128.91228,37.79934],[128.91243,37.79859],[128.91324,37.79866],[128.9129,37.80016],[128.91347,37.79986],[128.9149,37.79885],[128.91557,37.79903]]]]},"properties":{"code":"32030670","name":"경포동"}}],"profileId":"gangwon","schemaVersion":2,"dataVersion":"gangwon-2022-563a6bb6162048a7"}
