{"type":"FeatureCollection","features":[{"type":"Feature","geometry":{"type":"Polygon","coordinates":[[[129.10299,37.29511],[129.1021,37.29488],[129.10172,37.29452],[129.10049,37.29391],[129.09864,37.2939],[129.0976,37.29424],[129.09666,37.29437],[129.09507,37.29439],[129.09307,37.29453],[129.09258,37.29454],[129.09179,37.29473],[129.09125,37.29493],[129.09036,37.29501],[129.09009,37.29513],[129.08972,37.29502],[129.08878,37.29511],[129.08817,37.29529],[129.08735,37.29571],[129.08589,37.29462],[129.08487,37.29437],[129.08387,37.29426],[129.08251,37.29429],[129.08132,37.29426],[129.08078,37.29435],[129.0793,37.29388],[129.07856,37.29378],[129.07669,37.29376],[129.0757,37.29324],[129.07526,37.29318],[129.07488,37.29329],[129.07353,37.2933],[129.07307,37.2934],[129.07176,37.29339],[129.07185,37.2935],[129.07153,37.29399],[129.0715,37.29443],[129.0722,37.29527],[129.07208,37.29557],[129.07102,37.29597],[129.07087,37.29638],[129.07054,37.29668],[129.06985,37.29744],[129.06927,37.29847],[129.06866,37.29882],[129.06769,37.2991],[129.06704,37.29954],[129.06668,37.29957],[129.06593,37.30015],[129.06568,37.30047],[129.06485,37.30068],[129.0642,37.30076],[129.06381,37.30102],[129.06368,37.30127],[129.06318,37.30159],[129.06308,37.30213],[129.06269,37.30253],[129.06237,37.30338],[129.0623,37.30408],[129.0625,37.30423],[129.06358,37.30474],[129.0635,37.30494],[129.06356,37.30555],[129.06426,37.30613],[129.06431,37.30666],[129.06479,37.30695],[129.06499,37.30719],[129.06488,37.30758],[129.06498,37.30784],[129.06542,37.3086],[129.06581,37.30863],[129.06651,37.30913],[129.06694,37.30923],[129.06739,37.30919],[129.0678,37.30952],[129.06813,37.3096],[129.0687,37.31019],[129.06864,37.31036],[129.06903,37.31088],[129.06936,37.31199],[129.06905,37.31235],[129.06895,37.31342],[129.06907,37.31414],[129.06881,37.3147],[129.06696,37.315],[129.06643,37.31495],[129.06463,37.31556],[129.06409,37.31585],[129.06355,37.31605],[129.06111,37.31592],[129.05951,37.3163],[129.05916,37.3159],[129.05773,37.31534],[129.05717,37.31448],[129.05569,37.31503],[129.05482,37.31511],[129.053,37.31379],[129.04973,37.31359],[129.0485,37.31253],[129.04663,37.31146],[129.04641,37.31119],[129.04621,37.31033],[129.04587,37.30975],[129.04488,37.30883],[129.045,37.30768],[129.04536,37.30715],[129.04407,37.30652],[129.04355,37.30612],[129.04262,37.306],[129.04182,37.30562],[129.04074,37.30503],[129.04009,37.30415],[129.03971,37.30417],[129.03857,37.3033],[129.03655,37.30236],[129.03624,37.30189],[129.03486,37.30119],[129.03346,37.30037],[129.03115,37.30065],[129.03017,37.30049],[129.02933,37.30062],[129.02855,37.30109],[129.02713,37.30098],[129.026,37.30107],[129.02392,37.30171],[129.02288,37.30245],[129.02253,37.30292],[129.02185,37.30323],[129.01938,37.30335],[129.01843,37.30351],[129.01807,37.30321],[129.01605,37.30083],[129.01375,37.29989],[129.01263,37.29885],[129.01187,37.29786],[129.0119,37.29752],[129.01099,37.29648],[129.01011,37.29581],[129.00874,37.29516],[129.00822,37.29509],[129.00728,37.29364],[129.00622,37.29291],[129.00609,37.29237],[129.00561,37.29215],[129.00535,37.29082],[129.00534,37.2901],[129.00459,37.28933],[129.00385,37.28837],[129.00505,37.28697],[129.00576,37.28652],[129.00592,37.28535],[129.00644,37.28435],[129.00667,37.28345],[129.00603,37.28281],[129.00705,37.28257],[129.00763,37.28239],[129.00864,37.28224],[129.00927,37.2823],[129.00932,37.2819],[129.00962,37.28138],[129.0101,37.28114],[129.01052,37.2805],[129.01123,37.27993],[129.01202,37.27937],[129.01319,37.2789],[129.01416,37.27869],[129.01327,37.27781],[129.01325,37.27734],[129.01345,37.27653],[129.01407,37.27521],[129.01438,37.27486],[129.01495,37.27468],[129.01513,37.27418],[129.01347,37.27347],[129.01268,37.27273],[129.01217,37.27255],[129.0112,37.27169],[129.01113,37.27147],[129.01105,37.27063],[129.01088,37.2704],[129.01026,37.26996],[129.00888,37.27019],[129.00795,37.27041],[129.00799,37.26939],[129.00745,37.26865],[129.00708,37.26722],[129.00649,37.26684],[129.00623,37.26618],[129.00597,37.26525],[129.0056,37.26425],[129.00511,37.26374],[129.00608,37.26332],[129.00659,37.26262],[129.00809,37.26115],[129.00832,37.26076],[129.00993,37.25956],[129.01029,37.25843],[129.01048,37.25679],[129.01045,37.25548],[129.0103,37.25517],[129.01008,37.25509],[129.00937,37.2556],[129.00897,37.25595],[129.00891,37.25631],[129.00874,37.25662],[129.00819,37.2567],[129.00792,37.25599],[129.00761,37.25588],[129.00729,37.25596],[129.00702,37.25561],[129.00704,37.25537],[129.00746,37.25506],[129.00775,37.25443],[129.00798,37.25351],[129.00764,37.25314],[129.0075,37.25261],[129.00747,37.25226],[129.00722,37.25201],[129.00706,37.25093],[129.0065,37.25059],[129.00603,37.25072],[129.00452,37.25073],[129.00311,37.25097],[129.00162,37.25056],[129.00155,37.2495],[129.00249,37.24906],[129.00164,37.24839],[129.00081,37.2475],[129.00089,37.24723],[129.00053,37.24713],[129.00081,37.24668],[129.00101,37.24683],[129.00109,37.24623],[129.00077,37.24576],[129.0011,37.24546],[129.00131,37.24507],[129.00181,37.24474],[129.00177,37.24466],[129.00001,37.24419],[128.99972,37.24356],[128.99851,37.24316],[128.99677,37.24337],[128.99545,37.24462],[128.99395,37.24462],[128.99287,37.24416],[128.99065,37.24263],[128.98995,37.24128],[128.98997,37.24079],[128.99078,37.24048],[128.99104,37.2396],[128.99203,37.23898],[128.99219,37.23868],[128.99217,37.23698],[128.99275,37.23574],[128.99319,37.23526],[128.99395,37.23533],[128.99475,37.23532],[128.99568,37.23524],[128.99616,37.23537],[128.99645,37.23525],[128.9967,37.2348],[128.99698,37.2345],[128.99771,37.23455],[128.99912,37.23531],[128.99955,37.23539],[128.99979,37.23554],[129.00067,37.23575],[129.00082,37.23564],[129.00137,37.23563],[129.00163,37.23515],[129.0021,37.2351],[129.00346,37.23522],[129.00372,37.23517],[129.00425,37.23527],[129.00499,37.23511],[129.00556,37.23466],[129.00586,37.23424],[129.00674,37.23374],[129.00743,37.23351],[129.00792,37.23264],[129.00737,37.23251],[129.00711,37.23228],[129.00663,37.23202],[129.00648,37.23182],[129.00614,37.23169],[129.00553,37.23131],[129.00545,37.23075],[129.00667,37.23058],[129.00763,37.23002],[129.0081,37.22913],[129.00732,37.22798],[129.00654,37.22749],[129.00603,37.22762],[129.00455,37.22709],[129.00446,37.22677],[129.00473,37.22628],[129.00504,37.22598],[129.00547,37.22577],[129.00587,37.22543],[129.00597,37.22514],[129.00664,37.22461],[129.00752,37.22431],[129.0076,37.22415],[129.0082,37.22408],[129.00852,37.22389],[129.00821,37.22369],[129.00846,37.22309],[129.00913,37.22243],[129.00998,37.22182],[129.01049,37.22082],[129.0087,37.22085],[129.0077,37.22042],[129.00641,37.22029],[129.00592,37.21997],[129.00482,37.21969],[129.00373,37.21967],[129.0023,37.21909],[129.00128,37.21842],[128.99998,37.21792],[129.00014,37.21763],[129.00098,37.21631],[129.00118,37.21503],[129.00034,37.21388],[129.00039,37.2135],[128.99999,37.2128],[128.9999,37.21191],[129.00027,37.21074],[128.99992,37.2094],[129.00017,37.20892],[128.99974,37.20846],[128.99876,37.20781],[128.99888,37.20777],[128.99956,37.20751],[129.00009,37.20713],[129.00052,37.20669],[129.00134,37.20591],[129.00117,37.20467],[129.00132,37.20331],[129.00075,37.20282],[129.00214,37.20249],[129.00298,37.20173],[129.00429,37.20118],[129.00514,37.20132],[129.0059,37.20054],[129.00651,37.20094],[129.00713,37.20097],[129.00718,37.2005],[129.00749,37.19925],[129.00901,37.19851],[129.00804,37.19661],[129.00814,37.19559],[129.00703,37.19459],[129.00775,37.19429],[129.00827,37.19375],[129.00855,37.19305],[129.00896,37.19152],[129.00923,37.19091],[129.00998,37.19032],[129.01026,37.18977],[129.01012,37.18912],[129.0108,37.18841],[129.01134,37.18653],[129.01227,37.18548],[129.01331,37.18491],[129.01544,37.18447],[129.01629,37.18248],[129.01655,37.18142],[129.0185,37.1805],[129.01927,37.18029],[129.01995,37.18021],[129.02125,37.17962],[129.0216,37.1793],[129.02196,37.17875],[129.02314,37.1788],[129.02433,37.17796],[129.02517,37.17783],[129.0257,37.17751],[129.02596,37.17719],[129.026,37.17651],[129.02667,37.17615],[129.02722,37.17498],[129.02846,37.17478],[129.02896,37.1746],[129.0304,37.17452],[129.03103,37.17485],[129.03195,37.17512],[129.03277,37.17576],[129.03414,37.17509],[129.03451,37.1755],[129.03557,37.17544],[129.03592,37.17575],[129.03655,37.17589],[129.03686,37.17572],[129.03846,37.17465],[129.04039,37.17474],[129.04113,37.17425],[129.04164,37.17382],[129.04165,37.17351],[129.0425,37.1729],[129.04364,37.17254],[129.04506,37.17171],[129.04671,37.17215],[129.04776,37.17264],[129.04819,37.17267],[129.04858,37.17247],[129.04908,37.1719],[129.04937,37.17168],[129.04956,37.1712],[129.05023,37.17072],[129.05065,37.17031],[129.05128,37.16994],[129.05198,37.17006],[129.05229,37.17031],[129.05333,37.1703],[129.05395,37.17068],[129.05486,37.17065],[129.05631,37.17088],[129.05691,37.17092],[129.05755,37.17106],[129.05789,37.171],[129.05841,37.17131],[129.0591,37.17089],[129.05945,37.1709],[129.06021,37.1707],[129.06126,37.17104],[129.06163,37.17111],[129.06228,37.17079],[129.06376,37.17063],[129.06449,37.17061],[129.06494,37.17028],[129.06539,37.17033],[129.06599,37.17013],[129.06658,37.17013],[129.06746,37.16957],[129.06817,37.16949],[129.06864,37.16962],[129.07183,37.16992],[129.07229,37.16965],[129.07282,37.16907],[129.0728,37.1684],[129.07371,37.16776],[129.07375,37.16721],[129.07427,37.16658],[129.07453,37.16596],[129.07466,37.16473],[129.07425,37.16349],[129.07407,37.16185],[129.07295,37.16107],[129.07192,37.16019],[129.07406,37.15972],[129.07548,37.15989],[129.07614,37.1602],[129.07956,37.15984],[129.08194,37.15987],[129.0826,37.1603],[129.08475,37.16035],[129.08496,37.16002],[129.08574,37.15955],[129.08619,37.1595],[129.08665,37.15968],[129.0877,37.16053],[129.0881,37.16111],[129.08881,37.16175],[129.08911,37.16216],[129.08874,37.16272],[129.08902,37.16364],[129.0889,37.16424],[129.08898,37.16455],[129.09077,37.16525],[129.09134,37.16559],[129.09282,37.16661],[129.09334,37.16637],[129.09382,37.16641],[129.09468,37.16622],[129.0951,37.16642],[129.09518,37.16689],[129.09563,37.1674],[129.09553,37.16838],[129.0967,37.16891],[129.09674,37.16912],[129.09735,37.16941],[129.09733,37.16956],[129.09889,37.17039],[129.09909,37.17107],[129.09997,37.17162],[129.10049,37.17162],[129.10106,37.17179],[129.10201,37.17183],[129.10236,37.17165],[129.10333,37.17176],[129.10386,37.1719],[129.10455,37.17154],[129.10457,37.17118],[129.10509,37.17068],[129.10558,37.17039],[129.10699,37.17036],[129.1077,37.16998],[129.10849,37.16985],[129.10918,37.16988],[129.10966,37.17034],[129.11186,37.17035],[129.11279,37.17129],[129.11436,37.17191],[129.11491,37.1718],[129.11577,37.17181],[129.11638,37.17144],[129.11713,37.17173],[129.11776,37.17175],[129.11905,37.1725],[129.11948,37.17238],[129.12094,37.17231],[129.12262,37.17337],[129.12529,37.17467],[129.1265,37.17435],[129.12773,37.17372],[129.12823,37.17335],[129.12909,37.17307],[129.12997,37.17257],[129.13107,37.17219],[129.13126,37.1727],[129.13152,37.17309],[129.13199,37.17333],[129.13233,37.17314],[129.13312,37.17306],[129.13367,37.17364],[129.13368,37.17386],[129.13405,37.17427],[129.13582,37.17433],[129.13761,37.17552],[129.13828,37.17559],[129.1398,37.17544],[129.14125,37.1754],[129.14189,37.17526],[129.1426,37.17543],[129.14365,37.17584],[129.14384,37.17618],[129.14481,37.17649],[129.14504,37.17644],[129.14544,37.17662],[129.14591,37.17664],[129.14674,37.17706],[129.14938,37.17586],[129.14969,37.17525],[129.15007,37.17476],[129.15035,37.17451],[129.15145,37.17402],[129.15194,37.17404],[129.1529,37.17491],[129.15312,37.17516],[129.15324,37.17577],[129.15353,37.1762],[129.15351,37.17656],[129.15392,37.17731],[129.15493,37.17823],[129.15559,37.1792],[129.15562,37.17982],[129.1562,37.18024],[129.15729,37.18032],[129.15745,37.18081],[129.15819,37.18097],[129.15921,37.18163],[129.15924,37.18201],[129.15985,37.18254],[129.16024,37.18344],[129.16018,37.18374],[129.16057,37.18394],[129.16173,37.18406],[129.16247,37.18406],[129.16381,37.18467],[129.16486,37.1847],[129.16534,37.18591],[129.16558,37.18627],[129.16549,37.18663],[129.1665,37.18688],[129.16708,37.18746],[129.16732,37.18805],[129.16763,37.18827],[129.16824,37.19028],[129.1686,37.19075],[129.16849,37.19131],[129.16806,37.19177],[129.16773,37.1919],[129.16743,37.19219],[129.16728,37.19275],[129.16791,37.19397],[129.16803,37.1947],[129.1674,37.19603],[129.16709,37.19724],[129.16752,37.19871],[129.16835,37.19978],[129.16812,37.20034],[129.16917,37.20219],[129.16908,37.20313],[129.16847,37.20301],[129.16649,37.20345],[129.16509,37.20431],[129.16549,37.20599],[129.16613,37.20652],[129.16621,37.20708],[129.16564,37.20838],[129.16418,37.20849],[129.16319,37.20832],[129.16203,37.20843],[129.16095,37.20805],[129.1591,37.20866],[129.15832,37.20864],[129.15647,37.20923],[129.15586,37.20977],[129.15529,37.20959],[129.15322,37.21021],[129.1529,37.21065],[129.152,37.21124],[129.15152,37.2114],[129.15129,37.21165],[129.15125,37.21245],[129.15089,37.21279],[129.15059,37.2142],[129.15051,37.21446],[129.14982,37.21542],[129.1501,37.2165],[129.14928,37.21814],[129.1494,37.21837],[129.14901,37.21874],[129.14841,37.22051],[129.14703,37.22161],[129.14602,37.22255],[129.14602,37.22281],[129.14547,37.22315],[129.14521,37.22363],[129.14432,37.2241],[129.14423,37.22579],[129.14385,37.22629],[129.14325,37.22688],[129.14319,37.22808],[129.14221,37.22876],[129.14031,37.2287],[129.13852,37.2294],[129.1371,37.22916],[129.13645,37.22927],[129.1358,37.22908],[129.1348,37.22779],[129.13413,37.22768],[129.13313,37.22715],[129.13291,37.22716],[129.13238,37.22699],[129.13142,37.22595],[129.13136,37.22549],[129.12999,37.22674],[129.128,37.22784],[129.12644,37.22849],[129.12465,37.22848],[129.12347,37.22828],[129.12288,37.22971],[129.1217,37.23148],[129.12108,37.23282],[129.12078,37.23396],[129.12003,37.23471],[129.11945,37.23541],[129.11903,37.23629],[129.11902,37.23736],[129.11924,37.23793],[129.11888,37.2395],[129.11956,37.24077],[129.11994,37.24226],[129.122,37.24249],[129.12371,37.24461],[129.12532,37.24693],[129.12751,37.24788],[129.12801,37.24836],[129.12798,37.24876],[129.12837,37.2492],[129.1284,37.24951],[129.12931,37.25126],[129.12961,37.25278],[129.12953,37.25465],[129.13003,37.2559],[129.13031,37.2563],[129.13009,37.25664],[129.1297,37.25816],[129.12879,37.25919],[129.12632,37.26066],[129.12414,37.26066],[129.12262,37.26007],[129.12143,37.26031],[129.12009,37.26142],[129.11883,37.26208],[129.11787,37.26351],[129.11722,37.26395],[129.11583,37.26621],[129.11581,37.26725],[129.11394,37.26946],[129.11253,37.26958],[129.11152,37.27083],[129.11131,37.27286],[129.11151,37.27448],[129.10994,37.27679],[129.1084,37.27789],[129.10794,37.28057],[129.10931,37.28156],[129.1091,37.28323],[129.10888,37.28347],[129.10844,37.28366],[129.10765,37.28385],[129.10663,37.28449],[129.10621,37.28537],[129.1056,37.28545],[129.10507,37.28618],[129.10544,37.28807],[129.10446,37.28958],[129.10454,37.29014],[129.10431,37.29199],[129.1032,37.29326],[129.10272,37.29417],[129.10299,37.29511]]]},"properties":{"code":"32070110","name":"도계읍"}},{"type":"Feature","geometry":{"type":"MultiPolygon","coordinates":[[[[129.36567,37.16516],[129.36565,37.17056],[129.35787,37.1794],[129.3577,37.17931],[129.36545,37.17051],[129.36547,37.16516],[129.36567,37.16516]]],[[[129.34109,37.25524],[129.34058,37.25522],[129.34059,37.2551],[129.34117,37.25506],[129.34109,37.25524]]],[[[129.33674,37.25769],[129.33664,37.25783],[129.33626,37.2579],[129.33588,37.25748],[129.33644,37.2574],[129.33674,37.25769]]],[[[129.33452,37.26057],[129.3339,37.26043],[129.33429,37.26027],[129.33452,37.26057]]],[[[129.33307,37.26063],[129.33338,37.2609],[129.33315,37.26114],[129.3328,37.26066],[129.33307,37.26063]]],[[[129.33269,37.26078],[129.33297,37.2611],[129.33287,37.26143],[129.33256,37.26096],[129.33269,37.26078]]],[[[129.3634,37.146],[129.36394,37.14624],[129.36361,37.14672],[129.36356,37.14751],[129.36396,37.14782],[129.36397,37.14797],[129.36359,37.14828],[129.36291,37.14848],[129.36234,37.14902],[129.36215,37.14965],[129.36169,37.15012],[129.36164,37.1508],[129.36138,37.15074],[129.36081,37.15161],[129.36081,37.15189],[129.36049,37.15204],[129.36063,37.15231],[129.36069,37.15281],[129.36122,37.15301],[129.36147,37.15297],[129.36157,37.15324],[129.36125,37.15324],[129.36061,37.15301],[129.36042,37.15307],[129.36028,37.15345],[129.35975,37.15385],[129.35952,37.15391],[129.35944,37.15421],[129.35955,37.15467],[129.36032,37.15464],[129.36032,37.15487],[129.35913,37.15495],[129.35911,37.15533],[129.35882,37.15559],[129.3588,37.15622],[129.35868,37.15649],[129.35868,37.15704],[129.35857,37.15745],[129.35836,37.15768],[129.35777,37.15793],[129.35713,37.15845],[129.3567,37.15909],[129.35631,37.15942],[129.35612,37.15975],[129.35484,37.16056],[129.35461,37.16067],[129.35441,37.16095],[129.35314,37.1616],[129.35288,37.16194],[129.35263,37.16243],[129.35253,37.16285],[129.35247,37.16357],[129.35262,37.16413],[129.35189,37.16421],[129.35195,37.16456],[129.35193,37.16513],[129.3533,37.16508],[129.35451,37.16517],[129.35575,37.16544],[129.35634,37.16567],[129.35759,37.16643],[129.35868,37.16641],[129.35867,37.1668],[129.35759,37.16682],[129.35637,37.16615],[129.3558,37.1667],[129.35668,37.16738],[129.35409,37.17024],[129.35287,37.17022],[129.35138,37.17189],[129.35152,37.17197],[129.34987,37.17385],[129.35246,37.17532],[129.35234,37.1754],[129.34959,37.17386],[129.34948,37.17398],[129.34679,37.17255],[129.34686,37.17244],[129.34553,37.17169],[129.34534,37.17145],[129.34506,37.17163],[129.34527,37.17189],[129.34473,37.17205],[129.34414,37.1723],[129.34415,37.17261],[129.3443,37.17283],[129.34447,37.1735],[129.34441,37.17421],[129.34493,37.17474],[129.3452,37.17491],[129.34494,37.17507],[129.3447,37.17476],[129.34423,37.17447],[129.34325,37.17487],[129.34279,37.17521],[129.3428,37.17612],[129.34402,37.17611],[129.34556,37.17544],[129.34582,37.17523],[129.34601,37.17537],[129.34575,37.17573],[129.34569,37.17649],[129.34751,37.17659],[129.34756,37.17686],[129.35,37.17698],[129.35262,37.17708],[129.35245,37.18003],[129.35148,37.18],[129.35164,37.17766],[129.3518,37.17767],[129.35183,37.17728],[129.34755,37.17705],[129.34753,37.17739],[129.34734,37.17864],[129.34706,37.1821],[129.34712,37.18252],[129.34725,37.18254],[129.34713,37.18304],[129.34687,37.1832],[129.34628,37.18337],[129.34616,37.18393],[129.346,37.18577],[129.3457,37.18987],[129.34559,37.19056],[129.34547,37.19209],[129.34548,37.19268],[129.34534,37.19431],[129.34522,37.19465],[129.34497,37.19498],[129.3447,37.19519],[129.34382,37.19532],[129.34309,37.19521],[129.34297,37.19558],[129.34278,37.19581],[129.34286,37.19645],[129.34313,37.19638],[129.34334,37.19657],[129.34325,37.19684],[129.34292,37.19688],[129.34288,37.19733],[129.34309,37.19762],[129.34309,37.19783],[129.34338,37.19788],[129.34359,37.19811],[129.34311,37.19844],[129.3433,37.19876],[129.34375,37.19889],[129.34406,37.1994],[129.34399,37.19968],[129.34409,37.19996],[129.34386,37.20008],[129.34338,37.19999],[129.3432,37.20069],[129.3436,37.20112],[129.34459,37.20131],[129.34522,37.19965],[129.34552,37.19988],[129.34526,37.20059],[129.34519,37.20094],[129.3449,37.20146],[129.34523,37.20149],[129.34541,37.20171],[129.34582,37.20196],[129.34619,37.20231],[129.34648,37.20269],[129.34634,37.20303],[129.34588,37.20346],[129.34572,37.20374],[129.34617,37.20382],[129.34591,37.20403],[129.34572,37.20463],[129.34622,37.20485],[129.34622,37.20508],[129.34586,37.2052],[129.34573,37.2054],[129.34583,37.2061],[129.34623,37.20632],[129.34645,37.20622],[129.34661,37.20649],[129.34652,37.20701],[129.34661,37.20747],[129.34652,37.20777],[129.34663,37.20806],[129.34655,37.2086],[129.34685,37.20917],[129.34708,37.20912],[129.3475,37.20944],[129.34754,37.21003],[129.34782,37.21005],[129.34798,37.21034],[129.34783,37.21044],[129.34804,37.21088],[129.34779,37.211],[129.34797,37.21127],[129.34748,37.21211],[129.34732,37.2121],[129.34673,37.21244],[129.34674,37.21283],[129.34645,37.21315],[129.34606,37.21329],[129.34622,37.21366],[129.34604,37.21385],[129.34623,37.2142],[129.34618,37.21452],[129.3463,37.21464],[129.34642,37.21514],[129.34564,37.21501],[129.34533,37.21554],[129.34491,37.21565],[129.34469,37.21611],[129.34471,37.21649],[129.34487,37.2169],[129.34449,37.21719],[129.34436,37.21739],[129.34429,37.21819],[129.34401,37.21824],[129.34371,37.21858],[129.34385,37.21913],[129.34354,37.2197],[129.3429,37.2203],[129.34207,37.22043],[129.34188,37.22053],[129.34176,37.22102],[129.34125,37.22134],[129.34104,37.22161],[129.34096,37.22241],[129.34119,37.223],[129.34101,37.22379],[129.34106,37.22428],[129.34121,37.2246],[129.34161,37.22507],[129.34246,37.22501],[129.34366,37.22534],[129.34338,37.22543],[129.34288,37.2253],[129.34245,37.22638],[129.34259,37.22647],[129.34319,37.22856],[129.34342,37.2296],[129.34404,37.22959],[129.34415,37.22948],[129.34609,37.22944],[129.34602,37.22852],[129.34521,37.22765],[129.34512,37.22717],[129.34529,37.22714],[129.34492,37.22537],[129.34491,37.2248],[129.34527,37.22464],[129.34544,37.22482],[129.34525,37.22535],[129.3456,37.22678],[129.3457,37.22743],[129.34584,37.22764],[129.34642,37.22822],[129.34654,37.22851],[129.34658,37.22894],[129.34674,37.2296],[129.34701,37.22992],[129.34747,37.23011],[129.3479,37.23041],[129.34842,37.23064],[129.34873,37.23069],[129.34943,37.23107],[129.34967,37.231],[129.35011,37.23118],[129.35024,37.23152],[129.35064,37.23157],[129.35083,37.23192],[129.35139,37.23209],[129.35137,37.23222],[129.35166,37.23251],[129.35224,37.23259],[129.35237,37.23287],[129.35258,37.23286],[129.35316,37.23329],[129.35354,37.23343],[129.35364,37.2336],[129.35397,37.23374],[129.35436,37.23354],[129.35455,37.23384],[129.35481,37.23393],[129.35517,37.23454],[129.35559,37.23475],[129.35598,37.23465],[129.35599,37.23499],[129.35614,37.2353],[129.35634,37.23528],[129.35666,37.23564],[129.3559,37.23574],[129.35575,37.23602],[129.3553,37.23575],[129.35491,37.23593],[129.35489,37.23644],[129.35462,37.2367],[129.35465,37.23726],[129.35418,37.23719],[129.35387,37.23726],[129.35365,37.23701],[129.35317,37.23712],[129.35275,37.237],[129.35248,37.23713],[129.35246,37.23739],[129.35221,37.23738],[129.35183,37.23757],[129.3518,37.23801],[129.35012,37.23882],[129.34984,37.23931],[129.3498,37.23981],[129.34959,37.24011],[129.3495,37.2406],[129.34949,37.24111],[129.34926,37.24125],[129.34923,37.24165],[129.34935,37.24208],[129.34909,37.24223],[129.34916,37.24273],[129.34909,37.24312],[129.34881,37.24354],[129.34849,37.2439],[129.34851,37.24474],[129.34834,37.24522],[129.34834,37.24558],[129.34848,37.24596],[129.34847,37.24637],[129.34857,37.24651],[129.3487,37.24734],[129.34889,37.24757],[129.34866,37.24775],[129.34818,37.24792],[129.34812,37.24803],[129.34739,37.24831],[129.34677,37.24837],[129.34658,37.24857],[129.34518,37.24874],[129.34438,37.24827],[129.3436,37.24827],[129.34266,37.24842],[129.34216,37.24858],[129.34156,37.24914],[129.34144,37.24953],[129.34165,37.25001],[129.34209,37.2503],[129.34214,37.25068],[129.34235,37.25076],[129.3421,37.25109],[129.34201,37.25163],[129.34214,37.25184],[129.34172,37.25189],[129.34168,37.25208],[129.34207,37.2523],[129.34181,37.25256],[129.34196,37.2527],[129.34158,37.25304],[129.34125,37.2532],[129.34102,37.25316],[129.3407,37.25357],[129.34063,37.25425],[129.34088,37.25449],[129.34075,37.25468],[129.34126,37.25491],[129.33965,37.25519],[129.33968,37.25529],[129.34022,37.25552],[129.33978,37.25559],[129.33936,37.25546],[129.33919,37.25554],[129.33891,37.25538],[129.33841,37.25528],[129.33796,37.25566],[129.33718,37.25585],[129.33716,37.25628],[129.33697,37.25638],[129.33656,37.25637],[129.33654,37.25666],[129.33693,37.25705],[129.33626,37.25737],[129.33554,37.25741],[129.335,37.25767],[129.33489,37.25789],[129.33492,37.25844],[129.33527,37.25838],[129.3356,37.25856],[129.33549,37.25876],[129.33505,37.25855],[129.33492,37.25879],[129.33465,37.25899],[129.33458,37.25939],[129.33494,37.25936],[129.33482,37.25969],[129.33408,37.2598],[129.33381,37.26014],[129.3335,37.26025],[129.3325,37.26045],[129.33218,37.26056],[129.33176,37.26089],[129.33136,37.26092],[129.33094,37.2612],[129.33077,37.26189],[129.33041,37.26239],[129.32991,37.26234],[129.32946,37.2625],[129.32923,37.26331],[129.32854,37.26345],[129.32778,37.26338],[129.32763,37.26364],[129.32771,37.26391],[129.32749,37.26419],[129.32771,37.26477],[129.32816,37.26482],[129.3282,37.26503],[129.32726,37.26493],[129.32717,37.26551],[129.32776,37.26609],[129.32829,37.26623],[129.32853,37.2659],[129.32892,37.26491],[129.32912,37.26508],[129.32896,37.26534],[129.32865,37.26622],[129.32858,37.26686],[129.32934,37.26681],[129.32904,37.26704],[129.32912,37.2673],[129.32852,37.26735],[129.32853,37.26772],[129.32823,37.26787],[129.32806,37.26814],[129.32784,37.26808],[129.32772,37.26855],[129.32792,37.26898],[129.32834,37.26919],[129.32816,37.26959],[129.3282,37.26979],[129.32868,37.27007],[129.32854,37.27063],[129.32876,37.27074],[129.32915,37.27075],[129.32876,37.27116],[129.32893,37.27158],[129.32946,37.27194],[129.32913,37.27238],[129.3292,37.27288],[129.3287,37.27287],[129.32784,37.27361],[129.32766,37.27447],[129.32748,37.27481],[129.32742,37.27514],[129.32762,37.27528],[129.32781,37.27562],[129.32783,37.27608],[129.32824,37.27641],[129.32915,37.27654],[129.32967,37.27712],[129.32932,37.2772],[129.32937,37.27743],[129.32927,37.27786],[129.32957,37.278],[129.32962,37.27834],[129.32933,37.27856],[129.32946,37.27869],[129.32922,37.27899],[129.32958,37.2791],[129.3293,37.27928],[129.32895,37.27925],[129.32872,37.27937],[129.32892,37.27978],[129.32915,37.2798],[129.32912,37.2804],[129.32897,37.28045],[129.32811,37.28041],[129.32802,37.28133],[129.32752,37.28132],[129.32772,37.28107],[129.32779,37.28036],[129.32732,37.2802],[129.32703,37.27991],[129.32675,37.27983],[129.3264,37.27987],[129.32624,37.28013],[129.32546,37.28051],[129.32516,37.28099],[129.32581,37.28153],[129.32665,37.28141],[129.32702,37.28129],[129.32708,37.28155],[129.3261,37.28169],[129.32579,37.2818],[129.32545,37.28173],[129.32481,37.2811],[129.32456,37.28098],[129.32411,37.28105],[129.32383,37.2812],[129.32314,37.28141],[129.32264,37.28175],[129.32219,37.28173],[129.32192,37.2819],[129.32128,37.28186],[129.32098,37.28199],[129.32041,37.28243],[129.31984,37.28207],[129.31921,37.28133],[129.31922,37.28112],[129.31881,37.28076],[129.31873,37.2799],[129.31907,37.27912],[129.31882,37.27849],[129.31929,37.27716],[129.31965,37.27642],[129.31965,37.27583],[129.3204,37.27534],[129.32112,37.27502],[129.32182,37.27489],[129.32187,37.27416],[129.32186,37.27328],[129.32128,37.27274],[129.32057,37.27255],[129.32008,37.27205],[129.31985,37.27194],[129.31969,37.27148],[129.31913,37.27106],[129.31857,37.27087],[129.31818,37.27056],[129.31735,37.26957],[129.3164,37.26891],[129.31618,37.26866],[129.31591,37.26861],[129.31569,37.26839],[129.31515,37.26811],[129.31388,37.26822],[129.31324,37.26786],[129.31256,37.26776],[129.3123,37.26754],[129.31209,37.26703],[129.31197,37.26619],[129.31174,37.26559],[129.31133,37.2648],[129.31104,37.26437],[129.31099,37.26397],[129.31098,37.26306],[129.31115,37.26292],[129.31182,37.26283],[129.31285,37.26228],[129.31291,37.26179],[129.31342,37.2615],[129.31341,37.26075],[129.31291,37.25984],[129.31275,37.25939],[129.31225,37.25879],[129.31249,37.25795],[129.31282,37.25746],[129.31278,37.25733],[129.31192,37.25744],[129.31142,37.25743],[129.31038,37.25764],[129.30987,37.25752],[129.30928,37.25755],[129.30852,37.25727],[129.30814,37.25665],[129.30748,37.25648],[129.30682,37.25614],[129.30587,37.25601],[129.30504,37.25612],[129.30487,37.25629],[129.3045,37.25639],[129.30358,37.25617],[129.30304,37.25643],[129.30227,37.25692],[129.30182,37.2575],[129.30108,37.25806],[129.29996,37.25805],[129.2993,37.25852],[129.2987,37.25858],[129.29834,37.25884],[129.29805,37.25919],[129.29753,37.2587],[129.2967,37.25817],[129.29636,37.25728],[129.29566,37.25696],[129.29467,37.25528],[129.29226,37.25391],[129.29141,37.25244],[129.29119,37.25239],[129.29069,37.2519],[129.29001,37.25154],[129.28905,37.25117],[129.28807,37.24976],[129.28674,37.24986],[129.28619,37.24995],[129.2856,37.2503],[129.28429,37.25018],[129.28342,37.25026],[129.28237,37.25008],[129.28172,37.24968],[129.28069,37.251],[129.27942,37.25028],[129.27831,37.25036],[129.27683,37.24996],[129.27546,37.2499],[129.2738,37.24912],[129.27095,37.24805],[129.27066,37.24762],[129.27052,37.24537],[129.26796,37.24558],[129.26745,37.24495],[129.26764,37.24403],[129.26731,37.24295],[129.26677,37.24202],[129.2675,37.24005],[129.26625,37.24025],[129.2659,37.24007],[129.26397,37.23947],[129.26245,37.23935],[129.26155,37.23996],[129.2601,37.24043],[129.25863,37.23909],[129.25838,37.2376],[129.25773,37.23692],[129.25611,37.23663],[129.25511,37.23542],[129.25436,37.2355],[129.25383,37.23541],[129.2527,37.23497],[129.25204,37.23401],[129.25095,37.23326],[129.25024,37.23314],[129.2502,37.23252],[129.2483,37.23079],[129.2475,37.23087],[129.24664,37.23075],[129.2451,37.22951],[129.24491,37.22909],[129.24293,37.22908],[129.24171,37.22961],[129.24024,37.22846],[129.23971,37.22853],[129.23848,37.22754],[129.2363,37.22716],[129.23603,37.22672],[129.23523,37.22662],[129.23138,37.22842],[129.23135,37.22928],[129.23097,37.22952],[129.23057,37.23012],[129.22928,37.23138],[129.22842,37.23189],[129.22852,37.2326],[129.22782,37.23341],[129.22712,37.2337],[129.22666,37.23436],[129.22636,37.23451],[129.22509,37.2366],[129.22326,37.23763],[129.22291,37.23839],[129.22194,37.23829],[129.22056,37.23782],[129.21955,37.23811],[129.21986,37.23536],[129.22032,37.2342],[129.21997,37.23343],[129.21998,37.23323],[129.21927,37.23233],[129.2177,37.23157],[129.21725,37.23096],[129.21775,37.22915],[129.21699,37.22801],[129.21741,37.22743],[129.2168,37.22701],[129.21503,37.22642],[129.21498,37.22566],[129.21404,37.2253],[129.2141,37.22421],[129.21368,37.22379],[129.21411,37.22317],[129.21417,37.22265],[129.21478,37.22236],[129.21476,37.22183],[129.21447,37.22152],[129.21453,37.22039],[129.21393,37.21985],[129.2127,37.21988],[129.21186,37.21919],[129.21106,37.21938],[129.21062,37.21925],[129.21046,37.2188],[129.20844,37.21834],[129.20739,37.21856],[129.20681,37.21841],[129.20663,37.21864],[129.20625,37.21884],[129.20501,37.21879],[129.20382,37.22076],[129.20334,37.22104],[129.20098,37.22143],[129.20031,37.2223],[129.19987,37.22233],[129.19902,37.22293],[129.19755,37.22309],[129.19625,37.22273],[129.19567,37.22221],[129.19519,37.22202],[129.19487,37.22166],[129.19376,37.2224],[129.193,37.22254],[129.19287,37.22332],[129.19167,37.22329],[129.19048,37.2235],[129.18954,37.22295],[129.18707,37.22309],[129.18696,37.2241],[129.18592,37.22393],[129.18525,37.22342],[129.18432,37.22392],[129.18403,37.22333],[129.18423,37.22241],[129.18461,37.22194],[129.18475,37.22088],[129.18439,37.22024],[129.18243,37.21989],[129.18203,37.21954],[129.18247,37.21776],[129.18331,37.21683],[129.18415,37.21638],[129.18385,37.21615],[129.18438,37.21455],[129.18384,37.21289],[129.18414,37.21266],[129.18397,37.21205],[129.18412,37.21169],[129.18408,37.21119],[129.18438,37.21064],[129.18401,37.20999],[129.18283,37.20916],[129.18174,37.20621],[129.18189,37.20528],[129.18084,37.20507],[129.17889,37.20552],[129.17769,37.20536],[129.17708,37.205],[129.17666,37.20498],[129.17627,37.20468],[129.17414,37.20399],[129.17256,37.20424],[129.17187,37.2036],[129.1693,37.20347],[129.16908,37.20313],[129.16917,37.20219],[129.17029,37.20217],[129.17185,37.20242],[129.1721,37.20238],[129.17233,37.20205],[129.1732,37.20224],[129.17415,37.20154],[129.17483,37.20139],[129.17548,37.20085],[129.17723,37.20096],[129.17813,37.20154],[129.17846,37.20139],[129.17898,37.20141],[129.18012,37.20184],[129.18054,37.2023],[129.18172,37.20249],[129.18222,37.20243],[129.18267,37.20205],[129.18395,37.20225],[129.18525,37.2016],[129.18597,37.20105],[129.1863,37.20048],[129.18793,37.20022],[129.18846,37.19993],[129.18912,37.19834],[129.19017,37.19812],[129.19039,37.19795],[129.19044,37.19674],[129.19109,37.19585],[129.19205,37.19507],[129.1922,37.19441],[129.19271,37.19404],[129.19246,37.19306],[129.19264,37.19227],[129.1933,37.19146],[129.19451,37.19109],[129.19474,37.19045],[129.19537,37.19013],[129.1959,37.18838],[129.19849,37.18673],[129.19957,37.18666],[129.20044,37.18634],[129.20152,37.18672],[129.20238,37.18667],[129.20323,37.18723],[129.20385,37.18727],[129.20468,37.18696],[129.20601,37.18682],[129.20694,37.18691],[129.20784,37.18671],[129.20879,37.18684],[129.21044,37.18741],[129.21217,37.18605],[129.21387,37.18535],[129.21479,37.18558],[129.21549,37.1854],[129.21683,37.18625],[129.218,37.18621],[129.21946,37.187],[129.21977,37.18687],[129.22099,37.18696],[129.22169,37.18673],[129.22244,37.18625],[129.223,37.18613],[129.22301,37.18515],[129.2236,37.18393],[129.22427,37.18327],[129.22378,37.18198],[129.22423,37.18147],[129.22438,37.18045],[129.22486,37.1799],[129.22484,37.17917],[129.22659,37.1778],[129.22696,37.17714],[129.22654,37.17641],[129.2265,37.17531],[129.2278,37.17408],[129.22809,37.17361],[129.22861,37.1731],[129.22867,37.17267],[129.22825,37.17205],[129.22788,37.17051],[129.22708,37.17042],[129.22653,37.17014],[129.22623,37.17037],[129.22534,37.16979],[129.22477,37.16886],[129.22503,37.16831],[129.22514,37.16738],[129.22485,37.16696],[129.22481,37.16513],[129.22341,37.16285],[129.22402,37.162],[129.22422,37.16091],[129.22497,37.16053],[129.22549,37.15977],[129.22715,37.15954],[129.22789,37.15882],[129.22974,37.15858],[129.23047,37.15867],[129.23159,37.15905],[129.23259,37.15897],[129.23423,37.1592],[129.23539,37.15947],[129.2369,37.15901],[129.237,37.15737],[129.23787,37.15691],[129.2384,37.1561],[129.23821,37.15594],[129.23883,37.15397],[129.23897,37.15374],[129.23824,37.15313],[129.23912,37.15221],[129.23952,37.15097],[129.23966,37.15069],[129.23917,37.14983],[129.23823,37.1487],[129.23725,37.14791],[129.23725,37.14687],[129.23712,37.14615],[129.2372,37.14568],[129.23708,37.14538],[129.23709,37.14446],[129.23699,37.14417],[129.23701,37.14342],[129.23693,37.14321],[129.23702,37.14244],[129.23665,37.14167],[129.23593,37.14056],[129.23482,37.13958],[129.23414,37.13926],[129.23345,37.13868],[129.23249,37.138],[129.23101,37.1374],[129.23083,37.13699],[129.23024,37.13642],[129.22907,37.1362],[129.22827,37.13584],[129.2279,37.13543],[129.22763,37.1349],[129.22649,37.13377],[129.22583,37.13366],[129.22496,37.13316],[129.22485,37.13278],[129.22445,37.13223],[129.22297,37.13037],[129.22296,37.13029],[129.22231,37.12987],[129.22182,37.12881],[129.22202,37.12795],[129.2218,37.12771],[129.22076,37.12696],[129.21937,37.12659],[129.21906,37.12637],[129.21812,37.12633],[129.21752,37.12611],[129.21701,37.12641],[129.21602,37.12647],[129.21481,37.12409],[129.21553,37.12312],[129.21533,37.12227],[129.21572,37.12156],[129.216,37.12032],[129.21661,37.11953],[129.21662,37.1185],[129.21622,37.11789],[129.21602,37.1171],[129.21483,37.11604],[129.2146,37.11467],[129.21439,37.11458],[129.2136,37.11311],[129.21434,37.11228],[129.21449,37.11162],[129.21337,37.10979],[129.21365,37.10888],[129.21429,37.10828],[129.21425,37.10739],[129.21506,37.10659],[129.21629,37.10609],[129.21671,37.10554],[129.21765,37.10482],[129.21772,37.10377],[129.21854,37.10325],[129.21868,37.10276],[129.21918,37.10171],[129.21842,37.10076],[129.21816,37.10026],[129.21812,37.09885],[129.21838,37.09819],[129.21814,37.09716],[129.21838,37.09591],[129.21871,37.09558],[129.21891,37.09513],[129.21819,37.09385],[129.21882,37.0931],[129.21902,37.09251],[129.22001,37.09206],[129.22073,37.09136],[129.22105,37.09011],[129.22046,37.08899],[129.22155,37.08774],[129.22217,37.08744],[129.22293,37.08613],[129.22386,37.08578],[129.2255,37.08407],[129.22645,37.0834],[129.22731,37.0817],[129.22792,37.07947],[129.22999,37.07865],[129.23048,37.07789],[129.2304,37.07714],[129.2305,37.07659],[129.23086,37.07662],[129.23099,37.0769],[129.23132,37.07705],[129.23214,37.07807],[129.23244,37.07858],[129.23288,37.07977],[129.23324,37.0801],[129.23394,37.08038],[129.23418,37.08066],[129.23466,37.08078],[129.23535,37.08084],[129.23592,37.08106],[129.23578,37.08155],[129.23618,37.08228],[129.23673,37.08287],[129.23725,37.08381],[129.23818,37.08435],[129.23882,37.08461],[129.23986,37.08494],[129.24046,37.08504],[129.24083,37.08546],[129.24112,37.08623],[129.24161,37.08685],[129.24195,37.0876],[129.2434,37.08816],[129.2437,37.089],[129.24361,37.08933],[129.24384,37.08983],[129.24438,37.09022],[129.2445,37.09045],[129.24494,37.09088],[129.24526,37.09149],[129.24555,37.09179],[129.24617,37.09261],[129.24624,37.09317],[129.24679,37.0937],[129.2477,37.09487],[129.24808,37.09496],[129.24881,37.09565],[129.24903,37.09615],[129.25043,37.0967],[129.25137,37.0969],[129.25179,37.09712],[129.25316,37.09679],[129.25394,37.0976],[129.25521,37.098],[129.25516,37.09868],[129.25526,37.09935],[129.25651,37.09972],[129.25695,37.10015],[129.25831,37.10048],[129.25854,37.10079],[129.25908,37.10105],[129.26023,37.10096],[129.26128,37.1013],[129.26243,37.1015],[129.26329,37.102],[129.26444,37.10213],[129.26566,37.10215],[129.26599,37.10232],[129.26635,37.10277],[129.2669,37.10319],[129.26697,37.10393],[129.26718,37.10436],[129.26798,37.10523],[129.26854,37.1057],[129.26886,37.10628],[129.26955,37.10652],[129.27024,37.10692],[129.26995,37.10764],[129.26943,37.10835],[129.26914,37.10851],[129.26943,37.10921],[129.26919,37.11021],[129.26976,37.11052],[129.27053,37.11117],[129.27037,37.11182],[129.26993,37.11245],[129.26978,37.11298],[129.27083,37.11397],[129.27107,37.11445],[129.27108,37.11484],[129.27098,37.11537],[129.27131,37.11591],[129.27124,37.11638],[129.27202,37.11701],[129.27275,37.1171],[129.27349,37.11706],[129.27452,37.11727],[129.27505,37.11756],[129.27567,37.11773],[129.27629,37.11798],[129.27674,37.11855],[129.27748,37.11799],[129.27824,37.11758],[129.27849,37.11706],[129.27951,37.11711],[129.28039,37.11676],[129.28112,37.11671],[129.28118,37.11636],[129.282,37.1161],[129.28309,37.11644],[129.28389,37.11694],[129.28461,37.11699],[129.28539,37.11725],[129.28626,37.11643],[129.28673,37.11626],[129.28754,37.11561],[129.28792,37.11561],[129.28831,37.11547],[129.28865,37.11525],[129.28911,37.11529],[129.28955,37.11513],[129.29045,37.11513],[129.29127,37.11487],[129.29255,37.11432],[129.29322,37.11475],[129.29344,37.11437],[129.29459,37.11437],[129.29491,37.11588],[129.29479,37.11629],[129.29512,37.11702],[129.29476,37.11757],[129.29508,37.1181],[129.29511,37.11843],[129.29528,37.11891],[129.29518,37.11931],[129.29527,37.11983],[129.29523,37.1203],[129.29601,37.12091],[129.29651,37.1216],[129.29703,37.12182],[129.29759,37.12248],[129.29763,37.12351],[129.29783,37.12399],[129.29778,37.12443],[129.298,37.12454],[129.29881,37.12437],[129.29931,37.12411],[129.30055,37.12494],[129.30095,37.12568],[129.30113,37.12658],[129.302,37.12726],[129.30229,37.12754],[129.30308,37.12785],[129.30387,37.12824],[129.30457,37.128],[129.30523,37.12797],[129.30618,37.12768],[129.30746,37.12782],[129.30846,37.12798],[129.30889,37.12794],[129.31027,37.12885],[129.31077,37.12929],[129.31098,37.12958],[129.31088,37.12994],[129.31116,37.13022],[129.3112,37.13065],[129.31102,37.13132],[129.31104,37.13167],[129.3118,37.13221],[129.31313,37.13157],[129.31445,37.13134],[129.31498,37.13152],[129.31496,37.132],[129.31559,37.1323],[129.31641,37.13235],[129.31661,37.13271],[129.31708,37.1329],[129.31815,37.13295],[129.3184,37.13324],[129.31897,37.13361],[129.31889,37.13383],[129.3194,37.13444],[129.31941,37.13507],[129.31916,37.13545],[129.31946,37.13578],[129.32036,37.13588],[129.32063,37.13577],[129.32162,37.13677],[129.32156,37.13759],[129.3217,37.13769],[129.32295,37.1382],[129.32281,37.13918],[129.32299,37.13964],[129.32299,37.13995],[129.32359,37.14072],[129.32368,37.14112],[129.32406,37.14177],[129.32483,37.14229],[129.32566,37.14221],[129.32708,37.14216],[129.32789,37.14195],[129.32872,37.14152],[129.32912,37.14103],[129.32962,37.14102],[129.32998,37.14077],[129.33057,37.1405],[129.33098,37.14048],[129.33191,37.14063],[129.33252,37.14052],[129.33324,37.14071],[129.33347,37.14149],[129.33375,37.14213],[129.33408,37.1426],[129.33458,37.14265],[129.33584,37.14217],[129.33633,37.14209],[129.33644,37.14198],[129.33734,37.14289],[129.33835,37.14346],[129.33862,37.14394],[129.33865,37.14453],[129.33898,37.1452],[129.33901,37.14606],[129.33951,37.14683],[129.33975,37.1466],[129.33986,37.14565],[129.33996,37.14533],[129.34099,37.1446],[129.3416,37.14514],[129.34224,37.14499],[129.34279,37.14508],[129.3433,37.1453],[129.34348,37.14552],[129.34376,37.14553],[129.34434,37.14595],[129.34461,37.14602],[129.34606,37.14574],[129.34685,37.14618],[129.34784,37.14645],[129.34835,37.14642],[129.34909,37.14645],[129.349,37.14523],[129.34974,37.1454],[129.34985,37.14566],[129.35053,37.14623],[129.35074,37.1463],[129.35152,37.14612],[129.35207,37.14631],[129.35272,37.14623],[129.35301,37.14611],[129.35326,37.14617],[129.35358,37.14592],[129.35396,37.1458],[129.35425,37.14589],[129.35485,37.14574],[129.35601,37.14514],[129.35638,37.14486],[129.35682,37.14492],[129.35721,37.14489],[129.3575,37.14503],[129.35792,37.14494],[129.35829,37.14523],[129.3588,37.14522],[129.35915,37.14496],[129.36066,37.14501],[129.36108,37.14484],[129.36151,37.14483],[129.36201,37.14494],[129.36262,37.14553],[129.36277,37.14577],[129.3634,37.146]]],[[[129.32735,37.28304],[129.32757,37.28276],[129.32778,37.28296],[129.32735,37.28304]]],[[[129.32647,37.28433],[129.32605,37.28402],[129.32606,37.28355],[129.32646,37.28328],[129.32669,37.28339],[129.32684,37.28364],[129.32686,37.28393],[129.32717,37.28438],[129.32696,37.28445],[129.32647,37.28433]]],[[[129.32607,37.2851],[129.32565,37.28514],[129.3252,37.2846],[129.32568,37.2844],[129.32615,37.28461],[129.32624,37.28489],[129.32607,37.2851]]]]},"properties":{"code":"32070120","name":"원덕읍"}},{"type":"Feature","geometry":{"type":"MultiPolygon","coordinates":[[[[129.32134,37.28886],[129.32108,37.28892],[129.3208,37.28882],[129.32084,37.28857],[129.32131,37.28865],[129.32134,37.28886]]],[[[129.31826,37.28979],[129.31786,37.28984],[129.31745,37.28967],[129.31747,37.28944],[129.31788,37.28937],[129.31826,37.28979]]],[[[129.31898,37.29],[129.31866,37.29016],[129.31913,37.28932],[129.31958,37.28941],[129.31965,37.28981],[129.31942,37.28997],[129.31898,37.29]]],[[[129.30969,37.29197],[129.30922,37.29152],[129.30936,37.29124],[129.30984,37.29119],[129.30996,37.29132],[129.30969,37.29197]]],[[[129.29911,37.30924],[129.2993,37.30953],[129.29913,37.30976],[129.2989,37.30945],[129.29911,37.30924]]],[[[129.29886,37.31049],[129.29845,37.3101],[129.29876,37.30995],[129.29898,37.31029],[129.29886,37.31049]]],[[[129.2838,37.31298],[129.28402,37.31335],[129.28367,37.3133],[129.2838,37.31298]]],[[[129.27291,37.33043],[129.2725,37.33042],[129.27256,37.3301],[129.27291,37.33043]]],[[[129.26187,37.35171],[129.26158,37.35134],[129.26208,37.35133],[129.26205,37.35172],[129.26187,37.35171]]],[[[129.2568,37.3577],[129.25709,37.35781],[129.2573,37.35803],[129.25701,37.35822],[129.25677,37.35789],[129.2568,37.3577]]],[[[129.25911,37.37925],[129.25907,37.3796],[129.25935,37.37964],[129.25925,37.38002],[129.25903,37.3803],[129.25866,37.38025],[129.2583,37.37998],[129.25788,37.37922],[129.25819,37.37916],[129.25861,37.37889],[129.25899,37.37904],[129.25911,37.37925]]],[[[129.25969,37.37999],[129.25972,37.38038],[129.25938,37.38036],[129.25943,37.38005],[129.25969,37.37999]]],[[[129.32041,37.28243],[129.3206,37.28259],[129.32025,37.28277],[129.3202,37.2831],[129.32047,37.28323],[129.32031,37.28343],[129.32044,37.28388],[129.3204,37.28404],[129.31999,37.28433],[129.31995,37.28453],[129.32039,37.28453],[129.32059,37.28466],[129.32041,37.28491],[129.32115,37.28508],[129.32091,37.28527],[129.32059,37.2852],[129.32064,37.28557],[129.32103,37.28568],[129.32109,37.28585],[129.32078,37.28614],[129.32108,37.28633],[129.3211,37.2866],[129.32075,37.28666],[129.3206,37.28701],[129.32061,37.28733],[129.3204,37.28761],[129.32042,37.28791],[129.3198,37.28842],[129.32007,37.2886],[129.32019,37.28897],[129.31897,37.28917],[129.31874,37.28962],[129.31855,37.28975],[129.31823,37.28959],[129.31797,37.28918],[129.31792,37.28871],[129.31757,37.28866],[129.31557,37.28943],[129.31475,37.28969],[129.31433,37.28946],[129.31445,37.28921],[129.3149,37.28921],[129.31575,37.28898],[129.3159,37.289],[129.31683,37.28871],[129.31676,37.28854],[129.31739,37.28835],[129.31721,37.28798],[129.31728,37.28748],[129.31757,37.28723],[129.31756,37.28673],[129.31708,37.28677],[129.31527,37.28731],[129.31487,37.28733],[129.31505,37.28762],[129.31518,37.28838],[129.31495,37.28836],[129.31483,37.28761],[129.31466,37.28733],[129.31442,37.28722],[129.31464,37.28693],[129.31442,37.28676],[129.31465,37.28634],[129.31409,37.286],[129.31335,37.28587],[129.31248,37.28591],[129.31168,37.28613],[129.31123,37.28611],[129.31042,37.28636],[129.31012,37.28653],[129.31021,37.28688],[129.30993,37.2872],[129.30987,37.28741],[129.31009,37.28763],[129.30946,37.28813],[129.30934,37.28837],[129.30962,37.28872],[129.30926,37.28885],[129.30932,37.28929],[129.30968,37.28931],[129.3101,37.2897],[129.31015,37.28997],[129.3096,37.29023],[129.30985,37.29074],[129.30984,37.29092],[129.30954,37.29113],[129.30913,37.29111],[129.30913,37.2906],[129.3089,37.29073],[129.30857,37.2903],[129.3084,37.29033],[129.30816,37.29078],[129.30786,37.29046],[129.3075,37.28995],[129.30702,37.28978],[129.30655,37.28978],[129.30554,37.28994],[129.30446,37.29024],[129.30398,37.29051],[129.30344,37.29092],[129.30285,37.29127],[129.30218,37.29176],[129.30102,37.2924],[129.30043,37.29287],[129.30032,37.29311],[129.30037,37.29389],[129.30029,37.29429],[129.30068,37.29576],[129.30095,37.29619],[129.30073,37.2967],[129.30079,37.29701],[129.30038,37.29713],[129.30041,37.29743],[129.30075,37.29746],[129.30059,37.29803],[129.30085,37.29824],[129.30115,37.29888],[129.30149,37.29899],[129.30148,37.29926],[129.30168,37.29948],[129.30197,37.29956],[129.30223,37.29997],[129.30205,37.30029],[129.30228,37.30056],[129.30197,37.30079],[129.30208,37.30109],[129.30192,37.30143],[129.30197,37.30169],[129.30217,37.30194],[129.30188,37.30307],[129.30194,37.30333],[129.30138,37.30346],[129.30087,37.30373],[129.30058,37.30407],[129.30082,37.30421],[129.30079,37.30472],[129.30085,37.30506],[129.30048,37.30554],[129.30075,37.30561],[129.30049,37.3059],[129.30022,37.30636],[129.30053,37.30649],[129.30032,37.30688],[129.29978,37.30659],[129.29975,37.30685],[129.29929,37.3072],[129.29953,37.30765],[129.29943,37.308],[129.29898,37.30865],[129.29865,37.30863],[129.29846,37.30886],[129.29857,37.30924],[129.29875,37.30937],[129.29851,37.30956],[129.29856,37.30974],[129.29839,37.31017],[129.29814,37.3104],[129.29779,37.31048],[129.29736,37.31088],[129.29638,37.31151],[129.2963,37.31174],[129.29594,37.31177],[129.29582,37.31207],[129.29548,37.31204],[129.29533,37.31155],[129.29496,37.3114],[129.29473,37.31113],[129.29351,37.31156],[129.29273,37.3117],[129.29226,37.31184],[129.29213,37.31154],[129.29246,37.31156],[129.2941,37.31111],[129.29447,37.3109],[129.29442,37.30991],[129.2928,37.30988],[129.29276,37.31063],[129.29244,37.31089],[129.29203,37.31015],[129.29213,37.31003],[129.29124,37.30976],[129.29126,37.30955],[129.29076,37.30951],[129.29049,37.30925],[129.29003,37.30925],[129.28913,37.30938],[129.28852,37.30958],[129.28748,37.31006],[129.28623,37.3108],[129.28565,37.31102],[129.28512,37.31184],[129.28455,37.31204],[129.284,37.31237],[129.28383,37.31272],[129.28335,37.31276],[129.28272,37.31298],[129.28162,37.31356],[129.28092,37.31405],[129.28032,37.31435],[129.27949,37.31493],[129.2792,37.31523],[129.2787,37.31549],[129.27798,37.31595],[129.2774,37.31642],[129.27709,37.31653],[129.276,37.31738],[129.27547,37.31763],[129.27499,37.31794],[129.27405,37.3187],[129.27321,37.31927],[129.2728,37.31962],[129.27231,37.3199],[129.27181,37.32037],[129.27075,37.32114],[129.27041,37.32151],[129.26952,37.32287],[129.26932,37.32339],[129.26919,37.32398],[129.26918,37.32483],[129.26931,37.32548],[129.26958,37.32573],[129.27046,37.32555],[129.27072,37.32581],[129.2703,37.32585],[129.26891,37.32619],[129.26861,37.32635],[129.26879,37.3266],[129.27005,37.32779],[129.27112,37.32703],[129.27136,37.32677],[129.27153,37.32632],[129.27154,37.32587],[129.27135,37.32578],[129.27132,37.32546],[129.27147,37.32534],[129.27186,37.32533],[129.27204,37.32557],[129.272,37.32645],[129.27183,37.32691],[129.27158,37.3272],[129.27071,37.3278],[129.27061,37.32779],[129.27008,37.32817],[129.27039,37.32819],[129.27049,37.32861],[129.27077,37.32891],[129.27062,37.32925],[129.27031,37.32945],[129.26975,37.32941],[129.26953,37.32928],[129.26923,37.32934],[129.26911,37.32918],[129.26875,37.32919],[129.26841,37.32966],[129.26873,37.32995],[129.26912,37.33051],[129.26892,37.33062],[129.26914,37.33084],[129.26882,37.33096],[129.26851,37.33093],[129.26808,37.33116],[129.26799,37.33083],[129.2668,37.3309],[129.2666,37.3311],[129.2667,37.33136],[129.2664,37.33166],[129.26661,37.33212],[129.26646,37.33294],[129.26621,37.33289],[129.26628,37.33342],[129.26649,37.33427],[129.26678,37.33452],[129.26665,37.33493],[129.26683,37.33546],[129.26675,37.33563],[129.26654,37.33656],[129.26658,37.33694],[129.26695,37.33741],[129.26761,37.3377],[129.26771,37.33804],[129.26783,37.33888],[129.26775,37.33921],[129.26744,37.33954],[129.26726,37.33946],[129.26693,37.33957],[129.26692,37.33976],[129.26661,37.33992],[129.26644,37.34026],[129.26613,37.34062],[129.2661,37.34137],[129.26591,37.34162],[129.26591,37.3419],[129.26617,37.34191],[129.26649,37.34219],[129.26664,37.34265],[129.26689,37.34271],[129.267,37.34331],[129.26663,37.34369],[129.26634,37.34381],[129.26598,37.34414],[129.2653,37.34409],[129.2645,37.34427],[129.26407,37.34455],[129.2639,37.34504],[129.26396,37.34516],[129.26326,37.3452],[129.26329,37.34496],[129.26262,37.34508],[129.26223,37.34528],[129.26241,37.34558],[129.26215,37.34599],[129.26215,37.34651],[129.26153,37.34663],[129.26139,37.34675],[129.26151,37.34725],[129.26086,37.34736],[129.2607,37.34838],[129.26195,37.34822],[129.26226,37.34785],[129.26328,37.347],[129.26325,37.34682],[129.26361,37.34667],[129.26382,37.34697],[129.26252,37.34804],[129.26225,37.34845],[129.26137,37.34857],[129.26112,37.34879],[129.26078,37.34935],[129.26094,37.34963],[129.2606,37.34966],[129.26072,37.35012],[129.26071,37.35058],[129.26107,37.35078],[129.26088,37.35091],[129.26092,37.35152],[129.26076,37.35152],[129.26091,37.35201],[129.26067,37.35199],[129.26064,37.35262],[129.25999,37.35294],[129.25944,37.35295],[129.25933,37.35304],[129.25931,37.35346],[129.25956,37.35366],[129.25952,37.35392],[129.25909,37.35372],[129.25901,37.35387],[129.25865,37.35399],[129.25815,37.35388],[129.25807,37.35431],[129.25787,37.35454],[129.25814,37.35467],[129.25825,37.35506],[129.25776,37.35519],[129.25739,37.35516],[129.25712,37.35496],[129.25649,37.35506],[129.25622,37.35544],[129.25618,37.35579],[129.25644,37.35586],[129.25638,37.35626],[129.2562,37.35678],[129.25603,37.35696],[129.25615,37.35733],[129.2566,37.35771],[129.2563,37.35777],[129.25613,37.35803],[129.2557,37.35803],[129.25538,37.35839],[129.25515,37.35817],[129.25481,37.35844],[129.25481,37.35872],[129.25465,37.35895],[129.25372,37.35924],[129.25358,37.35944],[129.25343,37.36034],[129.2535,37.36065],[129.25322,37.36092],[129.25316,37.36144],[129.25273,37.36127],[129.25241,37.36141],[129.25261,37.3617],[129.25255,37.36191],[129.2528,37.36236],[129.25259,37.36241],[129.2523,37.36208],[129.25211,37.36211],[129.25198,37.36185],[129.25155,37.36199],[129.25082,37.36302],[129.25082,37.36333],[129.251,37.36363],[129.25095,37.36381],[129.25122,37.36401],[129.25101,37.36423],[129.25109,37.36463],[129.25127,37.36483],[129.25146,37.36538],[129.25153,37.36602],[129.25127,37.36665],[129.25175,37.36744],[129.25153,37.36785],[129.25155,37.36823],[129.25187,37.36831],[129.25195,37.3685],[129.25185,37.36883],[129.25167,37.36893],[129.25147,37.36935],[129.2518,37.36973],[129.25175,37.37043],[129.25157,37.37093],[129.25179,37.37167],[129.25212,37.37176],[129.2521,37.37214],[129.25148,37.37266],[129.2511,37.37288],[129.25108,37.37325],[129.25122,37.37351],[129.25182,37.37376],[129.25222,37.37402],[129.25235,37.3742],[129.25212,37.3745],[129.25263,37.37472],[129.25221,37.37504],[129.2519,37.3751],[129.25196,37.37532],[129.25181,37.37605],[129.25209,37.37639],[129.25241,37.37636],[129.25338,37.37615],[129.25373,37.37615],[129.25376,37.37632],[129.25282,37.37646],[129.25304,37.37701],[129.25338,37.37705],[129.25367,37.37852],[129.25481,37.3784],[129.25465,37.37748],[129.25494,37.37744],[129.25472,37.37644],[129.25455,37.37594],[129.25435,37.37574],[129.25432,37.37545],[129.25452,37.37535],[129.25488,37.37554],[129.25498,37.3762],[129.25528,37.37743],[129.25545,37.37846],[129.25608,37.37858],[129.25689,37.37841],[129.25689,37.37859],[129.25728,37.37888],[129.25747,37.37931],[129.25742,37.37966],[129.25681,37.38026],[129.25646,37.38052],[129.25601,37.37987],[129.25542,37.37961],[129.25519,37.37968],[129.25484,37.37996],[129.25416,37.37988],[129.25361,37.37999],[129.25324,37.37997],[129.25227,37.38008],[129.2513,37.38039],[129.25089,37.38066],[129.25089,37.3809],[129.25053,37.38086],[129.24998,37.38113],[129.24885,37.38184],[129.24842,37.38221],[129.24742,37.38276],[129.24726,37.38282],[129.24647,37.38333],[129.24575,37.38375],[129.24407,37.38486],[129.2437,37.38501],[129.24223,37.38571],[129.24184,37.38604],[129.24093,37.38652],[129.24032,37.38693],[129.23967,37.38749],[129.23964,37.38816],[129.24004,37.38857],[129.23962,37.38895],[129.23919,37.38883],[129.2389,37.38896],[129.23819,37.38907],[129.23798,37.38879],[129.23736,37.38857],[129.23682,37.3885],[129.23594,37.38896],[129.23557,37.38905],[129.23497,37.38938],[129.23444,37.38952],[129.23394,37.38981],[129.23339,37.38997],[129.23241,37.39042],[129.23194,37.39081],[129.2308,37.39132],[129.22988,37.39177],[129.22955,37.39205],[129.22895,37.39232],[129.22707,37.39341],[129.22679,37.39365],[129.22602,37.39402],[129.22477,37.39454],[129.22411,37.39508],[129.22387,37.39519],[129.22331,37.39562],[129.22238,37.39614],[129.22164,37.3965],[129.22129,37.39679],[129.22104,37.39724],[129.22114,37.39744],[129.22149,37.39775],[129.22133,37.39785],[129.22078,37.39731],[129.22008,37.39755],[129.21821,37.39875],[129.21811,37.3989],[129.21714,37.39953],[129.21593,37.40044],[129.21566,37.40077],[129.21527,37.4011],[129.21511,37.40151],[129.21527,37.4017],[129.21562,37.40181],[129.21504,37.40216],[129.21464,37.40257],[129.2144,37.4025],[129.2144,37.40219],[129.21402,37.40221],[129.21356,37.40246],[129.21303,37.40297],[129.21274,37.40365],[129.21271,37.40434],[129.2129,37.4047],[129.2131,37.40476],[129.21344,37.40437],[129.21359,37.40454],[129.21309,37.40501],[129.21253,37.40533],[129.21251,37.40508],[129.21163,37.40429],[129.21145,37.40431],[129.21051,37.40483],[129.21022,37.40507],[129.20902,37.40575],[129.20858,37.40604],[129.20797,37.40653],[129.20726,37.40733],[129.20696,37.40776],[129.20611,37.40824],[129.20484,37.40945],[129.20473,37.40986],[129.20567,37.41061],[129.20518,37.41105],[129.20506,37.41091],[129.20534,37.41073],[129.20485,37.41036],[129.20496,37.41027],[129.20454,37.40996],[129.20413,37.40993],[129.20369,37.41007],[129.20305,37.41055],[129.20245,37.41151],[129.20237,37.41183],[129.20242,37.41269],[129.20221,37.41346],[129.20178,37.41374],[129.20173,37.41416],[129.20138,37.41479],[129.20255,37.4152],[129.20275,37.4152],[129.20345,37.41543],[129.20553,37.41335],[129.20606,37.41315],[129.20618,37.41335],[129.20548,37.41409],[129.20365,37.41587],[129.20346,37.41593],[129.20198,37.41545],[129.20178,37.41534],[129.20039,37.41481],[129.20012,37.4154],[129.19917,37.41507],[129.199,37.4153],[129.19875,37.41504],[129.19842,37.41516],[129.19786,37.41562],[129.19752,37.41598],[129.19789,37.41648],[129.19786,37.4167],[129.19753,37.4168],[129.19716,37.41714],[129.19705,37.41741],[129.19719,37.41768],[129.19719,37.41808],[129.19702,37.41831],[129.19718,37.41871],[129.19763,37.41902],[129.19764,37.4192],[129.198,37.41958],[129.19797,37.4199],[129.19763,37.41992],[129.19695,37.41923],[129.19622,37.41892],[129.19541,37.41842],[129.19543,37.41797],[129.19535,37.41769],[129.19546,37.41714],[129.19492,37.41661],[129.19465,37.4162],[129.19411,37.41611],[129.19414,37.41582],[129.19384,37.41546],[129.19309,37.41535],[129.19275,37.41484],[129.19217,37.41433],[129.19175,37.41411],[129.19153,37.41363],[129.19141,37.413],[129.19145,37.41215],[129.1907,37.41218],[129.19005,37.41251],[129.18964,37.41265],[129.1886,37.4129],[129.18799,37.41309],[129.18768,37.41243],[129.1871,37.41209],[129.1869,37.41142],[129.18707,37.41054],[129.18572,37.41036],[129.18521,37.41043],[129.18461,37.41033],[129.18417,37.41035],[129.18279,37.40984],[129.18246,37.40942],[129.18271,37.40843],[129.18223,37.40816],[129.18151,37.40815],[129.18067,37.40783],[129.1803,37.4078],[129.18005,37.40762],[129.17937,37.40669],[129.1783,37.40634],[129.17785,37.40519],[129.17703,37.40475],[129.17631,37.40452],[129.17589,37.40399],[129.17509,37.40349],[129.1731,37.40341],[129.17289,37.40309],[129.17207,37.40227],[129.17112,37.40241],[129.1708,37.40238],[129.17065,37.4021],[129.16987,37.40148],[129.16953,37.40043],[129.1691,37.39944],[129.16878,37.39905],[129.16909,37.39873],[129.16951,37.39842],[129.16952,37.3979],[129.16962,37.39748],[129.16896,37.39674],[129.16901,37.39655],[129.16856,37.39612],[129.1687,37.39564],[129.16911,37.39534],[129.16948,37.39517],[129.16986,37.39485],[129.16992,37.39464],[129.16882,37.39379],[129.16847,37.3937],[129.16833,37.39345],[129.16804,37.39331],[129.16811,37.39274],[129.16722,37.39161],[129.16727,37.39131],[129.16781,37.3905],[129.16793,37.39015],[129.16842,37.38973],[129.16872,37.38934],[129.16853,37.38918],[129.16846,37.38875],[129.16834,37.38863],[129.16759,37.38832],[129.16719,37.38827],[129.16689,37.38796],[129.16678,37.38722],[129.16624,37.38677],[129.16575,37.38624],[129.16578,37.38573],[129.16546,37.38553],[129.16412,37.38361],[129.16562,37.38271],[129.16609,37.38269],[129.16682,37.38205],[129.16758,37.38236],[129.1678,37.38258],[129.16887,37.38309],[129.16934,37.38313],[129.16988,37.383],[129.17029,37.3827],[129.17064,37.38257],[129.17068,37.38201],[129.17054,37.38184],[129.17092,37.38145],[129.17142,37.38108],[129.17184,37.38033],[129.17202,37.38009],[129.17264,37.3798],[129.17327,37.38],[129.17394,37.37971],[129.17507,37.37945],[129.17557,37.37925],[129.1761,37.37937],[129.17728,37.37933],[129.17789,37.37879],[129.17856,37.37844],[129.17921,37.37834],[129.17977,37.3782],[129.1807,37.37823],[129.18071,37.37722],[129.18087,37.37704],[129.18079,37.37637],[129.18082,37.37503],[129.18099,37.37365],[129.18115,37.37333],[129.1805,37.37247],[129.17988,37.37158],[129.1795,37.37132],[129.17822,37.37062],[129.17807,37.37042],[129.17781,37.36956],[129.17781,37.36911],[129.17708,37.36858],[129.17687,37.36795],[129.17639,37.36758],[129.17632,37.36701],[129.17678,37.36642],[129.17696,37.36592],[129.17655,37.36553],[129.17622,37.36537],[129.17591,37.36475],[129.17602,37.36435],[129.1758,37.36407],[129.17572,37.36357],[129.17584,37.36312],[129.17543,37.36253],[129.17503,37.36209],[129.17455,37.36176],[129.17422,37.36175],[129.17423,37.36117],[129.17432,37.36077],[129.17473,37.36035],[129.17492,37.35958],[129.17596,37.35911],[129.1765,37.35861],[129.17691,37.35831],[129.17731,37.35789],[129.17736,37.35741],[129.17819,37.35611],[129.17825,37.35505],[129.17863,37.35448],[129.17988,37.35363],[129.1802,37.35327],[129.18027,37.3527],[129.18063,37.35234],[129.18069,37.35189],[129.18111,37.35115],[129.18168,37.35052],[129.18324,37.35027],[129.18422,37.34959],[129.18471,37.34903],[129.1853,37.34854],[129.18568,37.34791],[129.18676,37.34773],[129.18734,37.3477],[129.18971,37.3471],[129.18938,37.34675],[129.1897,37.34591],[129.19093,37.34369],[129.19191,37.34307],[129.19203,37.3429],[129.19259,37.34265],[129.19363,37.34263],[129.19471,37.34218],[129.19515,37.34192],[129.19562,37.34151],[129.19614,37.34123],[129.19639,37.34098],[129.19673,37.34086],[129.19707,37.34036],[129.19784,37.33995],[129.19813,37.3395],[129.19908,37.33883],[129.19895,37.33842],[129.1991,37.33808],[129.20007,37.33768],[129.20006,37.33713],[129.20083,37.33658],[129.20083,37.33625],[129.2007,37.33592],[129.20085,37.33552],[129.20084,37.33505],[129.20064,37.33458],[129.20073,37.33406],[129.20109,37.33369],[129.20114,37.33315],[129.20111,37.3327],[129.20181,37.33207],[129.20123,37.33197],[129.20108,37.33183],[129.20016,37.33157],[129.19928,37.33119],[129.19911,37.33084],[129.19879,37.33044],[129.19882,37.32988],[129.19905,37.32955],[129.19913,37.32845],[129.19883,37.32801],[129.19882,37.32694],[129.19866,37.32673],[129.19808,37.32639],[129.19778,37.32584],[129.19735,37.32592],[129.19693,37.3261],[129.19621,37.32609],[129.19555,37.32595],[129.19538,37.32583],[129.19491,37.32575],[129.19442,37.3259],[129.19394,37.32587],[129.1932,37.32599],[129.19278,37.3258],[129.19263,37.32562],[129.19254,37.32516],[129.19227,37.32469],[129.19157,37.32398],[129.19154,37.3236],[129.19055,37.32314],[129.19009,37.32305],[129.18962,37.32287],[129.18912,37.32169],[129.18868,37.32115],[129.18833,37.32028],[129.18798,37.32028],[129.18787,37.31988],[129.18815,37.31929],[129.18791,37.31888],[129.18786,37.31848],[129.18769,37.31814],[129.18776,37.31759],[129.18465,37.31426],[129.18311,37.3128],[129.1805,37.30935],[129.17784,37.30629],[129.17643,37.30376],[129.17703,37.30162],[129.17768,37.30146],[129.17892,37.30132],[129.18024,37.30057],[129.18213,37.29993],[129.18214,37.29987],[129.18315,37.29907],[129.18403,37.29894],[129.18551,37.29834],[129.18599,37.29822],[129.18671,37.29834],[129.18698,37.29813],[129.18721,37.29743],[129.18734,37.29722],[129.1881,37.29673],[129.18911,37.2964],[129.1894,37.2964],[129.18973,37.29613],[129.19002,37.29701],[129.19032,37.29729],[129.19073,37.2973],[129.19098,37.29709],[129.19162,37.2961],[129.19173,37.29603],[129.19308,37.29554],[129.19397,37.29575],[129.19595,37.29426],[129.1977,37.29381],[129.19989,37.29243],[129.20308,37.29214],[129.20389,37.29241],[129.20683,37.29174],[129.20758,37.29119],[129.21097,37.29007],[129.21145,37.28996],[129.21196,37.29008],[129.21242,37.29065],[129.21367,37.29008],[129.21389,37.28952],[129.21507,37.28962],[129.21499,37.28898],[129.21614,37.28881],[129.21657,37.28936],[129.21764,37.28873],[129.21725,37.28761],[129.21731,37.2863],[129.21657,37.28599],[129.2164,37.28558],[129.2166,37.28518],[129.21726,37.28486],[129.21808,37.28395],[129.21851,37.28305],[129.21835,37.28212],[129.21899,37.28079],[129.21928,37.27971],[129.22032,37.27936],[129.22052,37.27892],[129.22197,37.27826],[129.22271,37.27726],[129.22328,37.27639],[129.22531,37.27484],[129.2262,37.27344],[129.2273,37.27239],[129.22752,37.2714],[129.22715,37.26984],[129.22605,37.26958],[129.22641,37.26822],[129.22634,37.26744],[129.22652,37.26618],[129.2257,37.26549],[129.22566,37.26475],[129.22539,37.26406],[129.22537,37.26233],[129.22519,37.26219],[129.22438,37.26087],[129.22389,37.25978],[129.2233,37.25908],[129.22477,37.25867],[129.22508,37.25833],[129.22488,37.2579],[129.22567,37.257],[129.2257,37.25355],[129.22546,37.25286],[129.22555,37.25216],[129.22596,37.2517],[129.22617,37.25108],[129.22598,37.25059],[129.22643,37.24972],[129.2269,37.24924],[129.22771,37.24912],[129.22773,37.24875],[129.22834,37.24824],[129.22837,37.24648],[129.22808,37.24613],[129.22796,37.24564],[129.22748,37.24536],[129.22772,37.2451],[129.22767,37.24463],[129.22741,37.24416],[129.22699,37.24382],[129.22705,37.2435],[129.22677,37.24313],[129.2265,37.24296],[129.22482,37.24104],[129.22454,37.24022],[129.22378,37.23901],[129.22291,37.23839],[129.22326,37.23763],[129.22509,37.2366],[129.22636,37.23451],[129.22666,37.23436],[129.22712,37.2337],[129.22782,37.23341],[129.22852,37.2326],[129.22842,37.23189],[129.22928,37.23138],[129.23057,37.23012],[129.23097,37.22952],[129.23135,37.22928],[129.23138,37.22842],[129.23523,37.22662],[129.23603,37.22672],[129.2363,37.22716],[129.23848,37.22754],[129.23971,37.22853],[129.24024,37.22846],[129.24171,37.22961],[129.24293,37.22908],[129.24491,37.22909],[129.2451,37.22951],[129.24664,37.23075],[129.2475,37.23087],[129.2483,37.23079],[129.2502,37.23252],[129.25024,37.23314],[129.25095,37.23326],[129.25204,37.23401],[129.2527,37.23497],[129.25383,37.23541],[129.25436,37.2355],[129.25511,37.23542],[129.25611,37.23663],[129.25773,37.23692],[129.25838,37.2376],[129.25863,37.23909],[129.2601,37.24043],[129.26155,37.23996],[129.26245,37.23935],[129.26397,37.23947],[129.2659,37.24007],[129.26625,37.24025],[129.2675,37.24005],[129.26677,37.24202],[129.26731,37.24295],[129.26764,37.24403],[129.26745,37.24495],[129.26796,37.24558],[129.27052,37.24537],[129.27066,37.24762],[129.27095,37.24805],[129.2738,37.24912],[129.27546,37.2499],[129.27683,37.24996],[129.27831,37.25036],[129.27942,37.25028],[129.28069,37.251],[129.28172,37.24968],[129.28237,37.25008],[129.28342,37.25026],[129.28429,37.25018],[129.2856,37.2503],[129.28619,37.24995],[129.28674,37.24986],[129.28807,37.24976],[129.28905,37.25117],[129.29001,37.25154],[129.29069,37.2519],[129.29119,37.25239],[129.29141,37.25244],[129.29226,37.25391],[129.29467,37.25528],[129.29566,37.25696],[129.29636,37.25728],[129.2967,37.25817],[129.29753,37.2587],[129.29805,37.25919],[129.29834,37.25884],[129.2987,37.25858],[129.2993,37.25852],[129.29996,37.25805],[129.30108,37.25806],[129.30182,37.2575],[129.30227,37.25692],[129.30304,37.25643],[129.30358,37.25617],[129.3045,37.25639],[129.30487,37.25629],[129.30504,37.25612],[129.30587,37.25601],[129.30682,37.25614],[129.30748,37.25648],[129.30814,37.25665],[129.30852,37.25727],[129.30928,37.25755],[129.30987,37.25752],[129.31038,37.25764],[129.31142,37.25743],[129.31192,37.25744],[129.31278,37.25733],[129.31282,37.25746],[129.31249,37.25795],[129.31225,37.25879],[129.31275,37.25939],[129.31291,37.25984],[129.31341,37.26075],[129.31342,37.2615],[129.31291,37.26179],[129.31285,37.26228],[129.31182,37.26283],[129.31115,37.26292],[129.31098,37.26306],[129.31099,37.26397],[129.31104,37.26437],[129.31133,37.2648],[129.31174,37.26559],[129.31197,37.26619],[129.31209,37.26703],[129.3123,37.26754],[129.31256,37.26776],[129.31324,37.26786],[129.31388,37.26822],[129.31515,37.26811],[129.31569,37.26839],[129.31591,37.26861],[129.31618,37.26866],[129.3164,37.26891],[129.31735,37.26957],[129.31818,37.27056],[129.31857,37.27087],[129.31913,37.27106],[129.31969,37.27148],[129.31985,37.27194],[129.32008,37.27205],[129.32057,37.27255],[129.32128,37.27274],[129.32186,37.27328],[129.32187,37.27416],[129.32182,37.27489],[129.32112,37.27502],[129.3204,37.27534],[129.31965,37.27583],[129.31965,37.27642],[129.31929,37.27716],[129.31882,37.27849],[129.31907,37.27912],[129.31873,37.2799],[129.31881,37.28076],[129.31922,37.28112],[129.31921,37.28133],[129.31984,37.28207],[129.32041,37.28243]]]]},"properties":{"code":"32070310","name":"근덕면"}},{"type":"Feature","geometry":{"type":"Polygon","coordinates":[[[128.95762,37.44664],[128.95738,37.44692],[128.95677,37.44722],[128.95668,37.44752],[128.95508,37.44942],[128.9521,37.44963],[128.95086,37.44945],[128.94687,37.44974],[128.94617,37.44954],[128.94385,37.4493],[128.94061,37.45006],[128.93872,37.45103],[128.93711,37.45109],[128.93562,37.45039],[128.93525,37.44988],[128.93547,37.44955],[128.93531,37.44867],[128.93429,37.4476],[128.93237,37.44776],[128.93087,37.44847],[128.92756,37.44856],[128.92712,37.4482],[128.92584,37.44723],[128.92521,37.44707],[128.92485,37.4468],[128.92383,37.44671],[128.92252,37.44627],[128.92118,37.44531],[128.91999,37.44341],[128.91972,37.44262],[128.91909,37.44185],[128.91874,37.44125],[128.91649,37.44066],[128.91449,37.43966],[128.91328,37.43829],[128.91228,37.43804],[128.91163,37.43721],[128.91061,37.43634],[128.9083,37.43687],[128.90722,37.437],[128.90606,37.43748],[128.90531,37.43767],[128.90407,37.43807],[128.9032,37.43759],[128.90279,37.43722],[128.90123,37.43554],[128.90132,37.43486],[128.90002,37.43352],[128.90005,37.43283],[128.89995,37.43265],[128.89841,37.43156],[128.89837,37.43095],[128.89786,37.43029],[128.89795,37.42916],[128.89783,37.42902],[128.89803,37.42736],[128.89713,37.42571],[128.89838,37.42396],[128.89861,37.42185],[128.89859,37.42104],[128.89774,37.42013],[128.89793,37.4196],[128.89769,37.41855],[128.89773,37.41786],[128.89743,37.4168],[128.89768,37.41633],[128.89773,37.41549],[128.8979,37.41512],[128.89741,37.41393],[128.89745,37.41371],[128.89707,37.4129],[128.89682,37.41166],[128.89603,37.41078],[128.89543,37.40956],[128.89455,37.40919],[128.89442,37.40882],[128.89366,37.4082],[128.89318,37.40763],[128.89185,37.40689],[128.89159,37.40666],[128.89034,37.40589],[128.88973,37.40529],[128.88954,37.40484],[128.88782,37.4055],[128.88752,37.40571],[128.88653,37.40579],[128.88589,37.40607],[128.88473,37.40625],[128.88455,37.40586],[128.88383,37.40553],[128.88335,37.40511],[128.88282,37.4044],[128.87924,37.40343],[128.87877,37.40304],[128.8775,37.40251],[128.8755,37.40197],[128.87532,37.4019],[128.87509,37.40154],[128.87391,37.40115],[128.87345,37.40123],[128.87244,37.40101],[128.87072,37.4003],[128.87037,37.39982],[128.8698,37.39875],[128.8698,37.39816],[128.87,37.39748],[128.87043,37.39672],[128.87068,37.39608],[128.87069,37.39543],[128.87038,37.39498],[128.86986,37.39466],[128.86933,37.39454],[128.86798,37.39437],[128.86885,37.39334],[128.86905,37.39277],[128.86914,37.392],[128.86896,37.39145],[128.86852,37.39102],[128.86628,37.39063],[128.86537,37.39035],[128.86515,37.39002],[128.8646,37.38862],[128.86443,37.38756],[128.86429,37.38708],[128.86354,37.38633],[128.86273,37.38586],[128.8626,37.38573],[128.8623,37.3851],[128.86221,37.38472],[128.86175,37.38353],[128.86157,37.38228],[128.86137,37.38202],[128.86058,37.38169],[128.86018,37.38166],[128.85872,37.38177],[128.8583,37.38136],[128.85791,37.38079],[128.85784,37.38035],[128.85798,37.37912],[128.85816,37.37812],[128.85839,37.37733],[128.85825,37.37689],[128.85786,37.37673],[128.85744,37.37665],[128.8571,37.37647],[128.85678,37.37599],[128.85672,37.3756],[128.85675,37.37497],[128.85659,37.37459],[128.85604,37.37421],[128.85597,37.3739],[128.85603,37.37316],[128.85636,37.37257],[128.85619,37.37226],[128.85553,37.37205],[128.85519,37.37183],[128.85497,37.37124],[128.85501,37.3697],[128.85465,37.36899],[128.85436,37.3688],[128.85385,37.36874],[128.85364,37.36853],[128.85389,37.36798],[128.85444,37.36729],[128.85447,37.3667],[128.85435,37.36657],[128.85343,37.36612],[128.85284,37.36597],[128.85209,37.36584],[128.85163,37.36564],[128.85157,37.36543],[128.85166,37.36511],[128.85158,37.36488],[128.85186,37.36466],[128.85229,37.36388],[128.85213,37.36341],[128.85183,37.36306],[128.8513,37.36261],[128.85128,37.3623],[128.85167,37.36177],[128.85168,37.36153],[128.85134,37.36115],[128.85207,37.35975],[128.85217,37.35949],[128.85192,37.35863],[128.85168,37.35853],[128.85029,37.35825],[128.84988,37.35786],[128.84978,37.35713],[128.84905,37.35607],[128.849,37.35573],[128.8492,37.3542],[128.84907,37.3536],[128.8492,37.35319],[128.84922,37.35267],[128.84905,37.35215],[128.84945,37.35163],[128.84942,37.35142],[128.84913,37.35113],[128.84852,37.35072],[128.84834,37.3504],[128.84845,37.34987],[128.84799,37.34918],[128.84782,37.34883],[128.84777,37.34772],[128.84792,37.34737],[128.84766,37.34687],[128.8475,37.34615],[128.84723,37.34577],[128.84708,37.34526],[128.84668,37.34452],[128.84648,37.34432],[128.84615,37.34219],[128.84595,37.34117],[128.84596,37.34039],[128.84603,37.33973],[128.84657,37.3399],[128.84753,37.34048],[128.84824,37.34087],[128.84915,37.34147],[128.84978,37.34131],[128.85176,37.34143],[128.85301,37.34133],[128.85381,37.34109],[128.85483,37.3409],[128.85554,37.34061],[128.8564,37.34083],[128.85669,37.34082],[128.85697,37.34067],[128.85827,37.34032],[128.8586,37.34028],[128.85895,37.34011],[128.86031,37.33961],[128.86115,37.33902],[128.86219,37.33894],[128.86346,37.33846],[128.8646,37.33901],[128.86516,37.33904],[128.86626,37.33903],[128.86685,37.33896],[128.86746,37.33718],[128.86798,37.33628],[128.86802,37.33541],[128.86859,37.33443],[128.86857,37.33345],[128.86939,37.33208],[128.86929,37.3316],[128.86951,37.33098],[128.86946,37.33068],[128.86998,37.3294],[128.87069,37.32905],[128.87077,37.32891],[128.87132,37.32849],[128.87146,37.32809],[128.87332,37.32694],[128.87493,37.32627],[128.87591,37.32589],[128.87623,37.32586],[128.87749,37.32441],[128.87836,37.32399],[128.87795,37.32381],[128.87648,37.32285],[128.87485,37.32195],[128.87405,37.32135],[128.87372,37.32119],[128.87326,37.3211],[128.87283,37.32081],[128.87157,37.31944],[128.87013,37.31901],[128.8694,37.31756],[128.8683,37.31617],[128.86702,37.31486],[128.86697,37.31464],[128.86752,37.31242],[128.86547,37.31192],[128.86476,37.31163],[128.86341,37.31048],[128.8621,37.30962],[128.86144,37.30905],[128.86103,37.30841],[128.86021,37.30775],[128.85973,37.30723],[128.85961,37.3066],[128.85957,37.30535],[128.85917,37.3048],[128.85847,37.30423],[128.85865,37.30287],[128.85861,37.3015],[128.85879,37.30017],[128.85916,37.30001],[128.85928,37.29979],[128.85922,37.29939],[128.85933,37.29899],[128.8598,37.29808],[128.86049,37.2977],[128.86138,37.29683],[128.86166,37.29647],[128.8628,37.29619],[128.86339,37.29613],[128.86373,37.29573],[128.86411,37.29558],[128.8642,37.29528],[128.86439,37.29513],[128.8645,37.29472],[128.86514,37.29401],[128.86537,37.29387],[128.86585,37.29322],[128.86664,37.29311],[128.86732,37.29322],[128.86775,37.29299],[128.86825,37.29304],[128.8698,37.29215],[128.87098,37.29182],[128.87126,37.29141],[128.87215,37.29042],[128.87234,37.29016],[128.87233,37.28962],[128.87243,37.28923],[128.87228,37.289],[128.87187,37.28814],[128.87221,37.2876],[128.87189,37.28707],[128.87176,37.28671],[128.87182,37.28592],[128.87167,37.28488],[128.87169,37.28445],[128.87206,37.28408],[128.87228,37.28369],[128.87292,37.28287],[128.87312,37.2824],[128.87314,37.28182],[128.87358,37.2816],[128.87389,37.2812],[128.87415,37.28111],[128.87453,37.2808],[128.87488,37.28075],[128.87572,37.28008],[128.87607,37.27965],[128.8771,37.27869],[128.87759,37.27869],[128.88021,37.2783],[128.88131,37.2784],[128.88175,37.27823],[128.88238,37.27783],[128.88296,37.27697],[128.88397,37.27668],[128.88446,37.2768],[128.8849,37.27699],[128.88545,37.27698],[128.8861,37.27665],[128.88634,37.27667],[128.88702,37.27655],[128.88798,37.27629],[128.88874,37.27593],[128.88874,37.27549],[128.88852,37.27511],[128.8883,37.27451],[128.88838,37.27394],[128.88822,37.27354],[128.88763,37.27306],[128.88717,37.27308],[128.88655,37.27294],[128.8857,37.27313],[128.88526,37.27315],[128.88481,37.27288],[128.88434,37.27282],[128.88396,37.27287],[128.88302,37.2723],[128.88254,37.27222],[128.88207,37.27185],[128.88216,37.27146],[128.88188,37.27095],[128.88121,37.26893],[128.88113,37.26824],[128.88096,37.26774],[128.88066,37.2675],[128.8804,37.26639],[128.88031,37.26571],[128.87992,37.26492],[128.88003,37.26463],[128.88025,37.26439],[128.88087,37.26391],[128.88175,37.26292],[128.88281,37.26243],[128.88349,37.26196],[128.88455,37.26196],[128.88524,37.2621],[128.8861,37.26207],[128.88681,37.26176],[128.88696,37.26153],[128.88714,37.26088],[128.88778,37.2599],[128.88821,37.25936],[128.88847,37.2589],[128.88986,37.25769],[128.8911,37.25636],[128.89145,37.25596],[128.89159,37.25519],[128.8917,37.25496],[128.89206,37.25461],[128.89257,37.25437],[128.89287,37.25432],[128.89353,37.25436],[128.8938,37.25429],[128.89417,37.25403],[128.89447,37.25365],[128.8947,37.25349],[128.89472,37.2531],[128.89498,37.25299],[128.89514,37.2527],[128.895,37.2522],[128.89528,37.25166],[128.89607,37.25119],[128.89648,37.25102],[128.89695,37.25028],[128.89691,37.24986],[128.89672,37.2497],[128.89668,37.24934],[128.89691,37.24914],[128.89775,37.24885],[128.89801,37.24848],[128.89803,37.24801],[128.89828,37.24639],[128.89849,37.24574],[128.89911,37.24519],[128.89975,37.24434],[128.90031,37.24392],[128.90068,37.24331],[128.9008,37.24291],[128.90081,37.24238],[128.90071,37.24187],[128.90067,37.2402],[128.89988,37.23904],[128.89966,37.23853],[128.89963,37.23819],[128.89886,37.23709],[128.8986,37.23647],[128.89865,37.23595],[128.89892,37.23542],[128.89925,37.235],[128.89986,37.23474],[128.90015,37.23403],[128.9,37.23337],[128.90017,37.23306],[128.90081,37.23265],[128.90098,37.23122],[128.90118,37.23077],[128.90168,37.23063],[128.90218,37.2304],[128.90241,37.23004],[128.90315,37.22869],[128.90394,37.22803],[128.9044,37.22784],[128.90439,37.22726],[128.90363,37.22569],[128.90355,37.22491],[128.90381,37.224],[128.90408,37.22234],[128.90492,37.22094],[128.9054,37.21946],[128.90546,37.21792],[128.90602,37.21771],[128.9067,37.2172],[128.90719,37.21665],[128.90797,37.21655],[128.90785,37.21662],[128.90918,37.21715],[128.91005,37.21774],[128.91085,37.21978],[128.91238,37.22144],[128.9131,37.2219],[128.91388,37.22288],[128.91438,37.22307],[128.91529,37.22358],[128.91707,37.22553],[128.91694,37.22699],[128.91688,37.22796],[128.91691,37.2283],[128.9173,37.22899],[128.91726,37.23155],[128.91775,37.23236],[128.91787,37.23348],[128.91762,37.23477],[128.91832,37.23556],[128.91845,37.23668],[128.91835,37.23743],[128.91801,37.2384],[128.91784,37.23945],[128.91811,37.24005],[128.91935,37.24053],[128.92098,37.24124],[128.9216,37.24131],[128.9227,37.24164],[128.92389,37.24275],[128.92537,37.24243],[128.92601,37.24226],[128.92736,37.24178],[128.92912,37.24098],[128.9296,37.24072],[128.93038,37.24168],[128.93176,37.24258],[128.93195,37.24285],[128.9321,37.24367],[128.93267,37.24423],[128.93428,37.24488],[128.93538,37.24536],[128.93519,37.24585],[128.93481,37.24639],[128.93466,37.24795],[128.93471,37.2487],[128.9346,37.24987],[128.93439,37.25056],[128.93373,37.25194],[128.93321,37.25315],[128.93322,37.25401],[128.93336,37.25452],[128.93397,37.25555],[128.93477,37.25657],[128.93499,37.25718],[128.93406,37.25729],[128.93347,37.25694],[128.9322,37.25723],[128.93109,37.25887],[128.93124,37.25936],[128.93099,37.25963],[128.93097,37.26082],[128.93084,37.26135],[128.93086,37.26222],[128.93101,37.26251],[128.93054,37.26283],[128.92971,37.26333],[128.92896,37.26498],[128.92892,37.26577],[128.9288,37.26598],[128.92912,37.26658],[128.92917,37.2668],[128.92904,37.26761],[128.92846,37.26812],[128.92787,37.26852],[128.92788,37.26917],[128.92767,37.26993],[128.92755,37.27011],[128.9266,37.27052],[128.92516,37.27172],[128.92462,37.27239],[128.92433,37.27254],[128.92436,37.27296],[128.925,37.27341],[128.92541,37.27355],[128.92618,37.27414],[128.92766,37.27375],[128.92846,37.27376],[128.92921,37.27391],[128.92995,37.27414],[128.9305,37.27449],[128.93243,37.27371],[128.93396,37.27312],[128.93658,37.27412],[128.93733,37.27666],[128.94071,37.27908],[128.94104,37.27937],[128.94139,37.28106],[128.94035,37.2824],[128.93959,37.28389],[128.94064,37.28585],[128.94162,37.28632],[128.94185,37.28727],[128.94158,37.28761],[128.94154,37.28889],[128.9424,37.28896],[128.94303,37.28937],[128.94389,37.28964],[128.94488,37.29],[128.94522,37.28983],[128.94576,37.28973],[128.94645,37.29023],[128.94625,37.29083],[128.94582,37.29125],[128.94575,37.29163],[128.94535,37.29235],[128.94531,37.29291],[128.94494,37.29392],[128.94439,37.29454],[128.94378,37.29567],[128.94261,37.29665],[128.94231,37.29765],[128.94336,37.29949],[128.94361,37.30035],[128.94353,37.30127],[128.9436,37.30267],[128.94349,37.30413],[128.94323,37.30514],[128.94328,37.30554],[128.94369,37.30572],[128.94387,37.30593],[128.94458,37.30636],[128.94482,37.30671],[128.94577,37.30691],[128.94675,37.30736],[128.94753,37.30757],[128.94767,37.30769],[128.94852,37.30809],[128.94929,37.30803],[128.95097,37.30779],[128.9523,37.31023],[128.95294,37.31124],[128.9534,37.31321],[128.95402,37.31345],[128.95378,37.31426],[128.95428,37.3149],[128.95514,37.31581],[128.95606,37.31647],[128.95697,37.31812],[128.95701,37.31823],[128.95706,37.31941],[128.95723,37.32015],[128.95772,37.32081],[128.95785,37.32112],[128.95781,37.32162],[128.958,37.32231],[128.95995,37.32377],[128.96086,37.32451],[128.96102,37.32501],[128.96208,37.32622],[128.96222,37.32655],[128.9631,37.32699],[128.96333,37.32774],[128.96367,37.32802],[128.96367,37.32888],[128.96385,37.32925],[128.96418,37.32958],[128.96478,37.32964],[128.9652,37.32978],[128.96589,37.33023],[128.96617,37.33025],[128.96616,37.33083],[128.96742,37.33157],[128.96778,37.33194],[128.96819,37.33277],[128.96845,37.333],[128.96875,37.33342],[128.96881,37.33367],[128.96873,37.33396],[128.96896,37.3347],[128.96902,37.33514],[128.96875,37.33587],[128.96898,37.33635],[128.96905,37.3367],[128.96932,37.33691],[128.96965,37.33668],[128.97008,37.33658],[128.97043,37.33604],[128.97094,37.33499],[128.97103,37.33442],[128.97394,37.33506],[128.97475,37.33534],[128.97598,37.3359],[128.97675,37.33592],[128.97739,37.33608],[128.97811,37.33641],[128.97956,37.33622],[128.98199,37.33618],[128.9831,37.33583],[128.98365,37.3356],[128.98499,37.3354],[128.98608,37.3356],[128.98694,37.33581],[128.98793,37.33572],[128.98837,37.33538],[128.98926,37.33528],[128.99033,37.33412],[128.9916,37.33549],[128.99255,37.33572],[128.99299,37.33597],[128.99529,37.33603],[128.99648,37.33685],[128.99714,37.33708],[128.99783,37.33761],[128.99932,37.3385],[128.99929,37.34],[129.00007,37.3401],[129.00037,37.34029],[129.00133,37.34104],[129.00226,37.34274],[129.00236,37.34374],[129.005,37.34463],[129.00745,37.34559],[129.00826,37.34554],[129.0095,37.34554],[129.00992,37.3471],[129.01073,37.34857],[129.01115,37.35046],[129.01185,37.35104],[129.01292,37.35152],[129.01433,37.35231],[129.01514,37.35339],[129.01492,37.35379],[129.01464,37.35474],[129.01465,37.35511],[129.01445,37.35662],[129.01373,37.35831],[129.01367,37.35998],[129.01301,37.36054],[129.01255,37.36124],[129.01262,37.3615],[129.01318,37.36195],[129.01356,37.36279],[129.01343,37.36372],[129.01448,37.36522],[129.01499,37.36543],[129.01565,37.36614],[129.01598,37.36717],[129.01579,37.36868],[129.01581,37.37037],[129.01533,37.37151],[129.01556,37.37198],[129.01528,37.37255],[129.01537,37.37334],[129.01553,37.37404],[129.01625,37.3747],[129.01651,37.37535],[129.01654,37.37581],[129.01622,37.37619],[129.01602,37.3778],[129.01561,37.37825],[129.01578,37.37913],[129.01535,37.38009],[129.0149,37.38022],[129.01458,37.38052],[129.01413,37.38065],[129.01299,37.3821],[129.01261,37.38233],[129.01221,37.38301],[129.01229,37.38413],[129.01256,37.38557],[129.01274,37.38607],[129.01305,37.38625],[129.01346,37.38673],[129.01424,37.38738],[129.01442,37.38769],[129.01486,37.38818],[129.0149,37.38843],[129.01539,37.3887],[129.01577,37.38978],[129.01611,37.3899],[129.01684,37.39089],[129.01648,37.39079],[129.0153,37.39082],[129.01438,37.39125],[129.01232,37.39177],[129.0106,37.3907],[129.00982,37.39067],[129.0098,37.39103],[129.00858,37.39184],[129.00738,37.39446],[129.00664,37.39489],[129.00637,37.39633],[129.00675,37.39731],[129.00666,37.39894],[129.00565,37.4002],[129.00499,37.40088],[129.0045,37.40099],[129.00464,37.40188],[129.00433,37.40346],[129.00528,37.40412],[129.00589,37.40519],[129.00724,37.40707],[129.00745,37.4087],[129.00897,37.41127],[129.00853,37.41202],[129.00818,37.41344],[129.00678,37.41455],[129.00541,37.41527],[129.00418,37.41576],[129.00342,37.41659],[129.00186,37.41743],[129.00131,37.41834],[129.00118,37.42009],[129.00081,37.42057],[129.00054,37.42218],[129.0011,37.42301],[129.00241,37.42424],[129.00409,37.42557],[129.00445,37.42655],[129.00444,37.4268],[129.00355,37.42746],[129.00281,37.4276],[129.00244,37.42821],[129.00225,37.42865],[128.99942,37.42987],[128.99879,37.42972],[128.99762,37.43039],[128.99518,37.4307],[128.99318,37.43059],[128.99278,37.43116],[128.9915,37.43188],[128.98887,37.43224],[128.98827,37.43227],[128.98704,37.43292],[128.98635,37.43345],[128.98573,37.43366],[128.9853,37.43371],[128.98463,37.43393],[128.98341,37.4339],[128.98157,37.43399],[128.98101,37.43416],[128.9799,37.4338],[128.97913,37.43405],[128.97754,37.433],[128.97589,37.43302],[128.97524,37.43324],[128.97438,37.43388],[128.97331,37.43434],[128.97253,37.43453],[128.97275,37.43613],[128.97236,37.43661],[128.97148,37.43791],[128.97093,37.43847],[128.96866,37.44008],[128.96656,37.44075],[128.96534,37.4418],[128.96375,37.44186],[128.96253,37.44232],[128.9621,37.44266],[128.96107,37.44324],[128.95906,37.4439],[128.95856,37.44425],[128.95815,37.44533],[128.95815,37.44601],[128.95762,37.44664]]]},"properties":{"code":"32070320","name":"하장면"}},{"type":"Feature","geometry":{"type":"Polygon","coordinates":[[[129.16412,37.38361],[129.16337,37.38333],[129.16278,37.38292],[129.16246,37.38263],[129.16207,37.38256],[129.16148,37.38224],[129.16113,37.38168],[129.16089,37.38151],[129.16069,37.3812],[129.15985,37.38055],[129.15853,37.38084],[129.15765,37.37965],[129.15733,37.37946],[129.15714,37.37904],[129.15654,37.37884],[129.15573,37.3788],[129.15545,37.37828],[129.15402,37.37737],[129.15359,37.3775],[129.15303,37.37791],[129.15247,37.37825],[129.15235,37.37854],[129.15182,37.37871],[129.151,37.37931],[129.15009,37.37979],[129.14958,37.37981],[129.14902,37.38013],[129.14875,37.38007],[129.14717,37.38129],[129.14705,37.38157],[129.14648,37.38201],[129.14609,37.38263],[129.14606,37.38298],[129.14566,37.38384],[129.14568,37.38399],[129.14618,37.3849],[129.14681,37.38534],[129.1474,37.3861],[129.14757,37.38665],[129.14752,37.38722],[129.14762,37.38759],[129.14794,37.38801],[129.14806,37.38887],[129.14806,37.38936],[129.14782,37.38953],[129.14734,37.38966],[129.14696,37.38997],[129.14638,37.39024],[129.14611,37.39057],[129.14534,37.39108],[129.14441,37.39179],[129.14428,37.39159],[129.14362,37.39105],[129.14312,37.39089],[129.14242,37.39055],[129.14151,37.39053],[129.14082,37.39039],[129.13978,37.38976],[129.1393,37.38936],[129.13889,37.38918],[129.1382,37.38901],[129.13727,37.38764],[129.13728,37.38649],[129.13689,37.38616],[129.13626,37.38586],[129.13526,37.38587],[129.13483,37.3857],[129.13456,37.3848],[129.13468,37.38407],[129.13445,37.38357],[129.1339,37.38264],[129.13345,37.38205],[129.13213,37.38153],[129.13158,37.38085],[129.13058,37.38059],[129.12984,37.38034],[129.12984,37.37964],[129.12944,37.37775],[129.12826,37.37702],[129.1261,37.37658],[129.12553,37.37663],[129.12517,37.37681],[129.12394,37.37695],[129.12309,37.3766],[129.12232,37.37616],[129.12173,37.37562],[129.12081,37.37512],[129.1204,37.37435],[129.12023,37.37383],[129.11929,37.37382],[129.11871,37.37348],[129.117,37.37391],[129.11542,37.37336],[129.115,37.37317],[129.11475,37.37325],[129.11231,37.37203],[129.11142,37.37167],[129.11098,37.37166],[129.10933,37.37108],[129.10882,37.37093],[129.10861,37.37048],[129.10817,37.37017],[129.10713,37.36991],[129.10674,37.36855],[129.10626,37.36841],[129.1061,37.36809],[129.10562,37.36801],[129.10436,37.36746],[129.10425,37.36724],[129.10357,37.36691],[129.10273,37.36634],[129.10215,37.36615],[129.10124,37.36555],[129.10063,37.36557],[129.10071,37.36466],[129.10026,37.36359],[129.10035,37.36286],[129.09988,37.3619],[129.09963,37.36088],[129.09956,37.36009],[129.09982,37.35949],[129.10051,37.35894],[129.10131,37.35872],[129.1018,37.35877],[129.10215,37.35782],[129.10309,37.35644],[129.104,37.35541],[129.10383,37.35482],[129.10402,37.3544],[129.10393,37.35411],[129.10361,37.35354],[129.10374,37.35292],[129.1047,37.35155],[129.10581,37.35082],[129.10564,37.35021],[129.10569,37.34932],[129.10592,37.34843],[129.10592,37.34824],[129.10569,37.34762],[129.10602,37.34695],[129.10584,37.34631],[129.10595,37.34579],[129.10614,37.34552],[129.1061,37.34516],[129.1058,37.3446],[129.1061,37.34426],[129.10619,37.34373],[129.10648,37.34317],[129.10689,37.34257],[129.10682,37.34178],[129.10662,37.34136],[129.10698,37.34044],[129.10688,37.3402],[129.10717,37.3399],[129.10816,37.33972],[129.11002,37.3387],[129.11176,37.33782],[129.11234,37.33745],[129.11373,37.33641],[129.11464,37.33547],[129.1155,37.33488],[129.11566,37.33457],[129.1166,37.33302],[129.11546,37.3322],[129.11477,37.33196],[129.11412,37.33148],[129.11341,37.3311],[129.11294,37.33049],[129.11284,37.33011],[129.1125,37.32979],[129.11233,37.3291],[129.11091,37.32872],[129.11059,37.32855],[129.11024,37.32808],[129.11032,37.32768],[129.11,37.32721],[129.10982,37.32659],[129.10962,37.32633],[129.10959,37.32583],[129.11017,37.32499],[129.11066,37.32479],[129.11149,37.32391],[129.11275,37.32345],[129.11294,37.32318],[129.11268,37.32268],[129.11212,37.32239],[129.11169,37.32163],[129.11165,37.32087],[129.11111,37.32043],[129.11099,37.3198],[129.11086,37.3184],[129.1107,37.31785],[129.11117,37.31713],[129.10964,37.31527],[129.10944,37.31465],[129.10918,37.31446],[129.10862,37.31428],[129.10813,37.31429],[129.10773,37.31385],[129.10751,37.31376],[129.10732,37.31342],[129.10699,37.31307],[129.10707,37.31199],[129.10735,37.31163],[129.10753,37.31056],[129.10787,37.30962],[129.10724,37.30862],[129.10624,37.30795],[129.10512,37.30672],[129.10377,37.30599],[129.10314,37.30583],[129.1028,37.30553],[129.10133,37.30529],[129.1009,37.30414],[129.10105,37.30305],[129.10155,37.30189],[129.10126,37.30162],[129.10126,37.30089],[129.10105,37.30028],[129.10084,37.29992],[129.10098,37.29894],[129.10225,37.29781],[129.10319,37.2968],[129.1032,37.29658],[129.10358,37.29595],[129.10299,37.29511],[129.10272,37.29417],[129.1032,37.29326],[129.10431,37.29199],[129.10454,37.29014],[129.10446,37.28958],[129.10544,37.28807],[129.10507,37.28618],[129.1056,37.28545],[129.10621,37.28537],[129.10663,37.28449],[129.10765,37.28385],[129.10844,37.28366],[129.10888,37.28347],[129.1091,37.28323],[129.10931,37.28156],[129.10794,37.28057],[129.1084,37.27789],[129.10994,37.27679],[129.11151,37.27448],[129.11131,37.27286],[129.11152,37.27083],[129.11253,37.26958],[129.11394,37.26946],[129.11581,37.26725],[129.11583,37.26621],[129.11722,37.26395],[129.11787,37.26351],[129.11883,37.26208],[129.12009,37.26142],[129.12143,37.26031],[129.12262,37.26007],[129.12414,37.26066],[129.12632,37.26066],[129.12879,37.25919],[129.1297,37.25816],[129.13009,37.25664],[129.13031,37.2563],[129.13003,37.2559],[129.12953,37.25465],[129.12961,37.25278],[129.12931,37.25126],[129.1284,37.24951],[129.12837,37.2492],[129.12798,37.24876],[129.12801,37.24836],[129.12751,37.24788],[129.12532,37.24693],[129.12371,37.24461],[129.122,37.24249],[129.11994,37.24226],[129.11956,37.24077],[129.11888,37.2395],[129.11924,37.23793],[129.11902,37.23736],[129.11903,37.23629],[129.11945,37.23541],[129.12003,37.23471],[129.12078,37.23396],[129.12108,37.23282],[129.1217,37.23148],[129.12288,37.22971],[129.12347,37.22828],[129.12465,37.22848],[129.12644,37.22849],[129.128,37.22784],[129.12999,37.22674],[129.13136,37.22549],[129.13142,37.22595],[129.13238,37.22699],[129.13291,37.22716],[129.13313,37.22715],[129.13413,37.22768],[129.1348,37.22779],[129.1358,37.22908],[129.13645,37.22927],[129.1371,37.22916],[129.13852,37.2294],[129.14031,37.2287],[129.14221,37.22876],[129.14319,37.22808],[129.14325,37.22688],[129.14385,37.22629],[129.14423,37.22579],[129.14432,37.2241],[129.14521,37.22363],[129.14547,37.22315],[129.14602,37.22281],[129.14602,37.22255],[129.14703,37.22161],[129.14841,37.22051],[129.14901,37.21874],[129.1494,37.21837],[129.14928,37.21814],[129.1501,37.2165],[129.14982,37.21542],[129.15051,37.21446],[129.15059,37.2142],[129.15089,37.21279],[129.15125,37.21245],[129.15129,37.21165],[129.15152,37.2114],[129.152,37.21124],[129.1529,37.21065],[129.15322,37.21021],[129.15529,37.20959],[129.15586,37.20977],[129.15647,37.20923],[129.15832,37.20864],[129.1591,37.20866],[129.16095,37.20805],[129.16203,37.20843],[129.16319,37.20832],[129.16418,37.20849],[129.16564,37.20838],[129.16621,37.20708],[129.16613,37.20652],[129.16549,37.20599],[129.16509,37.20431],[129.16649,37.20345],[129.16847,37.20301],[129.16908,37.20313],[129.1693,37.20347],[129.17187,37.2036],[129.17256,37.20424],[129.17414,37.20399],[129.17627,37.20468],[129.17666,37.20498],[129.17708,37.205],[129.17769,37.20536],[129.17889,37.20552],[129.18084,37.20507],[129.18189,37.20528],[129.18174,37.20621],[129.18283,37.20916],[129.18401,37.20999],[129.18438,37.21064],[129.18408,37.21119],[129.18412,37.21169],[129.18397,37.21205],[129.18414,37.21266],[129.18384,37.21289],[129.18438,37.21455],[129.18385,37.21615],[129.18415,37.21638],[129.18331,37.21683],[129.18247,37.21776],[129.18203,37.21954],[129.18243,37.21989],[129.18439,37.22024],[129.18475,37.22088],[129.18461,37.22194],[129.18423,37.22241],[129.18403,37.22333],[129.18432,37.22392],[129.18525,37.22342],[129.18592,37.22393],[129.18696,37.2241],[129.18707,37.22309],[129.18954,37.22295],[129.19048,37.2235],[129.19167,37.22329],[129.19287,37.22332],[129.193,37.22254],[129.19376,37.2224],[129.19487,37.22166],[129.19519,37.22202],[129.19567,37.22221],[129.19625,37.22273],[129.19755,37.22309],[129.19902,37.22293],[129.19987,37.22233],[129.20031,37.2223],[129.20098,37.22143],[129.20334,37.22104],[129.20382,37.22076],[129.20501,37.21879],[129.20625,37.21884],[129.20663,37.21864],[129.20681,37.21841],[129.20739,37.21856],[129.20844,37.21834],[129.21046,37.2188],[129.21062,37.21925],[129.21106,37.21938],[129.21186,37.21919],[129.2127,37.21988],[129.21393,37.21985],[129.21453,37.22039],[129.21447,37.22152],[129.21476,37.22183],[129.21478,37.22236],[129.21417,37.22265],[129.21411,37.22317],[129.21368,37.22379],[129.2141,37.22421],[129.21404,37.2253],[129.21498,37.22566],[129.21503,37.22642],[129.2168,37.22701],[129.21741,37.22743],[129.21699,37.22801],[129.21775,37.22915],[129.21725,37.23096],[129.2177,37.23157],[129.21927,37.23233],[129.21998,37.23323],[129.21997,37.23343],[129.22032,37.2342],[129.21986,37.23536],[129.21955,37.23811],[129.22056,37.23782],[129.22194,37.23829],[129.22291,37.23839],[129.22378,37.23901],[129.22454,37.24022],[129.22482,37.24104],[129.2265,37.24296],[129.22677,37.24313],[129.22705,37.2435],[129.22699,37.24382],[129.22741,37.24416],[129.22767,37.24463],[129.22772,37.2451],[129.22748,37.24536],[129.22796,37.24564],[129.22808,37.24613],[129.22837,37.24648],[129.22834,37.24824],[129.22773,37.24875],[129.22771,37.24912],[129.2269,37.24924],[129.22643,37.24972],[129.22598,37.25059],[129.22617,37.25108],[129.22596,37.2517],[129.22555,37.25216],[129.22546,37.25286],[129.2257,37.25355],[129.22567,37.257],[129.22488,37.2579],[129.22508,37.25833],[129.22477,37.25867],[129.2233,37.25908],[129.22389,37.25978],[129.22438,37.26087],[129.22519,37.26219],[129.22537,37.26233],[129.22539,37.26406],[129.22566,37.26475],[129.2257,37.26549],[129.22652,37.26618],[129.22634,37.26744],[129.22641,37.26822],[129.22605,37.26958],[129.22715,37.26984],[129.22752,37.2714],[129.2273,37.27239],[129.2262,37.27344],[129.22531,37.27484],[129.22328,37.27639],[129.22271,37.27726],[129.22197,37.27826],[129.22052,37.27892],[129.22032,37.27936],[129.21928,37.27971],[129.21899,37.28079],[129.21835,37.28212],[129.21851,37.28305],[129.21808,37.28395],[129.21726,37.28486],[129.2166,37.28518],[129.2164,37.28558],[129.21657,37.28599],[129.21731,37.2863],[129.21725,37.28761],[129.21764,37.28873],[129.21657,37.28936],[129.21614,37.28881],[129.21499,37.28898],[129.21507,37.28962],[129.21389,37.28952],[129.21367,37.29008],[129.21242,37.29065],[129.21196,37.29008],[129.21145,37.28996],[129.21097,37.29007],[129.20758,37.29119],[129.20683,37.29174],[129.20389,37.29241],[129.20308,37.29214],[129.19989,37.29243],[129.1977,37.29381],[129.19595,37.29426],[129.19397,37.29575],[129.19308,37.29554],[129.19173,37.29603],[129.19162,37.2961],[129.19098,37.29709],[129.19073,37.2973],[129.19032,37.29729],[129.19002,37.29701],[129.18973,37.29613],[129.1894,37.2964],[129.18911,37.2964],[129.1881,37.29673],[129.18734,37.29722],[129.18721,37.29743],[129.18698,37.29813],[129.18671,37.29834],[129.18599,37.29822],[129.18551,37.29834],[129.18403,37.29894],[129.18315,37.29907],[129.18214,37.29987],[129.18213,37.29993],[129.18024,37.30057],[129.17892,37.30132],[129.17768,37.30146],[129.17703,37.30162],[129.17643,37.30376],[129.17784,37.30629],[129.1805,37.30935],[129.18311,37.3128],[129.18465,37.31426],[129.18776,37.31759],[129.18769,37.31814],[129.18786,37.31848],[129.18791,37.31888],[129.18815,37.31929],[129.18787,37.31988],[129.18798,37.32028],[129.18833,37.32028],[129.18868,37.32115],[129.18912,37.32169],[129.18962,37.32287],[129.19009,37.32305],[129.19055,37.32314],[129.19154,37.3236],[129.19157,37.32398],[129.19227,37.32469],[129.19254,37.32516],[129.19263,37.32562],[129.19278,37.3258],[129.1932,37.32599],[129.19394,37.32587],[129.19442,37.3259],[129.19491,37.32575],[129.19538,37.32583],[129.19555,37.32595],[129.19621,37.32609],[129.19693,37.3261],[129.19735,37.32592],[129.19778,37.32584],[129.19808,37.32639],[129.19866,37.32673],[129.19882,37.32694],[129.19883,37.32801],[129.19913,37.32845],[129.19905,37.32955],[129.19882,37.32988],[129.19879,37.33044],[129.19911,37.33084],[129.19928,37.33119],[129.20016,37.33157],[129.20108,37.33183],[129.20123,37.33197],[129.20181,37.33207],[129.20111,37.3327],[129.20114,37.33315],[129.20109,37.33369],[129.20073,37.33406],[129.20064,37.33458],[129.20084,37.33505],[129.20085,37.33552],[129.2007,37.33592],[129.20083,37.33625],[129.20083,37.33658],[129.20006,37.33713],[129.20007,37.33768],[129.1991,37.33808],[129.19895,37.33842],[129.19908,37.33883],[129.19813,37.3395],[129.19784,37.33995],[129.19707,37.34036],[129.19673,37.34086],[129.19639,37.34098],[129.19614,37.34123],[129.19562,37.34151],[129.19515,37.34192],[129.19471,37.34218],[129.19363,37.34263],[129.19259,37.34265],[129.19203,37.3429],[129.19191,37.34307],[129.19093,37.34369],[129.1897,37.34591],[129.18938,37.34675],[129.18971,37.3471],[129.18734,37.3477],[129.18676,37.34773],[129.18568,37.34791],[129.1853,37.34854],[129.18471,37.34903],[129.18422,37.34959],[129.18324,37.35027],[129.18168,37.35052],[129.18111,37.35115],[129.18069,37.35189],[129.18063,37.35234],[129.18027,37.3527],[129.1802,37.35327],[129.17988,37.35363],[129.17863,37.35448],[129.17825,37.35505],[129.17819,37.35611],[129.17736,37.35741],[129.17731,37.35789],[129.17691,37.35831],[129.1765,37.35861],[129.17596,37.35911],[129.17492,37.35958],[129.17473,37.36035],[129.17432,37.36077],[129.17423,37.36117],[129.17422,37.36175],[129.17455,37.36176],[129.17503,37.36209],[129.17543,37.36253],[129.17584,37.36312],[129.17572,37.36357],[129.1758,37.36407],[129.17602,37.36435],[129.17591,37.36475],[129.17622,37.36537],[129.17655,37.36553],[129.17696,37.36592],[129.17678,37.36642],[129.17632,37.36701],[129.17639,37.36758],[129.17687,37.36795],[129.17708,37.36858],[129.17781,37.36911],[129.17781,37.36956],[129.17807,37.37042],[129.17822,37.37062],[129.1795,37.37132],[129.17988,37.37158],[129.1805,37.37247],[129.18115,37.37333],[129.18099,37.37365],[129.18082,37.37503],[129.18079,37.37637],[129.18087,37.37704],[129.18071,37.37722],[129.1807,37.37823],[129.17977,37.3782],[129.17921,37.37834],[129.17856,37.37844],[129.17789,37.37879],[129.17728,37.37933],[129.1761,37.37937],[129.17557,37.37925],[129.17507,37.37945],[129.17394,37.37971],[129.17327,37.38],[129.17264,37.3798],[129.17202,37.38009],[129.17184,37.38033],[129.17142,37.38108],[129.17092,37.38145],[129.17054,37.38184],[129.17068,37.38201],[129.17064,37.38257],[129.17029,37.3827],[129.16988,37.383],[129.16934,37.38313],[129.16887,37.38309],[129.1678,37.38258],[129.16758,37.38236],[129.16682,37.38205],[129.16609,37.38269],[129.16562,37.38271],[129.16412,37.38361]]]},"properties":{"code":"32070330","name":"노곡면"}},{"type":"Feature","geometry":{"type":"Polygon","coordinates":[[[129.07685,37.45644],[129.07641,37.45642],[129.07521,37.45661],[129.0746,37.45636],[129.07406,37.45628],[129.07329,37.45676],[129.07298,37.45683],[129.07237,37.45725],[129.07167,37.4575],[129.07148,37.45797],[129.07078,37.45842],[129.06984,37.45835],[129.06922,37.45856],[129.06843,37.45851],[129.06793,37.4587],[129.06743,37.45907],[129.06703,37.45922],[129.06599,37.46004],[129.06565,37.46038],[129.06521,37.46029],[129.06459,37.45993],[129.06345,37.45979],[129.06215,37.45957],[129.06084,37.45956],[129.05932,37.45926],[129.059,37.45891],[129.05847,37.45892],[129.05765,37.45876],[129.05706,37.45876],[129.0562,37.45859],[129.05522,37.45894],[129.05435,37.45858],[129.05447,37.45801],[129.05383,37.45701],[129.05292,37.45683],[129.05241,37.45657],[129.05178,37.45659],[129.05147,37.45633],[129.05063,37.45604],[129.04997,37.45647],[129.04958,37.45664],[129.0482,37.45695],[129.04675,37.45616],[129.04561,37.45608],[129.04486,37.45577],[129.04388,37.45573],[129.04354,37.45565],[129.04312,37.45508],[129.04214,37.45454],[129.04117,37.45406],[129.04017,37.45368],[129.03914,37.45358],[129.03815,37.45327],[129.03722,37.4528],[129.0363,37.45227],[129.03564,37.45109],[129.03554,37.45021],[129.03556,37.44953],[129.03396,37.44862],[129.03355,37.44852],[129.03308,37.44823],[129.03214,37.44747],[129.03047,37.44697],[129.02923,37.44699],[129.02765,37.44571],[129.02685,37.4454],[129.02629,37.44465],[129.02611,37.44421],[129.02505,37.4432],[129.02332,37.44226],[129.02091,37.44103],[129.0196,37.44061],[129.01823,37.4401],[129.01737,37.43973],[129.01647,37.43919],[129.01481,37.43863],[129.01278,37.43717],[129.01173,37.43698],[129.0102,37.43593],[129.01013,37.43559],[129.00962,37.43495],[129.00879,37.43456],[129.00839,37.43384],[129.00837,37.43321],[129.00803,37.43237],[129.00782,37.43134],[129.00787,37.43111],[129.00722,37.4301],[129.00687,37.4291],[129.00598,37.42797],[129.00559,37.42731],[129.00444,37.4268],[129.00445,37.42655],[129.00409,37.42557],[129.00241,37.42424],[129.0011,37.42301],[129.00054,37.42218],[129.00081,37.42057],[129.00118,37.42009],[129.00131,37.41834],[129.00186,37.41743],[129.00342,37.41659],[129.00418,37.41576],[129.00541,37.41527],[129.00678,37.41455],[129.00818,37.41344],[129.00853,37.41202],[129.00897,37.41127],[129.00745,37.4087],[129.00724,37.40707],[129.00589,37.40519],[129.00528,37.40412],[129.00433,37.40346],[129.00464,37.40188],[129.0045,37.40099],[129.00499,37.40088],[129.00565,37.4002],[129.00666,37.39894],[129.00675,37.39731],[129.00637,37.39633],[129.00664,37.39489],[129.00738,37.39446],[129.00858,37.39184],[129.0098,37.39103],[129.00982,37.39067],[129.0106,37.3907],[129.01232,37.39177],[129.01438,37.39125],[129.0153,37.39082],[129.01648,37.39079],[129.01684,37.39089],[129.01611,37.3899],[129.01577,37.38978],[129.01539,37.3887],[129.0149,37.38843],[129.01486,37.38818],[129.01442,37.38769],[129.01424,37.38738],[129.01346,37.38673],[129.01305,37.38625],[129.01274,37.38607],[129.01256,37.38557],[129.01229,37.38413],[129.01221,37.38301],[129.01261,37.38233],[129.01299,37.3821],[129.01413,37.38065],[129.01458,37.38052],[129.0149,37.38022],[129.01535,37.38009],[129.01578,37.37913],[129.01561,37.37825],[129.01602,37.3778],[129.01622,37.37619],[129.01654,37.37581],[129.01651,37.37535],[129.01625,37.3747],[129.01553,37.37404],[129.01537,37.37334],[129.01528,37.37255],[129.01556,37.37198],[129.01533,37.37151],[129.01581,37.37037],[129.01579,37.36868],[129.01598,37.36717],[129.01565,37.36614],[129.01499,37.36543],[129.01448,37.36522],[129.01343,37.36372],[129.01356,37.36279],[129.01318,37.36195],[129.01262,37.3615],[129.01255,37.36124],[129.01301,37.36054],[129.01367,37.35998],[129.01476,37.36063],[129.01535,37.36074],[129.01593,37.36098],[129.01711,37.36133],[129.01807,37.36145],[129.01978,37.36217],[129.02043,37.36199],[129.02116,37.36227],[129.02211,37.36238],[129.02292,37.36257],[129.02522,37.36289],[129.0256,37.36284],[129.02663,37.3631],[129.02812,37.3639],[129.0291,37.36386],[129.03015,37.36369],[129.03081,37.36419],[129.03207,37.36467],[129.03312,37.36395],[129.03371,37.36389],[129.03483,37.3633],[129.03659,37.36209],[129.03738,37.36178],[129.03851,37.36115],[129.0392,37.36118],[129.0407,37.36058],[129.04165,37.35989],[129.04254,37.35968],[129.04342,37.35917],[129.04498,37.35923],[129.04706,37.3574],[129.04841,37.35764],[129.04881,37.35759],[129.04973,37.35803],[129.05119,37.35866],[129.05194,37.35859],[129.05295,37.358],[129.05344,37.35825],[129.05435,37.35833],[129.05556,37.35776],[129.05632,37.3571],[129.05652,37.3564],[129.05719,37.35592],[129.05812,37.3557],[129.05889,37.35569],[129.06034,37.35625],[129.06164,37.35692],[129.06305,37.35622],[129.06484,37.35613],[129.06642,37.3563],[129.06662,37.35609],[129.06697,37.35595],[129.06818,37.35669],[129.06885,37.35705],[129.06939,37.35779],[129.06952,37.35818],[129.0703,37.35841],[129.07033,37.35814],[129.07054,37.35793],[129.07073,37.35746],[129.07099,37.35733],[129.07206,37.35638],[129.07241,37.3565],[129.07321,37.35698],[129.07432,37.35779],[129.07542,37.35779],[129.076,37.35769],[129.07666,37.35781],[129.07756,37.35811],[129.07833,37.35832],[129.0791,37.35838],[129.08152,37.35879],[129.08208,37.36017],[129.08266,37.36111],[129.08305,37.36184],[129.08333,37.36214],[129.08446,37.36232],[129.08571,37.36292],[129.08584,37.36345],[129.08611,37.36365],[129.0867,37.36317],[129.08709,37.36306],[129.08773,37.363],[129.08831,37.3628],[129.08848,37.36246],[129.08845,37.3621],[129.08874,37.36172],[129.0899,37.36149],[129.09085,37.36135],[129.09063,37.36111],[129.08959,37.36054],[129.08972,37.36035],[129.09009,37.3607],[129.09195,37.3606],[129.0925,37.3609],[129.09307,37.36105],[129.09368,37.36111],[129.09504,37.35972],[129.09546,37.35931],[129.09605,37.35916],[129.09662,37.3589],[129.09728,37.35913],[129.0993,37.35951],[129.09982,37.35949],[129.09956,37.36009],[129.09963,37.36088],[129.09988,37.3619],[129.10035,37.36286],[129.10026,37.36359],[129.10071,37.36466],[129.10063,37.36557],[129.10124,37.36555],[129.10215,37.36615],[129.10273,37.36634],[129.10357,37.36691],[129.10425,37.36724],[129.10436,37.36746],[129.10562,37.36801],[129.1061,37.36809],[129.10626,37.36841],[129.10674,37.36855],[129.10713,37.36991],[129.10817,37.37017],[129.10861,37.37048],[129.10882,37.37093],[129.10933,37.37108],[129.11098,37.37166],[129.11142,37.37167],[129.11231,37.37203],[129.11475,37.37325],[129.115,37.37317],[129.11542,37.37336],[129.117,37.37391],[129.11871,37.37348],[129.11929,37.37382],[129.12023,37.37383],[129.1204,37.37435],[129.12081,37.37512],[129.12173,37.37562],[129.12232,37.37616],[129.12309,37.3766],[129.12394,37.37695],[129.12517,37.37681],[129.12553,37.37663],[129.1261,37.37658],[129.12826,37.37702],[129.12944,37.37775],[129.12984,37.37964],[129.12984,37.38034],[129.13058,37.38059],[129.13158,37.38085],[129.13213,37.38153],[129.13345,37.38205],[129.1339,37.38264],[129.13445,37.38357],[129.13468,37.38407],[129.13456,37.3848],[129.13483,37.3857],[129.13526,37.38587],[129.13626,37.38586],[129.13689,37.38616],[129.13728,37.38649],[129.13727,37.38764],[129.1382,37.38901],[129.13781,37.38992],[129.13882,37.39197],[129.13926,37.39312],[129.13909,37.39381],[129.13943,37.3946],[129.13875,37.39671],[129.13902,37.39744],[129.13769,37.39833],[129.13707,37.39935],[129.13667,37.40055],[129.1373,37.40106],[129.13649,37.40298],[129.13583,37.40347],[129.13562,37.4039],[129.13562,37.40589],[129.13552,37.40714],[129.13296,37.40689],[129.13064,37.40566],[129.13026,37.40675],[129.1306,37.40719],[129.13089,37.40778],[129.13062,37.4083],[129.13037,37.40906],[129.12977,37.40945],[129.12952,37.40978],[129.12868,37.41134],[129.1284,37.41194],[129.12837,37.41216],[129.12809,37.41265],[129.12801,37.41317],[129.12813,37.41336],[129.12834,37.41409],[129.12843,37.41459],[129.12868,37.41532],[129.12855,37.41608],[129.1284,37.41737],[129.12828,37.41767],[129.12871,37.41858],[129.12906,37.4191],[129.12909,37.42],[129.12891,37.42053],[129.12885,37.42138],[129.12914,37.42157],[129.12945,37.4222],[129.12976,37.42315],[129.12983,37.42399],[129.12983,37.42455],[129.12997,37.42468],[129.13096,37.42522],[129.13083,37.42542],[129.13052,37.42555],[129.13032,37.4259],[129.12945,37.4262],[129.12921,37.42638],[129.12791,37.42621],[129.1271,37.42629],[129.12698,37.42643],[129.1265,37.42641],[129.12622,37.427],[129.1255,37.42771],[129.12489,37.42802],[129.12412,37.42833],[129.12215,37.42956],[129.12097,37.43078],[129.12031,37.43055],[129.11925,37.43023],[129.11895,37.42949],[129.11793,37.4302],[129.11758,37.43053],[129.11681,37.43091],[129.11665,37.43104],[129.1161,37.43126],[129.11525,37.43088],[129.11404,37.43095],[129.11375,37.43067],[129.11268,37.43098],[129.11213,37.43149],[129.11202,37.43197],[129.1111,37.43167],[129.11073,37.43202],[129.10991,37.43253],[129.1093,37.43251],[129.10904,37.43242],[129.10825,37.43242],[129.10799,37.43194],[129.10771,37.43208],[129.10748,37.43201],[129.10661,37.43214],[129.10604,37.43323],[129.10611,37.43399],[129.10539,37.43509],[129.10385,37.43593],[129.10286,37.43609],[129.10196,37.43649],[129.10191,37.43683],[129.10113,37.4369],[129.10003,37.43753],[129.09952,37.43806],[129.09818,37.43879],[129.09773,37.43922],[129.09764,37.43948],[129.09663,37.44027],[129.09628,37.44061],[129.09551,37.4411],[129.09499,37.44163],[129.09465,37.44165],[129.09383,37.44206],[129.09297,37.44189],[129.09228,37.44318],[129.09216,37.44404],[129.09048,37.44436],[129.09036,37.44488],[129.0888,37.44554],[129.08748,37.44625],[129.08621,37.4459],[129.08499,37.44613],[129.08499,37.44752],[129.08488,37.44785],[129.08448,37.44805],[129.08305,37.44826],[129.08304,37.44848],[129.0834,37.44954],[129.08315,37.4504],[129.0824,37.4512],[129.08214,37.45253],[129.08188,37.45262],[129.0814,37.45262],[129.08043,37.45271],[129.07924,37.45254],[129.07823,37.45312],[129.07802,37.45351],[129.0781,37.45436],[129.07744,37.45517],[129.07686,37.45635],[129.07685,37.45644]]]},"properties":{"code":"32070340","name":"미로면"}},{"type":"Feature","geometry":{"type":"Polygon","coordinates":[[[129.2305,37.07659],[129.2304,37.07714],[129.23048,37.07789],[129.22999,37.07865],[129.22792,37.07947],[129.22731,37.0817],[129.22645,37.0834],[129.2255,37.08407],[129.22386,37.08578],[129.22293,37.08613],[129.22217,37.08744],[129.22155,37.08774],[129.22046,37.08899],[129.22105,37.09011],[129.22073,37.09136],[129.22001,37.09206],[129.21902,37.09251],[129.21882,37.0931],[129.21819,37.09385],[129.21891,37.09513],[129.21871,37.09558],[129.21838,37.09591],[129.21814,37.09716],[129.21838,37.09819],[129.21812,37.09885],[129.21816,37.10026],[129.21842,37.10076],[129.21918,37.10171],[129.21868,37.10276],[129.21854,37.10325],[129.21772,37.10377],[129.21765,37.10482],[129.21671,37.10554],[129.21629,37.10609],[129.21506,37.10659],[129.21425,37.10739],[129.21429,37.10828],[129.21365,37.10888],[129.21337,37.10979],[129.21449,37.11162],[129.21434,37.11228],[129.2136,37.11311],[129.21439,37.11458],[129.2146,37.11467],[129.21483,37.11604],[129.21602,37.1171],[129.21622,37.11789],[129.21662,37.1185],[129.21661,37.11953],[129.216,37.12032],[129.21572,37.12156],[129.21533,37.12227],[129.21553,37.12312],[129.21481,37.12409],[129.21602,37.12647],[129.21701,37.12641],[129.21752,37.12611],[129.21812,37.12633],[129.21906,37.12637],[129.21937,37.12659],[129.22076,37.12696],[129.2218,37.12771],[129.22202,37.12795],[129.22182,37.12881],[129.22231,37.12987],[129.22296,37.13029],[129.22297,37.13037],[129.22445,37.13223],[129.22485,37.13278],[129.22496,37.13316],[129.22583,37.13366],[129.22649,37.13377],[129.22763,37.1349],[129.2279,37.13543],[129.22827,37.13584],[129.22907,37.1362],[129.23024,37.13642],[129.23083,37.13699],[129.23101,37.1374],[129.23249,37.138],[129.23345,37.13868],[129.23414,37.13926],[129.23482,37.13958],[129.23593,37.14056],[129.23665,37.14167],[129.23702,37.14244],[129.23693,37.14321],[129.23701,37.14342],[129.23699,37.14417],[129.23709,37.14446],[129.23708,37.14538],[129.2372,37.14568],[129.23712,37.14615],[129.23725,37.14687],[129.23725,37.14791],[129.23823,37.1487],[129.23917,37.14983],[129.23966,37.15069],[129.23952,37.15097],[129.23912,37.15221],[129.23824,37.15313],[129.23897,37.15374],[129.23883,37.15397],[129.23821,37.15594],[129.2384,37.1561],[129.23787,37.15691],[129.237,37.15737],[129.2369,37.15901],[129.23539,37.15947],[129.23423,37.1592],[129.23259,37.15897],[129.23159,37.15905],[129.23047,37.15867],[129.22974,37.15858],[129.22789,37.15882],[129.22715,37.15954],[129.22549,37.15977],[129.22497,37.16053],[129.22422,37.16091],[129.22402,37.162],[129.22341,37.16285],[129.22481,37.16513],[129.22485,37.16696],[129.22514,37.16738],[129.22503,37.16831],[129.22477,37.16886],[129.22534,37.16979],[129.22623,37.17037],[129.22653,37.17014],[129.22708,37.17042],[129.22788,37.17051],[129.22825,37.17205],[129.22867,37.17267],[129.22861,37.1731],[129.22809,37.17361],[129.2278,37.17408],[129.2265,37.17531],[129.22654,37.17641],[129.22696,37.17714],[129.22659,37.1778],[129.22484,37.17917],[129.22486,37.1799],[129.22438,37.18045],[129.22423,37.18147],[129.22378,37.18198],[129.22427,37.18327],[129.2236,37.18393],[129.22301,37.18515],[129.223,37.18613],[129.22244,37.18625],[129.22169,37.18673],[129.22099,37.18696],[129.21977,37.18687],[129.21946,37.187],[129.218,37.18621],[129.21683,37.18625],[129.21549,37.1854],[129.21479,37.18558],[129.21387,37.18535],[129.21217,37.18605],[129.21044,37.18741],[129.20879,37.18684],[129.20784,37.18671],[129.20694,37.18691],[129.20601,37.18682],[129.20468,37.18696],[129.20385,37.18727],[129.20323,37.18723],[129.20238,37.18667],[129.20152,37.18672],[129.20044,37.18634],[129.19957,37.18666],[129.19849,37.18673],[129.1959,37.18838],[129.19537,37.19013],[129.19474,37.19045],[129.19451,37.19109],[129.1933,37.19146],[129.19264,37.19227],[129.19246,37.19306],[129.19271,37.19404],[129.1922,37.19441],[129.19205,37.19507],[129.19109,37.19585],[129.19044,37.19674],[129.19039,37.19795],[129.19017,37.19812],[129.18912,37.19834],[129.18846,37.19993],[129.18793,37.20022],[129.1863,37.20048],[129.18597,37.20105],[129.18525,37.2016],[129.18395,37.20225],[129.18267,37.20205],[129.18222,37.20243],[129.18172,37.20249],[129.18054,37.2023],[129.18012,37.20184],[129.17898,37.20141],[129.17846,37.20139],[129.17813,37.20154],[129.17723,37.20096],[129.17548,37.20085],[129.17483,37.20139],[129.17415,37.20154],[129.1732,37.20224],[129.17233,37.20205],[129.1721,37.20238],[129.17185,37.20242],[129.17029,37.20217],[129.16917,37.20219],[129.16812,37.20034],[129.16835,37.19978],[129.16752,37.19871],[129.16709,37.19724],[129.1674,37.19603],[129.16803,37.1947],[129.16791,37.19397],[129.16728,37.19275],[129.16743,37.19219],[129.16773,37.1919],[129.16806,37.19177],[129.16849,37.19131],[129.1686,37.19075],[129.16824,37.19028],[129.16763,37.18827],[129.16732,37.18805],[129.16708,37.18746],[129.1665,37.18688],[129.16549,37.18663],[129.16558,37.18627],[129.16534,37.18591],[129.16486,37.1847],[129.16381,37.18467],[129.16247,37.18406],[129.16173,37.18406],[129.16057,37.18394],[129.16018,37.18374],[129.16024,37.18344],[129.15985,37.18254],[129.15924,37.18201],[129.15921,37.18163],[129.15819,37.18097],[129.15745,37.18081],[129.15729,37.18032],[129.1562,37.18024],[129.15562,37.17982],[129.15559,37.1792],[129.15493,37.17823],[129.15392,37.17731],[129.15351,37.17656],[129.15353,37.1762],[129.15324,37.17577],[129.15312,37.17516],[129.1529,37.17491],[129.15194,37.17404],[129.15145,37.17402],[129.15035,37.17451],[129.15007,37.17476],[129.14969,37.17525],[129.14938,37.17586],[129.14674,37.17706],[129.14591,37.17664],[129.14544,37.17662],[129.14504,37.17644],[129.14481,37.17649],[129.14384,37.17618],[129.14365,37.17584],[129.1426,37.17543],[129.14189,37.17526],[129.14125,37.1754],[129.1398,37.17544],[129.13828,37.17559],[129.13761,37.17552],[129.13582,37.17433],[129.13405,37.17427],[129.13368,37.17386],[129.13367,37.17364],[129.13312,37.17306],[129.13233,37.17314],[129.13199,37.17333],[129.13152,37.17309],[129.13126,37.1727],[129.13107,37.17219],[129.12997,37.17257],[129.12909,37.17307],[129.12823,37.17335],[129.12773,37.17372],[129.1265,37.17435],[129.12529,37.17467],[129.12262,37.17337],[129.12094,37.17231],[129.11948,37.17238],[129.11905,37.1725],[129.11776,37.17175],[129.11713,37.17173],[129.11638,37.17144],[129.11577,37.17181],[129.11491,37.1718],[129.11436,37.17191],[129.11279,37.17129],[129.11186,37.17035],[129.10966,37.17034],[129.10918,37.16988],[129.10849,37.16985],[129.1077,37.16998],[129.10699,37.17036],[129.10558,37.17039],[129.10509,37.17068],[129.10457,37.17118],[129.10455,37.17154],[129.10386,37.1719],[129.10333,37.17176],[129.10236,37.17165],[129.10201,37.17183],[129.10106,37.17179],[129.10049,37.17162],[129.09997,37.17162],[129.09909,37.17107],[129.09889,37.17039],[129.09733,37.16956],[129.09735,37.16941],[129.09674,37.16912],[129.0967,37.16891],[129.09553,37.16838],[129.09563,37.1674],[129.09518,37.16689],[129.0951,37.16642],[129.09468,37.16622],[129.09382,37.16641],[129.09334,37.16637],[129.09282,37.16661],[129.09134,37.16559],[129.09077,37.16525],[129.08898,37.16455],[129.0889,37.16424],[129.08902,37.16364],[129.08874,37.16272],[129.08911,37.16216],[129.08881,37.16175],[129.0881,37.16111],[129.0877,37.16053],[129.08665,37.15968],[129.08696,37.15954],[129.08726,37.15888],[129.08857,37.15821],[129.08881,37.15652],[129.08846,37.15578],[129.08914,37.15476],[129.08875,37.1545],[129.0879,37.15244],[129.08839,37.15212],[129.08892,37.15165],[129.08898,37.15127],[129.08891,37.15083],[129.08915,37.15036],[129.08919,37.14915],[129.08899,37.14858],[129.08841,37.1477],[129.08886,37.14665],[129.08895,37.1461],[129.08953,37.14514],[129.08898,37.14456],[129.0887,37.14394],[129.09114,37.1432],[129.09238,37.14228],[129.09345,37.14216],[129.0938,37.14036],[129.09424,37.13935],[129.09537,37.13843],[129.09505,37.13776],[129.09485,37.13692],[129.09414,37.13627],[129.09358,37.13527],[129.09356,37.13422],[129.0928,37.1314],[129.09193,37.13059],[129.09154,37.13041],[129.09072,37.12963],[129.09098,37.12759],[129.09062,37.12642],[129.09008,37.12521],[129.08931,37.12437],[129.08906,37.12357],[129.08933,37.12334],[129.09013,37.12284],[129.09037,37.12179],[129.0904,37.12093],[129.09105,37.12025],[129.0918,37.11992],[129.09196,37.11947],[129.09101,37.1181],[129.08991,37.11754],[129.08947,37.11743],[129.08815,37.11492],[129.08791,37.11421],[129.08799,37.11365],[129.08864,37.11327],[129.09003,37.11084],[129.09004,37.11049],[129.09033,37.11015],[129.09069,37.10897],[129.09133,37.10827],[129.09372,37.10554],[129.09359,37.10523],[129.0946,37.10368],[129.09458,37.10365],[129.09448,37.10249],[129.09566,37.10031],[129.09578,37.1004],[129.09625,37.10041],[129.09679,37.1],[129.09732,37.09981],[129.0977,37.09991],[129.0982,37.09897],[129.09864,37.09901],[129.09942,37.09928],[129.1004,37.09944],[129.10098,37.09937],[129.10173,37.09916],[129.10228,37.09889],[129.10246,37.0987],[129.10302,37.09854],[129.1033,37.09823],[129.10396,37.0979],[129.1045,37.0977],[129.10494,37.09691],[129.10594,37.09577],[129.10644,37.09494],[129.10695,37.09477],[129.10766,37.09437],[129.10736,37.09427],[129.10778,37.0935],[129.10876,37.09359],[129.10939,37.09316],[129.11057,37.09316],[129.11079,37.09293],[129.11142,37.09292],[129.112,37.0925],[129.11271,37.09241],[129.11382,37.09241],[129.11466,37.09235],[129.11553,37.09284],[129.1161,37.0926],[129.11799,37.09273],[129.11846,37.09249],[129.11872,37.0922],[129.11972,37.09219],[129.12013,37.09233],[129.12075,37.09181],[129.1221,37.09142],[129.12289,37.09128],[129.12277,37.09064],[129.12256,37.08995],[129.12351,37.08956],[129.12485,37.08957],[129.12549,37.08946],[129.12633,37.08917],[129.12658,37.08894],[129.12661,37.08863],[129.12648,37.08844],[129.12642,37.08804],[129.12621,37.08753],[129.12639,37.08694],[129.1265,37.08612],[129.12649,37.08506],[129.12719,37.08444],[129.12791,37.08417],[129.12859,37.08405],[129.12939,37.08384],[129.13072,37.08335],[129.1317,37.08314],[129.13243,37.0825],[129.13358,37.08178],[129.13463,37.08187],[129.13497,37.08171],[129.13591,37.08179],[129.13659,37.08178],[129.13787,37.08139],[129.13852,37.08155],[129.13907,37.08192],[129.13947,37.08227],[129.13965,37.08211],[129.14043,37.08176],[129.14125,37.08114],[129.14145,37.0806],[129.14218,37.08035],[129.14236,37.07939],[129.14335,37.07836],[129.14368,37.07785],[129.14388,37.0778],[129.14384,37.07703],[129.14427,37.07658],[129.14537,37.07632],[129.14577,37.07638],[129.14596,37.07624],[129.14674,37.07633],[129.14805,37.07613],[129.14828,37.07588],[129.14855,37.07539],[129.14911,37.07502],[129.14976,37.07448],[129.15118,37.07416],[129.1518,37.07374],[129.15212,37.07323],[129.15259,37.07343],[129.15359,37.07259],[129.15426,37.07229],[129.1548,37.07172],[129.15508,37.07091],[129.15524,37.07028],[129.15568,37.07051],[129.15663,37.07074],[129.15758,37.07121],[129.158,37.07132],[129.15852,37.07116],[129.15923,37.07074],[129.15943,37.06968],[129.16025,37.06954],[129.16069,37.06955],[129.16177,37.06883],[129.16287,37.06914],[129.16338,37.06924],[129.16458,37.06937],[129.16614,37.06916],[129.16605,37.06823],[129.16581,37.06734],[129.16625,37.06667],[129.16659,37.06589],[129.16676,37.06526],[129.16731,37.06503],[129.16735,37.0649],[129.1682,37.06447],[129.16922,37.06344],[129.16935,37.06274],[129.16966,37.06213],[129.16973,37.06153],[129.17013,37.06112],[129.1704,37.06036],[129.17079,37.06026],[129.17155,37.05992],[129.1718,37.05957],[129.17225,37.05921],[129.17366,37.05858],[129.17398,37.0587],[129.1746,37.05815],[129.17494,37.05796],[129.17571,37.0578],[129.17628,37.05686],[129.17705,37.05672],[129.17738,37.05627],[129.17826,37.05556],[129.1791,37.05461],[129.17911,37.05412],[129.17937,37.05384],[129.17977,37.05379],[129.18043,37.05321],[129.18045,37.05241],[129.18084,37.05181],[129.18133,37.05162],[129.18156,37.05125],[129.18164,37.05093],[129.18154,37.05067],[129.1817,37.05039],[129.18209,37.05032],[129.18231,37.05003],[129.18274,37.04966],[129.18307,37.04948],[129.18323,37.0492],[129.18368,37.04886],[129.18401,37.04785],[129.18381,37.04725],[129.18441,37.04674],[129.18503,37.04658],[129.18508,37.04581],[129.18498,37.04562],[129.18495,37.0447],[129.18445,37.04378],[129.18488,37.04308],[129.1851,37.04218],[129.18541,37.04172],[129.1865,37.04174],[129.18693,37.04186],[129.18757,37.04135],[129.18857,37.04111],[129.18954,37.04094],[129.18998,37.04092],[129.19061,37.04065],[129.19142,37.04058],[129.19222,37.04074],[129.19259,37.04064],[129.19304,37.04076],[129.19337,37.04094],[129.19402,37.04073],[129.19475,37.04063],[129.19495,37.04084],[129.19542,37.04159],[129.1956,37.04214],[129.19594,37.04249],[129.19666,37.04263],[129.19727,37.04267],[129.19856,37.04247],[129.19889,37.04259],[129.19961,37.04268],[129.20003,37.04314],[129.20053,37.04327],[129.20113,37.04377],[129.20215,37.04443],[129.20296,37.04457],[129.20367,37.04479],[129.20505,37.04497],[129.20572,37.04482],[129.20678,37.04449],[129.2075,37.04441],[129.20806,37.04395],[129.2085,37.04391],[129.20932,37.04367],[129.21055,37.04372],[129.21116,37.04347],[129.21145,37.04323],[129.21185,37.04328],[129.21341,37.04299],[129.2138,37.04303],[129.21465,37.04372],[129.21511,37.04392],[129.21612,37.04404],[129.21665,37.04402],[129.21742,37.04376],[129.21824,37.04362],[129.21933,37.0437],[129.21959,37.04395],[129.22074,37.04424],[129.22114,37.04444],[129.22131,37.04414],[129.22277,37.04426],[129.22329,37.04392],[129.22344,37.04391],[129.22419,37.0444],[129.22531,37.04456],[129.22595,37.04428],[129.22642,37.04374],[129.22768,37.04315],[129.22835,37.04293],[129.23034,37.04248],[129.23086,37.04182],[129.23173,37.0417],[129.23195,37.04128],[129.2326,37.04119],[129.23359,37.0404],[129.23454,37.04015],[129.23554,37.04036],[129.23645,37.04036],[129.23722,37.0398],[129.23782,37.03875],[129.23801,37.03867],[129.23891,37.03937],[129.2387,37.04005],[129.23821,37.04036],[129.23821,37.04079],[129.2375,37.04136],[129.23681,37.04155],[129.23559,37.04244],[129.23537,37.04295],[129.23471,37.04289],[129.23447,37.04308],[129.23434,37.04346],[129.23369,37.04359],[129.23326,37.04409],[129.23267,37.04422],[129.23252,37.04467],[129.23312,37.04544],[129.23312,37.04635],[129.23272,37.04681],[129.23306,37.04876],[129.23283,37.04919],[129.23293,37.0497],[129.23282,37.05024],[129.23201,37.05097],[129.23113,37.05222],[129.23171,37.05398],[129.23177,37.05426],[129.23138,37.0545],[129.23069,37.05468],[129.22954,37.05474],[129.2295,37.055],[129.22885,37.05611],[129.22852,37.05723],[129.2288,37.05826],[129.22938,37.05821],[129.2308,37.05884],[129.23167,37.06041],[129.23163,37.06067],[129.23198,37.06124],[129.23223,37.06218],[129.23307,37.06388],[129.23293,37.06427],[129.23262,37.06451],[129.2319,37.06577],[129.23163,37.06592],[129.23093,37.06695],[129.23047,37.06722],[129.23086,37.0689],[129.22994,37.06984],[129.22881,37.07119],[129.22854,37.07161],[129.22764,37.07209],[129.22649,37.07216],[129.22587,37.07273],[129.22589,37.07326],[129.22538,37.07372],[129.22604,37.07417],[129.22712,37.07503],[129.22851,37.07535],[129.2291,37.07585],[129.23015,37.07645],[129.2305,37.07659]]]},"properties":{"code":"32070350","name":"가곡면"}},{"type":"Feature","geometry":{"type":"Polygon","coordinates":[[[129.09982,37.35949],[129.0993,37.35951],[129.09728,37.35913],[129.09662,37.3589],[129.09605,37.35916],[129.09546,37.35931],[129.09504,37.35972],[129.09368,37.36111],[129.09307,37.36105],[129.0925,37.3609],[129.09195,37.3606],[129.09009,37.3607],[129.08972,37.36035],[129.08959,37.36054],[129.09063,37.36111],[129.09085,37.36135],[129.0899,37.36149],[129.08874,37.36172],[129.08845,37.3621],[129.08848,37.36246],[129.08831,37.3628],[129.08773,37.363],[129.08709,37.36306],[129.0867,37.36317],[129.08611,37.36365],[129.08584,37.36345],[129.08571,37.36292],[129.08446,37.36232],[129.08333,37.36214],[129.08305,37.36184],[129.08266,37.36111],[129.08208,37.36017],[129.08152,37.35879],[129.0791,37.35838],[129.07833,37.35832],[129.07756,37.35811],[129.07666,37.35781],[129.076,37.35769],[129.07542,37.35779],[129.07432,37.35779],[129.07321,37.35698],[129.07241,37.3565],[129.07206,37.35638],[129.07099,37.35733],[129.07073,37.35746],[129.07054,37.35793],[129.07033,37.35814],[129.0703,37.35841],[129.06952,37.35818],[129.06939,37.35779],[129.06885,37.35705],[129.06818,37.35669],[129.06697,37.35595],[129.06662,37.35609],[129.06642,37.3563],[129.06484,37.35613],[129.06305,37.35622],[129.06164,37.35692],[129.06034,37.35625],[129.05889,37.35569],[129.05812,37.3557],[129.05719,37.35592],[129.05652,37.3564],[129.05632,37.3571],[129.05556,37.35776],[129.05435,37.35833],[129.05344,37.35825],[129.05295,37.358],[129.05194,37.35859],[129.05119,37.35866],[129.04973,37.35803],[129.04881,37.35759],[129.04841,37.35764],[129.04706,37.3574],[129.04498,37.35923],[129.04342,37.35917],[129.04254,37.35968],[129.04165,37.35989],[129.0407,37.36058],[129.0392,37.36118],[129.03851,37.36115],[129.03738,37.36178],[129.03659,37.36209],[129.03483,37.3633],[129.03371,37.36389],[129.03312,37.36395],[129.03207,37.36467],[129.03081,37.36419],[129.03015,37.36369],[129.0291,37.36386],[129.02812,37.3639],[129.02663,37.3631],[129.0256,37.36284],[129.02522,37.36289],[129.02292,37.36257],[129.02211,37.36238],[129.02116,37.36227],[129.02043,37.36199],[129.01978,37.36217],[129.01807,37.36145],[129.01711,37.36133],[129.01593,37.36098],[129.01535,37.36074],[129.01476,37.36063],[129.01367,37.35998],[129.01373,37.35831],[129.01445,37.35662],[129.01465,37.35511],[129.01464,37.35474],[129.01492,37.35379],[129.01514,37.35339],[129.01433,37.35231],[129.01292,37.35152],[129.01185,37.35104],[129.01115,37.35046],[129.01073,37.34857],[129.00992,37.3471],[129.0095,37.34554],[129.00826,37.34554],[129.00844,37.3453],[129.00915,37.34404],[129.01001,37.34265],[129.00943,37.34115],[129.00983,37.34008],[129.01036,37.33966],[129.01147,37.33922],[129.01254,37.33884],[129.01428,37.33839],[129.01435,37.33818],[129.01403,37.33768],[129.01267,37.33702],[129.01259,37.33645],[129.01243,37.3359],[129.01135,37.33448],[129.0088,37.33386],[129.00854,37.33203],[129.00645,37.33209],[129.0056,37.33111],[129.00525,37.33013],[129.00439,37.32918],[129.00426,37.32756],[129.00268,37.32749],[129.00061,37.32625],[128.99972,37.32583],[128.99857,37.325],[128.99823,37.32488],[128.998,37.32456],[128.99873,37.324],[128.99925,37.32278],[128.99943,37.32152],[128.99831,37.31926],[128.99844,37.31899],[129.00071,37.31856],[129.00167,37.31848],[129.0028,37.31792],[129.00305,37.31757],[129.0033,37.31653],[129.0039,37.31598],[129.00508,37.31468],[129.00584,37.31442],[129.00614,37.31401],[129.00637,37.313],[129.00687,37.31305],[129.00832,37.31216],[129.0091,37.31217],[129.00948,37.31148],[129.01102,37.31167],[129.0121,37.31012],[129.01256,37.30885],[129.0131,37.30794],[129.01439,37.30762],[129.01551,37.30601],[129.01591,37.30522],[129.01773,37.30517],[129.01801,37.3047],[129.01807,37.30399],[129.01843,37.30351],[129.01938,37.30335],[129.02185,37.30323],[129.02253,37.30292],[129.02288,37.30245],[129.02392,37.30171],[129.026,37.30107],[129.02713,37.30098],[129.02855,37.30109],[129.02933,37.30062],[129.03017,37.30049],[129.03115,37.30065],[129.03346,37.30037],[129.03486,37.30119],[129.03624,37.30189],[129.03655,37.30236],[129.03857,37.3033],[129.03971,37.30417],[129.04009,37.30415],[129.04074,37.30503],[129.04182,37.30562],[129.04262,37.306],[129.04355,37.30612],[129.04407,37.30652],[129.04536,37.30715],[129.045,37.30768],[129.04488,37.30883],[129.04587,37.30975],[129.04621,37.31033],[129.04641,37.31119],[129.04663,37.31146],[129.0485,37.31253],[129.04973,37.31359],[129.053,37.31379],[129.05482,37.31511],[129.05569,37.31503],[129.05717,37.31448],[129.05773,37.31534],[129.05916,37.3159],[129.05951,37.3163],[129.06111,37.31592],[129.06355,37.31605],[129.06409,37.31585],[129.06463,37.31556],[129.06643,37.31495],[129.06696,37.315],[129.06881,37.3147],[129.06907,37.31414],[129.06895,37.31342],[129.06905,37.31235],[129.06936,37.31199],[129.06903,37.31088],[129.06864,37.31036],[129.0687,37.31019],[129.06813,37.3096],[129.0678,37.30952],[129.06739,37.30919],[129.06694,37.30923],[129.06651,37.30913],[129.06581,37.30863],[129.06542,37.3086],[129.06498,37.30784],[129.06488,37.30758],[129.06499,37.30719],[129.06479,37.30695],[129.06431,37.30666],[129.06426,37.30613],[129.06356,37.30555],[129.0635,37.30494],[129.06358,37.30474],[129.0625,37.30423],[129.0623,37.30408],[129.06237,37.30338],[129.06269,37.30253],[129.06308,37.30213],[129.06318,37.30159],[129.06368,37.30127],[129.06381,37.30102],[129.0642,37.30076],[129.06485,37.30068],[129.06568,37.30047],[129.06593,37.30015],[129.06668,37.29957],[129.06704,37.29954],[129.06769,37.2991],[129.06866,37.29882],[129.06927,37.29847],[129.06985,37.29744],[129.07054,37.29668],[129.07087,37.29638],[129.07102,37.29597],[129.07208,37.29557],[129.0722,37.29527],[129.0715,37.29443],[129.07153,37.29399],[129.07185,37.2935],[129.07176,37.29339],[129.07307,37.2934],[129.07353,37.2933],[129.07488,37.29329],[129.07526,37.29318],[129.0757,37.29324],[129.07669,37.29376],[129.07856,37.29378],[129.0793,37.29388],[129.08078,37.29435],[129.08132,37.29426],[129.08251,37.29429],[129.08387,37.29426],[129.08487,37.29437],[129.08589,37.29462],[129.08735,37.29571],[129.08817,37.29529],[129.08878,37.29511],[129.08972,37.29502],[129.09009,37.29513],[129.09036,37.29501],[129.09125,37.29493],[129.09179,37.29473],[129.09258,37.29454],[129.09307,37.29453],[129.09507,37.29439],[129.09666,37.29437],[129.0976,37.29424],[129.09864,37.2939],[129.10049,37.29391],[129.10172,37.29452],[129.1021,37.29488],[129.10299,37.29511],[129.10358,37.29595],[129.1032,37.29658],[129.10319,37.2968],[129.10225,37.29781],[129.10098,37.29894],[129.10084,37.29992],[129.10105,37.30028],[129.10126,37.30089],[129.10126,37.30162],[129.10155,37.30189],[129.10105,37.30305],[129.1009,37.30414],[129.10133,37.30529],[129.1028,37.30553],[129.10314,37.30583],[129.10377,37.30599],[129.10512,37.30672],[129.10624,37.30795],[129.10724,37.30862],[129.10787,37.30962],[129.10753,37.31056],[129.10735,37.31163],[129.10707,37.31199],[129.10699,37.31307],[129.10732,37.31342],[129.10751,37.31376],[129.10773,37.31385],[129.10813,37.31429],[129.10862,37.31428],[129.10918,37.31446],[129.10944,37.31465],[129.10964,37.31527],[129.11117,37.31713],[129.1107,37.31785],[129.11086,37.3184],[129.11099,37.3198],[129.11111,37.32043],[129.11165,37.32087],[129.11169,37.32163],[129.11212,37.32239],[129.11268,37.32268],[129.11294,37.32318],[129.11275,37.32345],[129.11149,37.32391],[129.11066,37.32479],[129.11017,37.32499],[129.10959,37.32583],[129.10962,37.32633],[129.10982,37.32659],[129.11,37.32721],[129.11032,37.32768],[129.11024,37.32808],[129.11059,37.32855],[129.11091,37.32872],[129.11233,37.3291],[129.1125,37.32979],[129.11284,37.33011],[129.11294,37.33049],[129.11341,37.3311],[129.11412,37.33148],[129.11477,37.33196],[129.11546,37.3322],[129.1166,37.33302],[129.11566,37.33457],[129.1155,37.33488],[129.11464,37.33547],[129.11373,37.33641],[129.11234,37.33745],[129.11176,37.33782],[129.11002,37.3387],[129.10816,37.33972],[129.10717,37.3399],[129.10688,37.3402],[129.10698,37.34044],[129.10662,37.34136],[129.10682,37.34178],[129.10689,37.34257],[129.10648,37.34317],[129.10619,37.34373],[129.1061,37.34426],[129.1058,37.3446],[129.1061,37.34516],[129.10614,37.34552],[129.10595,37.34579],[129.10584,37.34631],[129.10602,37.34695],[129.10569,37.34762],[129.10592,37.34824],[129.10592,37.34843],[129.10569,37.34932],[129.10564,37.35021],[129.10581,37.35082],[129.1047,37.35155],[129.10374,37.35292],[129.10361,37.35354],[129.10393,37.35411],[129.10402,37.3544],[129.10383,37.35482],[129.104,37.35541],[129.10309,37.35644],[129.10215,37.35782],[129.1018,37.35877],[129.10131,37.35872],[129.10051,37.35894],[129.09982,37.35949]]]},"properties":{"code":"32070360","name":"신기면"}},{"type":"Feature","geometry":{"type":"Polygon","coordinates":[[[129.17067,37.44168],[129.17122,37.44193],[129.17237,37.44238],[129.17307,37.44296],[129.17314,37.44318],[129.17314,37.44367],[129.17275,37.44457],[129.17275,37.44478],[129.17246,37.44534],[129.17253,37.44543],[129.1714,37.44708],[129.17112,37.44734],[129.16949,37.44647],[129.16913,37.44593],[129.16674,37.44594],[129.16558,37.44494],[129.16399,37.44503],[129.16385,37.44459],[129.1636,37.44441],[129.16364,37.44389],[129.16331,37.44388],[129.1634,37.44241],[129.1637,37.44226],[129.16377,37.44168],[129.16386,37.44145],[129.16384,37.44095],[129.16366,37.44075],[129.16344,37.44087],[129.16291,37.44016],[129.16261,37.43986],[129.16342,37.43981],[129.1623,37.43877],[129.1622,37.43857],[129.16308,37.43781],[129.16252,37.43698],[129.16243,37.43658],[129.16181,37.43582],[129.16144,37.43507],[129.16147,37.43452],[129.16157,37.43433],[129.16131,37.43405],[129.16103,37.43313],[129.1608,37.43286],[129.16043,37.4322],[129.16025,37.43149],[129.16021,37.43094],[129.16058,37.43034],[129.16074,37.42988],[129.16071,37.42942],[129.16083,37.42924],[129.16133,37.42912],[129.16202,37.42781],[129.16185,37.42688],[129.16087,37.42666],[129.15924,37.42588],[129.15813,37.42568],[129.15759,37.42541],[129.15732,37.42511],[129.15668,37.42463],[129.15599,37.42428],[129.15547,37.42425],[129.15432,37.42319],[129.15421,37.42268],[129.1544,37.42229],[129.15483,37.4217],[129.1541,37.42086],[129.15456,37.41994],[129.15396,37.4195],[129.15318,37.41933],[129.1521,37.419],[129.15217,37.41871],[129.15196,37.41775],[129.15159,37.41663],[129.15119,37.41636],[129.15061,37.41612],[129.15052,37.41577],[129.15051,37.41528],[129.15033,37.41439],[129.14974,37.41431],[129.149,37.41454],[129.14768,37.41473],[129.14712,37.41449],[129.14669,37.41391],[129.14612,37.41394],[129.14578,37.41383],[129.14527,37.4139],[129.14487,37.41365],[129.1452,37.41308],[129.14516,37.41255],[129.14494,37.41225],[129.14438,37.41167],[129.14427,37.41138],[129.14437,37.4111],[129.14424,37.41088],[129.14343,37.41011],[129.14322,37.40983],[129.14307,37.4091],[129.14212,37.4083],[129.14183,37.40784],[129.14031,37.40771],[129.13958,37.40782],[129.13763,37.40745],[129.1364,37.40766],[129.13602,37.40797],[129.13552,37.40714],[129.13562,37.40589],[129.13562,37.4039],[129.13583,37.40347],[129.13649,37.40298],[129.1373,37.40106],[129.13667,37.40055],[129.13707,37.39935],[129.13769,37.39833],[129.13902,37.39744],[129.13875,37.39671],[129.13943,37.3946],[129.13909,37.39381],[129.13926,37.39312],[129.13882,37.39197],[129.13781,37.38992],[129.1382,37.38901],[129.13889,37.38918],[129.1393,37.38936],[129.13978,37.38976],[129.14082,37.39039],[129.14151,37.39053],[129.14242,37.39055],[129.14312,37.39089],[129.14362,37.39105],[129.14428,37.39159],[129.14441,37.39179],[129.14534,37.39108],[129.14611,37.39057],[129.14638,37.39024],[129.14696,37.38997],[129.14734,37.38966],[129.14782,37.38953],[129.14806,37.38936],[129.14806,37.38887],[129.14794,37.38801],[129.14762,37.38759],[129.14752,37.38722],[129.14757,37.38665],[129.1474,37.3861],[129.14681,37.38534],[129.14618,37.3849],[129.14568,37.38399],[129.14566,37.38384],[129.14606,37.38298],[129.14609,37.38263],[129.14648,37.38201],[129.14705,37.38157],[129.14717,37.38129],[129.14875,37.38007],[129.14902,37.38013],[129.14958,37.37981],[129.15009,37.37979],[129.151,37.37931],[129.15182,37.37871],[129.15235,37.37854],[129.15247,37.37825],[129.15303,37.37791],[129.15359,37.3775],[129.15402,37.37737],[129.15545,37.37828],[129.15573,37.3788],[129.15654,37.37884],[129.15714,37.37904],[129.15733,37.37946],[129.15765,37.37965],[129.15853,37.38084],[129.15985,37.38055],[129.16069,37.3812],[129.16089,37.38151],[129.16113,37.38168],[129.16148,37.38224],[129.16207,37.38256],[129.16246,37.38263],[129.16278,37.38292],[129.16337,37.38333],[129.16412,37.38361],[129.16546,37.38553],[129.16578,37.38573],[129.16575,37.38624],[129.16624,37.38677],[129.16678,37.38722],[129.16689,37.38796],[129.16719,37.38827],[129.16759,37.38832],[129.16834,37.38863],[129.16846,37.38875],[129.16853,37.38918],[129.16872,37.38934],[129.16842,37.38973],[129.16793,37.39015],[129.16781,37.3905],[129.16727,37.39131],[129.16722,37.39161],[129.16811,37.39274],[129.16804,37.39331],[129.16833,37.39345],[129.16847,37.3937],[129.16882,37.39379],[129.16992,37.39464],[129.16986,37.39485],[129.16948,37.39517],[129.16911,37.39534],[129.1687,37.39564],[129.16856,37.39612],[129.16901,37.39655],[129.16896,37.39674],[129.16962,37.39748],[129.16952,37.3979],[129.16951,37.39842],[129.16909,37.39873],[129.16878,37.39905],[129.1691,37.39944],[129.16953,37.40043],[129.16987,37.40148],[129.17065,37.4021],[129.1708,37.40238],[129.17112,37.40241],[129.17207,37.40227],[129.17289,37.40309],[129.1731,37.40341],[129.17509,37.40349],[129.17589,37.40399],[129.17631,37.40452],[129.17703,37.40475],[129.17785,37.40519],[129.1783,37.40634],[129.17937,37.40669],[129.18005,37.40762],[129.1803,37.4078],[129.18067,37.40783],[129.18151,37.40815],[129.18223,37.40816],[129.18271,37.40843],[129.18246,37.40942],[129.18279,37.40984],[129.18417,37.41035],[129.18461,37.41033],[129.18521,37.41043],[129.18572,37.41036],[129.18707,37.41054],[129.1869,37.41142],[129.1871,37.41209],[129.18768,37.41243],[129.18799,37.41309],[129.1886,37.4129],[129.18964,37.41265],[129.19005,37.41251],[129.1907,37.41218],[129.19145,37.41215],[129.19141,37.413],[129.19153,37.41363],[129.19175,37.41411],[129.19217,37.41433],[129.19275,37.41484],[129.19309,37.41535],[129.19384,37.41546],[129.19414,37.41582],[129.19411,37.41611],[129.19465,37.4162],[129.19492,37.41661],[129.19546,37.41714],[129.19535,37.41769],[129.19543,37.41797],[129.19541,37.41842],[129.19622,37.41892],[129.19695,37.41923],[129.19763,37.41992],[129.19716,37.42005],[129.19682,37.41984],[129.19633,37.4201],[129.19604,37.42039],[129.19581,37.42077],[129.19598,37.4211],[129.19584,37.42126],[129.19529,37.42149],[129.19527,37.42188],[129.19513,37.42227],[129.19518,37.42255],[129.195,37.42275],[129.19527,37.42312],[129.19509,37.42326],[129.19495,37.4237],[129.19503,37.42406],[129.19461,37.42408],[129.19444,37.42387],[129.19398,37.42395],[129.19376,37.42408],[129.19333,37.42404],[129.19286,37.42424],[129.1927,37.42457],[129.19237,37.42485],[129.19225,37.42512],[129.19231,37.42542],[129.19251,37.42566],[129.19252,37.42587],[129.19216,37.42622],[129.1921,37.42652],[129.1929,37.42676],[129.19336,37.42722],[129.19293,37.42742],[129.19315,37.428],[129.19259,37.42823],[129.19247,37.42842],[129.19268,37.42887],[129.19254,37.42894],[129.19263,37.42929],[129.19233,37.4297],[129.19259,37.42998],[129.19231,37.43021],[129.19216,37.43047],[129.19179,37.43064],[129.19172,37.43097],[129.19193,37.43111],[129.19161,37.43152],[129.19094,37.4317],[129.19085,37.43202],[129.19065,37.43216],[129.19035,37.43209],[129.1902,37.43231],[129.18706,37.43132],[129.18593,37.4313],[129.18481,37.43141],[129.18372,37.43138],[129.18275,37.43144],[129.18198,37.43157],[129.17965,37.43202],[129.17863,37.43217],[129.17776,37.43225],[129.17703,37.43242],[129.17591,37.43281],[129.17497,37.43322],[129.17424,37.43346],[129.17343,37.43383],[129.17186,37.43483],[129.17142,37.43515],[129.17067,37.43607],[129.1701,37.43638],[129.16904,37.43683],[129.16863,37.43719],[129.16815,37.43802],[129.16817,37.43835],[129.16843,37.4383],[129.16846,37.4386],[129.16894,37.43859],[129.16904,37.4392],[129.1694,37.43923],[129.1701,37.44113],[129.17037,37.44148],[129.17067,37.44168]]]},"properties":{"code":"32070510","name":"남양동"}},{"type":"Feature","geometry":{"type":"Polygon","coordinates":[[[129.13479,37.45319],[129.13447,37.4534],[129.13401,37.45355],[129.1334,37.45319],[129.13309,37.45314],[129.13235,37.45402],[129.13136,37.45419],[129.13109,37.45433],[129.13071,37.45468],[129.13036,37.45524],[129.13045,37.45603],[129.12882,37.4553],[129.12864,37.45555],[129.12861,37.45627],[129.12791,37.45681],[129.12657,37.45694],[129.12561,37.45717],[129.12505,37.45678],[129.12465,37.45686],[129.12373,37.45729],[129.12317,37.45698],[129.12292,37.45719],[129.12202,37.45774],[129.122,37.45812],[129.12174,37.45812],[129.12162,37.45833],[129.1213,37.45849],[129.12123,37.45876],[129.12082,37.45907],[129.12013,37.45936],[129.11982,37.45979],[129.11929,37.46011],[129.11852,37.46021],[129.11789,37.46051],[129.11727,37.46036],[129.11616,37.46066],[129.11574,37.46034],[129.1151,37.46004],[129.11479,37.45974],[129.11439,37.4595],[129.11436,37.45922],[129.11402,37.45881],[129.11391,37.45841],[129.11332,37.45782],[129.11326,37.45756],[129.1125,37.4571],[129.11193,37.45688],[129.11127,37.45699],[129.11028,37.45701],[129.11004,37.45686],[129.10963,37.45686],[129.10939,37.4565],[129.10935,37.45623],[129.10911,37.456],[129.10817,37.45571],[129.1074,37.4558],[129.10689,37.45622],[129.10676,37.45666],[129.10623,37.45681],[129.1058,37.45741],[129.10555,37.45748],[129.10525,37.45735],[129.10484,37.45734],[129.10457,37.45823],[129.10397,37.4584],[129.10352,37.45899],[129.10253,37.45853],[129.10217,37.45885],[129.10196,37.45954],[129.10126,37.45959],[129.1003,37.4598],[129.10004,37.46013],[129.09867,37.46063],[129.0988,37.46109],[129.09883,37.46149],[129.09868,37.46211],[129.09833,37.46273],[129.09778,37.46277],[129.09722,37.46303],[129.09585,37.46343],[129.09554,37.46332],[129.09497,37.46278],[129.09394,37.46235],[129.09297,37.46214],[129.09212,37.46226],[129.0914,37.46195],[129.09051,37.46173],[129.08875,37.46116],[129.08843,37.46062],[129.08808,37.46053],[129.08701,37.46073],[129.08604,37.46107],[129.08543,37.46023],[129.08462,37.46035],[129.0833,37.46042],[129.08286,37.45993],[129.08232,37.45958],[129.08179,37.45855],[129.08032,37.45807],[129.07938,37.45759],[129.07765,37.45657],[129.07685,37.45644],[129.07686,37.45635],[129.07744,37.45517],[129.0781,37.45436],[129.07802,37.45351],[129.07823,37.45312],[129.07924,37.45254],[129.08043,37.45271],[129.0814,37.45262],[129.08188,37.45262],[129.08214,37.45253],[129.0824,37.4512],[129.08315,37.4504],[129.0834,37.44954],[129.08304,37.44848],[129.08305,37.44826],[129.08448,37.44805],[129.08488,37.44785],[129.08499,37.44752],[129.08499,37.44613],[129.08621,37.4459],[129.08748,37.44625],[129.0888,37.44554],[129.09036,37.44488],[129.09048,37.44436],[129.09216,37.44404],[129.09228,37.44318],[129.09297,37.44189],[129.09383,37.44206],[129.09465,37.44165],[129.09499,37.44163],[129.09551,37.4411],[129.09628,37.44061],[129.09663,37.44027],[129.09764,37.43948],[129.09773,37.43922],[129.09818,37.43879],[129.09952,37.43806],[129.10003,37.43753],[129.10113,37.4369],[129.10191,37.43683],[129.10196,37.43649],[129.10286,37.43609],[129.10385,37.43593],[129.10539,37.43509],[129.10611,37.43399],[129.10604,37.43323],[129.10661,37.43214],[129.10748,37.43201],[129.10771,37.43208],[129.10799,37.43194],[129.10825,37.43242],[129.10904,37.43242],[129.1093,37.43251],[129.10991,37.43253],[129.11073,37.43202],[129.1111,37.43167],[129.11202,37.43197],[129.11213,37.43149],[129.11268,37.43098],[129.11375,37.43067],[129.11404,37.43095],[129.11525,37.43088],[129.1161,37.43126],[129.11665,37.43104],[129.11681,37.43091],[129.11758,37.43053],[129.11793,37.4302],[129.11895,37.42949],[129.11925,37.43023],[129.12031,37.43055],[129.12097,37.43078],[129.12215,37.42956],[129.12412,37.42833],[129.12489,37.42802],[129.1255,37.42771],[129.12622,37.427],[129.1265,37.42641],[129.12698,37.42643],[129.1271,37.42629],[129.12791,37.42621],[129.12921,37.42638],[129.12945,37.4262],[129.13032,37.4259],[129.13052,37.42555],[129.13083,37.42542],[129.13096,37.42522],[129.12997,37.42468],[129.12983,37.42455],[129.12983,37.42399],[129.12976,37.42315],[129.12945,37.4222],[129.12914,37.42157],[129.12885,37.42138],[129.12891,37.42053],[129.12909,37.42],[129.12906,37.4191],[129.12871,37.41858],[129.12828,37.41767],[129.1284,37.41737],[129.12855,37.41608],[129.12868,37.41532],[129.12843,37.41459],[129.12834,37.41409],[129.12813,37.41336],[129.12801,37.41317],[129.12809,37.41265],[129.12837,37.41216],[129.1284,37.41194],[129.12868,37.41134],[129.12952,37.40978],[129.12977,37.40945],[129.13037,37.40906],[129.13062,37.4083],[129.13089,37.40778],[129.1306,37.40719],[129.13026,37.40675],[129.13064,37.40566],[129.13296,37.40689],[129.13552,37.40714],[129.13602,37.40797],[129.1364,37.40766],[129.13763,37.40745],[129.13958,37.40782],[129.14031,37.40771],[129.14183,37.40784],[129.14212,37.4083],[129.14307,37.4091],[129.14322,37.40983],[129.14343,37.41011],[129.14424,37.41088],[129.14437,37.4111],[129.14427,37.41138],[129.14438,37.41167],[129.14494,37.41225],[129.14516,37.41255],[129.1452,37.41308],[129.14487,37.41365],[129.14527,37.4139],[129.14578,37.41383],[129.14612,37.41394],[129.14669,37.41391],[129.14712,37.41449],[129.14768,37.41473],[129.149,37.41454],[129.14974,37.41431],[129.15033,37.41439],[129.15051,37.41528],[129.15052,37.41577],[129.15061,37.41612],[129.15119,37.41636],[129.15159,37.41663],[129.15196,37.41775],[129.15217,37.41871],[129.1521,37.419],[129.15318,37.41933],[129.15396,37.4195],[129.15456,37.41994],[129.1541,37.42086],[129.15483,37.4217],[129.1544,37.42229],[129.15421,37.42268],[129.15432,37.42319],[129.15547,37.42425],[129.15599,37.42428],[129.15668,37.42463],[129.15732,37.42511],[129.15759,37.42541],[129.15813,37.42568],[129.15924,37.42588],[129.16087,37.42666],[129.16185,37.42688],[129.16202,37.42781],[129.16133,37.42912],[129.16083,37.42924],[129.16071,37.42942],[129.16074,37.42988],[129.16058,37.43034],[129.16021,37.43094],[129.16025,37.43149],[129.16043,37.4322],[129.1608,37.43286],[129.16103,37.43313],[129.16131,37.43405],[129.16157,37.43433],[129.16147,37.43452],[129.16144,37.43507],[129.16181,37.43582],[129.16243,37.43658],[129.16252,37.43698],[129.16308,37.43781],[129.1622,37.43857],[129.1623,37.43877],[129.16342,37.43981],[129.16261,37.43986],[129.16291,37.44016],[129.16344,37.44087],[129.16366,37.44075],[129.16384,37.44095],[129.16386,37.44145],[129.16377,37.44168],[129.1637,37.44226],[129.1634,37.44241],[129.16331,37.44388],[129.16364,37.44389],[129.1636,37.44441],[129.16385,37.44459],[129.16399,37.44503],[129.16558,37.44494],[129.16674,37.44594],[129.16913,37.44593],[129.16949,37.44647],[129.17112,37.44734],[129.17096,37.44758],[129.17095,37.44792],[129.17069,37.44832],[129.17038,37.44863],[129.17066,37.44885],[129.17028,37.44944],[129.16999,37.44951],[129.1692,37.44905],[129.16727,37.44803],[129.16687,37.44793],[129.16629,37.44765],[129.16557,37.4474],[129.16449,37.44714],[129.16361,37.44669],[129.16313,37.44655],[129.16313,37.44673],[129.16234,37.44808],[129.16203,37.44843],[129.16176,37.44858],[129.1617,37.44918],[129.16151,37.44969],[129.16082,37.45011],[129.16066,37.45051],[129.16034,37.45035],[129.15993,37.45049],[129.15911,37.45059],[129.15847,37.4504],[129.15813,37.44988],[129.1582,37.44958],[129.15819,37.44875],[129.15804,37.44838],[129.15826,37.44777],[129.15828,37.44739],[129.15845,37.44707],[129.1586,37.44614],[129.15793,37.44601],[129.15738,37.44637],[129.15701,37.44639],[129.1566,37.44656],[129.15636,37.44679],[129.15606,37.44692],[129.15497,37.44684],[129.15459,37.44689],[129.15407,37.44675],[129.15373,37.4465],[129.15441,37.44557],[129.15412,37.44544],[129.15346,37.44556],[129.15305,37.44555],[129.15203,37.44562],[129.1514,37.44677],[129.15128,37.44687],[129.15016,37.44721],[129.14953,37.44773],[129.14864,37.44823],[129.14812,37.44797],[129.14743,37.4477],[129.14606,37.44856],[129.14477,37.44872],[129.14311,37.44926],[129.14257,37.44912],[129.14158,37.44919],[129.14065,37.44943],[129.14022,37.45011],[129.14006,37.45086],[129.13955,37.45107],[129.13783,37.45073],[129.13766,37.45043],[129.13743,37.44972],[129.13714,37.4495],[129.13682,37.4496],[129.13584,37.45036],[129.13587,37.45099],[129.13638,37.45149],[129.13634,37.45182],[129.13611,37.45224],[129.13479,37.45319]]]},"properties":{"code":"32070520","name":"성내동"}},{"type":"Feature","geometry":{"type":"MultiPolygon","coordinates":[[[[129.17984,37.46396],[129.17955,37.46395],[129.17951,37.46372],[129.17987,37.46375],[129.17984,37.46396]]],[[[129.16078,37.47584],[129.16007,37.47574],[129.15921,37.47577],[129.15873,37.47586],[129.15835,37.47609],[129.15821,37.47636],[129.15737,37.47535],[129.15712,37.47498],[129.15689,37.47479],[129.15654,37.47477],[129.156,37.47429],[129.15582,37.47422],[129.15517,37.47419],[129.15505,37.47378],[129.15488,37.47364],[129.1548,37.47324],[129.155,37.47278],[129.15473,37.47235],[129.15352,37.47134],[129.15394,37.47119],[129.15385,37.47082],[129.15295,37.4697],[129.15258,37.46946],[129.15187,37.46833],[129.15179,37.46835],[129.151,37.46706],[129.15092,37.46657],[129.15095,37.46596],[129.1508,37.46571],[129.15044,37.46559],[129.14936,37.46553],[129.14912,37.46492],[129.14879,37.46513],[129.14837,37.46517],[129.148,37.46506],[129.14743,37.46533],[129.14721,37.46574],[129.14687,37.46593],[129.14624,37.46593],[129.14576,37.46603],[129.1447,37.4664],[129.14381,37.46644],[129.1436,37.46652],[129.14324,37.46647],[129.1422,37.46648],[129.14215,37.46624],[129.14176,37.4665],[129.1412,37.4662],[129.1407,37.46526],[129.14041,37.46505],[129.13996,37.46505],[129.13941,37.46477],[129.13915,37.46448],[129.13899,37.46393],[129.13819,37.46284],[129.13812,37.46226],[129.13793,37.46159],[129.1382,37.46067],[129.13819,37.4601],[129.13792,37.45964],[129.13763,37.45934],[129.13759,37.45889],[129.13728,37.45802],[129.13695,37.45781],[129.13638,37.45695],[129.13552,37.45659],[129.13545,37.45641],[129.13582,37.4557],[129.13575,37.45515],[129.13515,37.4543],[129.13521,37.45362],[129.13479,37.45319],[129.13611,37.45224],[129.13634,37.45182],[129.13638,37.45149],[129.13587,37.45099],[129.13584,37.45036],[129.13682,37.4496],[129.13714,37.4495],[129.13743,37.44972],[129.13766,37.45043],[129.13783,37.45073],[129.13955,37.45107],[129.14006,37.45086],[129.14022,37.45011],[129.14065,37.44943],[129.14158,37.44919],[129.14257,37.44912],[129.14311,37.44926],[129.14477,37.44872],[129.14606,37.44856],[129.14743,37.4477],[129.14812,37.44797],[129.14864,37.44823],[129.14953,37.44773],[129.15016,37.44721],[129.15128,37.44687],[129.1514,37.44677],[129.15203,37.44562],[129.15305,37.44555],[129.15346,37.44556],[129.15412,37.44544],[129.15441,37.44557],[129.15373,37.4465],[129.15407,37.44675],[129.15459,37.44689],[129.15497,37.44684],[129.15606,37.44692],[129.15636,37.44679],[129.1566,37.44656],[129.15701,37.44639],[129.15738,37.44637],[129.15793,37.44601],[129.1586,37.44614],[129.15845,37.44707],[129.15828,37.44739],[129.15826,37.44777],[129.15804,37.44838],[129.15819,37.44875],[129.1582,37.44958],[129.15813,37.44988],[129.15847,37.4504],[129.15911,37.45059],[129.15993,37.45049],[129.16034,37.45035],[129.16066,37.45051],[129.16082,37.45011],[129.16151,37.44969],[129.1617,37.44918],[129.16176,37.44858],[129.16203,37.44843],[129.16234,37.44808],[129.16313,37.44673],[129.16313,37.44655],[129.16361,37.44669],[129.16449,37.44714],[129.16557,37.4474],[129.16629,37.44765],[129.16687,37.44793],[129.16727,37.44803],[129.1692,37.44905],[129.16999,37.44951],[129.17028,37.44944],[129.17066,37.44885],[129.17038,37.44863],[129.17069,37.44832],[129.17095,37.44792],[129.17096,37.44758],[129.17112,37.44734],[129.1714,37.44708],[129.17253,37.44543],[129.17246,37.44534],[129.17275,37.44478],[129.17275,37.44457],[129.17314,37.44367],[129.17314,37.44318],[129.17307,37.44296],[129.17237,37.44238],[129.17122,37.44193],[129.17067,37.44168],[129.17242,37.44166],[129.17402,37.44237],[129.17474,37.44263],[129.17467,37.44295],[129.17397,37.4438],[129.17359,37.44414],[129.17349,37.44446],[129.17263,37.44592],[129.17206,37.44666],[129.17279,37.44668],[129.1731,37.44677],[129.17376,37.44668],[129.17516,37.44679],[129.17505,37.44796],[129.17837,37.44817],[129.17832,37.44866],[129.17916,37.44846],[129.17948,37.44831],[129.18024,37.4483],[129.18046,37.44855],[129.18054,37.4489],[129.18133,37.44912],[129.18179,37.4486],[129.18223,37.44779],[129.1821,37.44726],[129.18342,37.44642],[129.18524,37.44649],[129.18596,37.44679],[129.18679,37.44725],[129.18712,37.44757],[129.18739,37.448],[129.18768,37.44833],[129.18823,37.44938],[129.18898,37.44975],[129.18925,37.45024],[129.19002,37.4502],[129.18976,37.45034],[129.18992,37.45054],[129.18986,37.45094],[129.1901,37.45136],[129.18984,37.45141],[129.19002,37.45169],[129.18976,37.4518],[129.18962,37.45215],[129.18934,37.4523],[129.18886,37.45221],[129.18885,37.45248],[129.18859,37.45274],[129.18831,37.45246],[129.18797,37.45249],[129.18754,37.45266],[129.18745,37.45253],[129.18705,37.4525],[129.18667,37.45286],[129.18658,37.45344],[129.1868,37.45368],[129.18711,37.45366],[129.18716,37.45349],[129.18779,37.45347],[129.1878,37.45381],[129.18738,37.45398],[129.18751,37.45422],[129.18748,37.45458],[129.18709,37.4548],[129.18706,37.45507],[129.18725,37.45534],[129.18716,37.45557],[129.18752,37.45591],[129.1869,37.45654],[129.18651,37.45658],[129.18632,37.45685],[129.18622,37.45739],[129.18574,37.45728],[129.18544,37.45731],[129.18507,37.45751],[129.18472,37.45726],[129.18454,37.45737],[129.18435,37.45791],[129.18409,37.45785],[129.18369,37.45808],[129.18375,37.45824],[129.18333,37.45836],[129.18352,37.45881],[129.18346,37.45908],[129.18315,37.45939],[129.18278,37.45949],[129.18243,37.45982],[129.18279,37.4602],[129.18267,37.46047],[129.18233,37.46064],[129.18148,37.46078],[129.18102,37.46058],[129.18019,37.46068],[129.1798,37.46101],[129.17972,37.46152],[129.18005,37.46208],[129.17979,37.46243],[129.18003,37.46292],[129.17983,37.46309],[129.1796,37.46303],[129.17934,37.46337],[129.17934,37.46362],[129.1791,37.46368],[129.17841,37.46352],[129.17818,37.4637],[129.17811,37.46401],[129.1777,37.46383],[129.17755,37.46406],[129.17863,37.46472],[129.17894,37.46462],[129.17961,37.46455],[129.18015,37.46437],[129.18048,37.46418],[129.18066,37.46439],[129.18019,37.46468],[129.17994,37.46469],[129.17946,37.46491],[129.17903,37.46488],[129.17867,37.46502],[129.17835,37.46491],[129.17817,37.4647],[129.17725,37.46424],[129.17672,37.46407],[129.17636,37.46426],[129.17588,37.46439],[129.17545,37.46473],[129.17554,37.46501],[129.17531,37.46509],[129.17508,37.46498],[129.1747,37.46544],[129.17464,37.46573],[129.17321,37.46586],[129.17247,37.46636],[129.17193,37.4668],[129.17165,37.46694],[129.17093,37.46752],[129.17066,37.46767],[129.16993,37.46827],[129.16876,37.46909],[129.16832,37.46944],[129.16629,37.47116],[129.16548,37.472],[129.16537,37.47237],[129.16557,37.47266],[129.16606,37.47279],[129.16618,37.47292],[129.16615,37.47346],[129.16584,37.4738],[129.1654,37.47358],[129.16506,37.47383],[129.16484,37.47359],[129.16429,37.47363],[129.16402,37.47384],[129.16373,37.47349],[129.1632,37.47361],[129.16198,37.47469],[129.16078,37.47584]]]]},"properties":{"code":"32070530","name":"교동"}},{"type":"Feature","geometry":{"type":"Polygon","coordinates":[[[129.1902,37.43231],[129.19007,37.4336],[129.19073,37.43387],[129.1922,37.43369],[129.19255,37.43348],[129.19349,37.43257],[129.1937,37.43227],[129.1939,37.43247],[129.19366,37.43265],[129.19274,37.43355],[129.19228,37.43385],[129.19224,37.43408],[129.18923,37.43441],[129.18944,37.43714],[129.19122,37.43702],[129.19174,37.43777],[129.19218,37.43796],[129.1928,37.43752],[129.19372,37.43561],[129.19428,37.43432],[129.19469,37.43403],[129.19533,37.43335],[129.1956,37.43298],[129.19665,37.43241],[129.19713,37.43203],[129.19744,37.43227],[129.19723,37.43245],[129.19603,37.43317],[129.19591,37.43343],[129.19528,37.43407],[129.19475,37.43466],[129.19459,37.4352],[129.19424,37.43761],[129.19408,37.43787],[129.19401,37.43866],[129.19364,37.44077],[129.19354,37.44112],[129.19322,37.44126],[129.19284,37.44157],[129.19259,37.44236],[129.19293,37.44247],[129.19287,37.44272],[129.19244,37.44282],[129.19221,37.44273],[129.19176,37.44353],[129.19214,37.44367],[129.19191,37.44394],[129.19151,37.44381],[129.19126,37.44399],[129.19086,37.44467],[129.19085,37.44493],[129.19036,37.44527],[129.18967,37.44553],[129.18952,37.44581],[129.18969,37.44595],[129.19016,37.4461],[129.18983,37.44647],[129.19003,37.44651],[129.18986,37.44683],[129.18986,37.44718],[129.18957,37.44755],[129.18997,37.44809],[129.19015,37.44815],[129.19066,37.44854],[129.18969,37.44858],[129.18974,37.4494],[129.19006,37.44931],[129.19009,37.44957],[129.18988,37.44965],[129.18974,37.44991],[129.19002,37.4502],[129.18925,37.45024],[129.18898,37.44975],[129.18823,37.44938],[129.18768,37.44833],[129.18739,37.448],[129.18712,37.44757],[129.18679,37.44725],[129.18596,37.44679],[129.18524,37.44649],[129.18342,37.44642],[129.1821,37.44726],[129.18223,37.44779],[129.18179,37.4486],[129.18133,37.44912],[129.18054,37.4489],[129.18046,37.44855],[129.18024,37.4483],[129.17948,37.44831],[129.17916,37.44846],[129.17832,37.44866],[129.17837,37.44817],[129.17505,37.44796],[129.17516,37.44679],[129.17376,37.44668],[129.1731,37.44677],[129.17279,37.44668],[129.17206,37.44666],[129.17263,37.44592],[129.17349,37.44446],[129.17359,37.44414],[129.17397,37.4438],[129.17467,37.44295],[129.17474,37.44263],[129.17402,37.44237],[129.17242,37.44166],[129.17067,37.44168],[129.17037,37.44148],[129.1701,37.44113],[129.1694,37.43923],[129.16904,37.4392],[129.16894,37.43859],[129.16846,37.4386],[129.16843,37.4383],[129.16817,37.43835],[129.16815,37.43802],[129.16863,37.43719],[129.16904,37.43683],[129.1701,37.43638],[129.17067,37.43607],[129.17142,37.43515],[129.17186,37.43483],[129.17343,37.43383],[129.17424,37.43346],[129.17497,37.43322],[129.17591,37.43281],[129.17703,37.43242],[129.17776,37.43225],[129.17863,37.43217],[129.17965,37.43202],[129.18198,37.43157],[129.18275,37.43144],[129.18372,37.43138],[129.18481,37.43141],[129.18593,37.4313],[129.18706,37.43132],[129.1902,37.43231]],[[129.19011,37.43874],[129.19062,37.43873],[129.19156,37.43797],[129.19169,37.43781],[129.19136,37.43757],[129.19097,37.43792],[129.18829,37.43815],[129.18808,37.43802],[129.188,37.43744],[129.18725,37.43749],[129.18734,37.43821],[129.18777,37.43858],[129.18827,37.43873],[129.19011,37.43874]]]},"properties":{"code":"32070540","name":"정라동"}}],"profileId":"gangwon","schemaVersion":2,"dataVersion":"gangwon-2022-563a6bb6162048a7"}
