{"type":"FeatureCollection","features":[{"type":"Feature","geometry":{"type":"Polygon","coordinates":[[[127.96458,37.70663],[127.96483,37.70694],[127.96507,37.70709],[127.96541,37.70777],[127.96432,37.70798],[127.96378,37.70802],[127.96326,37.70843],[127.96354,37.70918],[127.96295,37.7097],[127.96264,37.7104],[127.96195,37.71223],[127.96105,37.71373],[127.96074,37.71456],[127.96092,37.71515],[127.96034,37.71616],[127.96057,37.71703],[127.95999,37.7183],[127.95972,37.71914],[127.9595,37.7209],[127.95921,37.72142],[127.95859,37.72198],[127.95738,37.72284],[127.95656,37.72352],[127.956,37.72416],[127.95552,37.7245],[127.95556,37.72527],[127.9554,37.72611],[127.95371,37.72703],[127.95341,37.72762],[127.95345,37.72813],[127.95331,37.72834],[127.95233,37.72953],[127.95192,37.72973],[127.95225,37.73021],[127.95248,37.73077],[127.95211,37.73093],[127.95162,37.73099],[127.95107,37.73149],[127.95049,37.7317],[127.94994,37.73156],[127.94973,37.73134],[127.94927,37.73146],[127.94895,37.73179],[127.94841,37.73189],[127.94806,37.73203],[127.94716,37.73161],[127.94649,37.73107],[127.9452,37.73117],[127.94481,37.73115],[127.94421,37.73092],[127.94362,37.73087],[127.94354,37.73067],[127.94253,37.73094],[127.94187,37.73127],[127.9404,37.7313],[127.9402,37.73113],[127.9399,37.73142],[127.93936,37.73136],[127.93843,37.73101],[127.93804,37.73075],[127.93771,37.73064],[127.93735,37.73072],[127.9364,37.7311],[127.93543,37.73002],[127.93479,37.72949],[127.93428,37.72985],[127.93406,37.73032],[127.93415,37.7307],[127.93363,37.73103],[127.93271,37.73218],[127.93264,37.73239],[127.93152,37.73365],[127.93136,37.73434],[127.93053,37.73387],[127.9304,37.73362],[127.9296,37.73313],[127.9286,37.73226],[127.92824,37.73162],[127.92741,37.73181],[127.92716,37.73212],[127.92667,37.73258],[127.92584,37.73279],[127.92532,37.73325],[127.92389,37.73345],[127.9232,37.73325],[127.92255,37.73358],[127.92194,37.73511],[127.9201,37.73601],[127.91974,37.73646],[127.91953,37.73682],[127.91905,37.73728],[127.91864,37.73736],[127.91838,37.73755],[127.91744,37.73728],[127.91687,37.73742],[127.91671,37.73767],[127.91657,37.73821],[127.91635,37.73844],[127.91645,37.73902],[127.91592,37.73962],[127.9156,37.73981],[127.91501,37.74036],[127.91471,37.74111],[127.91426,37.74112],[127.91332,37.7414],[127.91257,37.74174],[127.9119,37.7425],[127.91169,37.74283],[127.91167,37.74336],[127.91109,37.7436],[127.91045,37.74403],[127.9103,37.74438],[127.90978,37.74475],[127.90986,37.74546],[127.90967,37.74572],[127.90879,37.746],[127.90812,37.7466],[127.90698,37.7466],[127.90606,37.74763],[127.90472,37.74847],[127.90385,37.74848],[127.90404,37.74799],[127.90354,37.74731],[127.9028,37.74597],[127.90243,37.74608],[127.90213,37.74606],[127.9019,37.74621],[127.90132,37.74629],[127.90101,37.74626],[127.89979,37.74658],[127.89899,37.74629],[127.89812,37.74638],[127.89678,37.74552],[127.89561,37.74556],[127.89534,37.74541],[127.895,37.74547],[127.89451,37.74571],[127.89395,37.7456],[127.89348,37.74487],[127.89298,37.74472],[127.89184,37.74424],[127.89119,37.74365],[127.89152,37.74251],[127.89125,37.74237],[127.89091,37.74187],[127.89094,37.74154],[127.89068,37.74128],[127.89026,37.741],[127.88996,37.74016],[127.89008,37.73966],[127.88994,37.73843],[127.89012,37.73806],[127.88992,37.7377],[127.88974,37.73699],[127.88983,37.73629],[127.88975,37.73566],[127.88941,37.73528],[127.88914,37.73481],[127.88919,37.73411],[127.88902,37.73329],[127.88905,37.73291],[127.88867,37.73273],[127.88832,37.73228],[127.88814,37.73174],[127.88744,37.73095],[127.88748,37.73068],[127.88731,37.73023],[127.88671,37.73013],[127.88608,37.72982],[127.88516,37.72968],[127.88465,37.72953],[127.88445,37.72939],[127.88299,37.72862],[127.88276,37.72827],[127.88227,37.72788],[127.88219,37.72764],[127.88312,37.7267],[127.88336,37.72634],[127.88346,37.72594],[127.88318,37.72583],[127.88259,37.72519],[127.88204,37.72481],[127.88175,37.72419],[127.88173,37.72382],[127.88161,37.72363],[127.88156,37.72256],[127.88124,37.72217],[127.88124,37.72159],[127.88141,37.72125],[127.88114,37.72089],[127.88181,37.72039],[127.88223,37.72023],[127.88252,37.71996],[127.88246,37.71896],[127.88218,37.71862],[127.88241,37.71796],[127.88215,37.71756],[127.882,37.71718],[127.88129,37.71625],[127.88141,37.7158],[127.8814,37.71535],[127.8813,37.71513],[127.88144,37.71448],[127.88119,37.71377],[127.88078,37.71368],[127.88041,37.71348],[127.87953,37.71318],[127.87868,37.712],[127.87787,37.71197],[127.8768,37.71162],[127.87589,37.71118],[127.87627,37.71035],[127.87631,37.70984],[127.8762,37.70906],[127.87558,37.70863],[127.87493,37.70847],[127.87454,37.70852],[127.87412,37.70819],[127.87429,37.70788],[127.87428,37.7072],[127.8746,37.70641],[127.87485,37.70628],[127.87515,37.70554],[127.87512,37.70456],[127.87544,37.70352],[127.87583,37.70327],[127.87612,37.70289],[127.87582,37.70261],[127.87514,37.70173],[127.87496,37.701],[127.87502,37.69991],[127.87476,37.69956],[127.87474,37.69923],[127.8743,37.69846],[127.87351,37.69818],[127.8734,37.69764],[127.8732,37.69713],[127.87371,37.69673],[127.87415,37.69654],[127.87381,37.69568],[127.87382,37.69545],[127.8744,37.69332],[127.8752,37.69286],[127.87548,37.69206],[127.87539,37.69169],[127.87515,37.69127],[127.87525,37.69113],[127.87508,37.69073],[127.87477,37.69053],[127.87474,37.69005],[127.87491,37.68981],[127.87477,37.68964],[127.87412,37.68937],[127.87375,37.68787],[127.87241,37.68757],[127.87167,37.68718],[127.87076,37.68659],[127.87019,37.68595],[127.86786,37.68449],[127.86713,37.68385],[127.86535,37.68245],[127.86336,37.68172],[127.86234,37.68137],[127.86131,37.68094],[127.86027,37.68057],[127.85946,37.68033],[127.85729,37.68001],[127.85576,37.67994],[127.85513,37.68],[127.85467,37.6801],[127.85387,37.6807],[127.85233,37.68123],[127.85135,37.68237],[127.85065,37.68415],[127.84945,37.68728],[127.84856,37.68725],[127.84793,37.68739],[127.84736,37.6871],[127.84577,37.68684],[127.84538,37.68685],[127.84504,37.68668],[127.84495,37.68649],[127.84451,37.68644],[127.84401,37.6861],[127.84313,37.68641],[127.84285,37.68622],[127.84228,37.68604],[127.8414,37.68623],[127.84099,37.68608],[127.84039,37.68628],[127.83921,37.68646],[127.83819,37.68647],[127.83788,37.68669],[127.83726,37.68659],[127.83673,37.68683],[127.83593,37.68689],[127.83559,37.68685],[127.83537,37.68713],[127.83512,37.68724],[127.83531,37.68767],[127.83426,37.68789],[127.83377,37.68823],[127.83242,37.68838],[127.83094,37.68752],[127.83023,37.68637],[127.82996,37.68572],[127.82907,37.6855],[127.8279,37.68564],[127.82765,37.68556],[127.82693,37.68467],[127.82609,37.68491],[127.82521,37.68476],[127.82456,37.68502],[127.82366,37.6847],[127.82309,37.68459],[127.82258,37.68441],[127.82232,37.68415],[127.82163,37.68403],[127.82038,37.68461],[127.81902,37.68492],[127.81808,37.68325],[127.81796,37.68324],[127.817,37.68191],[127.81542,37.68118],[127.81461,37.68092],[127.81499,37.67978],[127.81522,37.67889],[127.81524,37.67854],[127.81537,37.67839],[127.81594,37.67741],[127.81542,37.67624],[127.81571,37.67565],[127.81508,37.67507],[127.81448,37.67424],[127.81388,37.67375],[127.81345,37.67267],[127.81308,37.67229],[127.81271,37.67209],[127.81105,37.67218],[127.80972,37.67161],[127.80852,37.67154],[127.80735,37.67116],[127.80645,37.67094],[127.80517,37.67125],[127.80432,37.67005],[127.80516,37.66824],[127.80528,37.66753],[127.80495,37.66659],[127.80521,37.66588],[127.8058,37.66515],[127.80564,37.66478],[127.80581,37.6644],[127.80495,37.66382],[127.8043,37.66379],[127.80458,37.6628],[127.80452,37.6623],[127.80398,37.66192],[127.8026,37.66159],[127.80159,37.66111],[127.80072,37.66012],[127.80059,37.65915],[127.8002,37.65818],[127.80035,37.6579],[127.80037,37.65726],[127.80005,37.65648],[127.79937,37.65549],[127.79826,37.65446],[127.79691,37.65384],[127.79701,37.65255],[127.79688,37.65134],[127.79651,37.65086],[127.7963,37.64917],[127.79658,37.64814],[127.7972,37.64749],[127.79736,37.64681],[127.79641,37.64549],[127.79749,37.64464],[127.79792,37.64357],[127.79789,37.64285],[127.79845,37.64129],[127.79857,37.6403],[127.799,37.63986],[127.79912,37.6393],[127.79909,37.63833],[127.79994,37.63725],[127.79979,37.63577],[127.79933,37.63494],[127.79972,37.63415],[127.79975,37.63347],[127.80061,37.63293],[127.80138,37.63187],[127.80277,37.63151],[127.80365,37.63083],[127.80494,37.63075],[127.80603,37.63037],[127.80824,37.62885],[127.80923,37.62962],[127.81011,37.62875],[127.81044,37.62803],[127.81127,37.62684],[127.81132,37.62629],[127.8119,37.62562],[127.81222,37.62491],[127.81184,37.62442],[127.81243,37.62401],[127.81382,37.62407],[127.81387,37.62364],[127.81408,37.6233],[127.81469,37.62313],[127.81542,37.62278],[127.81573,37.62272],[127.8158,37.62242],[127.81654,37.62153],[127.81756,37.62178],[127.81862,37.62132],[127.82006,37.62124],[127.82027,37.62117],[127.8208,37.62013],[127.82205,37.61947],[127.82378,37.61947],[127.8244,37.61986],[127.82515,37.61989],[127.8262,37.61968],[127.8268,37.61922],[127.82748,37.61916],[127.82817,37.61867],[127.82815,37.61802],[127.82879,37.61773],[127.82908,37.61718],[127.83027,37.6172],[127.83118,37.61771],[127.83235,37.61765],[127.83381,37.61841],[127.8349,37.61843],[127.83526,37.61884],[127.83515,37.61938],[127.83536,37.61973],[127.83821,37.61895],[127.83844,37.61909],[127.84018,37.61752],[127.84011,37.61696],[127.84033,37.61675],[127.84098,37.61574],[127.84119,37.6156],[127.84173,37.61556],[127.84279,37.61504],[127.84442,37.61389],[127.845,37.61321],[127.84542,37.61258],[127.84491,37.61052],[127.84549,37.60951],[127.8456,37.60914],[127.84649,37.60893],[127.84685,37.6086],[127.84718,37.60808],[127.8471,37.60791],[127.8475,37.6077],[127.8481,37.60726],[127.8494,37.6071],[127.85045,37.60653],[127.85129,37.60617],[127.8519,37.60619],[127.85204,37.60605],[127.85246,37.60527],[127.85283,37.60431],[127.85314,37.60292],[127.85366,37.60266],[127.85442,37.60281],[127.85481,37.6024],[127.85556,37.60226],[127.85612,37.60209],[127.85621,37.6015],[127.85676,37.60051],[127.8573,37.59988],[127.85785,37.59896],[127.85847,37.59872],[127.8595,37.5984],[127.86059,37.59846],[127.86129,37.59842],[127.86186,37.59822],[127.86267,37.5985],[127.86322,37.59864],[127.86386,37.59889],[127.86449,37.59879],[127.86503,37.59909],[127.86537,37.59952],[127.86598,37.59921],[127.86626,37.59919],[127.86639,37.59876],[127.86702,37.59883],[127.86698,37.59857],[127.86739,37.59849],[127.86789,37.59821],[127.86814,37.59788],[127.86857,37.59777],[127.86921,37.59776],[127.87094,37.59756],[127.87132,37.59738],[127.87127,37.59681],[127.87167,37.59556],[127.87249,37.59542],[127.87231,37.59461],[127.8729,37.59398],[127.87424,37.59376],[127.87498,37.59395],[127.87716,37.59396],[127.87752,37.59384],[127.8796,37.59543],[127.88047,37.59567],[127.88085,37.59554],[127.88126,37.59511],[127.88189,37.59491],[127.88222,37.59494],[127.88245,37.59517],[127.88312,37.5952],[127.88419,37.59443],[127.88449,37.59457],[127.8849,37.59453],[127.88623,37.5952],[127.88645,37.59576],[127.88722,37.59619],[127.88769,37.59627],[127.88813,37.59658],[127.89066,37.59645],[127.89201,37.5964],[127.89223,37.59669],[127.89263,37.59721],[127.89338,37.59779],[127.89504,37.59831],[127.89567,37.59768],[127.89639,37.59737],[127.89847,37.59789],[127.90553,37.59831],[127.90752,37.59842],[127.90915,37.59894],[127.91011,37.60035],[127.91063,37.60057],[127.91253,37.60071],[127.91311,37.60125],[127.9147,37.60179],[127.91656,37.60236],[127.91674,37.60262],[127.91838,37.60403],[127.91921,37.60455],[127.92261,37.6057],[127.92225,37.60853],[127.92253,37.60972],[127.92,37.61046],[127.91815,37.61097],[127.91699,37.61127],[127.91665,37.61175],[127.91568,37.61196],[127.91464,37.6128],[127.91432,37.61285],[127.91365,37.61366],[127.91319,37.61473],[127.91268,37.61521],[127.91252,37.61633],[127.91217,37.61677],[127.91212,37.61702],[127.91166,37.6175],[127.91147,37.61784],[127.91131,37.61833],[127.91112,37.62018],[127.91053,37.62064],[127.90994,37.62143],[127.90991,37.62184],[127.91005,37.62238],[127.90976,37.62246],[127.90921,37.62315],[127.90914,37.62367],[127.90877,37.62406],[127.90823,37.62401],[127.90794,37.62416],[127.90776,37.6247],[127.90782,37.62535],[127.90824,37.62548],[127.9081,37.626],[127.90838,37.62639],[127.908,37.62771],[127.90725,37.62811],[127.90615,37.62837],[127.90607,37.62873],[127.90558,37.62872],[127.90503,37.62826],[127.90476,37.6282],[127.90439,37.62882],[127.90457,37.6293],[127.90438,37.62975],[127.90449,37.62983],[127.90348,37.63015],[127.90325,37.62997],[127.90285,37.63056],[127.9024,37.6308],[127.90183,37.6313],[127.90119,37.63139],[127.90093,37.63208],[127.90045,37.63278],[127.89968,37.63321],[127.89952,37.63358],[127.90014,37.63515],[127.90017,37.63547],[127.90074,37.63588],[127.89994,37.63738],[127.89906,37.63778],[127.89917,37.63861],[127.89808,37.63936],[127.89812,37.63955],[127.89765,37.64032],[127.89754,37.64038],[127.89728,37.64096],[127.89731,37.64171],[127.89741,37.64211],[127.89731,37.64277],[127.89693,37.64322],[127.89743,37.64394],[127.89817,37.64428],[127.89799,37.64512],[127.89811,37.64518],[127.89995,37.64567],[127.90015,37.64604],[127.90107,37.64648],[127.90068,37.64689],[127.89985,37.64749],[127.90001,37.64838],[127.9002,37.64879],[127.89998,37.64917],[127.89995,37.64998],[127.8997,37.6508],[127.89902,37.65141],[127.89853,37.65216],[127.89816,37.653],[127.89819,37.65345],[127.89784,37.65369],[127.89761,37.65461],[127.89773,37.65516],[127.89665,37.65596],[127.89676,37.6567],[127.89714,37.65738],[127.89713,37.65764],[127.89641,37.65801],[127.89625,37.6584],[127.89599,37.65852],[127.89543,37.65926],[127.8953,37.65973],[127.89468,37.66048],[127.89497,37.66088],[127.89489,37.66118],[127.89516,37.66163],[127.89497,37.66186],[127.89489,37.66259],[127.89471,37.66279],[127.89545,37.66358],[127.89585,37.66375],[127.89649,37.6649],[127.89621,37.66598],[127.8962,37.66663],[127.89614,37.66683],[127.89586,37.66694],[127.89544,37.66688],[127.89516,37.66768],[127.89473,37.66775],[127.89445,37.66766],[127.89387,37.6679],[127.89298,37.67005],[127.8927,37.67034],[127.89213,37.67062],[127.89202,37.6715],[127.89203,37.67245],[127.89287,37.67286],[127.8926,37.67329],[127.89307,37.67368],[127.89295,37.67423],[127.89298,37.67479],[127.89236,37.67558],[127.89215,37.67562],[127.89187,37.67598],[127.89225,37.67626],[127.89273,37.67643],[127.89323,37.67647],[127.89406,37.67682],[127.89435,37.67725],[127.89537,37.67761],[127.89575,37.6776],[127.8963,37.67847],[127.89791,37.67898],[127.8983,37.67961],[127.89903,37.67995],[127.89928,37.68039],[127.89928,37.68124],[127.90016,37.68169],[127.9009,37.68223],[127.90173,37.68238],[127.90253,37.68291],[127.90338,37.68274],[127.90404,37.6831],[127.90422,37.68335],[127.90515,37.68296],[127.90558,37.68294],[127.90629,37.68258],[127.90653,37.68256],[127.90688,37.68233],[127.90763,37.68212],[127.90827,37.68184],[127.90856,37.68206],[127.90863,37.68233],[127.90834,37.68274],[127.90915,37.6836],[127.90976,37.68485],[127.91067,37.68498],[127.91088,37.68545],[127.91185,37.68554],[127.91213,37.68614],[127.91275,37.68637],[127.91277,37.68708],[127.91287,37.68721],[127.91239,37.68789],[127.91241,37.68821],[127.91281,37.68855],[127.91303,37.6898],[127.91365,37.68933],[127.91454,37.68939],[127.91494,37.68928],[127.91575,37.68944],[127.91755,37.69008],[127.918,37.69065],[127.9185,37.69074],[127.91884,37.69068],[127.9193,37.69089],[127.91986,37.69102],[127.92072,37.69142],[127.9212,37.69179],[127.92145,37.69216],[127.92196,37.69232],[127.92284,37.69275],[127.92319,37.69319],[127.92313,37.69359],[127.92323,37.69411],[127.92365,37.69454],[127.92348,37.69524],[127.92287,37.69596],[127.92274,37.69665],[127.9232,37.6966],[127.92393,37.69668],[127.92413,37.69687],[127.92429,37.69737],[127.92438,37.69823],[127.92412,37.69894],[127.92369,37.69963],[127.92349,37.69973],[127.92319,37.70045],[127.92217,37.7011],[127.92215,37.70084],[127.92189,37.70042],[127.92096,37.70097],[127.92075,37.70088],[127.91912,37.70163],[127.91932,37.70203],[127.91933,37.70231],[127.91983,37.70278],[127.9198,37.70301],[127.92005,37.70348],[127.92036,37.70385],[127.92142,37.70472],[127.92243,37.70503],[127.92371,37.70547],[127.92391,37.70566],[127.92414,37.70564],[127.9244,37.70583],[127.9251,37.70612],[127.92573,37.70628],[127.92653,37.70657],[127.92672,37.70681],[127.92742,37.70679],[127.92786,37.70692],[127.92912,37.70625],[127.93017,37.70599],[127.93171,37.70523],[127.93237,37.70506],[127.93265,37.70513],[127.933,37.70547],[127.93317,37.70591],[127.93313,37.70613],[127.93401,37.7064],[127.93537,37.70703],[127.93588,37.70734],[127.93605,37.70792],[127.93677,37.70822],[127.93723,37.70887],[127.93805,37.70899],[127.93896,37.70981],[127.94048,37.70976],[127.9406,37.71003],[127.94237,37.70996],[127.94277,37.70974],[127.94326,37.70997],[127.94352,37.70997],[127.94489,37.70946],[127.9452,37.70918],[127.94535,37.70868],[127.94728,37.70784],[127.94825,37.70744],[127.94865,37.70657],[127.94898,37.70626],[127.9492,37.70581],[127.95202,37.70566],[127.95273,37.70593],[127.95331,37.70568],[127.95378,37.70589],[127.95428,37.70629],[127.95503,37.7065],[127.95575,37.70657],[127.95653,37.70615],[127.95727,37.70616],[127.95867,37.70681],[127.95986,37.70743],[127.96013,37.70728],[127.96056,37.70744],[127.96332,37.70672],[127.96359,37.70679],[127.96458,37.70663]]]},"properties":{"code":"32510110","name":"홍천읍"}},{"type":"Feature","geometry":{"type":"Polygon","coordinates":[[[128.02228,37.78348],[128.02138,37.78389],[128.02025,37.78356],[128.01878,37.78324],[128.0172,37.78334],[128.01524,37.78398],[128.01386,37.78404],[128.01179,37.78461],[128.00965,37.78481],[128.00928,37.78582],[128.0091,37.7865],[128.00868,37.7871],[128.00803,37.78736],[128.00777,37.78762],[128.0072,37.78781],[128.00604,37.78791],[128.00543,37.78819],[128.00459,37.78809],[128.00392,37.78794],[128.00291,37.78706],[128.00205,37.7871],[128.00094,37.78849],[128.0001,37.78882],[127.99798,37.78913],[127.99741,37.78956],[127.99635,37.7899],[127.99614,37.79072],[127.99498,37.79152],[127.99462,37.79195],[127.99416,37.79207],[127.9927,37.79251],[127.99194,37.79317],[127.99085,37.79405],[127.98986,37.79385],[127.98947,37.79381],[127.98843,37.79358],[127.98786,37.79433],[127.98713,37.79484],[127.98503,37.79479],[127.98433,37.79446],[127.9822,37.79511],[127.98142,37.795],[127.9806,37.79543],[127.98007,37.79599],[127.97996,37.79698],[127.98095,37.79739],[127.98158,37.79837],[127.98142,37.79916],[127.98047,37.80031],[127.98048,37.8006],[127.98018,37.80107],[127.98048,37.80155],[127.98043,37.80184],[127.98089,37.8029],[127.98092,37.80329],[127.98085,37.80421],[127.98038,37.80426],[127.9803,37.80466],[127.98001,37.80517],[127.97956,37.80514],[127.97923,37.8053],[127.97794,37.80501],[127.9779,37.80522],[127.97701,37.8056],[127.97678,37.80598],[127.97566,37.80671],[127.97568,37.80708],[127.97498,37.80718],[127.97403,37.80748],[127.97386,37.80775],[127.9738,37.80885],[127.97303,37.80996],[127.97249,37.81039],[127.97261,37.81085],[127.9707,37.81055],[127.96964,37.81102],[127.96884,37.81082],[127.96808,37.81101],[127.96757,37.81173],[127.96767,37.81245],[127.96704,37.81504],[127.96744,37.81557],[127.96725,37.81699],[127.96729,37.81727],[127.96718,37.81805],[127.9675,37.81838],[127.96715,37.81936],[127.96691,37.81986],[127.9665,37.82034],[127.96637,37.82101],[127.96551,37.82223],[127.96586,37.8228],[127.96571,37.82302],[127.96523,37.82342],[127.96441,37.82443],[127.96258,37.82481],[127.96242,37.82526],[127.96325,37.82586],[127.96338,37.82638],[127.96382,37.8267],[127.96419,37.82722],[127.96475,37.82754],[127.96488,37.8281],[127.96574,37.82834],[127.96657,37.82919],[127.96692,37.82942],[127.96698,37.8299],[127.96728,37.83018],[127.96801,37.83144],[127.96894,37.83159],[127.97015,37.83231],[127.97046,37.83273],[127.97107,37.83277],[127.97205,37.833],[127.97297,37.833],[127.97397,37.83337],[127.97406,37.83376],[127.97514,37.83498],[127.97529,37.83658],[127.97581,37.83776],[127.9759,37.83812],[127.97704,37.83864],[127.97718,37.83964],[127.97707,37.84117],[127.97757,37.8418],[127.97754,37.84259],[127.97661,37.84389],[127.97602,37.84423],[127.97559,37.8448],[127.97508,37.84517],[127.97485,37.84553],[127.97467,37.84613],[127.9742,37.84659],[127.97393,37.84661],[127.97331,37.84696],[127.97258,37.84694],[127.97215,37.84703],[127.96997,37.84722],[127.9694,37.84719],[127.96902,37.84743],[127.96875,37.8475],[127.96824,37.84818],[127.96818,37.84837],[127.96745,37.84897],[127.96711,37.84964],[127.96747,37.84989],[127.96727,37.85059],[127.96677,37.85081],[127.96665,37.85117],[127.96487,37.85243],[127.96463,37.85283],[127.96478,37.85326],[127.96447,37.85422],[127.96443,37.85487],[127.96425,37.85513],[127.96425,37.85588],[127.96314,37.85659],[127.96237,37.85749],[127.96253,37.85782],[127.96243,37.85845],[127.96185,37.85935],[127.96177,37.85991],[127.96166,37.86015],[127.96229,37.8619],[127.96279,37.86227],[127.96336,37.86287],[127.96296,37.86371],[127.96288,37.86476],[127.96235,37.86512],[127.96275,37.86598],[127.96284,37.86637],[127.96203,37.86714],[127.96111,37.86739],[127.96041,37.86837],[127.95915,37.86962],[127.95733,37.87063],[127.95639,37.87126],[127.95576,37.87015],[127.95464,37.86921],[127.95366,37.86792],[127.95308,37.86643],[127.95292,37.86488],[127.95288,37.86485],[127.95063,37.864],[127.95005,37.86321],[127.95015,37.86237],[127.95015,37.86196],[127.95004,37.86163],[127.94955,37.86113],[127.94886,37.86058],[127.94822,37.8602],[127.94765,37.85891],[127.94766,37.85815],[127.94728,37.85741],[127.94688,37.8569],[127.94632,37.85592],[127.94615,37.85507],[127.94588,37.85425],[127.9455,37.85362],[127.94469,37.85301],[127.94443,37.85136],[127.94411,37.85106],[127.94401,37.85047],[127.94361,37.84918],[127.94297,37.84772],[127.94325,37.84731],[127.94373,37.8469],[127.94474,37.84624],[127.9456,37.84578],[127.94597,37.84493],[127.94585,37.84456],[127.94535,37.84429],[127.94534,37.84405],[127.94586,37.84333],[127.94606,37.84275],[127.94605,37.84198],[127.9461,37.84108],[127.94504,37.84035],[127.94436,37.83942],[127.94473,37.83879],[127.94412,37.83835],[127.94283,37.83823],[127.94165,37.83816],[127.93992,37.83718],[127.93926,37.83694],[127.93869,37.83662],[127.93854,37.83643],[127.9378,37.836],[127.93751,37.83596],[127.93705,37.83558],[127.93631,37.83428],[127.93578,37.83288],[127.93551,37.83207],[127.9354,37.83155],[127.93527,37.83042],[127.93534,37.83006],[127.93523,37.82851],[127.93401,37.82709],[127.93279,37.82636],[127.93181,37.82647],[127.93153,37.8268],[127.93037,37.82694],[127.92927,37.82771],[127.92864,37.82918],[127.92643,37.83315],[127.9264,37.83325],[127.92536,37.83701],[127.92447,37.83832],[127.92228,37.83906],[127.92099,37.84023],[127.91849,37.84422],[127.91662,37.84513],[127.91573,37.84576],[127.91361,37.84617],[127.91029,37.84797],[127.90863,37.84857],[127.90769,37.84906],[127.90567,37.84941],[127.90637,37.85064],[127.90611,37.85119],[127.90648,37.85179],[127.90666,37.85258],[127.90796,37.85335],[127.90882,37.85456],[127.90832,37.85544],[127.90619,37.85686],[127.90461,37.85748],[127.90416,37.85761],[127.90212,37.85807],[127.90068,37.85877],[127.89865,37.85919],[127.89735,37.85909],[127.89604,37.85939],[127.89539,37.86017],[127.89496,37.861],[127.89403,37.86158],[127.89332,37.86195],[127.8923,37.86211],[127.89169,37.8628],[127.89127,37.86304],[127.89067,37.86312],[127.88806,37.86205],[127.88645,37.86206],[127.88464,37.86161],[127.88311,37.86104],[127.88144,37.86078],[127.88075,37.86069],[127.87989,37.86012],[127.87967,37.85935],[127.87708,37.85708],[127.8765,37.85642],[127.87775,37.85473],[127.87821,37.85391],[127.87881,37.85204],[127.8782,37.84949],[127.87739,37.84846],[127.87714,37.84781],[127.87736,37.84751],[127.8761,37.84675],[127.87533,37.84582],[127.87447,37.8458],[127.87357,37.84562],[127.87272,37.84462],[127.87257,37.84321],[127.87176,37.84103],[127.87184,37.83928],[127.87148,37.83897],[127.87119,37.83847],[127.87161,37.8375],[127.87116,37.83733],[127.87022,37.83717],[127.86931,37.83656],[127.86848,37.83661],[127.86819,37.83681],[127.8676,37.83673],[127.86696,37.83684],[127.86631,37.83637],[127.86294,37.83623],[127.86225,37.83641],[127.86168,37.83665],[127.86107,37.83619],[127.86034,37.8362],[127.85907,37.83591],[127.85797,37.83589],[127.85718,37.83542],[127.85465,37.83481],[127.85508,37.83403],[127.85567,37.83336],[127.8558,37.83278],[127.85588,37.83199],[127.85611,37.83104],[127.85593,37.83045],[127.85646,37.8303],[127.85643,37.8299],[127.85672,37.82964],[127.85655,37.82899],[127.85624,37.82842],[127.85632,37.82763],[127.85618,37.82643],[127.85656,37.82547],[127.85806,37.82485],[127.85858,37.82496],[127.85972,37.82426],[127.85971,37.82339],[127.86032,37.82271],[127.86118,37.82204],[127.86155,37.82135],[127.86201,37.81903],[127.86279,37.81859],[127.86276,37.81794],[127.8632,37.81754],[127.86339,37.81683],[127.86373,37.81658],[127.86375,37.81608],[127.86408,37.81584],[127.86438,37.81543],[127.86468,37.81534],[127.86515,37.81549],[127.86563,37.81523],[127.86698,37.81504],[127.86759,37.8145],[127.86839,37.81448],[127.86934,37.81425],[127.86962,37.81389],[127.87056,37.81376],[127.87081,37.8139],[127.87156,37.81359],[127.87265,37.81342],[127.8731,37.81309],[127.87313,37.81255],[127.87355,37.81214],[127.87363,37.81192],[127.87466,37.81153],[127.87486,37.81103],[127.87519,37.81087],[127.87565,37.81037],[127.87545,37.80991],[127.87464,37.80897],[127.87442,37.80764],[127.87458,37.80615],[127.87428,37.80531],[127.87442,37.80471],[127.87428,37.80394],[127.87464,37.8026],[127.87454,37.80188],[127.87462,37.80128],[127.87501,37.80094],[127.87483,37.80044],[127.87483,37.79993],[127.87468,37.79914],[127.87508,37.79844],[127.87581,37.79834],[127.87666,37.79827],[127.87856,37.79781],[127.87956,37.79738],[127.87982,37.7965],[127.87969,37.79605],[127.88025,37.79406],[127.88039,37.79376],[127.88038,37.79293],[127.88042,37.79153],[127.88046,37.79108],[127.88024,37.78986],[127.88036,37.78874],[127.87999,37.78787],[127.87961,37.78718],[127.87882,37.78602],[127.87854,37.78439],[127.87765,37.78299],[127.87874,37.78231],[127.88,37.78206],[127.88097,37.78127],[127.88255,37.78084],[127.88119,37.77957],[127.8811,37.7783],[127.882,37.7775],[127.88371,37.77738],[127.88377,37.77744],[127.8851,37.77971],[127.88645,37.77913],[127.88804,37.77836],[127.88874,37.7783],[127.88994,37.77794],[127.89039,37.77794],[127.89078,37.77712],[127.89071,37.77481],[127.89055,37.77439],[127.89096,37.77375],[127.89095,37.77343],[127.89168,37.77272],[127.89236,37.77262],[127.893,37.77203],[127.89462,37.77198],[127.8949,37.77214],[127.8956,37.77202],[127.89647,37.77202],[127.89731,37.7721],[127.89876,37.77215],[127.89952,37.77191],[127.90006,37.77052],[127.90104,37.77001],[127.9013,37.76931],[127.90217,37.76831],[127.90216,37.76741],[127.90194,37.76669],[127.90234,37.76621],[127.90243,37.76534],[127.90241,37.76506],[127.90251,37.76375],[127.90225,37.76299],[127.90242,37.7623],[127.90178,37.76159],[127.90111,37.76031],[127.90088,37.75937],[127.90047,37.75878],[127.90026,37.75813],[127.89997,37.75688],[127.9002,37.75601],[127.89996,37.7555],[127.90051,37.75479],[127.90148,37.75385],[127.90229,37.75318],[127.90404,37.75124],[127.90483,37.74984],[127.9042,37.74916],[127.90385,37.74848],[127.90472,37.74847],[127.90606,37.74763],[127.90698,37.7466],[127.90812,37.7466],[127.90879,37.746],[127.90967,37.74572],[127.90986,37.74546],[127.90978,37.74475],[127.9103,37.74438],[127.91045,37.74403],[127.91109,37.7436],[127.91167,37.74336],[127.91169,37.74283],[127.9119,37.7425],[127.91257,37.74174],[127.91332,37.7414],[127.91426,37.74112],[127.91471,37.74111],[127.91501,37.74036],[127.9156,37.73981],[127.91592,37.73962],[127.91645,37.73902],[127.91635,37.73844],[127.91657,37.73821],[127.91671,37.73767],[127.91687,37.73742],[127.91744,37.73728],[127.91838,37.73755],[127.91864,37.73736],[127.91905,37.73728],[127.91953,37.73682],[127.91974,37.73646],[127.9201,37.73601],[127.92194,37.73511],[127.92255,37.73358],[127.9232,37.73325],[127.92389,37.73345],[127.92532,37.73325],[127.92584,37.73279],[127.92667,37.73258],[127.92716,37.73212],[127.92741,37.73181],[127.92824,37.73162],[127.9286,37.73226],[127.9296,37.73313],[127.9304,37.73362],[127.93053,37.73387],[127.93136,37.73434],[127.93152,37.73365],[127.93264,37.73239],[127.93271,37.73218],[127.93363,37.73103],[127.93415,37.7307],[127.93406,37.73032],[127.93428,37.72985],[127.93479,37.72949],[127.93543,37.73002],[127.9364,37.7311],[127.93735,37.73072],[127.93771,37.73064],[127.93804,37.73075],[127.93843,37.73101],[127.93936,37.73136],[127.9399,37.73142],[127.9402,37.73113],[127.9404,37.7313],[127.94187,37.73127],[127.94253,37.73094],[127.94354,37.73067],[127.94362,37.73087],[127.94421,37.73092],[127.94481,37.73115],[127.9452,37.73117],[127.94649,37.73107],[127.94716,37.73161],[127.94806,37.73203],[127.94841,37.73189],[127.94895,37.73179],[127.94927,37.73146],[127.94973,37.73134],[127.94994,37.73156],[127.95049,37.7317],[127.95107,37.73149],[127.95162,37.73099],[127.95211,37.73093],[127.95248,37.73077],[127.95225,37.73021],[127.95192,37.72973],[127.95233,37.72953],[127.95331,37.72834],[127.95345,37.72813],[127.95341,37.72762],[127.95371,37.72703],[127.9554,37.72611],[127.95556,37.72527],[127.95552,37.7245],[127.956,37.72416],[127.95656,37.72352],[127.95738,37.72284],[127.95859,37.72198],[127.95921,37.72142],[127.9595,37.7209],[127.95972,37.71914],[127.95999,37.7183],[127.96057,37.71703],[127.96034,37.71616],[127.96092,37.71515],[127.96074,37.71456],[127.96105,37.71373],[127.96195,37.71223],[127.96264,37.7104],[127.96295,37.7097],[127.96354,37.70918],[127.96326,37.70843],[127.96378,37.70802],[127.96432,37.70798],[127.96541,37.70777],[127.96507,37.70709],[127.96483,37.70694],[127.96458,37.70663],[127.96509,37.70655],[127.96543,37.70667],[127.96592,37.7067],[127.96693,37.70577],[127.96728,37.7051],[127.96782,37.70459],[127.96827,37.70383],[127.96877,37.70371],[127.96924,37.70327],[127.9695,37.70279],[127.97013,37.70226],[127.97155,37.70207],[127.97469,37.70381],[127.97542,37.70401],[127.97561,37.70429],[127.97711,37.70467],[127.9769,37.70497],[127.97689,37.70546],[127.97794,37.70626],[127.97873,37.70693],[127.98001,37.70704],[127.98213,37.70774],[127.98258,37.7075],[127.98318,37.7076],[127.98399,37.70672],[127.9852,37.70675],[127.98575,37.70684],[127.98729,37.70641],[127.98949,37.70552],[127.99079,37.70555],[127.99227,37.70625],[127.9942,37.70674],[127.99433,37.70632],[127.99589,37.70539],[127.9973,37.70532],[127.99868,37.70573],[127.99939,37.70633],[127.9999,37.70716],[128.00049,37.70768],[128.00109,37.70814],[128.00095,37.70957],[128.00158,37.71053],[128.00173,37.71126],[128.00255,37.71169],[128.00389,37.71205],[128.00411,37.71196],[128.00466,37.71207],[128.00548,37.71294],[128.0059,37.71308],[128.00707,37.71332],[128.00794,37.71396],[128.00868,37.71458],[128.009,37.71472],[128.01005,37.71534],[128.01019,37.71487],[128.01083,37.714],[128.01119,37.7139],[128.01172,37.71388],[128.01278,37.71396],[128.01462,37.71393],[128.01657,37.71422],[128.01739,37.71369],[128.01816,37.71302],[128.01945,37.71312],[128.02035,37.71327],[128.02186,37.71287],[128.02297,37.71222],[128.02344,37.71125],[128.02396,37.71088],[128.02493,37.71053],[128.026,37.70998],[128.02671,37.70952],[128.02719,37.70845],[128.02778,37.70767],[128.02786,37.70694],[128.02816,37.70627],[128.02799,37.70504],[128.02835,37.70455],[128.02905,37.70399],[128.02987,37.70342],[128.03074,37.70327],[128.03096,37.70235],[128.03148,37.70174],[128.03169,37.70104],[128.03232,37.70055],[128.03259,37.70016],[128.03304,37.69968],[128.03358,37.69887],[128.03358,37.69827],[128.03392,37.69762],[128.03493,37.69744],[128.03561,37.69752],[128.03623,37.69794],[128.03688,37.69787],[128.03799,37.69805],[128.03898,37.69768],[128.04,37.69824],[128.0404,37.69816],[128.04144,37.69778],[128.04224,37.69785],[128.04297,37.69828],[128.04395,37.69812],[128.04601,37.69825],[128.04733,37.69796],[128.04901,37.69755],[128.04959,37.69757],[128.04995,37.69749],[128.05104,37.69685],[128.05141,37.69673],[128.05174,37.69648],[128.05221,37.69653],[128.05281,37.69651],[128.05305,37.69641],[128.05379,37.6966],[128.0544,37.69642],[128.05507,37.69521],[128.05605,37.69534],[128.05636,37.69552],[128.05683,37.69532],[128.0575,37.69548],[128.05836,37.69537],[128.05905,37.69547],[128.05947,37.69528],[128.05984,37.69497],[128.06076,37.69498],[128.06184,37.69545],[128.06253,37.69547],[128.06285,37.69511],[128.0633,37.69502],[128.06339,37.69479],[128.06439,37.69408],[128.06581,37.69394],[128.06678,37.69371],[128.06722,37.69353],[128.06773,37.69357],[128.06875,37.69291],[128.06959,37.69297],[128.0703,37.69245],[128.0706,37.69255],[128.07173,37.69256],[128.07214,37.69274],[128.07391,37.69334],[128.07422,37.6934],[128.07511,37.69338],[128.07568,37.6935],[128.07614,37.69328],[128.0779,37.69299],[128.07841,37.69314],[128.07975,37.69246],[128.08052,37.69244],[128.0811,37.69231],[128.0815,37.692],[128.08198,37.69199],[128.08242,37.69214],[128.08312,37.69213],[128.08404,37.69256],[128.08521,37.69357],[128.08627,37.69416],[128.08654,37.69496],[128.08719,37.69581],[128.08819,37.6962],[128.08904,37.69626],[128.0904,37.69695],[128.09143,37.69733],[128.09216,37.69754],[128.09246,37.69826],[128.09245,37.69925],[128.09338,37.69952],[128.09365,37.69989],[128.09462,37.7007],[128.09516,37.70106],[128.09557,37.70179],[128.09671,37.70289],[128.09683,37.70314],[128.0969,37.70387],[128.09707,37.70474],[128.09704,37.70507],[128.09902,37.70557],[128.10102,37.70511],[128.10198,37.7052],[128.10264,37.70557],[128.10314,37.70556],[128.10408,37.70654],[128.10453,37.70663],[128.10589,37.70614],[128.10758,37.70618],[128.10938,37.7066],[128.1102,37.70665],[128.11058,37.707],[128.11151,37.70737],[128.11196,37.70776],[128.11243,37.70777],[128.11314,37.70839],[128.1134,37.7092],[128.11373,37.70987],[128.11341,37.71053],[128.11365,37.7114],[128.11355,37.71206],[128.11384,37.71292],[128.1146,37.71338],[128.1158,37.71419],[128.11582,37.71479],[128.11601,37.71542],[128.11629,37.71585],[128.11631,37.71683],[128.11611,37.71747],[128.11585,37.7181],[128.1159,37.71908],[128.11613,37.71986],[128.11655,37.72044],[128.1166,37.72082],[128.11618,37.72137],[128.11613,37.72192],[128.11627,37.72236],[128.1168,37.72316],[128.11692,37.72351],[128.11743,37.72387],[128.11805,37.72417],[128.11878,37.72443],[128.11941,37.72494],[128.12047,37.72506],[128.1213,37.72528],[128.1218,37.72644],[128.12197,37.72739],[128.12263,37.72835],[128.12365,37.72868],[128.12401,37.72895],[128.1245,37.73072],[128.12462,37.73176],[128.12495,37.73208],[128.12494,37.73258],[128.12454,37.73277],[128.1237,37.73281],[128.12304,37.73292],[128.12261,37.73328],[128.12114,37.73414],[128.12057,37.7341],[128.12016,37.7338],[128.1196,37.7336],[128.11918,37.73362],[128.11844,37.73385],[128.11836,37.7352],[128.11813,37.73569],[128.11734,37.73608],[128.11714,37.73655],[128.11723,37.73724],[128.11716,37.73759],[128.11722,37.73849],[128.11748,37.73912],[128.1164,37.73955],[128.11612,37.73983],[128.11548,37.74091],[128.11524,37.74101],[128.11446,37.74108],[128.11418,37.7412],[128.11304,37.74138],[128.11221,37.74121],[128.11174,37.74123],[128.1112,37.74177],[128.11099,37.74245],[128.11125,37.74325],[128.11053,37.74385],[128.11101,37.74486],[128.11047,37.74541],[128.11038,37.74596],[128.10995,37.74643],[128.10913,37.74653],[128.10863,37.74705],[128.10809,37.7475],[128.10775,37.74806],[128.10741,37.74826],[128.10744,37.74897],[128.10687,37.74941],[128.10638,37.74969],[128.10583,37.7497],[128.10534,37.75031],[128.1053,37.75076],[128.10557,37.75115],[128.1059,37.7513],[128.10633,37.75165],[128.10624,37.75286],[128.10606,37.75309],[128.10506,37.75326],[128.10433,37.75347],[128.10322,37.75435],[128.10252,37.75431],[128.10166,37.75395],[128.10058,37.75409],[128.10045,37.7543],[128.10016,37.75443],[128.09932,37.75464],[128.09844,37.7555],[128.09831,37.75634],[128.09741,37.75695],[128.09732,37.75738],[128.09653,37.7577],[128.09584,37.75778],[128.09487,37.75807],[128.0948,37.75873],[128.09468,37.75914],[128.09361,37.75945],[128.09298,37.75989],[128.09301,37.76029],[128.09246,37.76076],[128.09146,37.76092],[128.09018,37.76148],[128.08953,37.76153],[128.0891,37.76215],[128.08866,37.76257],[128.08835,37.76322],[128.08858,37.76402],[128.08826,37.76447],[128.08849,37.76547],[128.0877,37.76596],[128.08696,37.7676],[128.08766,37.76839],[128.0878,37.76881],[128.08601,37.76833],[128.08486,37.76898],[128.08352,37.76852],[128.08243,37.76792],[128.0818,37.76812],[128.08161,37.7679],[128.08097,37.76804],[128.07971,37.76772],[128.07918,37.76725],[128.07904,37.76723],[128.07816,37.76794],[128.07814,37.76871],[128.07761,37.76895],[128.07736,37.76933],[128.07722,37.7705],[128.07735,37.77062],[128.07728,37.7713],[128.07678,37.7718],[128.07583,37.77193],[128.07563,37.77236],[128.07535,37.77273],[128.07467,37.7728],[128.0745,37.77331],[128.07414,37.77348],[128.07382,37.77399],[128.07332,37.77464],[128.07261,37.77477],[128.07177,37.7743],[128.07128,37.77411],[128.07103,37.7737],[128.07033,37.77353],[128.06957,37.77299],[128.06907,37.77313],[128.06849,37.77303],[128.06814,37.77277],[128.06739,37.77252],[128.06712,37.77298],[128.06615,37.77244],[128.06594,37.772],[128.06556,37.77183],[128.06545,37.77154],[128.0651,37.77139],[128.06477,37.77108],[128.06507,37.77067],[128.06511,37.77044],[128.06374,37.76971],[128.06261,37.76976],[128.06197,37.76968],[128.06031,37.76957],[128.05982,37.76997],[128.05903,37.76995],[128.05735,37.77027],[128.05665,37.77138],[128.05518,37.77219],[128.05542,37.77317],[128.05533,37.77358],[128.05474,37.77393],[128.05482,37.77434],[128.05379,37.775],[128.05337,37.77556],[128.05287,37.77583],[128.05276,37.77606],[128.05248,37.77608],[128.05151,37.7766],[128.04991,37.77698],[128.04921,37.77772],[128.04834,37.77756],[128.04749,37.7777],[128.04742,37.77779],[128.04715,37.77874],[128.04566,37.7795],[128.04426,37.78043],[128.04344,37.78005],[128.04305,37.77995],[128.04224,37.78017],[128.04183,37.78039],[128.0398,37.78039],[128.03769,37.77998],[128.03763,37.78021],[128.03652,37.78067],[128.03491,37.78113],[128.03338,37.78114],[128.03273,37.78135],[128.0321,37.78123],[128.03116,37.78117],[128.03069,37.78144],[128.02962,37.78159],[128.02753,37.78138],[128.02627,37.78187],[128.02543,37.78235],[128.02331,37.78244],[128.0233,37.78251],[128.02228,37.78348]]]},"properties":{"code":"32510310","name":"화촌면"}},{"type":"Feature","geometry":{"type":"Polygon","coordinates":[[[128.15769,37.89512],[128.15664,37.89495],[128.15523,37.89495],[128.15453,37.89506],[128.15276,37.89512],[128.15192,37.89557],[128.15019,37.89534],[128.14962,37.89531],[128.14924,37.89479],[128.14907,37.89467],[128.1488,37.89402],[128.14818,37.89387],[128.14698,37.89348],[128.14632,37.89346],[128.14495,37.89286],[128.14398,37.8931],[128.1418,37.89305],[128.14124,37.8934],[128.14115,37.89372],[128.14048,37.89438],[128.13916,37.89422],[128.13827,37.89429],[128.13727,37.89446],[128.13632,37.89427],[128.13464,37.89417],[128.13317,37.89423],[128.13279,37.89495],[128.13295,37.89542],[128.13279,37.89641],[128.13222,37.89709],[128.1318,37.89737],[128.13107,37.89836],[128.13081,37.8977],[128.13027,37.89668],[128.12986,37.89619],[128.12932,37.89577],[128.12883,37.89555],[128.12792,37.89532],[128.12603,37.89512],[128.12467,37.89542],[128.12305,37.89562],[128.12226,37.89609],[128.12085,37.89652],[128.11942,37.89704],[128.11811,37.8969],[128.11738,37.89699],[128.11628,37.89702],[128.11496,37.89762],[128.11369,37.89829],[128.11312,37.89882],[128.11217,37.89923],[128.11102,37.89943],[128.10962,37.89943],[128.10816,37.89992],[128.10774,37.89995],[128.10725,37.90012],[128.10598,37.90006],[128.1052,37.89928],[128.10446,37.89875],[128.10302,37.89803],[128.10252,37.89791],[128.10224,37.89767],[128.10155,37.89754],[128.101,37.89763],[128.10029,37.89754],[128.09963,37.89737],[128.09946,37.89719],[128.09863,37.89721],[128.09808,37.89695],[128.09762,37.89699],[128.09715,37.89683],[128.09662,37.89727],[128.09604,37.89733],[128.09528,37.89768],[128.09477,37.89782],[128.09429,37.89772],[128.09397,37.89781],[128.093,37.89782],[128.09217,37.89814],[128.0919,37.89808],[128.09131,37.8983],[128.09091,37.89894],[128.09041,37.89918],[128.08971,37.89975],[128.08897,37.89989],[128.08831,37.89976],[128.08718,37.90008],[128.08613,37.90045],[128.08527,37.90093],[128.08415,37.90134],[128.08319,37.90151],[128.08261,37.90171],[128.08216,37.90222],[128.08156,37.9027],[128.08014,37.90338],[128.07938,37.9039],[128.07891,37.90458],[128.07874,37.905],[128.07855,37.90574],[128.07722,37.9067],[128.07579,37.90712],[128.07504,37.90767],[128.07424,37.90791],[128.07351,37.9083],[128.0724,37.90864],[128.07125,37.90874],[128.06993,37.90874],[128.06966,37.90884],[128.06878,37.90933],[128.06792,37.90952],[128.06704,37.91005],[128.0661,37.91046],[128.06514,37.91049],[128.06442,37.91075],[128.06362,37.91123],[128.06307,37.9119],[128.06241,37.91254],[128.06179,37.91275],[128.06068,37.91351],[128.06038,37.91454],[128.05954,37.91505],[128.05906,37.91554],[128.05889,37.91578],[128.05843,37.91609],[128.0573,37.91619],[128.05678,37.9168],[128.05582,37.91765],[128.05536,37.91765],[128.05415,37.91739],[128.05362,37.91748],[128.05304,37.91733],[128.05274,37.91764],[128.05253,37.91823],[128.0524,37.91886],[128.05224,37.91912],[128.05175,37.91956],[128.05082,37.92071],[128.05013,37.92168],[128.04973,37.92197],[128.04918,37.92201],[128.04849,37.92199],[128.04774,37.92204],[128.04744,37.92213],[128.04689,37.92202],[128.04611,37.92217],[128.04549,37.92252],[128.04488,37.92329],[128.04493,37.9238],[128.04468,37.92408],[128.04431,37.92434],[128.04362,37.92543],[128.0431,37.9258],[128.04291,37.92637],[128.0423,37.9268],[128.04084,37.92694],[128.0398,37.92732],[128.03941,37.92775],[128.03934,37.92806],[128.03895,37.92856],[128.0391,37.9288],[128.03911,37.92938],[128.0394,37.92988],[128.03847,37.9307],[128.03835,37.93106],[128.03833,37.93185],[128.03801,37.93207],[128.03777,37.93251],[128.03746,37.93285],[128.03731,37.93356],[128.0369,37.93386],[128.03677,37.93421],[128.0369,37.93462],[128.03674,37.93584],[128.03616,37.93631],[128.03566,37.93621],[128.0349,37.93673],[128.03452,37.93676],[128.03436,37.93795],[128.03462,37.93855],[128.0343,37.93904],[128.0339,37.93999],[128.03413,37.94056],[128.03411,37.94082],[128.03347,37.94103],[128.03274,37.94195],[128.03218,37.94214],[128.03185,37.94239],[128.03144,37.94254],[128.03119,37.94301],[128.03099,37.94318],[128.03048,37.94403],[128.03011,37.94446],[128.02841,37.94419],[128.02723,37.94477],[128.0261,37.94552],[128.02534,37.94486],[128.02388,37.94463],[128.02249,37.94424],[128.02155,37.94413],[128.01946,37.94351],[128.01862,37.94323],[128.01815,37.94279],[128.01637,37.94255],[128.01614,37.94269],[128.01493,37.94157],[128.01447,37.94099],[128.0138,37.94035],[128.01352,37.93915],[128.01272,37.93832],[128.00978,37.93832],[128.00864,37.93789],[128.0061,37.93874],[128.00487,37.93853],[128.00414,37.9386],[128.00307,37.93835],[128.00182,37.93731],[128.00122,37.93727],[128.00076,37.93769],[127.99981,37.93898],[127.99888,37.93972],[127.99792,37.94023],[127.99749,37.94039],[127.99704,37.94091],[127.99658,37.94091],[127.99573,37.94122],[127.99511,37.9412],[127.99529,37.93936],[127.99458,37.93796],[127.9948,37.93613],[127.99423,37.93477],[127.99315,37.93329],[127.993,37.93268],[127.99292,37.9309],[127.99241,37.93015],[127.99159,37.92961],[127.99078,37.92887],[127.98921,37.92698],[127.98787,37.92577],[127.98677,37.92472],[127.98525,37.9242],[127.98363,37.92342],[127.98407,37.92144],[127.98405,37.91985],[127.98457,37.91705],[127.98505,37.91619],[127.98447,37.9154],[127.98448,37.91393],[127.98472,37.91361],[127.98538,37.9132],[127.98633,37.91231],[127.98597,37.91182],[127.98503,37.91145],[127.98322,37.91087],[127.98225,37.91021],[127.97964,37.90816],[127.97902,37.90715],[127.97855,37.906],[127.97785,37.90499],[127.97593,37.90409],[127.97468,37.90292],[127.97335,37.90138],[127.97191,37.89999],[127.97105,37.89869],[127.97093,37.89816],[127.97137,37.8971],[127.9714,37.89609],[127.97114,37.89493],[127.97097,37.89442],[127.97015,37.89317],[127.97001,37.89266],[127.97045,37.89206],[127.97089,37.89052],[127.97123,37.89],[127.97177,37.88888],[127.97202,37.8881],[127.97198,37.88759],[127.97237,37.88722],[127.9731,37.88699],[127.97256,37.88491],[127.97233,37.88472],[127.97258,37.88402],[127.97278,37.88248],[127.97241,37.88246],[127.97105,37.88161],[127.96993,37.88102],[127.96825,37.88034],[127.96763,37.88035],[127.96749,37.88028],[127.96723,37.87963],[127.96639,37.87901],[127.96578,37.8778],[127.96494,37.87752],[127.96457,37.87752],[127.96435,37.87718],[127.96365,37.87681],[127.96309,37.87641],[127.95965,37.87507],[127.95949,37.87496],[127.95915,37.87447],[127.95829,37.87418],[127.95754,37.87378],[127.9577,37.87311],[127.95678,37.8725],[127.95644,37.87135],[127.95639,37.87126],[127.95733,37.87063],[127.95915,37.86962],[127.96041,37.86837],[127.96111,37.86739],[127.96203,37.86714],[127.96284,37.86637],[127.96275,37.86598],[127.96235,37.86512],[127.96288,37.86476],[127.96296,37.86371],[127.96336,37.86287],[127.96279,37.86227],[127.96229,37.8619],[127.96166,37.86015],[127.96177,37.85991],[127.96185,37.85935],[127.96243,37.85845],[127.96253,37.85782],[127.96237,37.85749],[127.96314,37.85659],[127.96425,37.85588],[127.96425,37.85513],[127.96443,37.85487],[127.96447,37.85422],[127.96478,37.85326],[127.96463,37.85283],[127.96487,37.85243],[127.96665,37.85117],[127.96677,37.85081],[127.96727,37.85059],[127.96747,37.84989],[127.96711,37.84964],[127.96745,37.84897],[127.96818,37.84837],[127.96824,37.84818],[127.96875,37.8475],[127.96902,37.84743],[127.9694,37.84719],[127.96997,37.84722],[127.97215,37.84703],[127.97258,37.84694],[127.97331,37.84696],[127.97393,37.84661],[127.9742,37.84659],[127.97467,37.84613],[127.97485,37.84553],[127.97508,37.84517],[127.97559,37.8448],[127.97602,37.84423],[127.97661,37.84389],[127.97754,37.84259],[127.97757,37.8418],[127.97707,37.84117],[127.97718,37.83964],[127.97704,37.83864],[127.9759,37.83812],[127.97581,37.83776],[127.97529,37.83658],[127.97514,37.83498],[127.97406,37.83376],[127.97397,37.83337],[127.97297,37.833],[127.97205,37.833],[127.97107,37.83277],[127.97046,37.83273],[127.97015,37.83231],[127.96894,37.83159],[127.96801,37.83144],[127.96728,37.83018],[127.96698,37.8299],[127.96692,37.82942],[127.96657,37.82919],[127.96574,37.82834],[127.96488,37.8281],[127.96475,37.82754],[127.96419,37.82722],[127.96382,37.8267],[127.96338,37.82638],[127.96325,37.82586],[127.96242,37.82526],[127.96258,37.82481],[127.96441,37.82443],[127.96523,37.82342],[127.96571,37.82302],[127.96586,37.8228],[127.96551,37.82223],[127.96637,37.82101],[127.9665,37.82034],[127.96691,37.81986],[127.96715,37.81936],[127.9675,37.81838],[127.96718,37.81805],[127.96729,37.81727],[127.96725,37.81699],[127.96744,37.81557],[127.96704,37.81504],[127.96767,37.81245],[127.96757,37.81173],[127.96808,37.81101],[127.96884,37.81082],[127.96964,37.81102],[127.9707,37.81055],[127.97261,37.81085],[127.97249,37.81039],[127.97303,37.80996],[127.9738,37.80885],[127.97386,37.80775],[127.97403,37.80748],[127.97498,37.80718],[127.97568,37.80708],[127.97566,37.80671],[127.97678,37.80598],[127.97701,37.8056],[127.9779,37.80522],[127.97794,37.80501],[127.97923,37.8053],[127.97956,37.80514],[127.98001,37.80517],[127.9803,37.80466],[127.98038,37.80426],[127.98085,37.80421],[127.98092,37.80329],[127.98089,37.8029],[127.98043,37.80184],[127.98048,37.80155],[127.98018,37.80107],[127.98048,37.8006],[127.98047,37.80031],[127.98142,37.79916],[127.98158,37.79837],[127.98095,37.79739],[127.97996,37.79698],[127.98007,37.79599],[127.9806,37.79543],[127.98142,37.795],[127.9822,37.79511],[127.98433,37.79446],[127.98503,37.79479],[127.98713,37.79484],[127.98786,37.79433],[127.98843,37.79358],[127.98947,37.79381],[127.98986,37.79385],[127.99085,37.79405],[127.99194,37.79317],[127.9927,37.79251],[127.99416,37.79207],[127.99462,37.79195],[127.99498,37.79152],[127.99614,37.79072],[127.99635,37.7899],[127.99741,37.78956],[127.99798,37.78913],[128.0001,37.78882],[128.00094,37.78849],[128.00205,37.7871],[128.00291,37.78706],[128.00392,37.78794],[128.00459,37.78809],[128.00543,37.78819],[128.00604,37.78791],[128.0072,37.78781],[128.00777,37.78762],[128.00803,37.78736],[128.00868,37.7871],[128.0091,37.7865],[128.00928,37.78582],[128.00965,37.78481],[128.01179,37.78461],[128.01386,37.78404],[128.01524,37.78398],[128.0172,37.78334],[128.01878,37.78324],[128.02025,37.78356],[128.02138,37.78389],[128.02228,37.78348],[128.02312,37.78403],[128.02358,37.78508],[128.02345,37.78569],[128.02347,37.78655],[128.02402,37.78717],[128.02425,37.78779],[128.0239,37.7901],[128.02299,37.79066],[128.02286,37.79175],[128.02326,37.79258],[128.02312,37.79289],[128.0234,37.79347],[128.02192,37.79427],[128.02132,37.79421],[128.02076,37.79479],[128.02028,37.79487],[128.01963,37.79475],[128.0192,37.7949],[128.01831,37.79552],[128.01757,37.79577],[128.01673,37.79599],[128.0159,37.79667],[128.01403,37.7975],[128.01188,37.79731],[128.01152,37.79756],[128.01068,37.7977],[128.00993,37.79754],[128.00872,37.79773],[128.00789,37.79837],[128.00681,37.79857],[128.00667,37.79869],[128.00563,37.79896],[128.00485,37.79925],[128.00466,37.79915],[128.00407,37.79932],[128.00367,37.79922],[128.00285,37.79966],[128.00268,37.79989],[128.00262,37.80036],[128.00261,37.8012],[128.00236,37.80158],[128.00222,37.80216],[128.00175,37.80306],[128.00201,37.80361],[128.0023,37.80377],[128.00257,37.80491],[128.00388,37.80563],[128.00357,37.80628],[128.00364,37.80659],[128.00398,37.80692],[128.00427,37.80778],[128.00484,37.80837],[128.00548,37.8087],[128.00556,37.80896],[128.00678,37.80988],[128.0081,37.80994],[128.0085,37.81041],[128.01034,37.81064],[128.01077,37.81139],[128.01138,37.81205],[128.01178,37.81317],[128.01249,37.8136],[128.01383,37.81465],[128.01536,37.81535],[128.01601,37.81632],[128.01635,37.81638],[128.01776,37.81571],[128.0182,37.81561],[128.01902,37.81574],[128.02036,37.81547],[128.02128,37.81506],[128.02249,37.81593],[128.0235,37.81619],[128.02598,37.81638],[128.02681,37.81671],[128.02858,37.81686],[128.02921,37.81729],[128.0299,37.81814],[128.03054,37.81825],[128.03118,37.81863],[128.03249,37.81899],[128.03341,37.81946],[128.03362,37.81974],[128.03436,37.82005],[128.03491,37.82062],[128.03612,37.82096],[128.0367,37.82123],[128.03761,37.82122],[128.03941,37.82052],[128.04103,37.82008],[128.04123,37.82092],[128.04208,37.82103],[128.04373,37.82173],[128.04465,37.82169],[128.04531,37.82181],[128.04632,37.82246],[128.04643,37.82308],[128.04629,37.82356],[128.04605,37.82385],[128.04566,37.82411],[128.04546,37.82444],[128.04567,37.82491],[128.04593,37.82667],[128.04611,37.82758],[128.04638,37.82833],[128.04612,37.82883],[128.04591,37.82903],[128.0477,37.82962],[128.04829,37.82962],[128.04856,37.82985],[128.04939,37.82965],[128.05,37.83006],[128.0503,37.83056],[128.05104,37.83067],[128.05119,37.83081],[128.05161,37.83072],[128.05234,37.83071],[128.05252,37.83058],[128.05336,37.83074],[128.05363,37.83105],[128.05425,37.831],[128.05497,37.83111],[128.05524,37.83137],[128.05551,37.8313],[128.05612,37.83134],[128.05664,37.83185],[128.0576,37.83204],[128.05925,37.83211],[128.05988,37.83256],[128.06032,37.8331],[128.06093,37.83422],[128.06155,37.8352],[128.06244,37.8358],[128.0628,37.83643],[128.06463,37.83732],[128.06531,37.83862],[128.06474,37.83966],[128.06497,37.84044],[128.06467,37.84104],[128.06488,37.84176],[128.06646,37.84222],[128.06716,37.84228],[128.06779,37.84228],[128.06969,37.84271],[128.06993,37.84304],[128.07004,37.84338],[128.0701,37.84405],[128.07051,37.84469],[128.07087,37.84666],[128.0704,37.84804],[128.06958,37.84927],[128.06928,37.85027],[128.06765,37.85268],[128.06734,37.85366],[128.06655,37.85439],[128.06633,37.85472],[128.06595,37.8569],[128.06584,37.8572],[128.06666,37.85745],[128.0671,37.85736],[128.06739,37.85626],[128.06718,37.85571],[128.0678,37.85523],[128.06854,37.85516],[128.06919,37.85549],[128.06932,37.85565],[128.07052,37.85649],[128.07151,37.85691],[128.07164,37.85743],[128.07148,37.85795],[128.07086,37.85874],[128.07101,37.85945],[128.07154,37.85987],[128.07318,37.8601],[128.0743,37.86128],[128.07484,37.86147],[128.07634,37.86097],[128.07796,37.86125],[128.07975,37.86185],[128.08217,37.86229],[128.08611,37.86214],[128.08853,37.86227],[128.08963,37.86279],[128.09173,37.86245],[128.09214,37.86231],[128.09283,37.86128],[128.09356,37.8606],[128.09369,37.86015],[128.09394,37.85994],[128.09433,37.85993],[128.09462,37.85955],[128.09729,37.86033],[128.09806,37.86004],[128.09818,37.86016],[128.09946,37.85946],[128.09977,37.85945],[128.10079,37.86012],[128.10165,37.86037],[128.1022,37.86066],[128.10251,37.86091],[128.10294,37.86198],[128.10361,37.86245],[128.10465,37.8628],[128.10616,37.86309],[128.10821,37.86318],[128.10878,37.86336],[128.10906,37.86361],[128.10973,37.86397],[128.11011,37.86425],[128.11072,37.8644],[128.11107,37.86431],[128.11136,37.8641],[128.11167,37.8631],[128.11199,37.86273],[128.11263,37.86257],[128.11323,37.86217],[128.11387,37.86207],[128.11444,37.86226],[128.11494,37.86259],[128.11552,37.86352],[128.11554,37.8639],[128.11637,37.86449],[128.11681,37.86465],[128.11749,37.86481],[128.11785,37.86506],[128.11822,37.86555],[128.11893,37.86606],[128.1198,37.86616],[128.12049,37.86637],[128.12105,37.86661],[128.1217,37.86674],[128.12256,37.86658],[128.12495,37.86701],[128.12804,37.86724],[128.12872,37.86768],[128.12915,37.86779],[128.12966,37.86782],[128.12998,37.86802],[128.13027,37.86852],[128.13033,37.86919],[128.13046,37.86953],[128.13117,37.86995],[128.13158,37.87037],[128.13255,37.871],[128.13268,37.87119],[128.13273,37.87193],[128.1331,37.87255],[128.1336,37.87302],[128.13373,37.87358],[128.13397,37.87401],[128.13464,37.87437],[128.1349,37.8746],[128.1355,37.87494],[128.1358,37.87496],[128.13657,37.8752],[128.13654,37.876],[128.13665,37.8762],[128.13703,37.87636],[128.13772,37.87626],[128.13892,37.87626],[128.13989,37.87652],[128.14036,37.87678],[128.14083,37.87734],[128.1412,37.87734],[128.14153,37.8769],[128.1419,37.87695],[128.14248,37.87788],[128.14269,37.87813],[128.14289,37.87878],[128.14294,37.87924],[128.14334,37.87946],[128.14363,37.87991],[128.14419,37.87993],[128.14452,37.87981],[128.14519,37.87985],[128.14668,37.88038],[128.14733,37.88054],[128.14782,37.88037],[128.14847,37.88081],[128.14855,37.88098],[128.1493,37.88114],[128.14967,37.88115],[128.15051,37.88164],[128.1509,37.88195],[128.1519,37.88251],[128.15315,37.88525],[128.15352,37.88589],[128.15417,37.88787],[128.15457,37.8885],[128.15498,37.88889],[128.15584,37.88986],[128.15626,37.8907],[128.15662,37.89176],[128.15676,37.89244],[128.15675,37.89356],[128.15719,37.89439],[128.15769,37.89512]]]},"properties":{"code":"32510320","name":"두촌면"}},{"type":"Feature","geometry":{"type":"Polygon","coordinates":[[[128.18455,37.82999],[128.18476,37.83052],[128.18417,37.83085],[128.18381,37.8321],[128.18335,37.83287],[128.18316,37.83285],[128.18156,37.83391],[128.18085,37.83427],[128.18011,37.83501],[128.18026,37.83561],[128.18078,37.83607],[128.1809,37.83669],[128.18109,37.83684],[128.18117,37.83731],[128.18141,37.83751],[128.18111,37.83805],[128.18152,37.8391],[128.1815,37.83934],[128.18125,37.83946],[128.18123,37.83977],[128.18095,37.8415],[128.18124,37.84215],[128.18114,37.8428],[128.18017,37.84345],[128.1788,37.84507],[128.17884,37.84564],[128.17819,37.84637],[128.17732,37.84664],[128.17581,37.84667],[128.1747,37.8471],[128.17356,37.84767],[128.172,37.84949],[128.17191,37.85014],[128.17053,37.85032],[128.1702,37.85069],[128.16922,37.851],[128.1687,37.85125],[128.16879,37.85218],[128.16901,37.85244],[128.16931,37.85319],[128.17022,37.85423],[128.17064,37.85461],[128.17067,37.85497],[128.17093,37.85521],[128.171,37.85552],[128.1709,37.85576],[128.17169,37.85696],[128.17022,37.85849],[128.17022,37.85906],[128.17003,37.85977],[128.16955,37.86095],[128.16919,37.86124],[128.16932,37.86166],[128.16903,37.86226],[128.16844,37.86279],[128.16856,37.86362],[128.16821,37.86449],[128.16805,37.8653],[128.16819,37.86564],[128.16921,37.86658],[128.16911,37.86709],[128.16925,37.86841],[128.16865,37.86885],[128.16888,37.86987],[128.16883,37.87076],[128.169,37.87123],[128.169,37.87176],[128.16943,37.87253],[128.16999,37.87318],[128.17048,37.87398],[128.1709,37.87443],[128.17178,37.87509],[128.17247,37.87574],[128.17294,37.87598],[128.17336,37.8761],[128.17392,37.87641],[128.17363,37.87755],[128.17361,37.87795],[128.1742,37.87868],[128.17444,37.87923],[128.17431,37.88016],[128.17365,37.88153],[128.17369,37.88319],[128.17426,37.88492],[128.17298,37.88476],[128.17192,37.88476],[128.17121,37.88544],[128.1699,37.8859],[128.16944,37.88613],[128.16904,37.88621],[128.1677,37.8859],[128.16606,37.88706],[128.16508,37.8871],[128.16423,37.88707],[128.16367,37.8879],[128.16372,37.8887],[128.16341,37.88911],[128.16366,37.8895],[128.16315,37.8905],[128.16286,37.89073],[128.16274,37.89118],[128.1622,37.89172],[128.16107,37.89273],[128.16118,37.89396],[128.16104,37.89475],[128.1608,37.89513],[128.16074,37.89523],[128.16013,37.89536],[128.15945,37.8953],[128.15815,37.89531],[128.15769,37.89512],[128.15719,37.89439],[128.15675,37.89356],[128.15676,37.89244],[128.15662,37.89176],[128.15626,37.8907],[128.15584,37.88986],[128.15498,37.88889],[128.15457,37.8885],[128.15417,37.88787],[128.15352,37.88589],[128.15315,37.88525],[128.1519,37.88251],[128.1509,37.88195],[128.15051,37.88164],[128.14967,37.88115],[128.1493,37.88114],[128.14855,37.88098],[128.14847,37.88081],[128.14782,37.88037],[128.14733,37.88054],[128.14668,37.88038],[128.14519,37.87985],[128.14452,37.87981],[128.14419,37.87993],[128.14363,37.87991],[128.14334,37.87946],[128.14294,37.87924],[128.14289,37.87878],[128.14269,37.87813],[128.14248,37.87788],[128.1419,37.87695],[128.14153,37.8769],[128.1412,37.87734],[128.14083,37.87734],[128.14036,37.87678],[128.13989,37.87652],[128.13892,37.87626],[128.13772,37.87626],[128.13703,37.87636],[128.13665,37.8762],[128.13654,37.876],[128.13657,37.8752],[128.1358,37.87496],[128.1355,37.87494],[128.1349,37.8746],[128.13464,37.87437],[128.13397,37.87401],[128.13373,37.87358],[128.1336,37.87302],[128.1331,37.87255],[128.13273,37.87193],[128.13268,37.87119],[128.13255,37.871],[128.13158,37.87037],[128.13117,37.86995],[128.13046,37.86953],[128.13033,37.86919],[128.13027,37.86852],[128.12998,37.86802],[128.12966,37.86782],[128.12915,37.86779],[128.12872,37.86768],[128.12804,37.86724],[128.12495,37.86701],[128.12256,37.86658],[128.1217,37.86674],[128.12105,37.86661],[128.12049,37.86637],[128.1198,37.86616],[128.11893,37.86606],[128.11822,37.86555],[128.11785,37.86506],[128.11749,37.86481],[128.11681,37.86465],[128.11637,37.86449],[128.11554,37.8639],[128.11552,37.86352],[128.11494,37.86259],[128.11444,37.86226],[128.11387,37.86207],[128.11323,37.86217],[128.11263,37.86257],[128.11199,37.86273],[128.11167,37.8631],[128.11136,37.8641],[128.11107,37.86431],[128.11072,37.8644],[128.11011,37.86425],[128.10973,37.86397],[128.10906,37.86361],[128.10878,37.86336],[128.10821,37.86318],[128.10616,37.86309],[128.10465,37.8628],[128.10361,37.86245],[128.10294,37.86198],[128.10251,37.86091],[128.1022,37.86066],[128.10165,37.86037],[128.10079,37.86012],[128.09977,37.85945],[128.09946,37.85946],[128.09818,37.86016],[128.09806,37.86004],[128.09729,37.86033],[128.09462,37.85955],[128.09433,37.85993],[128.09394,37.85994],[128.09369,37.86015],[128.09356,37.8606],[128.09283,37.86128],[128.09214,37.86231],[128.09173,37.86245],[128.08963,37.86279],[128.08853,37.86227],[128.08611,37.86214],[128.08217,37.86229],[128.07975,37.86185],[128.07796,37.86125],[128.07634,37.86097],[128.07484,37.86147],[128.0743,37.86128],[128.07318,37.8601],[128.07154,37.85987],[128.07101,37.85945],[128.07086,37.85874],[128.07148,37.85795],[128.07164,37.85743],[128.07151,37.85691],[128.07052,37.85649],[128.06932,37.85565],[128.06919,37.85549],[128.06854,37.85516],[128.0678,37.85523],[128.06718,37.85571],[128.06739,37.85626],[128.0671,37.85736],[128.06666,37.85745],[128.06584,37.8572],[128.06595,37.8569],[128.06633,37.85472],[128.06655,37.85439],[128.06734,37.85366],[128.06765,37.85268],[128.06928,37.85027],[128.06958,37.84927],[128.0704,37.84804],[128.07087,37.84666],[128.07051,37.84469],[128.0701,37.84405],[128.07004,37.84338],[128.06993,37.84304],[128.06969,37.84271],[128.06779,37.84228],[128.06716,37.84228],[128.06646,37.84222],[128.06488,37.84176],[128.06467,37.84104],[128.06497,37.84044],[128.06474,37.83966],[128.06531,37.83862],[128.06463,37.83732],[128.0628,37.83643],[128.06244,37.8358],[128.06155,37.8352],[128.06093,37.83422],[128.06032,37.8331],[128.05988,37.83256],[128.05925,37.83211],[128.0576,37.83204],[128.05664,37.83185],[128.05612,37.83134],[128.05551,37.8313],[128.05524,37.83137],[128.05497,37.83111],[128.05425,37.831],[128.05363,37.83105],[128.05336,37.83074],[128.05252,37.83058],[128.05234,37.83071],[128.05161,37.83072],[128.05119,37.83081],[128.05104,37.83067],[128.0503,37.83056],[128.05,37.83006],[128.04939,37.82965],[128.04856,37.82985],[128.04829,37.82962],[128.0477,37.82962],[128.04591,37.82903],[128.04612,37.82883],[128.04638,37.82833],[128.04611,37.82758],[128.04593,37.82667],[128.04567,37.82491],[128.04546,37.82444],[128.04566,37.82411],[128.04605,37.82385],[128.04629,37.82356],[128.04643,37.82308],[128.04632,37.82246],[128.04531,37.82181],[128.04465,37.82169],[128.04373,37.82173],[128.04208,37.82103],[128.04123,37.82092],[128.04103,37.82008],[128.03941,37.82052],[128.03761,37.82122],[128.0367,37.82123],[128.03612,37.82096],[128.03491,37.82062],[128.03436,37.82005],[128.03362,37.81974],[128.03341,37.81946],[128.03249,37.81899],[128.03118,37.81863],[128.03054,37.81825],[128.0299,37.81814],[128.02921,37.81729],[128.02858,37.81686],[128.02681,37.81671],[128.02598,37.81638],[128.0235,37.81619],[128.02249,37.81593],[128.02128,37.81506],[128.02036,37.81547],[128.01902,37.81574],[128.0182,37.81561],[128.01776,37.81571],[128.01635,37.81638],[128.01601,37.81632],[128.01536,37.81535],[128.01383,37.81465],[128.01249,37.8136],[128.01178,37.81317],[128.01138,37.81205],[128.01077,37.81139],[128.01034,37.81064],[128.0085,37.81041],[128.0081,37.80994],[128.00678,37.80988],[128.00556,37.80896],[128.00548,37.8087],[128.00484,37.80837],[128.00427,37.80778],[128.00398,37.80692],[128.00364,37.80659],[128.00357,37.80628],[128.00388,37.80563],[128.00257,37.80491],[128.0023,37.80377],[128.00201,37.80361],[128.00175,37.80306],[128.00222,37.80216],[128.00236,37.80158],[128.00261,37.8012],[128.00262,37.80036],[128.00268,37.79989],[128.00285,37.79966],[128.00367,37.79922],[128.00407,37.79932],[128.00466,37.79915],[128.00485,37.79925],[128.00563,37.79896],[128.00667,37.79869],[128.00681,37.79857],[128.00789,37.79837],[128.00872,37.79773],[128.00993,37.79754],[128.01068,37.7977],[128.01152,37.79756],[128.01188,37.79731],[128.01403,37.7975],[128.0159,37.79667],[128.01673,37.79599],[128.01757,37.79577],[128.01831,37.79552],[128.0192,37.7949],[128.01963,37.79475],[128.02028,37.79487],[128.02076,37.79479],[128.02132,37.79421],[128.02192,37.79427],[128.0234,37.79347],[128.02312,37.79289],[128.02326,37.79258],[128.02286,37.79175],[128.02299,37.79066],[128.0239,37.7901],[128.02425,37.78779],[128.02402,37.78717],[128.02347,37.78655],[128.02345,37.78569],[128.02358,37.78508],[128.02312,37.78403],[128.02228,37.78348],[128.0233,37.78251],[128.02331,37.78244],[128.02543,37.78235],[128.02627,37.78187],[128.02753,37.78138],[128.02962,37.78159],[128.03069,37.78144],[128.03116,37.78117],[128.0321,37.78123],[128.03273,37.78135],[128.03338,37.78114],[128.03491,37.78113],[128.03652,37.78067],[128.03763,37.78021],[128.03769,37.77998],[128.0398,37.78039],[128.04183,37.78039],[128.04224,37.78017],[128.04305,37.77995],[128.04344,37.78005],[128.04426,37.78043],[128.04566,37.7795],[128.04715,37.77874],[128.04742,37.77779],[128.04749,37.7777],[128.04834,37.77756],[128.04921,37.77772],[128.04991,37.77698],[128.05151,37.7766],[128.05248,37.77608],[128.05276,37.77606],[128.05287,37.77583],[128.05337,37.77556],[128.05379,37.775],[128.05482,37.77434],[128.05474,37.77393],[128.05533,37.77358],[128.05542,37.77317],[128.05518,37.77219],[128.05665,37.77138],[128.05735,37.77027],[128.05903,37.76995],[128.05982,37.76997],[128.06031,37.76957],[128.06197,37.76968],[128.06261,37.76976],[128.06374,37.76971],[128.06511,37.77044],[128.06507,37.77067],[128.06477,37.77108],[128.0651,37.77139],[128.06545,37.77154],[128.06556,37.77183],[128.06594,37.772],[128.06615,37.77244],[128.06712,37.77298],[128.06739,37.77252],[128.06814,37.77277],[128.06849,37.77303],[128.06907,37.77313],[128.06957,37.77299],[128.07033,37.77353],[128.07103,37.7737],[128.07128,37.77411],[128.07177,37.7743],[128.07261,37.77477],[128.07332,37.77464],[128.07382,37.77399],[128.07414,37.77348],[128.0745,37.77331],[128.07467,37.7728],[128.07535,37.77273],[128.07563,37.77236],[128.07583,37.77193],[128.07678,37.7718],[128.07728,37.7713],[128.07735,37.77062],[128.07722,37.7705],[128.07736,37.76933],[128.07761,37.76895],[128.07814,37.76871],[128.07816,37.76794],[128.07904,37.76723],[128.07918,37.76725],[128.07971,37.76772],[128.08097,37.76804],[128.08161,37.7679],[128.0818,37.76812],[128.08243,37.76792],[128.08352,37.76852],[128.08486,37.76898],[128.08601,37.76833],[128.0878,37.76881],[128.08766,37.76839],[128.08696,37.7676],[128.0877,37.76596],[128.08849,37.76547],[128.08826,37.76447],[128.08858,37.76402],[128.08835,37.76322],[128.08866,37.76257],[128.0891,37.76215],[128.08953,37.76153],[128.09018,37.76148],[128.09146,37.76092],[128.09246,37.76076],[128.09301,37.76029],[128.09298,37.75989],[128.09361,37.75945],[128.09468,37.75914],[128.0948,37.75873],[128.09487,37.75807],[128.09584,37.75778],[128.09653,37.7577],[128.09732,37.75738],[128.09741,37.75695],[128.09831,37.75634],[128.09844,37.7555],[128.09932,37.75464],[128.10016,37.75443],[128.10045,37.7543],[128.10058,37.75409],[128.10166,37.75395],[128.10252,37.75431],[128.10322,37.75435],[128.10433,37.75347],[128.10506,37.75326],[128.10606,37.75309],[128.10624,37.75286],[128.10633,37.75165],[128.1059,37.7513],[128.10557,37.75115],[128.1053,37.75076],[128.10534,37.75031],[128.10583,37.7497],[128.10638,37.74969],[128.10687,37.74941],[128.10744,37.74897],[128.10741,37.74826],[128.10775,37.74806],[128.10809,37.7475],[128.10863,37.74705],[128.10913,37.74653],[128.10995,37.74643],[128.11038,37.74596],[128.11047,37.74541],[128.11101,37.74486],[128.11053,37.74385],[128.11125,37.74325],[128.11099,37.74245],[128.1112,37.74177],[128.11174,37.74123],[128.11221,37.74121],[128.11304,37.74138],[128.11418,37.7412],[128.11446,37.74108],[128.11524,37.74101],[128.11548,37.74091],[128.11612,37.73983],[128.1164,37.73955],[128.11748,37.73912],[128.11722,37.73849],[128.11716,37.73759],[128.11723,37.73724],[128.11714,37.73655],[128.11734,37.73608],[128.11813,37.73569],[128.11836,37.7352],[128.11844,37.73385],[128.11918,37.73362],[128.1196,37.7336],[128.12016,37.7338],[128.12057,37.7341],[128.12114,37.73414],[128.12261,37.73328],[128.12304,37.73292],[128.1237,37.73281],[128.12454,37.73277],[128.12494,37.73258],[128.12588,37.73272],[128.12682,37.73267],[128.12742,37.73296],[128.12802,37.73314],[128.12879,37.73319],[128.12971,37.73351],[128.12969,37.73427],[128.12978,37.73536],[128.12964,37.73577],[128.12974,37.73648],[128.13011,37.73731],[128.13035,37.7377],[128.13079,37.73793],[128.13166,37.73816],[128.13203,37.73849],[128.13278,37.73902],[128.13355,37.73906],[128.13543,37.73946],[128.13587,37.73969],[128.13656,37.73952],[128.13784,37.73956],[128.13825,37.73993],[128.13884,37.74026],[128.13892,37.74091],[128.1386,37.74153],[128.13877,37.74278],[128.13855,37.74393],[128.13817,37.74479],[128.13801,37.74579],[128.13665,37.74598],[128.13582,37.74581],[128.13527,37.74585],[128.13501,37.74602],[128.13519,37.74681],[128.13557,37.74734],[128.13594,37.7481],[128.13666,37.74885],[128.1369,37.7494],[128.13763,37.74998],[128.13848,37.75039],[128.13896,37.75067],[128.13894,37.7512],[128.13848,37.75129],[128.13805,37.75156],[128.13809,37.75218],[128.13882,37.75301],[128.13904,37.75401],[128.13888,37.75478],[128.13806,37.75554],[128.13745,37.75582],[128.13645,37.75764],[128.13632,37.75861],[128.13549,37.75886],[128.13498,37.75929],[128.135,37.7599],[128.13526,37.76072],[128.13544,37.76188],[128.13588,37.76237],[128.1362,37.76298],[128.13636,37.76351],[128.13688,37.76433],[128.13871,37.76423],[128.1396,37.76395],[128.14036,37.76351],[128.14142,37.76335],[128.1424,37.76336],[128.14358,37.76351],[128.14477,37.76392],[128.14457,37.76473],[128.14468,37.76567],[128.14456,37.76703],[128.14482,37.76751],[128.14581,37.7676],[128.14643,37.76778],[128.14664,37.76843],[128.14764,37.76893],[128.14759,37.76992],[128.1472,37.7703],[128.14702,37.77082],[128.14702,37.77124],[128.14649,37.77185],[128.14709,37.77258],[128.14811,37.7736],[128.14802,37.7746],[128.14784,37.77523],[128.14942,37.77517],[128.14974,37.77567],[128.15007,37.77572],[128.15109,37.77547],[128.15129,37.77522],[128.15205,37.77509],[128.15209,37.77532],[128.1532,37.77541],[128.15379,37.77571],[128.15473,37.77609],[128.15553,37.77631],[128.15668,37.7767],[128.15767,37.77725],[128.15796,37.77757],[128.15855,37.77759],[128.15872,37.77727],[128.15915,37.77774],[128.15929,37.77828],[128.15919,37.77873],[128.15877,37.77928],[128.15807,37.77989],[128.15835,37.78029],[128.1587,37.78007],[128.15926,37.77989],[128.16009,37.77925],[128.16082,37.77945],[128.1619,37.77957],[128.16193,37.77869],[128.16346,37.77822],[128.16393,37.77799],[128.16539,37.77761],[128.16633,37.77705],[128.16692,37.77675],[128.168,37.7761],[128.16968,37.77536],[128.17075,37.77586],[128.17129,37.77455],[128.17157,37.77421],[128.17197,37.7735],[128.17254,37.773],[128.17313,37.77239],[128.17388,37.77224],[128.17436,37.77228],[128.1754,37.77347],[128.17565,37.77359],[128.17712,37.77371],[128.17779,37.77426],[128.17844,37.77469],[128.17891,37.77474],[128.1798,37.77457],[128.18012,37.77525],[128.18028,37.77606],[128.18121,37.77755],[128.18114,37.77901],[128.18194,37.77959],[128.18296,37.77988],[128.18403,37.77974],[128.18543,37.77986],[128.18645,37.78113],[128.18673,37.78234],[128.18641,37.78356],[128.18649,37.78391],[128.18809,37.7843],[128.18848,37.7847],[128.18814,37.78572],[128.1888,37.78643],[128.18802,37.78821],[128.18808,37.78898],[128.1886,37.78957],[128.18896,37.78979],[128.18901,37.79098],[128.18924,37.79195],[128.18911,37.79283],[128.1894,37.79328],[128.189,37.7946],[128.18877,37.79547],[128.18838,37.79672],[128.18904,37.79703],[128.18921,37.79747],[128.18946,37.79762],[128.18919,37.79958],[128.18885,37.79976],[128.18865,37.80015],[128.18894,37.8009],[128.18876,37.80183],[128.189,37.80306],[128.18893,37.80355],[128.18854,37.80427],[128.18816,37.80449],[128.1881,37.80464],[128.18854,37.80512],[128.18869,37.80628],[128.18974,37.80703],[128.18979,37.80762],[128.19007,37.80819],[128.18901,37.80921],[128.18838,37.80928],[128.18783,37.8097],[128.18684,37.80967],[128.18627,37.80942],[128.18563,37.80938],[128.18507,37.80916],[128.18449,37.80934],[128.18417,37.80923],[128.18319,37.80935],[128.18215,37.8111],[128.18078,37.81112],[128.18033,37.81142],[128.18053,37.81203],[128.18497,37.81476],[128.18493,37.81598],[128.18438,37.8175],[128.18619,37.81872],[128.18597,37.81949],[128.18502,37.82077],[128.18476,37.82178],[128.18504,37.82307],[128.18486,37.82438],[128.18549,37.82502],[128.18497,37.82586],[128.18494,37.82744],[128.18455,37.82999]]]},"properties":{"code":"32510330","name":"내촌면"}},{"type":"Feature","geometry":{"type":"Polygon","coordinates":[[[128.21437,37.81236],[128.21353,37.81231],[128.21308,37.81203],[128.21242,37.812],[128.21071,37.81237],[128.20949,37.81252],[128.20866,37.81268],[128.20745,37.81392],[128.20688,37.81419],[128.20622,37.81468],[128.20552,37.81551],[128.20459,37.81556],[128.20372,37.81568],[128.20254,37.8159],[128.2015,37.81623],[128.20071,37.81736],[128.19975,37.81786],[128.19923,37.81797],[128.19863,37.81875],[128.19722,37.82005],[128.19626,37.82204],[128.19444,37.82232],[128.19276,37.82289],[128.19195,37.82368],[128.19131,37.82418],[128.19025,37.82545],[128.18911,37.82639],[128.1882,37.82757],[128.18749,37.82878],[128.18661,37.82998],[128.18455,37.82999],[128.18494,37.82744],[128.18497,37.82586],[128.18549,37.82502],[128.18486,37.82438],[128.18504,37.82307],[128.18476,37.82178],[128.18502,37.82077],[128.18597,37.81949],[128.18619,37.81872],[128.18438,37.8175],[128.18493,37.81598],[128.18497,37.81476],[128.18053,37.81203],[128.18033,37.81142],[128.18078,37.81112],[128.18215,37.8111],[128.18319,37.80935],[128.18417,37.80923],[128.18449,37.80934],[128.18507,37.80916],[128.18563,37.80938],[128.18627,37.80942],[128.18684,37.80967],[128.18783,37.8097],[128.18838,37.80928],[128.18901,37.80921],[128.19007,37.80819],[128.18979,37.80762],[128.18974,37.80703],[128.18869,37.80628],[128.18854,37.80512],[128.1881,37.80464],[128.18816,37.80449],[128.18854,37.80427],[128.18893,37.80355],[128.189,37.80306],[128.18876,37.80183],[128.18894,37.8009],[128.18865,37.80015],[128.18885,37.79976],[128.18919,37.79958],[128.18946,37.79762],[128.18921,37.79747],[128.18904,37.79703],[128.18838,37.79672],[128.18877,37.79547],[128.189,37.7946],[128.1894,37.79328],[128.18911,37.79283],[128.18924,37.79195],[128.18901,37.79098],[128.18896,37.78979],[128.1886,37.78957],[128.18808,37.78898],[128.18802,37.78821],[128.1888,37.78643],[128.18814,37.78572],[128.18848,37.7847],[128.18809,37.7843],[128.18649,37.78391],[128.18641,37.78356],[128.18673,37.78234],[128.18645,37.78113],[128.18543,37.77986],[128.18403,37.77974],[128.18296,37.77988],[128.18194,37.77959],[128.18114,37.77901],[128.18121,37.77755],[128.18028,37.77606],[128.18012,37.77525],[128.1798,37.77457],[128.17891,37.77474],[128.17844,37.77469],[128.17779,37.77426],[128.17712,37.77371],[128.17565,37.77359],[128.1754,37.77347],[128.17436,37.77228],[128.17388,37.77224],[128.17313,37.77239],[128.17254,37.773],[128.17197,37.7735],[128.17157,37.77421],[128.17129,37.77455],[128.17075,37.77586],[128.16968,37.77536],[128.168,37.7761],[128.16692,37.77675],[128.16633,37.77705],[128.16539,37.77761],[128.16393,37.77799],[128.16346,37.77822],[128.16193,37.77869],[128.1619,37.77957],[128.16082,37.77945],[128.16009,37.77925],[128.15926,37.77989],[128.1587,37.78007],[128.15835,37.78029],[128.15807,37.77989],[128.15877,37.77928],[128.15919,37.77873],[128.15929,37.77828],[128.15915,37.77774],[128.15872,37.77727],[128.15855,37.77759],[128.15796,37.77757],[128.15767,37.77725],[128.15668,37.7767],[128.15553,37.77631],[128.15473,37.77609],[128.15379,37.77571],[128.1532,37.77541],[128.15209,37.77532],[128.15205,37.77509],[128.15129,37.77522],[128.15109,37.77547],[128.15007,37.77572],[128.14974,37.77567],[128.14942,37.77517],[128.14784,37.77523],[128.14802,37.7746],[128.14811,37.7736],[128.14709,37.77258],[128.14649,37.77185],[128.14702,37.77124],[128.14702,37.77082],[128.1472,37.7703],[128.14759,37.76992],[128.14764,37.76893],[128.14664,37.76843],[128.14643,37.76778],[128.14581,37.7676],[128.14482,37.76751],[128.14456,37.76703],[128.14468,37.76567],[128.14457,37.76473],[128.14477,37.76392],[128.14358,37.76351],[128.1424,37.76336],[128.14142,37.76335],[128.14036,37.76351],[128.1396,37.76395],[128.13871,37.76423],[128.13688,37.76433],[128.13636,37.76351],[128.1362,37.76298],[128.13588,37.76237],[128.13544,37.76188],[128.13526,37.76072],[128.135,37.7599],[128.13498,37.75929],[128.13549,37.75886],[128.13632,37.75861],[128.13645,37.75764],[128.13745,37.75582],[128.13806,37.75554],[128.13888,37.75478],[128.13904,37.75401],[128.13882,37.75301],[128.13809,37.75218],[128.13805,37.75156],[128.13848,37.75129],[128.13894,37.7512],[128.13896,37.75067],[128.13848,37.75039],[128.13763,37.74998],[128.1369,37.7494],[128.13666,37.74885],[128.13594,37.7481],[128.13557,37.74734],[128.13519,37.74681],[128.13501,37.74602],[128.13527,37.74585],[128.13582,37.74581],[128.13665,37.74598],[128.13801,37.74579],[128.13817,37.74479],[128.13855,37.74393],[128.13877,37.74278],[128.1386,37.74153],[128.13892,37.74091],[128.13884,37.74026],[128.13825,37.73993],[128.13784,37.73956],[128.13656,37.73952],[128.13587,37.73969],[128.13543,37.73946],[128.13355,37.73906],[128.13278,37.73902],[128.13203,37.73849],[128.13166,37.73816],[128.13079,37.73793],[128.13035,37.7377],[128.13011,37.73731],[128.12974,37.73648],[128.12964,37.73577],[128.12978,37.73536],[128.12969,37.73427],[128.12971,37.73351],[128.12879,37.73319],[128.12802,37.73314],[128.12742,37.73296],[128.12682,37.73267],[128.12588,37.73272],[128.12494,37.73258],[128.12495,37.73208],[128.12462,37.73176],[128.1245,37.73072],[128.12401,37.72895],[128.12365,37.72868],[128.12263,37.72835],[128.12197,37.72739],[128.1218,37.72644],[128.1213,37.72528],[128.12047,37.72506],[128.11941,37.72494],[128.11878,37.72443],[128.11805,37.72417],[128.11743,37.72387],[128.11692,37.72351],[128.1168,37.72316],[128.11627,37.72236],[128.11613,37.72192],[128.11618,37.72137],[128.1166,37.72082],[128.11655,37.72044],[128.11613,37.71986],[128.1159,37.71908],[128.11585,37.7181],[128.11611,37.71747],[128.11631,37.71683],[128.11629,37.71585],[128.11601,37.71542],[128.11582,37.71479],[128.1158,37.71419],[128.1146,37.71338],[128.11384,37.71292],[128.11355,37.71206],[128.11365,37.7114],[128.11341,37.71053],[128.11373,37.70987],[128.1134,37.7092],[128.11314,37.70839],[128.11243,37.70777],[128.11196,37.70776],[128.11151,37.70737],[128.11058,37.707],[128.1102,37.70665],[128.10938,37.7066],[128.10758,37.70618],[128.10589,37.70614],[128.10453,37.70663],[128.10408,37.70654],[128.10314,37.70556],[128.10264,37.70557],[128.10198,37.7052],[128.10102,37.70511],[128.09902,37.70557],[128.09704,37.70507],[128.09707,37.70474],[128.0969,37.70387],[128.09683,37.70314],[128.09671,37.70289],[128.09557,37.70179],[128.09516,37.70106],[128.09462,37.7007],[128.09365,37.69989],[128.09338,37.69952],[128.09245,37.69925],[128.09246,37.69826],[128.09298,37.6979],[128.0938,37.69803],[128.09505,37.69787],[128.09672,37.69694],[128.09752,37.69711],[128.09807,37.69649],[128.09957,37.69568],[128.10033,37.69507],[128.10078,37.69467],[128.10163,37.69339],[128.10158,37.69281],[128.10138,37.69215],[128.10095,37.69173],[128.10025,37.69035],[128.09932,37.68949],[128.09898,37.68827],[128.09853,37.68812],[128.09771,37.68622],[128.09756,37.68503],[128.0971,37.68459],[128.09662,37.68364],[128.09683,37.6829],[128.09835,37.68256],[128.09854,37.68225],[128.10004,37.68114],[128.10171,37.68123],[128.10215,37.67988],[128.10284,37.67873],[128.10292,37.67719],[128.10449,37.67625],[128.10527,37.67623],[128.10727,37.67361],[128.108,37.67312],[128.10883,37.6728],[128.10937,37.67252],[128.1103,37.67225],[128.11168,37.67149],[128.11236,37.6724],[128.11327,37.67344],[128.11419,37.67472],[128.11492,37.67476],[128.11545,37.67544],[128.11597,37.67592],[128.11622,37.67599],[128.11726,37.67674],[128.11741,37.67706],[128.11781,37.67749],[128.11822,37.67815],[128.11872,37.67862],[128.11973,37.67849],[128.12045,37.67829],[128.1211,37.67821],[128.1222,37.67844],[128.12321,37.67849],[128.12441,37.67817],[128.12539,37.67749],[128.12606,37.67747],[128.1263,37.67762],[128.1268,37.6776],[128.12725,37.67789],[128.12813,37.678],[128.12937,37.67863],[128.13025,37.67884],[128.13093,37.6793],[128.13195,37.67953],[128.13258,37.67951],[128.1336,37.67983],[128.13425,37.68012],[128.13538,37.68004],[128.1359,37.68016],[128.13669,37.67993],[128.13744,37.67961],[128.13783,37.67921],[128.13843,37.67803],[128.13856,37.67762],[128.13884,37.67738],[128.13895,37.67694],[128.13951,37.67619],[128.13987,37.67514],[128.13997,37.67447],[128.14085,37.67518],[128.14159,37.67536],[128.14227,37.67475],[128.14289,37.67402],[128.14327,37.67378],[128.14337,37.67346],[128.14428,37.67324],[128.14564,37.67281],[128.14617,37.67249],[128.14654,37.67185],[128.14704,37.67055],[128.14728,37.67009],[128.1481,37.66979],[128.14871,37.66881],[128.14902,37.66791],[128.14923,37.66775],[128.14923,37.66737],[128.14948,37.66675],[128.14945,37.66618],[128.14962,37.66585],[128.14966,37.66541],[128.14952,37.66514],[128.14999,37.66413],[128.14997,37.66404],[128.15048,37.66336],[128.15094,37.66311],[128.15075,37.66267],[128.15065,37.6621],[128.15101,37.66196],[128.15121,37.66149],[128.15149,37.66124],[128.15158,37.66032],[128.15256,37.65914],[128.15294,37.6603],[128.15365,37.66118],[128.15424,37.66169],[128.15457,37.66169],[128.15517,37.66192],[128.15622,37.66201],[128.15704,37.66245],[128.1572,37.66241],[128.15761,37.66277],[128.15814,37.6627],[128.15876,37.6632],[128.16026,37.6631],[128.16132,37.66354],[128.16166,37.664],[128.16232,37.66427],[128.16296,37.66435],[128.16342,37.66457],[128.1641,37.6647],[128.16434,37.66342],[128.16426,37.66213],[128.1647,37.66178],[128.16459,37.66144],[128.16435,37.66109],[128.16509,37.66072],[128.16529,37.66005],[128.16591,37.65929],[128.16828,37.65852],[128.16981,37.65859],[128.17118,37.65752],[128.17418,37.65578],[128.17456,37.65505],[128.17494,37.65466],[128.17531,37.65418],[128.17577,37.65457],[128.17693,37.65525],[128.17728,37.65453],[128.17865,37.65395],[128.17896,37.65376],[128.17979,37.65391],[128.18059,37.65341],[128.18128,37.65348],[128.18106,37.65262],[128.18157,37.65154],[128.18294,37.65065],[128.18446,37.65006],[128.18577,37.64964],[128.18597,37.64897],[128.18591,37.64768],[128.18626,37.64614],[128.18623,37.64516],[128.18651,37.64441],[128.18821,37.64443],[128.18928,37.64495],[128.19096,37.64606],[128.19181,37.64731],[128.19358,37.64819],[128.19488,37.64925],[128.19542,37.65015],[128.19689,37.65064],[128.19793,37.6512],[128.19956,37.65167],[128.2009,37.65101],[128.20209,37.65029],[128.20554,37.65],[128.2065,37.64978],[128.20752,37.6492],[128.20872,37.64907],[128.20963,37.64764],[128.20969,37.64726],[128.21028,37.64617],[128.21069,37.64575],[128.21171,37.64583],[128.2129,37.64586],[128.21336,37.64544],[128.21391,37.64509],[128.21526,37.64382],[128.2158,37.64272],[128.21568,37.642],[128.2157,37.64087],[128.21655,37.64038],[128.21773,37.63997],[128.2195,37.63943],[128.22011,37.63865],[128.22111,37.6378],[128.22154,37.63723],[128.22229,37.63542],[128.22324,37.6349],[128.22435,37.63314],[128.22638,37.63204],[128.22766,37.63002],[128.22772,37.62971],[128.22854,37.62875],[128.23074,37.62804],[128.23244,37.62714],[128.23583,37.62522],[128.24204,37.62669],[128.24355,37.62612],[128.24615,37.62607],[128.24715,37.62506],[128.24848,37.62602],[128.25332,37.62701],[128.25388,37.62736],[128.2539,37.62737],[128.25434,37.62834],[128.25529,37.62836],[128.26249,37.63202],[128.26323,37.63251],[128.26405,37.63237],[128.2646,37.6324],[128.26631,37.63353],[128.267,37.63358],[128.26799,37.63335],[128.26921,37.63315],[128.27034,37.63266],[128.27085,37.63456],[128.27118,37.63511],[128.27151,37.6369],[128.27231,37.63753],[128.27241,37.63792],[128.27341,37.6386],[128.27551,37.63916],[128.27574,37.63967],[128.27503,37.64025],[128.27457,37.64121],[128.27426,37.64216],[128.27421,37.64325],[128.27371,37.64428],[128.27392,37.64524],[128.27339,37.64627],[128.27325,37.64705],[128.27344,37.64808],[128.27329,37.64843],[128.27354,37.65012],[128.27318,37.65194],[128.27311,37.65254],[128.27373,37.65326],[128.27385,37.65352],[128.27445,37.65417],[128.27366,37.6552],[128.27386,37.65601],[128.27429,37.65655],[128.27458,37.65657],[128.27483,37.65678],[128.27626,37.65777],[128.27641,37.65828],[128.27715,37.65917],[128.27781,37.65977],[128.27827,37.66144],[128.27797,37.662],[128.27883,37.66396],[128.27813,37.66526],[128.27805,37.66603],[128.27731,37.66681],[128.27718,37.66815],[128.27658,37.66888],[128.27775,37.66925],[128.27907,37.66983],[128.27955,37.67042],[128.27978,37.67101],[128.27988,37.67212],[128.28038,37.67304],[128.28158,37.67342],[128.28194,37.67382],[128.2826,37.67408],[128.28335,37.67456],[128.28399,37.67462],[128.28444,37.67452],[128.28508,37.67525],[128.28534,37.67583],[128.28586,37.67628],[128.28604,37.67677],[128.28719,37.67802],[128.28749,37.67875],[128.28827,37.67925],[128.28876,37.68013],[128.2895,37.68062],[128.29078,37.68164],[128.29218,37.68299],[128.29336,37.68301],[128.29507,37.6835],[128.29577,37.68446],[128.29643,37.68562],[128.2968,37.68581],[128.29717,37.68708],[128.2978,37.68763],[128.29865,37.68796],[128.29889,37.68812],[128.2993,37.68873],[128.30069,37.68897],[128.30135,37.68944],[128.30204,37.68961],[128.30252,37.68991],[128.30272,37.69048],[128.30445,37.6912],[128.30437,37.69187],[128.30505,37.69242],[128.30522,37.69334],[128.30639,37.69436],[128.30722,37.69565],[128.307,37.69635],[128.30784,37.69696],[128.30838,37.69831],[128.30895,37.69898],[128.30885,37.69928],[128.30926,37.69972],[128.3096,37.70054],[128.30977,37.70138],[128.31018,37.70185],[128.3112,37.70158],[128.31164,37.70221],[128.31255,37.70272],[128.31246,37.7032],[128.31232,37.70329],[128.31228,37.70398],[128.31178,37.70481],[128.31151,37.70596],[128.31096,37.70663],[128.31092,37.70751],[128.31062,37.70883],[128.31085,37.70941],[128.31093,37.71031],[128.31087,37.71071],[128.31128,37.71118],[128.31248,37.7119],[128.31296,37.71247],[128.31323,37.71257],[128.31352,37.71333],[128.3141,37.71366],[128.31544,37.71423],[128.31557,37.71448],[128.31605,37.71461],[128.31721,37.71586],[128.31781,37.71606],[128.31858,37.71681],[128.31807,37.71759],[128.31791,37.71817],[128.31724,37.71916],[128.31752,37.71945],[128.31753,37.71975],[128.31782,37.72046],[128.31825,37.72081],[128.31848,37.72157],[128.3184,37.72215],[128.31869,37.72249],[128.31851,37.72297],[128.31856,37.72346],[128.31801,37.72409],[128.31861,37.72444],[128.31882,37.72515],[128.31835,37.72533],[128.31791,37.72602],[128.31806,37.72644],[128.31795,37.72728],[128.31796,37.72853],[128.31778,37.72899],[128.31747,37.72951],[128.31759,37.73001],[128.31677,37.73041],[128.31669,37.73054],[128.31575,37.73094],[128.31548,37.73137],[128.31573,37.73161],[128.3159,37.73216],[128.31602,37.73228],[128.31592,37.73276],[128.31554,37.73312],[128.31566,37.73343],[128.31548,37.73397],[128.31519,37.73414],[128.31501,37.73452],[128.3144,37.73521],[128.31434,37.7357],[128.31393,37.73617],[128.31395,37.73691],[128.31413,37.73708],[128.31373,37.73813],[128.3137,37.73835],[128.31337,37.73896],[128.31323,37.73971],[128.31302,37.74004],[128.31287,37.74048],[128.31243,37.74128],[128.31248,37.74193],[128.31228,37.74224],[128.3117,37.74259],[128.31153,37.74298],[128.31086,37.74311],[128.31031,37.74338],[128.30996,37.74435],[128.3096,37.74493],[128.30746,37.74626],[128.30645,37.74681],[128.30602,37.74687],[128.30548,37.74652],[128.3052,37.74664],[128.305,37.74704],[128.30461,37.74724],[128.30341,37.74817],[128.30183,37.74887],[128.30146,37.74886],[128.30111,37.74897],[128.2999,37.74967],[128.29872,37.74933],[128.29749,37.74931],[128.29695,37.74988],[128.29597,37.75025],[128.29451,37.75075],[128.2935,37.75023],[128.29297,37.75008],[128.29248,37.74985],[128.29114,37.74997],[128.28991,37.7502],[128.2887,37.74969],[128.28773,37.74877],[128.28629,37.74964],[128.28562,37.74998],[128.28444,37.75049],[128.28326,37.75118],[128.28244,37.75159],[128.28148,37.75201],[128.28012,37.75291],[128.27932,37.75417],[128.27839,37.75458],[128.27736,37.75526],[128.27574,37.75602],[128.27432,37.75654],[128.27342,37.75736],[128.27237,37.75706],[128.27148,37.75666],[128.27122,37.75662],[128.27109,37.75637],[128.2709,37.75549],[128.2699,37.75439],[128.26896,37.75366],[128.26762,37.7536],[128.26637,37.75369],[128.26469,37.75393],[128.26317,37.75378],[128.26192,37.75375],[128.26033,37.75364],[128.25973,37.75377],[128.2588,37.75382],[128.25677,37.75412],[128.25588,37.75413],[128.25523,37.75515],[128.25515,37.75627],[128.25504,37.75708],[128.25512,37.75809],[128.25442,37.7594],[128.25378,37.76004],[128.25339,37.76055],[128.25213,37.76106],[128.25122,37.76161],[128.25003,37.76299],[128.24959,37.76322],[128.24829,37.76377],[128.24722,37.76411],[128.24579,37.76499],[128.24396,37.76638],[128.24245,37.76697],[128.24146,37.76747],[128.24019,37.76823],[128.23948,37.76872],[128.23957,37.76956],[128.23973,37.76993],[128.23978,37.77085],[128.23974,37.77115],[128.23993,37.7721],[128.23868,37.77337],[128.23796,37.77399],[128.23639,37.77462],[128.23567,37.77523],[128.23587,37.77638],[128.23615,37.77707],[128.23681,37.77799],[128.23708,37.77884],[128.23756,37.77958],[128.23791,37.78005],[128.23815,37.78122],[128.23821,37.78249],[128.23812,37.78328],[128.23796,37.78406],[128.23764,37.78511],[128.23725,37.78574],[128.23647,37.7866],[128.23529,37.78656],[128.23372,37.78641],[128.23241,37.78633],[128.23066,37.78648],[128.22896,37.7863],[128.22756,37.78598],[128.22651,37.78558],[128.22516,37.7857],[128.22345,37.78557],[128.22188,37.78569],[128.22079,37.78567],[128.2195,37.78579],[128.21914,37.78669],[128.21919,37.78757],[128.21928,37.788],[128.21923,37.78871],[128.21931,37.78976],[128.21929,37.79132],[128.21894,37.79287],[128.21923,37.79419],[128.21917,37.79568],[128.21922,37.79728],[128.21918,37.79846],[128.21889,37.79974],[128.21898,37.80104],[128.21862,37.80216],[128.21832,37.80347],[128.21801,37.80389],[128.21798,37.8042],[128.21754,37.8051],[128.21751,37.80536],[128.21787,37.80637],[128.21732,37.80742],[128.21697,37.8087],[128.21677,37.80957],[128.2159,37.81077],[128.2151,37.81146],[128.2146,37.81173],[128.21437,37.81236]]]},"properties":{"code":"32510340","name":"서석면"}},{"type":"Feature","geometry":{"type":"Polygon","coordinates":[[[127.79691,37.65384],[127.79458,37.65627],[127.79281,37.65739],[127.79176,37.65859],[127.79001,37.65911],[127.78843,37.65963],[127.78611,37.66079],[127.78557,37.6611],[127.78594,37.66154],[127.78584,37.66183],[127.78585,37.66266],[127.78601,37.66318],[127.78644,37.66376],[127.78709,37.66414],[127.78726,37.66482],[127.78764,37.66537],[127.78766,37.66567],[127.78797,37.66594],[127.78818,37.66645],[127.7881,37.6671],[127.78762,37.66766],[127.78762,37.66856],[127.78773,37.66943],[127.788,37.66974],[127.78851,37.66999],[127.78859,37.67057],[127.78909,37.67132],[127.7892,37.67179],[127.78967,37.67248],[127.78946,37.67306],[127.78943,37.67424],[127.78904,37.67506],[127.78934,37.67582],[127.78976,37.67617],[127.78984,37.67646],[127.78975,37.67671],[127.78991,37.67711],[127.78984,37.67741],[127.79028,37.67783],[127.7908,37.67801],[127.79208,37.67766],[127.79263,37.67806],[127.79267,37.67852],[127.79249,37.67901],[127.79255,37.6795],[127.79242,37.6799],[127.79221,37.68025],[127.792,37.6808],[127.79193,37.68134],[127.79211,37.68162],[127.79206,37.68207],[127.79235,37.68227],[127.79305,37.68227],[127.79303,37.68273],[127.7925,37.68315],[127.79171,37.68339],[127.79109,37.68379],[127.79006,37.68384],[127.78957,37.68431],[127.78858,37.68409],[127.78817,37.6844],[127.78754,37.68469],[127.78698,37.68447],[127.78626,37.68459],[127.78566,37.68497],[127.78456,37.68525],[127.78391,37.68473],[127.78329,37.685],[127.78254,37.6852],[127.78212,37.68524],[127.78162,37.68539],[127.78027,37.68592],[127.7793,37.68661],[127.77752,37.68701],[127.77695,37.6871],[127.77622,37.6877],[127.77593,37.68817],[127.77572,37.6888],[127.77556,37.68892],[127.77534,37.68935],[127.77497,37.68956],[127.77434,37.68968],[127.7736,37.68976],[127.77367,37.69029],[127.77406,37.6906],[127.77316,37.69074],[127.77445,37.69191],[127.77501,37.69234],[127.77319,37.69192],[127.77219,37.69126],[127.7718,37.69092],[127.77064,37.69106],[127.77034,37.69091],[127.76989,37.69041],[127.76943,37.69027],[127.76898,37.69071],[127.76863,37.69076],[127.76812,37.69098],[127.76763,37.69127],[127.76747,37.69149],[127.76707,37.69174],[127.76678,37.69221],[127.76649,37.69219],[127.76549,37.69289],[127.76543,37.69331],[127.76472,37.69389],[127.76463,37.69435],[127.76407,37.69493],[127.76372,37.69511],[127.76328,37.69521],[127.76224,37.6959],[127.76146,37.69564],[127.76065,37.69587],[127.75976,37.69578],[127.75887,37.69601],[127.75804,37.69578],[127.75663,37.69524],[127.75661,37.6951],[127.75615,37.69461],[127.75532,37.69458],[127.75434,37.6948],[127.75356,37.69469],[127.75271,37.69479],[127.75185,37.69477],[127.75194,37.69445],[127.75172,37.68683],[127.75167,37.68433],[127.75105,37.68383],[127.75073,37.68299],[127.75088,37.68259],[127.75057,37.68203],[127.74983,37.68151],[127.75086,37.68124],[127.75157,37.68072],[127.75206,37.68063],[127.75253,37.68029],[127.75307,37.67963],[127.75353,37.67939],[127.75418,37.67761],[127.75498,37.6775],[127.75475,37.67734],[127.75385,37.67706],[127.75392,37.67682],[127.75354,37.67587],[127.75355,37.67494],[127.75419,37.67438],[127.75467,37.67417],[127.7547,37.67352],[127.7552,37.67247],[127.75515,37.67216],[127.75545,37.67159],[127.75544,37.67128],[127.75492,37.67098],[127.75495,37.67063],[127.75457,37.67063],[127.75466,37.66977],[127.75513,37.66896],[127.75563,37.66875],[127.75496,37.66844],[127.75496,37.66831],[127.75458,37.66806],[127.7541,37.66802],[127.754,37.66785],[127.75442,37.66754],[127.75436,37.66731],[127.75391,37.66684],[127.75363,37.66617],[127.75314,37.66554],[127.75309,37.66493],[127.75242,37.66491],[127.75177,37.66462],[127.75162,37.66468],[127.75076,37.66453],[127.7504,37.66397],[127.74955,37.66419],[127.74772,37.66413],[127.74653,37.66385],[127.74295,37.66488],[127.74254,37.66489],[127.74214,37.66402],[127.74126,37.66402],[127.73969,37.66353],[127.73888,37.66292],[127.7384,37.66201],[127.73735,37.6612],[127.73695,37.66093],[127.73618,37.661],[127.73545,37.66147],[127.73438,37.66179],[127.73288,37.66188],[127.73093,37.66254],[127.73013,37.66274],[127.72911,37.66336],[127.72773,37.66284],[127.72586,37.66283],[127.72502,37.66185],[127.72414,37.66148],[127.72322,37.65994],[127.72313,37.65784],[127.72174,37.65729],[127.72123,37.65674],[127.72021,37.65628],[127.71991,37.65603],[127.71898,37.65548],[127.71858,37.65429],[127.71888,37.65346],[127.71878,37.65277],[127.71839,37.65172],[127.71789,37.65088],[127.7176,37.64986],[127.71713,37.64954],[127.71688,37.6492],[127.71578,37.64893],[127.71569,37.64853],[127.71501,37.64787],[127.71498,37.64712],[127.71454,37.64652],[127.71505,37.64562],[127.71501,37.64449],[127.71513,37.64392],[127.71591,37.64302],[127.71567,37.64219],[127.71549,37.64193],[127.71565,37.64172],[127.71489,37.6408],[127.71524,37.63984],[127.71517,37.63951],[127.71468,37.63828],[127.71536,37.63749],[127.71589,37.63673],[127.71616,37.63593],[127.71695,37.635],[127.71748,37.63483],[127.71805,37.63382],[127.71856,37.63338],[127.71806,37.63277],[127.71702,37.63191],[127.71694,37.63158],[127.71583,37.63133],[127.71538,37.63106],[127.71511,37.63073],[127.71427,37.63036],[127.71424,37.63015],[127.71326,37.62968],[127.71248,37.62966],[127.71176,37.62927],[127.71069,37.62885],[127.71,37.62844],[127.70934,37.62818],[127.7086,37.62821],[127.70737,37.62776],[127.70684,37.62741],[127.70613,37.62618],[127.70611,37.62573],[127.70556,37.62506],[127.70571,37.62489],[127.70558,37.62445],[127.70484,37.624],[127.7051,37.62269],[127.70446,37.62246],[127.70334,37.62195],[127.70178,37.62147],[127.70135,37.62111],[127.70046,37.62078],[127.70024,37.62043],[127.70019,37.61998],[127.69963,37.62001],[127.69942,37.6198],[127.69929,37.61924],[127.69872,37.61866],[127.6995,37.61608],[127.69952,37.61549],[127.6994,37.61509],[127.69943,37.61456],[127.69989,37.61448],[127.69959,37.61385],[127.70073,37.61193],[127.70121,37.61142],[127.70143,37.61066],[127.70124,37.60946],[127.70132,37.60725],[127.70065,37.60621],[127.70067,37.60523],[127.70037,37.60456],[127.69883,37.60279],[127.69816,37.60221],[127.69748,37.60133],[127.697,37.60127],[127.69619,37.60079],[127.69653,37.59979],[127.69681,37.59936],[127.6971,37.59907],[127.69712,37.59875],[127.69815,37.59801],[127.69876,37.59779],[127.69935,37.59699],[127.69998,37.59696],[127.70029,37.59648],[127.70084,37.59612],[127.70039,37.59561],[127.70052,37.59531],[127.69912,37.59472],[127.69926,37.59436],[127.69823,37.59368],[127.69837,37.59277],[127.69752,37.59193],[127.69743,37.59185],[127.6982,37.59141],[127.6982,37.59089],[127.69911,37.59057],[127.69944,37.59007],[127.70071,37.58962],[127.70122,37.5895],[127.70174,37.5895],[127.70217,37.58909],[127.70269,37.58918],[127.70347,37.589],[127.70436,37.58861],[127.7051,37.58843],[127.70635,37.5884],[127.70649,37.58795],[127.70694,37.58737],[127.70726,37.58677],[127.70754,37.58665],[127.7079,37.58635],[127.70871,37.58649],[127.70908,37.5867],[127.70948,37.58706],[127.71031,37.58721],[127.71159,37.58749],[127.71313,37.58847],[127.71367,37.589],[127.71441,37.58847],[127.71526,37.58838],[127.71589,37.58807],[127.71645,37.58817],[127.71705,37.5884],[127.71726,37.5886],[127.71879,37.58932],[127.71984,37.58946],[127.72127,37.59033],[127.72173,37.59019],[127.72212,37.59037],[127.72313,37.59063],[127.72376,37.59012],[127.72432,37.59019],[127.72508,37.59007],[127.72557,37.58963],[127.7264,37.5892],[127.72682,37.58906],[127.72715,37.5893],[127.72769,37.58927],[127.72799,37.58959],[127.72871,37.58947],[127.7295,37.58959],[127.7299,37.58932],[127.73025,37.5892],[127.73074,37.58915],[127.73146,37.58878],[127.73176,37.58848],[127.73205,37.58857],[127.73234,37.58827],[127.73287,37.5885],[127.73432,37.58826],[127.73478,37.5883],[127.73586,37.58815],[127.73649,37.58828],[127.73764,37.5881],[127.73889,37.58756],[127.7394,37.58709],[127.74044,37.58731],[127.7406,37.58762],[127.74154,37.58796],[127.74302,37.58774],[127.74397,37.58801],[127.7447,37.58788],[127.74592,37.58862],[127.74599,37.5889],[127.74643,37.58922],[127.74691,37.58947],[127.74753,37.58995],[127.74867,37.59045],[127.74956,37.59069],[127.75141,37.59054],[127.75253,37.59136],[127.75284,37.59147],[127.75315,37.59178],[127.75389,37.59185],[127.75411,37.59206],[127.75502,37.59154],[127.75519,37.59092],[127.7558,37.59028],[127.75571,37.59009],[127.7561,37.5895],[127.75706,37.58932],[127.75728,37.58871],[127.75732,37.5881],[127.75756,37.58742],[127.75798,37.58681],[127.75886,37.58686],[127.75904,37.58695],[127.7599,37.58701],[127.76074,37.58749],[127.76128,37.58759],[127.7622,37.58675],[127.76345,37.58635],[127.76361,37.58613],[127.76462,37.58585],[127.76485,37.58555],[127.76476,37.58534],[127.76485,37.58506],[127.76503,37.58497],[127.76548,37.58446],[127.76589,37.58389],[127.76649,37.58357],[127.76657,37.58267],[127.76686,37.58273],[127.76732,37.58264],[127.76759,37.5823],[127.76801,37.5822],[127.76896,37.58186],[127.76905,37.58174],[127.77011,37.58201],[127.77148,37.58195],[127.77204,37.58162],[127.77253,37.58149],[127.77323,37.58099],[127.77397,37.5811],[127.77474,37.58084],[127.77548,37.58031],[127.77608,37.58005],[127.77701,37.58014],[127.77793,37.58012],[127.7784,37.57983],[127.7792,37.57996],[127.78006,37.57951],[127.78079,37.57944],[127.78329,37.57844],[127.78384,37.57829],[127.78428,37.57826],[127.78444,37.57812],[127.78513,37.57824],[127.78558,37.5785],[127.78616,37.57856],[127.78697,37.57877],[127.78786,37.57891],[127.78787,37.57913],[127.78836,37.57959],[127.78904,37.58005],[127.79008,37.58061],[127.79013,37.58121],[127.7906,37.58152],[127.7908,37.58191],[127.791,37.582],[127.79115,37.58269],[127.79131,37.58317],[127.79132,37.58364],[127.79258,37.58479],[127.79264,37.58505],[127.7929,37.58529],[127.7932,37.5852],[127.79408,37.58525],[127.79442,37.58504],[127.79491,37.58493],[127.79528,37.58445],[127.79558,37.58427],[127.79594,37.58419],[127.79621,37.58429],[127.79664,37.5842],[127.79681,37.58402],[127.79735,37.58397],[127.79828,37.58322],[127.79998,37.58277],[127.7999,37.58232],[127.80021,37.58213],[127.80103,37.58146],[127.80075,37.58097],[127.80301,37.57949],[127.80408,37.57931],[127.80425,37.57913],[127.80419,37.57852],[127.80435,37.57794],[127.80487,37.57506],[127.80563,37.57409],[127.80629,37.5741],[127.80737,37.57392],[127.80771,37.57371],[127.80815,37.57389],[127.80909,37.57377],[127.80961,37.57345],[127.80967,37.57292],[127.81002,37.57267],[127.81011,37.57227],[127.81035,37.57198],[127.81041,37.57167],[127.81029,37.57115],[127.81042,37.57047],[127.81059,37.57029],[127.81096,37.57012],[127.81124,37.56987],[127.8111,37.56964],[127.81101,37.5691],[127.81143,37.56878],[127.81175,37.56881],[127.81261,37.56847],[127.81273,37.56791],[127.81306,37.56758],[127.81299,37.56736],[127.8135,37.56702],[127.81321,37.56677],[127.81352,37.56624],[127.81397,37.56627],[127.81415,37.56601],[127.81397,37.56578],[127.814,37.56551],[127.81377,37.56527],[127.81378,37.56461],[127.81413,37.56415],[127.81508,37.56377],[127.81573,37.56364],[127.81607,37.56389],[127.81661,37.56389],[127.8173,37.5636],[127.81739,37.56305],[127.81751,37.56281],[127.81797,37.56286],[127.81827,37.5632],[127.81896,37.56323],[127.81932,37.56292],[127.81986,37.56293],[127.82061,37.5628],[127.82106,37.56293],[127.82137,37.56339],[127.82195,37.56325],[127.82281,37.56323],[127.82339,37.5631],[127.82366,37.56245],[127.82377,37.56183],[127.82507,37.56128],[127.8259,37.56131],[127.82623,37.56071],[127.82704,37.56061],[127.82763,37.5608],[127.828,37.56126],[127.82885,37.56102],[127.82913,37.56111],[127.83026,37.56124],[127.8307,37.56123],[127.83098,37.56082],[127.83125,37.56068],[127.83175,37.56082],[127.83232,37.56157],[127.83342,37.5609],[127.83428,37.56059],[127.83453,37.56063],[127.835,37.56048],[127.83636,37.56041],[127.83685,37.5599],[127.83744,37.55985],[127.83789,37.55968],[127.83824,37.55965],[127.83862,37.55939],[127.83911,37.5592],[127.83951,37.55922],[127.84035,37.55812],[127.84023,37.55781],[127.84039,37.55679],[127.84166,37.5561],[127.84184,37.55584],[127.84209,37.55579],[127.84253,37.55528],[127.84272,37.5552],[127.84312,37.55477],[127.84369,37.55452],[127.84395,37.55424],[127.84476,37.55358],[127.8454,37.55331],[127.84627,37.55321],[127.84714,37.55279],[127.8473,37.55265],[127.848,37.55245],[127.84808,37.5523],[127.84834,37.55229],[127.84849,37.55246],[127.8498,37.55334],[127.8501,37.5538],[127.85074,37.55377],[127.85115,37.55384],[127.85137,37.55412],[127.85226,37.55399],[127.85267,37.55424],[127.8534,37.55394],[127.85407,37.55406],[127.85458,37.55382],[127.8552,37.55399],[127.8559,37.55484],[127.8563,37.55523],[127.85727,37.5555],[127.85759,37.55644],[127.85809,37.55676],[127.85826,37.55711],[127.85879,37.55744],[127.85912,37.55737],[127.85955,37.55772],[127.8599,37.55754],[127.86086,37.55763],[127.86108,37.55748],[127.86183,37.55745],[127.86209,37.55727],[127.86231,37.55735],[127.86278,37.55719],[127.86311,37.55732],[127.86377,37.55743],[127.86443,37.55735],[127.86489,37.55707],[127.86537,37.5572],[127.86559,37.55693],[127.86587,37.55685],[127.86627,37.5563],[127.86653,37.55634],[127.86822,37.55639],[127.8685,37.55666],[127.86898,37.55681],[127.87001,37.55678],[127.87018,37.5566],[127.87096,37.55648],[127.8713,37.55625],[127.87195,37.55653],[127.87206,37.55688],[127.87276,37.55704],[127.87374,37.55745],[127.87271,37.55987],[127.87238,37.56078],[127.87241,37.56217],[127.87513,37.56415],[127.87681,37.56573],[127.87874,37.56626],[127.88043,37.56759],[127.88157,37.56874],[127.88156,37.57007],[127.88297,37.57014],[127.88415,37.57127],[127.8847,37.57253],[127.88427,37.57534],[127.88569,37.57603],[127.88792,37.57614],[127.88902,37.5769],[127.88883,37.57824],[127.88882,37.58003],[127.88902,37.58042],[127.88907,37.58093],[127.88975,37.58086],[127.89017,37.58139],[127.89019,37.58183],[127.89172,37.58235],[127.89258,37.58387],[127.89231,37.58424],[127.89297,37.58472],[127.89379,37.58508],[127.89366,37.58534],[127.89366,37.58567],[127.89342,37.58637],[127.89356,37.58664],[127.89306,37.5877],[127.89316,37.58782],[127.89306,37.58869],[127.89334,37.58903],[127.89341,37.58928],[127.89377,37.58953],[127.89428,37.59029],[127.8941,37.59072],[127.89412,37.59104],[127.89437,37.59128],[127.89427,37.59188],[127.89405,37.59253],[127.89426,37.59289],[127.89414,37.59318],[127.89375,37.59345],[127.89381,37.59463],[127.893,37.59526],[127.8928,37.59535],[127.8929,37.59568],[127.89262,37.59654],[127.89223,37.59669],[127.89201,37.5964],[127.89066,37.59645],[127.88813,37.59658],[127.88769,37.59627],[127.88722,37.59619],[127.88645,37.59576],[127.88623,37.5952],[127.8849,37.59453],[127.88449,37.59457],[127.88419,37.59443],[127.88312,37.5952],[127.88245,37.59517],[127.88222,37.59494],[127.88189,37.59491],[127.88126,37.59511],[127.88085,37.59554],[127.88047,37.59567],[127.8796,37.59543],[127.87752,37.59384],[127.87716,37.59396],[127.87498,37.59395],[127.87424,37.59376],[127.8729,37.59398],[127.87231,37.59461],[127.87249,37.59542],[127.87167,37.59556],[127.87127,37.59681],[127.87132,37.59738],[127.87094,37.59756],[127.86921,37.59776],[127.86857,37.59777],[127.86814,37.59788],[127.86789,37.59821],[127.86739,37.59849],[127.86698,37.59857],[127.86702,37.59883],[127.86639,37.59876],[127.86626,37.59919],[127.86598,37.59921],[127.86537,37.59952],[127.86503,37.59909],[127.86449,37.59879],[127.86386,37.59889],[127.86322,37.59864],[127.86267,37.5985],[127.86186,37.59822],[127.86129,37.59842],[127.86059,37.59846],[127.8595,37.5984],[127.85847,37.59872],[127.85785,37.59896],[127.8573,37.59988],[127.85676,37.60051],[127.85621,37.6015],[127.85612,37.60209],[127.85556,37.60226],[127.85481,37.6024],[127.85442,37.60281],[127.85366,37.60266],[127.85314,37.60292],[127.85283,37.60431],[127.85246,37.60527],[127.85204,37.60605],[127.8519,37.60619],[127.85129,37.60617],[127.85045,37.60653],[127.8494,37.6071],[127.8481,37.60726],[127.8475,37.6077],[127.8471,37.60791],[127.84718,37.60808],[127.84685,37.6086],[127.84649,37.60893],[127.8456,37.60914],[127.84549,37.60951],[127.84491,37.61052],[127.84542,37.61258],[127.845,37.61321],[127.84442,37.61389],[127.84279,37.61504],[127.84173,37.61556],[127.84119,37.6156],[127.84098,37.61574],[127.84033,37.61675],[127.84011,37.61696],[127.84018,37.61752],[127.83844,37.61909],[127.83821,37.61895],[127.83536,37.61973],[127.83515,37.61938],[127.83526,37.61884],[127.8349,37.61843],[127.83381,37.61841],[127.83235,37.61765],[127.83118,37.61771],[127.83027,37.6172],[127.82908,37.61718],[127.82879,37.61773],[127.82815,37.61802],[127.82817,37.61867],[127.82748,37.61916],[127.8268,37.61922],[127.8262,37.61968],[127.82515,37.61989],[127.8244,37.61986],[127.82378,37.61947],[127.82205,37.61947],[127.8208,37.62013],[127.82027,37.62117],[127.82006,37.62124],[127.81862,37.62132],[127.81756,37.62178],[127.81654,37.62153],[127.8158,37.62242],[127.81573,37.62272],[127.81542,37.62278],[127.81469,37.62313],[127.81408,37.6233],[127.81387,37.62364],[127.81382,37.62407],[127.81243,37.62401],[127.81184,37.62442],[127.81222,37.62491],[127.8119,37.62562],[127.81132,37.62629],[127.81127,37.62684],[127.81044,37.62803],[127.81011,37.62875],[127.80923,37.62962],[127.80824,37.62885],[127.80603,37.63037],[127.80494,37.63075],[127.80365,37.63083],[127.80277,37.63151],[127.80138,37.63187],[127.80061,37.63293],[127.79975,37.63347],[127.79972,37.63415],[127.79933,37.63494],[127.79979,37.63577],[127.79994,37.63725],[127.79909,37.63833],[127.79912,37.6393],[127.799,37.63986],[127.79857,37.6403],[127.79845,37.64129],[127.79789,37.64285],[127.79792,37.64357],[127.79749,37.64464],[127.79641,37.64549],[127.79736,37.64681],[127.7972,37.64749],[127.79658,37.64814],[127.7963,37.64917],[127.79651,37.65086],[127.79688,37.65134],[127.79701,37.65255],[127.79691,37.65384]]]},"properties":{"code":"32510360","name":"남면"}},{"type":"Feature","geometry":{"type":"Polygon","coordinates":[[[127.64118,37.69513],[127.64061,37.6959],[127.63987,37.69709],[127.63818,37.69849],[127.63562,37.69828],[127.63307,37.69794],[127.63008,37.69697],[127.62614,37.69481],[127.62609,37.69477],[127.62335,37.69122],[127.62368,37.68748],[127.62369,37.68395],[127.62303,37.68123],[127.6211,37.67911],[127.61857,37.67773],[127.61577,37.67645],[127.61266,37.67564],[127.60939,37.67576],[127.60789,37.6768],[127.60788,37.67686],[127.60795,37.6832],[127.60797,37.68401],[127.60794,37.68766],[127.60891,37.68923],[127.61033,37.69223],[127.61058,37.69484],[127.61048,37.69842],[127.60956,37.70066],[127.60753,37.70236],[127.60762,37.70262],[127.6075,37.70327],[127.6074,37.70346],[127.60693,37.7039],[127.60571,37.70444],[127.60494,37.70463],[127.60177,37.70468],[127.5993,37.70418],[127.59617,37.70319],[127.59568,37.70346],[127.59479,37.70407],[127.59419,37.70474],[127.59371,37.70549],[127.59308,37.70755],[127.59197,37.70943],[127.59164,37.71138],[127.59154,37.71299],[127.59214,37.71518],[127.593,37.71658],[127.59435,37.71803],[127.59458,37.71974],[127.59348,37.72122],[127.59174,37.72262],[127.58921,37.7254],[127.57366,37.73266],[127.57217,37.73296],[127.56755,37.73269],[127.56751,37.73266],[127.56642,37.73108],[127.56518,37.72869],[127.56505,37.72836],[127.56424,37.72783],[127.56229,37.72795],[127.55991,37.72858],[127.55973,37.72803],[127.55989,37.7273],[127.55993,37.72667],[127.55944,37.72578],[127.55946,37.72534],[127.55935,37.72493],[127.55996,37.72445],[127.55988,37.7242],[127.55997,37.72386],[127.56014,37.72368],[127.55976,37.72316],[127.56128,37.72222],[127.56138,37.72176],[127.56138,37.72131],[127.56186,37.72007],[127.56181,37.71963],[127.56165,37.71917],[127.56118,37.71841],[127.56108,37.71696],[127.56086,37.71681],[127.56059,37.71692],[127.56,37.71675],[127.55971,37.71656],[127.55962,37.71621],[127.55909,37.71574],[127.55925,37.71532],[127.55894,37.71491],[127.55805,37.71391],[127.55826,37.71292],[127.55855,37.71233],[127.5589,37.71222],[127.55862,37.71139],[127.55882,37.7109],[127.55857,37.71059],[127.5583,37.70962],[127.55839,37.70914],[127.55833,37.70891],[127.55855,37.70846],[127.55877,37.7083],[127.5584,37.7078],[127.55825,37.70732],[127.55842,37.70695],[127.55843,37.70649],[127.55863,37.70604],[127.55847,37.70585],[127.55777,37.70547],[127.55762,37.70518],[127.55718,37.70504],[127.55716,37.70487],[127.55642,37.70463],[127.55605,37.70459],[127.5558,37.70436],[127.55581,37.70317],[127.55612,37.70252],[127.55658,37.70205],[127.55657,37.70169],[127.55597,37.70118],[127.55565,37.70081],[127.55555,37.70044],[127.55526,37.70011],[127.55522,37.69975],[127.5553,37.69922],[127.55497,37.69859],[127.55499,37.69796],[127.55459,37.69721],[127.55463,37.6971],[127.55431,37.69677],[127.55417,37.6953],[127.55366,37.69509],[127.55323,37.69452],[127.55315,37.69369],[127.55305,37.69335],[127.55261,37.69297],[127.55267,37.6927],[127.55294,37.69226],[127.55277,37.69196],[127.55247,37.69192],[127.55227,37.69169],[127.55205,37.69116],[127.55173,37.69078],[127.5515,37.69019],[127.55153,37.68972],[127.55162,37.68959],[127.55134,37.68914],[127.55117,37.68873],[127.55085,37.68834],[127.55087,37.68771],[127.55064,37.68704],[127.55066,37.68609],[127.5508,37.68568],[127.55083,37.68458],[127.55052,37.68393],[127.55113,37.68228],[127.55065,37.68056],[127.55071,37.67949],[127.55079,37.6789],[127.5507,37.67865],[127.5508,37.67825],[127.55069,37.67785],[127.5508,37.67725],[127.55032,37.67679],[127.55037,37.67652],[127.55025,37.6762],[127.55026,37.67589],[127.54982,37.67542],[127.54954,37.67488],[127.54966,37.67456],[127.54967,37.67319],[127.54959,37.67277],[127.54975,37.67248],[127.54962,37.67217],[127.54984,37.67187],[127.54982,37.67134],[127.54924,37.67082],[127.54931,37.67009],[127.54925,37.66963],[127.54905,37.66861],[127.54961,37.66684],[127.55026,37.66613],[127.55112,37.66559],[127.5517,37.66513],[127.5518,37.66454],[127.55169,37.66442],[127.5518,37.66375],[127.55228,37.66322],[127.55248,37.66249],[127.55262,37.66223],[127.55282,37.66153],[127.55263,37.66137],[127.55126,37.66085],[127.55117,37.66058],[127.55135,37.66049],[127.55111,37.66012],[127.55008,37.65972],[127.54987,37.65938],[127.54932,37.65906],[127.54798,37.65888],[127.54769,37.65873],[127.54723,37.65817],[127.5469,37.65793],[127.54622,37.65786],[127.54578,37.657],[127.54581,37.65662],[127.54535,37.65612],[127.54527,37.65571],[127.54483,37.65499],[127.54481,37.6544],[127.54449,37.65397],[127.54453,37.65349],[127.54435,37.65309],[127.54405,37.65293],[127.54403,37.65251],[127.54391,37.65218],[127.54385,37.65173],[127.54267,37.65155],[127.54223,37.65133],[127.5418,37.65098],[127.54109,37.65109],[127.5402,37.6509],[127.53967,37.6507],[127.53878,37.65078],[127.5383,37.65059],[127.5377,37.65069],[127.53722,37.65085],[127.53628,37.65058],[127.53566,37.65069],[127.53568,37.65046],[127.53556,37.64967],[127.53579,37.64922],[127.53582,37.64875],[127.53563,37.64828],[127.53552,37.64737],[127.53524,37.64716],[127.53531,37.64657],[127.53545,37.64625],[127.53546,37.64577],[127.53568,37.64502],[127.53598,37.64461],[127.5366,37.64387],[127.53671,37.64357],[127.53705,37.64316],[127.53716,37.64277],[127.53794,37.64148],[127.5387,37.6415],[127.53939,37.64102],[127.53962,37.64048],[127.54009,37.64045],[127.54056,37.64033],[127.54157,37.63979],[127.5423,37.63966],[127.54265,37.63953],[127.54344,37.63837],[127.54372,37.63786],[127.54426,37.63772],[127.54451,37.63759],[127.54477,37.63766],[127.5453,37.63754],[127.54612,37.63749],[127.54641,37.63741],[127.54676,37.63748],[127.54725,37.63771],[127.54717,37.63736],[127.54725,37.63677],[127.54722,37.63617],[127.54753,37.63614],[127.54748,37.63565],[127.54772,37.63551],[127.54777,37.63478],[127.54818,37.63451],[127.54817,37.63378],[127.54826,37.63321],[127.54867,37.633],[127.55043,37.63246],[127.55078,37.6325],[127.55136,37.63225],[127.55164,37.63187],[127.55248,37.63166],[127.55273,37.6318],[127.55331,37.63122],[127.55383,37.63144],[127.55427,37.63142],[127.55467,37.63099],[127.55484,37.63068],[127.55512,37.63057],[127.55529,37.63023],[127.55648,37.62998],[127.55668,37.62973],[127.55709,37.62962],[127.55774,37.62927],[127.55812,37.62896],[127.55861,37.629],[127.55873,37.62862],[127.5594,37.6285],[127.55946,37.62849],[127.56016,37.62984],[127.56105,37.63005],[127.56197,37.63056],[127.56211,37.63081],[127.56248,37.63104],[127.56259,37.63134],[127.5633,37.63171],[127.56369,37.63219],[127.56417,37.63257],[127.56468,37.63316],[127.56535,37.63312],[127.56555,37.63317],[127.56615,37.63298],[127.56681,37.63298],[127.56723,37.6329],[127.56797,37.63257],[127.56823,37.63259],[127.56829,37.63236],[127.56885,37.63206],[127.56953,37.63221],[127.56971,37.63232],[127.57038,37.63224],[127.57089,37.63226],[127.57142,37.632],[127.57169,37.63204],[127.572,37.63226],[127.57261,37.63236],[127.57315,37.63253],[127.57334,37.63266],[127.57375,37.63315],[127.57456,37.63305],[127.57473,37.63335],[127.57537,37.63361],[127.57593,37.63331],[127.57639,37.63334],[127.57712,37.63303],[127.57792,37.63282],[127.57841,37.63288],[127.57871,37.63283],[127.57935,37.63298],[127.57981,37.63334],[127.58065,37.6334],[127.58128,37.63389],[127.58203,37.6342],[127.5823,37.63444],[127.58287,37.63472],[127.58349,37.63559],[127.58347,37.63631],[127.5833,37.63743],[127.58324,37.63836],[127.58343,37.63899],[127.58326,37.64013],[127.58421,37.64096],[127.58449,37.64166],[127.58486,37.6423],[127.58532,37.64243],[127.58597,37.64285],[127.5867,37.64282],[127.58779,37.64305],[127.5883,37.64298],[127.58896,37.64319],[127.58963,37.64332],[127.58983,37.64326],[127.59012,37.64341],[127.59083,37.64357],[127.59151,37.64363],[127.59178,37.64428],[127.59293,37.64497],[127.5932,37.64506],[127.59409,37.64511],[127.59435,37.64505],[127.59481,37.64525],[127.59518,37.6455],[127.59568,37.64538],[127.59597,37.64547],[127.59611,37.64572],[127.59661,37.64581],[127.5968,37.646],[127.59692,37.64636],[127.59715,37.64662],[127.59836,37.64672],[127.59882,37.64688],[127.5991,37.64734],[127.5995,37.64773],[127.60008,37.64776],[127.60031,37.64786],[127.60099,37.64921],[127.60133,37.64941],[127.6015,37.64983],[127.60175,37.65017],[127.60171,37.6506],[127.60216,37.65108],[127.60219,37.65154],[127.60334,37.65115],[127.60436,37.65105],[127.60497,37.65122],[127.60561,37.65091],[127.60622,37.65079],[127.60661,37.65081],[127.6074,37.65018],[127.60818,37.65006],[127.60879,37.64985],[127.60903,37.64988],[127.60926,37.64933],[127.60918,37.64914],[127.60996,37.6478],[127.61001,37.64763],[127.61081,37.64742],[127.61135,37.64704],[127.61163,37.64657],[127.61235,37.64631],[127.61274,37.64612],[127.61279,37.64561],[127.61332,37.64566],[127.61384,37.64589],[127.61447,37.64627],[127.615,37.6467],[127.6155,37.64703],[127.616,37.64702],[127.61683,37.64669],[127.61796,37.64602],[127.61811,37.64585],[127.6185,37.64495],[127.61883,37.64408],[127.61893,37.64341],[127.61922,37.64311],[127.61977,37.64293],[127.62084,37.64285],[127.62143,37.64293],[127.6218,37.64283],[127.62199,37.64243],[127.62198,37.64214],[127.62154,37.64133],[127.6213,37.64074],[127.62117,37.64007],[127.62134,37.63973],[127.62157,37.63957],[127.6219,37.63957],[127.62329,37.64148],[127.62394,37.64213],[127.6246,37.6426],[127.62541,37.64299],[127.62589,37.64308],[127.62644,37.64308],[127.62732,37.64273],[127.62765,37.64254],[127.62825,37.64195],[127.62857,37.64134],[127.62886,37.64093],[127.6296,37.64022],[127.63065,37.63947],[127.63089,37.63936],[127.63179,37.63923],[127.63314,37.63992],[127.63341,37.64001],[127.63415,37.63994],[127.63439,37.63975],[127.63435,37.63924],[127.63397,37.63844],[127.63378,37.63791],[127.63359,37.63688],[127.63371,37.63596],[127.63411,37.63557],[127.63483,37.63539],[127.63535,37.63539],[127.63621,37.63586],[127.63735,37.63586],[127.63771,37.63575],[127.63886,37.63503],[127.63901,37.63473],[127.63895,37.63441],[127.63864,37.63393],[127.6385,37.6334],[127.63871,37.63301],[127.63943,37.63264],[127.64087,37.63245],[127.64199,37.63249],[127.6426,37.63259],[127.64324,37.63277],[127.64439,37.63297],[127.64505,37.63287],[127.6456,37.63288],[127.64612,37.63296],[127.64699,37.63274],[127.64713,37.63236],[127.64712,37.63143],[127.64692,37.6306],[127.64694,37.63039],[127.64731,37.62933],[127.64736,37.629],[127.6486,37.62712],[127.64888,37.62646],[127.64918,37.62534],[127.64949,37.62465],[127.64985,37.62415],[127.65053,37.62358],[127.65122,37.6231],[127.65211,37.62269],[127.65339,37.62231],[127.65515,37.62227],[127.65647,37.62236],[127.65741,37.62256],[127.65849,37.62304],[127.65916,37.62327],[127.66028,37.62379],[127.66171,37.62432],[127.66218,37.62432],[127.663,37.62424],[127.66385,37.6238],[127.66414,37.62343],[127.6644,37.62293],[127.66451,37.62248],[127.66463,37.62119],[127.66458,37.62077],[127.66473,37.62024],[127.66516,37.61958],[127.66549,37.6192],[127.66609,37.61898],[127.66667,37.61851],[127.66706,37.61787],[127.66752,37.61725],[127.66905,37.61649],[127.66991,37.6162],[127.67138,37.61524],[127.67187,37.61462],[127.6724,37.61427],[127.67341,37.614],[127.6742,37.61362],[127.67457,37.61294],[127.6753,37.61223],[127.67605,37.61179],[127.67679,37.6116],[127.67768,37.61103],[127.67865,37.61012],[127.67913,37.60974],[127.67943,37.60941],[127.68057,37.60901],[127.68119,37.60893],[127.68141,37.60884],[127.68338,37.60823],[127.68321,37.60795],[127.68331,37.60766],[127.68424,37.60717],[127.68482,37.60674],[127.68511,37.60675],[127.6857,37.60639],[127.68594,37.60636],[127.68627,37.60534],[127.68669,37.60451],[127.68738,37.60419],[127.68816,37.60438],[127.68851,37.60423],[127.68917,37.60419],[127.68948,37.60397],[127.68968,37.60339],[127.69059,37.6029],[127.6909,37.6024],[127.69163,37.60204],[127.69168,37.60133],[127.69364,37.60099],[127.69434,37.60125],[127.69536,37.60093],[127.69619,37.60079],[127.697,37.60127],[127.69748,37.60133],[127.69816,37.60221],[127.69883,37.60279],[127.70037,37.60456],[127.70067,37.60523],[127.70065,37.60621],[127.70132,37.60725],[127.70124,37.60946],[127.70143,37.61066],[127.70121,37.61142],[127.70073,37.61193],[127.69959,37.61385],[127.69989,37.61448],[127.69943,37.61456],[127.6994,37.61509],[127.69952,37.61549],[127.6995,37.61608],[127.69872,37.61866],[127.69929,37.61924],[127.69942,37.6198],[127.69963,37.62001],[127.70019,37.61998],[127.70024,37.62043],[127.70046,37.62078],[127.70135,37.62111],[127.70178,37.62147],[127.70334,37.62195],[127.70446,37.62246],[127.7051,37.62269],[127.70484,37.624],[127.70558,37.62445],[127.70571,37.62489],[127.70556,37.62506],[127.70611,37.62573],[127.70613,37.62618],[127.70684,37.62741],[127.70737,37.62776],[127.7086,37.62821],[127.70934,37.62818],[127.71,37.62844],[127.71069,37.62885],[127.71176,37.62927],[127.71248,37.62966],[127.71326,37.62968],[127.71424,37.63015],[127.71427,37.63036],[127.71511,37.63073],[127.71538,37.63106],[127.71583,37.63133],[127.71694,37.63158],[127.71702,37.63191],[127.71806,37.63277],[127.71856,37.63338],[127.71805,37.63382],[127.71748,37.63483],[127.71695,37.635],[127.71616,37.63593],[127.71589,37.63673],[127.71536,37.63749],[127.71468,37.63828],[127.71517,37.63951],[127.71524,37.63984],[127.71489,37.6408],[127.71565,37.64172],[127.71549,37.64193],[127.71567,37.64219],[127.71591,37.64302],[127.71513,37.64392],[127.71501,37.64449],[127.71505,37.64562],[127.71454,37.64652],[127.71498,37.64712],[127.71501,37.64787],[127.71569,37.64853],[127.71578,37.64893],[127.71688,37.6492],[127.71713,37.64954],[127.7176,37.64986],[127.71789,37.65088],[127.71839,37.65172],[127.71878,37.65277],[127.71888,37.65346],[127.71858,37.65429],[127.71898,37.65548],[127.71781,37.65685],[127.7167,37.6579],[127.71645,37.65839],[127.71609,37.6588],[127.71543,37.65939],[127.71528,37.65973],[127.71448,37.66032],[127.71403,37.66032],[127.71342,37.66086],[127.71303,37.66105],[127.71251,37.66117],[127.7119,37.66149],[127.71143,37.66202],[127.71142,37.66297],[127.71198,37.66337],[127.71227,37.66372],[127.71243,37.66417],[127.71268,37.66431],[127.71275,37.66462],[127.71305,37.66494],[127.7136,37.66517],[127.71343,37.66563],[127.71366,37.66609],[127.71394,37.66621],[127.71397,37.66728],[127.71417,37.66782],[127.71442,37.66886],[127.71442,37.66953],[127.71464,37.66973],[127.71398,37.67053],[127.71362,37.67072],[127.71335,37.67122],[127.71307,37.67194],[127.71373,37.6726],[127.71385,37.67297],[127.71373,37.67329],[127.71417,37.67385],[127.71475,37.67434],[127.71515,37.67447],[127.71522,37.67553],[127.71578,37.67626],[127.71659,37.67696],[127.71732,37.67732],[127.71814,37.67791],[127.71824,37.67827],[127.7189,37.67868],[127.71881,37.67905],[127.71915,37.67941],[127.72031,37.67966],[127.71988,37.6804],[127.71967,37.68089],[127.71981,37.68113],[127.71993,37.68177],[127.72044,37.68181],[127.72053,37.68216],[127.72073,37.68246],[127.72055,37.68261],[127.72104,37.68296],[127.72148,37.68376],[127.72201,37.68417],[127.72213,37.68487],[127.72279,37.68533],[127.72309,37.6854],[127.72305,37.68596],[127.72319,37.68618],[127.72326,37.68657],[127.72272,37.68678],[127.72221,37.68715],[127.72135,37.6875],[127.72098,37.68874],[127.72122,37.69023],[127.72121,37.69043],[127.72144,37.69117],[127.7216,37.69118],[127.72266,37.69188],[127.72266,37.69362],[127.72272,37.69406],[127.72428,37.69446],[127.72458,37.69482],[127.72435,37.69541],[127.72327,37.69641],[127.72301,37.69629],[127.72375,37.69516],[127.7233,37.69517],[127.72221,37.69561],[127.72189,37.69581],[127.72131,37.69648],[127.72079,37.69685],[127.72001,37.69699],[127.71973,37.69727],[127.71938,37.69737],[127.71931,37.69785],[127.71892,37.69826],[127.71916,37.69924],[127.71954,37.70005],[127.71956,37.70065],[127.7195,37.70098],[127.72022,37.70187],[127.72052,37.70237],[127.72082,37.70324],[127.72056,37.70368],[127.72066,37.70383],[127.72042,37.70429],[127.72043,37.70457],[127.72008,37.70512],[127.72008,37.70538],[127.71972,37.70549],[127.7193,37.70584],[127.71935,37.70613],[127.71959,37.70642],[127.7194,37.7068],[127.71876,37.70705],[127.7185,37.70706],[127.71767,37.7069],[127.71668,37.70734],[127.71554,37.70703],[127.71488,37.7068],[127.71478,37.70651],[127.7144,37.70605],[127.71435,37.70573],[127.71421,37.70557],[127.7133,37.70504],[127.71335,37.70466],[127.71283,37.70395],[127.71255,37.70369],[127.71142,37.7035],[127.71057,37.70345],[127.7103,37.70362],[127.70994,37.70334],[127.70954,37.70345],[127.70904,37.70337],[127.70735,37.70387],[127.70718,37.70428],[127.7069,37.70457],[127.70605,37.70442],[127.70554,37.70422],[127.70517,37.70432],[127.70484,37.70374],[127.70393,37.70365],[127.70355,37.70332],[127.70321,37.70332],[127.70258,37.70304],[127.7023,37.70308],[127.70119,37.70285],[127.70078,37.70258],[127.69989,37.70283],[127.6996,37.70316],[127.69936,37.70313],[127.69902,37.7033],[127.69821,37.70342],[127.69746,37.70298],[127.69667,37.70267],[127.69628,37.70289],[127.69597,37.70285],[127.69579,37.70314],[127.69609,37.70361],[127.69577,37.70425],[127.69607,37.7047],[127.69641,37.70495],[127.69669,37.70535],[127.69648,37.70592],[127.69734,37.70666],[127.69572,37.70785],[127.69604,37.70828],[127.6962,37.70874],[127.69714,37.70954],[127.69647,37.71003],[127.6973,37.71073],[127.69707,37.71106],[127.69778,37.71167],[127.69771,37.7118],[127.69837,37.71201],[127.69812,37.7129],[127.69873,37.71301],[127.69847,37.71392],[127.69929,37.71407],[127.69967,37.7142],[127.69946,37.71493],[127.69976,37.71499],[127.70037,37.71567],[127.70046,37.71645],[127.69943,37.71628],[127.69873,37.71644],[127.69817,37.71691],[127.69765,37.71663],[127.69665,37.71636],[127.69526,37.7167],[127.69492,37.71715],[127.69408,37.71702],[127.69332,37.71713],[127.69219,37.71663],[127.6913,37.71691],[127.69068,37.71697],[127.69046,37.7169],[127.69012,37.71648],[127.68988,37.71634],[127.68807,37.71639],[127.68735,37.71622],[127.68732,37.7156],[127.68631,37.71515],[127.68576,37.71457],[127.68502,37.71416],[127.68468,37.71385],[127.68427,37.71367],[127.68371,37.71315],[127.68304,37.71281],[127.68295,37.71242],[127.68247,37.71257],[127.68243,37.71239],[127.68159,37.71171],[127.68026,37.71159],[127.67952,37.71137],[127.67984,37.71081],[127.67977,37.71048],[127.6798,37.70976],[127.67959,37.70925],[127.68015,37.70868],[127.68029,37.70826],[127.68048,37.70798],[127.68103,37.70781],[127.68162,37.70777],[127.68217,37.70788],[127.68263,37.7078],[127.68302,37.70752],[127.68415,37.70735],[127.68333,37.70618],[127.68278,37.70565],[127.68274,37.70527],[127.68295,37.70472],[127.68332,37.70425],[127.68343,37.70368],[127.68414,37.70192],[127.68402,37.70127],[127.68387,37.70107],[127.68228,37.69846],[127.68186,37.69835],[127.68105,37.69762],[127.67973,37.69748],[127.67811,37.69617],[127.67783,37.69515],[127.67737,37.69526],[127.67697,37.69525],[127.67582,37.6957],[127.6754,37.69577],[127.67425,37.69615],[127.67373,37.69612],[127.67271,37.69695],[127.67159,37.69678],[127.67127,37.69662],[127.67033,37.69569],[127.66696,37.69747],[127.66416,37.69816],[127.66252,37.69868],[127.65839,37.70005],[127.65277,37.69953],[127.65272,37.69952],[127.65106,37.69831],[127.65103,37.69824],[127.65098,37.69467],[127.65121,37.69297],[127.65216,37.68592],[127.65154,37.6838],[127.6495,37.68025],[127.64694,37.67909],[127.64531,37.67888],[127.6451,37.67891],[127.64388,37.67929],[127.64261,37.68034],[127.64194,37.68156],[127.64132,37.68392],[127.64167,37.68746],[127.64153,37.68849],[127.64193,37.69105],[127.64149,37.69463],[127.64118,37.69513]]]},"properties":{"code":"32510370","name":"서면"}},{"type":"Feature","geometry":{"type":"Polygon","coordinates":[[[127.85465,37.83481],[127.854,37.83507],[127.8518,37.83556],[127.85112,37.83561],[127.84979,37.83553],[127.84907,37.83553],[127.84826,37.83563],[127.84725,37.83616],[127.84572,37.83684],[127.84544,37.83707],[127.84456,37.83744],[127.84292,37.83778],[127.84244,37.83778],[127.84159,37.83855],[127.84088,37.83902],[127.83989,37.83939],[127.83966,37.83964],[127.83928,37.83981],[127.83835,37.83977],[127.83755,37.83991],[127.83633,37.84001],[127.83585,37.84044],[127.83459,37.84124],[127.83372,37.8417],[127.83307,37.84222],[127.83227,37.84364],[127.83015,37.84388],[127.82951,37.8439],[127.82917,37.84408],[127.82787,37.8435],[127.82519,37.8437],[127.8244,37.84434],[127.82363,37.84483],[127.82313,37.84537],[127.82235,37.84566],[127.82213,37.84566],[127.82136,37.84543],[127.8209,37.84472],[127.81934,37.8437],[127.81944,37.84214],[127.8189,37.84187],[127.81789,37.84176],[127.8172,37.84162],[127.81637,37.84101],[127.81548,37.84099],[127.81519,37.84051],[127.81512,37.84004],[127.81483,37.83986],[127.81422,37.83872],[127.81432,37.83839],[127.81533,37.83765],[127.81502,37.8373],[127.81434,37.83696],[127.81453,37.83606],[127.81357,37.83367],[127.81363,37.83328],[127.81842,37.82937],[127.81722,37.82822],[127.81882,37.82688],[127.82079,37.8253],[127.82204,37.82462],[127.82361,37.82461],[127.82558,37.82434],[127.82622,37.82163],[127.8267,37.8214],[127.82761,37.82046],[127.82775,37.81924],[127.82742,37.81905],[127.8271,37.81768],[127.82677,37.81748],[127.82655,37.81709],[127.82608,37.81677],[127.82604,37.81641],[127.82501,37.81569],[127.82521,37.81406],[127.8251,37.81178],[127.82541,37.81099],[127.82696,37.80889],[127.82716,37.80864],[127.8271,37.80737],[127.82666,37.80678],[127.82674,37.80597],[127.82649,37.80552],[127.82669,37.80531],[127.82656,37.80451],[127.82661,37.80419],[127.82684,37.80385],[127.82616,37.80312],[127.82554,37.80293],[127.82542,37.80241],[127.8252,37.80208],[127.82508,37.80112],[127.82571,37.80041],[127.82514,37.79965],[127.82517,37.79864],[127.82489,37.79825],[127.82711,37.79625],[127.82837,37.79536],[127.83002,37.79473],[127.83068,37.79405],[127.83152,37.79373],[127.83235,37.79303],[127.83324,37.79243],[127.83401,37.79228],[127.83551,37.79184],[127.83611,37.79143],[127.837,37.79111],[127.83733,37.79042],[127.83845,37.79034],[127.83965,37.79008],[127.84072,37.78969],[127.84173,37.78984],[127.84231,37.79006],[127.84324,37.78969],[127.84407,37.7879],[127.84397,37.78631],[127.84467,37.78384],[127.84646,37.7811],[127.84667,37.78069],[127.848,37.78028],[127.84972,37.77919],[127.84979,37.77908],[127.84976,37.77787],[127.84984,37.77768],[127.85126,37.77753],[127.85181,37.77719],[127.85187,37.77704],[127.85177,37.77629],[127.85184,37.77611],[127.85295,37.77489],[127.85321,37.77438],[127.85445,37.77352],[127.85473,37.77284],[127.85608,37.77102],[127.85645,37.76936],[127.8574,37.76852],[127.85715,37.76806],[127.85663,37.76767],[127.85613,37.76695],[127.85598,37.76612],[127.85624,37.76569],[127.8562,37.7653],[127.85572,37.76508],[127.85502,37.76403],[127.85486,37.7634],[127.85146,37.76139],[127.85095,37.76074],[127.8501,37.76053],[127.84976,37.76039],[127.84943,37.75994],[127.84899,37.75974],[127.84814,37.75844],[127.8468,37.7579],[127.8462,37.75748],[127.84437,37.75738],[127.84287,37.75697],[127.84252,37.75702],[127.84235,37.7569],[127.84171,37.75697],[127.84142,37.75679],[127.84044,37.75635],[127.8403,37.75617],[127.84037,37.75564],[127.8406,37.75502],[127.84175,37.75384],[127.84286,37.75292],[127.84362,37.75268],[127.84428,37.75227],[127.84516,37.75222],[127.84524,37.75167],[127.84503,37.75137],[127.84462,37.75111],[127.84467,37.75004],[127.84481,37.74946],[127.84422,37.74929],[127.84325,37.74887],[127.84135,37.74751],[127.84102,37.74759],[127.84041,37.74729],[127.8397,37.74741],[127.83941,37.74719],[127.8376,37.74665],[127.83599,37.74567],[127.83483,37.74429],[127.83428,37.74336],[127.83409,37.74318],[127.83375,37.74255],[127.83325,37.74188],[127.83231,37.74133],[127.83155,37.74174],[127.83143,37.74146],[127.83103,37.7412],[127.83043,37.7412],[127.82931,37.74099],[127.82835,37.74088],[127.82838,37.74136],[127.8271,37.74127],[127.82651,37.74173],[127.82615,37.74165],[127.82573,37.74173],[127.82537,37.74196],[127.82529,37.74258],[127.82494,37.74287],[127.82497,37.74323],[127.82442,37.74394],[127.8228,37.74492],[127.82181,37.74496],[127.8213,37.74588],[127.8207,37.74626],[127.82046,37.74674],[127.81979,37.74717],[127.81905,37.74706],[127.81899,37.74726],[127.8187,37.74731],[127.81853,37.74754],[127.818,37.74775],[127.81717,37.74781],[127.81628,37.74855],[127.8157,37.74845],[127.8139,37.74837],[127.81314,37.74787],[127.81277,37.74756],[127.81236,37.74741],[127.81211,37.74709],[127.81176,37.74704],[127.81099,37.74717],[127.81037,37.7466],[127.80944,37.74707],[127.80877,37.74665],[127.808,37.74658],[127.80762,37.74638],[127.80671,37.74633],[127.80639,37.7459],[127.80656,37.74507],[127.80639,37.74477],[127.80671,37.74413],[127.80631,37.74259],[127.8054,37.74223],[127.80461,37.74212],[127.80423,37.74224],[127.80403,37.74251],[127.80372,37.74267],[127.80269,37.7419],[127.80176,37.74184],[127.80145,37.74152],[127.8014,37.74126],[127.80118,37.74109],[127.80122,37.74018],[127.80168,37.73919],[127.8015,37.73876],[127.80115,37.7386],[127.80076,37.7376],[127.80102,37.73713],[127.80063,37.73681],[127.80009,37.73717],[127.79887,37.73673],[127.79841,37.73672],[127.79772,37.73652],[127.79745,37.73635],[127.79681,37.73628],[127.7962,37.7361],[127.79601,37.73588],[127.79564,37.73575],[127.79523,37.73528],[127.79491,37.73502],[127.7938,37.73538],[127.79306,37.73521],[127.79218,37.73545],[127.79177,37.73575],[127.79029,37.73583],[127.78749,37.73668],[127.7873,37.73692],[127.78718,37.73761],[127.78734,37.73807],[127.78773,37.73886],[127.78648,37.73993],[127.78591,37.74001],[127.78511,37.74035],[127.78503,37.74051],[127.78459,37.74082],[127.78408,37.74101],[127.78362,37.74132],[127.78277,37.74157],[127.78181,37.74232],[127.78129,37.74181],[127.78078,37.74171],[127.78014,37.74107],[127.7794,37.74067],[127.77874,37.74057],[127.77808,37.7406],[127.77756,37.74074],[127.77661,37.74038],[127.77598,37.74019],[127.77557,37.73916],[127.77477,37.73898],[127.77406,37.73865],[127.77268,37.73842],[127.77154,37.73774],[127.77109,37.7378],[127.77014,37.73763],[127.76963,37.7378],[127.76839,37.73792],[127.768,37.73774],[127.76729,37.73779],[127.76676,37.7377],[127.76441,37.73785],[127.76403,37.73783],[127.76374,37.73747],[127.76297,37.73722],[127.76217,37.73727],[127.76157,37.73686],[127.76087,37.73683],[127.76031,37.73656],[127.75942,37.73633],[127.75918,37.73594],[127.75882,37.73575],[127.75867,37.73543],[127.75841,37.73524],[127.75796,37.73532],[127.75761,37.73489],[127.75738,37.7344],[127.75689,37.73413],[127.75513,37.73273],[127.75472,37.73246],[127.75438,37.73257],[127.75355,37.73309],[127.75306,37.73306],[127.75278,37.73315],[127.75246,37.7336],[127.75199,37.73392],[127.75127,37.7342],[127.75103,37.73486],[127.7513,37.73526],[127.75132,37.73558],[127.75077,37.73595],[127.75078,37.73633],[127.75059,37.73651],[127.75063,37.73691],[127.75035,37.73743],[127.75055,37.73783],[127.75042,37.73843],[127.75017,37.73885],[127.74904,37.74026],[127.74844,37.7407],[127.74784,37.74099],[127.74738,37.74147],[127.74645,37.74192],[127.74595,37.74174],[127.74554,37.74187],[127.74459,37.74143],[127.74398,37.7415],[127.74352,37.74165],[127.74299,37.74164],[127.7418,37.74029],[127.73993,37.73929],[127.73946,37.73917],[127.73769,37.73816],[127.73635,37.73744],[127.736,37.73736],[127.73482,37.73735],[127.73424,37.73703],[127.73377,37.73686],[127.73371,37.73648],[127.73332,37.73624],[127.73325,37.73609],[127.73236,37.73597],[127.73193,37.73549],[127.73151,37.73549],[127.73113,37.73538],[127.731,37.73505],[127.73065,37.73477],[127.7303,37.7344],[127.73016,37.73409],[127.72922,37.73361],[127.729,37.73308],[127.7285,37.73272],[127.72808,37.73264],[127.7273,37.73211],[127.72673,37.73211],[127.72586,37.7319],[127.725,37.73216],[127.72458,37.73261],[127.72373,37.73276],[127.72346,37.73302],[127.72293,37.7331],[127.72255,37.73335],[127.72175,37.73338],[127.7211,37.73301],[127.72075,37.73221],[127.72083,37.7314],[127.72026,37.73137],[127.71917,37.73124],[127.71859,37.73083],[127.7178,37.73079],[127.71747,37.73046],[127.71731,37.72965],[127.71652,37.72942],[127.71592,37.72936],[127.71533,37.72918],[127.71528,37.72808],[127.71509,37.72784],[127.71407,37.72783],[127.71363,37.728],[127.71316,37.72792],[127.71285,37.72775],[127.71259,37.72776],[127.71177,37.72758],[127.7113,37.72719],[127.71123,37.72701],[127.71075,37.72678],[127.71072,37.72622],[127.71043,37.72581],[127.71013,37.72457],[127.70974,37.72431],[127.70954,37.72319],[127.70919,37.72316],[127.70828,37.72273],[127.70793,37.72271],[127.70773,37.72231],[127.70799,37.72182],[127.70749,37.72123],[127.70632,37.72112],[127.70597,37.72098],[127.70552,37.72101],[127.70495,37.72088],[127.70389,37.72024],[127.70357,37.71979],[127.70301,37.71956],[127.70303,37.7194],[127.70119,37.71912],[127.70099,37.71902],[127.70099,37.71655],[127.70046,37.71645],[127.70037,37.71567],[127.69976,37.71499],[127.69946,37.71493],[127.69967,37.7142],[127.69929,37.71407],[127.69847,37.71392],[127.69873,37.71301],[127.69812,37.7129],[127.69837,37.71201],[127.69771,37.7118],[127.69778,37.71167],[127.69707,37.71106],[127.6973,37.71073],[127.69647,37.71003],[127.69714,37.70954],[127.6962,37.70874],[127.69604,37.70828],[127.69572,37.70785],[127.69734,37.70666],[127.69648,37.70592],[127.69669,37.70535],[127.69641,37.70495],[127.69607,37.7047],[127.69577,37.70425],[127.69609,37.70361],[127.69579,37.70314],[127.69597,37.70285],[127.69628,37.70289],[127.69667,37.70267],[127.69746,37.70298],[127.69821,37.70342],[127.69902,37.7033],[127.69936,37.70313],[127.6996,37.70316],[127.69989,37.70283],[127.70078,37.70258],[127.70119,37.70285],[127.7023,37.70308],[127.70258,37.70304],[127.70321,37.70332],[127.70355,37.70332],[127.70393,37.70365],[127.70484,37.70374],[127.70517,37.70432],[127.70554,37.70422],[127.70605,37.70442],[127.7069,37.70457],[127.70718,37.70428],[127.70735,37.70387],[127.70904,37.70337],[127.70954,37.70345],[127.70994,37.70334],[127.7103,37.70362],[127.71057,37.70345],[127.71142,37.7035],[127.71255,37.70369],[127.71283,37.70395],[127.71335,37.70466],[127.7133,37.70504],[127.71421,37.70557],[127.71435,37.70573],[127.7144,37.70605],[127.71478,37.70651],[127.71488,37.7068],[127.71554,37.70703],[127.71668,37.70734],[127.71767,37.7069],[127.7185,37.70706],[127.71876,37.70705],[127.7194,37.7068],[127.71959,37.70642],[127.71935,37.70613],[127.7193,37.70584],[127.71972,37.70549],[127.72008,37.70538],[127.72008,37.70512],[127.72043,37.70457],[127.72042,37.70429],[127.72066,37.70383],[127.72056,37.70368],[127.72082,37.70324],[127.72052,37.70237],[127.72022,37.70187],[127.7195,37.70098],[127.71956,37.70065],[127.71954,37.70005],[127.71916,37.69924],[127.71892,37.69826],[127.71931,37.69785],[127.71938,37.69737],[127.71973,37.69727],[127.72001,37.69699],[127.72079,37.69685],[127.72131,37.69648],[127.72189,37.69581],[127.72221,37.69561],[127.7233,37.69517],[127.72375,37.69516],[127.72301,37.69629],[127.72327,37.69641],[127.72435,37.69541],[127.72458,37.69482],[127.72428,37.69446],[127.72272,37.69406],[127.72266,37.69362],[127.72266,37.69188],[127.7216,37.69118],[127.72144,37.69117],[127.72121,37.69043],[127.72122,37.69023],[127.72098,37.68874],[127.72135,37.6875],[127.72221,37.68715],[127.72272,37.68678],[127.72326,37.68657],[127.72319,37.68618],[127.72305,37.68596],[127.72309,37.6854],[127.72279,37.68533],[127.72213,37.68487],[127.72201,37.68417],[127.72148,37.68376],[127.72104,37.68296],[127.72055,37.68261],[127.72073,37.68246],[127.72053,37.68216],[127.72044,37.68181],[127.71993,37.68177],[127.71981,37.68113],[127.71967,37.68089],[127.71988,37.6804],[127.72031,37.67966],[127.71915,37.67941],[127.71881,37.67905],[127.7189,37.67868],[127.71824,37.67827],[127.71814,37.67791],[127.71732,37.67732],[127.71659,37.67696],[127.71578,37.67626],[127.71522,37.67553],[127.71515,37.67447],[127.71475,37.67434],[127.71417,37.67385],[127.71373,37.67329],[127.71385,37.67297],[127.71373,37.6726],[127.71307,37.67194],[127.71335,37.67122],[127.71362,37.67072],[127.71398,37.67053],[127.71464,37.66973],[127.71442,37.66953],[127.71442,37.66886],[127.71417,37.66782],[127.71397,37.66728],[127.71394,37.66621],[127.71366,37.66609],[127.71343,37.66563],[127.7136,37.66517],[127.71305,37.66494],[127.71275,37.66462],[127.71268,37.66431],[127.71243,37.66417],[127.71227,37.66372],[127.71198,37.66337],[127.71142,37.66297],[127.71143,37.66202],[127.7119,37.66149],[127.71251,37.66117],[127.71303,37.66105],[127.71342,37.66086],[127.71403,37.66032],[127.71448,37.66032],[127.71528,37.65973],[127.71543,37.65939],[127.71609,37.6588],[127.71645,37.65839],[127.7167,37.6579],[127.71781,37.65685],[127.71898,37.65548],[127.71991,37.65603],[127.72021,37.65628],[127.72123,37.65674],[127.72174,37.65729],[127.72313,37.65784],[127.72322,37.65994],[127.72414,37.66148],[127.72502,37.66185],[127.72586,37.66283],[127.72773,37.66284],[127.72911,37.66336],[127.73013,37.66274],[127.73093,37.66254],[127.73288,37.66188],[127.73438,37.66179],[127.73545,37.66147],[127.73618,37.661],[127.73695,37.66093],[127.73735,37.6612],[127.7384,37.66201],[127.73888,37.66292],[127.73969,37.66353],[127.74126,37.66402],[127.74214,37.66402],[127.74254,37.66489],[127.74295,37.66488],[127.74653,37.66385],[127.74772,37.66413],[127.74955,37.66419],[127.7504,37.66397],[127.75076,37.66453],[127.75162,37.66468],[127.75177,37.66462],[127.75242,37.66491],[127.75309,37.66493],[127.75314,37.66554],[127.75363,37.66617],[127.75391,37.66684],[127.75436,37.66731],[127.75442,37.66754],[127.754,37.66785],[127.7541,37.66802],[127.75458,37.66806],[127.75496,37.66831],[127.75496,37.66844],[127.75563,37.66875],[127.75513,37.66896],[127.75466,37.66977],[127.75457,37.67063],[127.75495,37.67063],[127.75492,37.67098],[127.75544,37.67128],[127.75545,37.67159],[127.75515,37.67216],[127.7552,37.67247],[127.7547,37.67352],[127.75467,37.67417],[127.75419,37.67438],[127.75355,37.67494],[127.75354,37.67587],[127.75392,37.67682],[127.75385,37.67706],[127.75475,37.67734],[127.75498,37.6775],[127.75418,37.67761],[127.75353,37.67939],[127.75307,37.67963],[127.75253,37.68029],[127.75206,37.68063],[127.75157,37.68072],[127.75086,37.68124],[127.74983,37.68151],[127.75057,37.68203],[127.75088,37.68259],[127.75073,37.68299],[127.75105,37.68383],[127.75167,37.68433],[127.75172,37.68683],[127.75194,37.69445],[127.75185,37.69477],[127.75271,37.69479],[127.75356,37.69469],[127.75434,37.6948],[127.75532,37.69458],[127.75615,37.69461],[127.75661,37.6951],[127.75663,37.69524],[127.75804,37.69578],[127.75887,37.69601],[127.75976,37.69578],[127.76065,37.69587],[127.76146,37.69564],[127.76224,37.6959],[127.76328,37.69521],[127.76372,37.69511],[127.76407,37.69493],[127.76463,37.69435],[127.76472,37.69389],[127.76543,37.69331],[127.76549,37.69289],[127.76649,37.69219],[127.76678,37.69221],[127.76707,37.69174],[127.76747,37.69149],[127.76763,37.69127],[127.76812,37.69098],[127.76863,37.69076],[127.76898,37.69071],[127.76943,37.69027],[127.76989,37.69041],[127.77034,37.69091],[127.77064,37.69106],[127.7718,37.69092],[127.77219,37.69126],[127.77319,37.69192],[127.77501,37.69234],[127.77445,37.69191],[127.77316,37.69074],[127.77406,37.6906],[127.77367,37.69029],[127.7736,37.68976],[127.77434,37.68968],[127.77497,37.68956],[127.77534,37.68935],[127.77556,37.68892],[127.77572,37.6888],[127.77593,37.68817],[127.77622,37.6877],[127.77695,37.6871],[127.77752,37.68701],[127.7793,37.68661],[127.78027,37.68592],[127.78162,37.68539],[127.78212,37.68524],[127.78254,37.6852],[127.78329,37.685],[127.78391,37.68473],[127.78456,37.68525],[127.78566,37.68497],[127.78626,37.68459],[127.78698,37.68447],[127.78754,37.68469],[127.78817,37.6844],[127.78858,37.68409],[127.78957,37.68431],[127.79006,37.68384],[127.79109,37.68379],[127.79171,37.68339],[127.7925,37.68315],[127.79303,37.68273],[127.79305,37.68227],[127.79235,37.68227],[127.79206,37.68207],[127.79211,37.68162],[127.79193,37.68134],[127.792,37.6808],[127.79221,37.68025],[127.79242,37.6799],[127.79255,37.6795],[127.79249,37.67901],[127.79267,37.67852],[127.79263,37.67806],[127.79208,37.67766],[127.7908,37.67801],[127.79028,37.67783],[127.78984,37.67741],[127.78991,37.67711],[127.78975,37.67671],[127.78984,37.67646],[127.78976,37.67617],[127.78934,37.67582],[127.78904,37.67506],[127.78943,37.67424],[127.78946,37.67306],[127.78967,37.67248],[127.7892,37.67179],[127.78909,37.67132],[127.78859,37.67057],[127.78851,37.66999],[127.788,37.66974],[127.78773,37.66943],[127.78762,37.66856],[127.78762,37.66766],[127.7881,37.6671],[127.78818,37.66645],[127.78797,37.66594],[127.78766,37.66567],[127.78764,37.66537],[127.78726,37.66482],[127.78709,37.66414],[127.78644,37.66376],[127.78601,37.66318],[127.78585,37.66266],[127.78584,37.66183],[127.78594,37.66154],[127.78557,37.6611],[127.78611,37.66079],[127.78843,37.65963],[127.79001,37.65911],[127.79176,37.65859],[127.79281,37.65739],[127.79458,37.65627],[127.79691,37.65384],[127.79826,37.65446],[127.79937,37.65549],[127.80005,37.65648],[127.80037,37.65726],[127.80035,37.6579],[127.8002,37.65818],[127.80059,37.65915],[127.80072,37.66012],[127.80159,37.66111],[127.8026,37.66159],[127.80398,37.66192],[127.80452,37.6623],[127.80458,37.6628],[127.8043,37.66379],[127.80495,37.66382],[127.80581,37.6644],[127.80564,37.66478],[127.8058,37.66515],[127.80521,37.66588],[127.80495,37.66659],[127.80528,37.66753],[127.80516,37.66824],[127.80432,37.67005],[127.80517,37.67125],[127.80645,37.67094],[127.80735,37.67116],[127.80852,37.67154],[127.80972,37.67161],[127.81105,37.67218],[127.81271,37.67209],[127.81308,37.67229],[127.81345,37.67267],[127.81388,37.67375],[127.81448,37.67424],[127.81508,37.67507],[127.81571,37.67565],[127.81542,37.67624],[127.81594,37.67741],[127.81537,37.67839],[127.81524,37.67854],[127.81522,37.67889],[127.81499,37.67978],[127.81461,37.68092],[127.81542,37.68118],[127.817,37.68191],[127.81796,37.68324],[127.81808,37.68325],[127.81902,37.68492],[127.82038,37.68461],[127.82163,37.68403],[127.82232,37.68415],[127.82258,37.68441],[127.82309,37.68459],[127.82366,37.6847],[127.82456,37.68502],[127.82521,37.68476],[127.82609,37.68491],[127.82693,37.68467],[127.82765,37.68556],[127.8279,37.68564],[127.82907,37.6855],[127.82996,37.68572],[127.83023,37.68637],[127.83094,37.68752],[127.83242,37.68838],[127.83377,37.68823],[127.83426,37.68789],[127.83531,37.68767],[127.83512,37.68724],[127.83537,37.68713],[127.83559,37.68685],[127.83593,37.68689],[127.83673,37.68683],[127.83726,37.68659],[127.83788,37.68669],[127.83819,37.68647],[127.83921,37.68646],[127.84039,37.68628],[127.84099,37.68608],[127.8414,37.68623],[127.84228,37.68604],[127.84285,37.68622],[127.84313,37.68641],[127.84401,37.6861],[127.84451,37.68644],[127.84495,37.68649],[127.84504,37.68668],[127.84538,37.68685],[127.84577,37.68684],[127.84736,37.6871],[127.84793,37.68739],[127.84856,37.68725],[127.84945,37.68728],[127.85065,37.68415],[127.85135,37.68237],[127.85233,37.68123],[127.85387,37.6807],[127.85467,37.6801],[127.85513,37.68],[127.85576,37.67994],[127.85729,37.68001],[127.85946,37.68033],[127.86027,37.68057],[127.86131,37.68094],[127.86234,37.68137],[127.86336,37.68172],[127.86535,37.68245],[127.86713,37.68385],[127.86786,37.68449],[127.87019,37.68595],[127.87076,37.68659],[127.87167,37.68718],[127.87241,37.68757],[127.87375,37.68787],[127.87412,37.68937],[127.87477,37.68964],[127.87491,37.68981],[127.87474,37.69005],[127.87477,37.69053],[127.87508,37.69073],[127.87525,37.69113],[127.87515,37.69127],[127.87539,37.69169],[127.87548,37.69206],[127.8752,37.69286],[127.8744,37.69332],[127.87382,37.69545],[127.87381,37.69568],[127.87415,37.69654],[127.87371,37.69673],[127.8732,37.69713],[127.8734,37.69764],[127.87351,37.69818],[127.8743,37.69846],[127.87474,37.69923],[127.87476,37.69956],[127.87502,37.69991],[127.87496,37.701],[127.87514,37.70173],[127.87582,37.70261],[127.87612,37.70289],[127.87583,37.70327],[127.87544,37.70352],[127.87512,37.70456],[127.87515,37.70554],[127.87485,37.70628],[127.8746,37.70641],[127.87428,37.7072],[127.87429,37.70788],[127.87412,37.70819],[127.87454,37.70852],[127.87493,37.70847],[127.87558,37.70863],[127.8762,37.70906],[127.87631,37.70984],[127.87627,37.71035],[127.87589,37.71118],[127.8768,37.71162],[127.87787,37.71197],[127.87868,37.712],[127.87953,37.71318],[127.88041,37.71348],[127.88078,37.71368],[127.88119,37.71377],[127.88144,37.71448],[127.8813,37.71513],[127.8814,37.71535],[127.88141,37.7158],[127.88129,37.71625],[127.882,37.71718],[127.88215,37.71756],[127.88241,37.71796],[127.88218,37.71862],[127.88246,37.71896],[127.88252,37.71996],[127.88223,37.72023],[127.88181,37.72039],[127.88114,37.72089],[127.88141,37.72125],[127.88124,37.72159],[127.88124,37.72217],[127.88156,37.72256],[127.88161,37.72363],[127.88173,37.72382],[127.88175,37.72419],[127.88204,37.72481],[127.88259,37.72519],[127.88318,37.72583],[127.88346,37.72594],[127.88336,37.72634],[127.88312,37.7267],[127.88219,37.72764],[127.88227,37.72788],[127.88276,37.72827],[127.88299,37.72862],[127.88445,37.72939],[127.88465,37.72953],[127.88516,37.72968],[127.88608,37.72982],[127.88671,37.73013],[127.88731,37.73023],[127.88748,37.73068],[127.88744,37.73095],[127.88814,37.73174],[127.88832,37.73228],[127.88867,37.73273],[127.88905,37.73291],[127.88902,37.73329],[127.88919,37.73411],[127.88914,37.73481],[127.88941,37.73528],[127.88975,37.73566],[127.88983,37.73629],[127.88974,37.73699],[127.88992,37.7377],[127.89012,37.73806],[127.88994,37.73843],[127.89008,37.73966],[127.88996,37.74016],[127.89026,37.741],[127.89068,37.74128],[127.89094,37.74154],[127.89091,37.74187],[127.89125,37.74237],[127.89152,37.74251],[127.89119,37.74365],[127.89184,37.74424],[127.89298,37.74472],[127.89348,37.74487],[127.89395,37.7456],[127.89451,37.74571],[127.895,37.74547],[127.89534,37.74541],[127.89561,37.74556],[127.89678,37.74552],[127.89812,37.74638],[127.89899,37.74629],[127.89979,37.74658],[127.90101,37.74626],[127.90132,37.74629],[127.9019,37.74621],[127.90213,37.74606],[127.90243,37.74608],[127.9028,37.74597],[127.90354,37.74731],[127.90404,37.74799],[127.90385,37.74848],[127.9042,37.74916],[127.90483,37.74984],[127.90404,37.75124],[127.90229,37.75318],[127.90148,37.75385],[127.90051,37.75479],[127.89996,37.7555],[127.9002,37.75601],[127.89997,37.75688],[127.90026,37.75813],[127.90047,37.75878],[127.90088,37.75937],[127.90111,37.76031],[127.90178,37.76159],[127.90242,37.7623],[127.90225,37.76299],[127.90251,37.76375],[127.90241,37.76506],[127.90243,37.76534],[127.90234,37.76621],[127.90194,37.76669],[127.90216,37.76741],[127.90217,37.76831],[127.9013,37.76931],[127.90104,37.77001],[127.90006,37.77052],[127.89952,37.77191],[127.89876,37.77215],[127.89731,37.7721],[127.89647,37.77202],[127.8956,37.77202],[127.8949,37.77214],[127.89462,37.77198],[127.893,37.77203],[127.89236,37.77262],[127.89168,37.77272],[127.89095,37.77343],[127.89096,37.77375],[127.89055,37.77439],[127.89071,37.77481],[127.89078,37.77712],[127.89039,37.77794],[127.88994,37.77794],[127.88874,37.7783],[127.88804,37.77836],[127.88645,37.77913],[127.8851,37.77971],[127.88377,37.77744],[127.88371,37.77738],[127.882,37.7775],[127.8811,37.7783],[127.88119,37.77957],[127.88255,37.78084],[127.88097,37.78127],[127.88,37.78206],[127.87874,37.78231],[127.87765,37.78299],[127.87854,37.78439],[127.87882,37.78602],[127.87961,37.78718],[127.87999,37.78787],[127.88036,37.78874],[127.88024,37.78986],[127.88046,37.79108],[127.88042,37.79153],[127.88038,37.79293],[127.88039,37.79376],[127.88025,37.79406],[127.87969,37.79605],[127.87982,37.7965],[127.87956,37.79738],[127.87856,37.79781],[127.87666,37.79827],[127.87581,37.79834],[127.87508,37.79844],[127.87468,37.79914],[127.87483,37.79993],[127.87483,37.80044],[127.87501,37.80094],[127.87462,37.80128],[127.87454,37.80188],[127.87464,37.8026],[127.87428,37.80394],[127.87442,37.80471],[127.87428,37.80531],[127.87458,37.80615],[127.87442,37.80764],[127.87464,37.80897],[127.87545,37.80991],[127.87565,37.81037],[127.87519,37.81087],[127.87486,37.81103],[127.87466,37.81153],[127.87363,37.81192],[127.87355,37.81214],[127.87313,37.81255],[127.8731,37.81309],[127.87265,37.81342],[127.87156,37.81359],[127.87081,37.8139],[127.87056,37.81376],[127.86962,37.81389],[127.86934,37.81425],[127.86839,37.81448],[127.86759,37.8145],[127.86698,37.81504],[127.86563,37.81523],[127.86515,37.81549],[127.86468,37.81534],[127.86438,37.81543],[127.86408,37.81584],[127.86375,37.81608],[127.86373,37.81658],[127.86339,37.81683],[127.8632,37.81754],[127.86276,37.81794],[127.86279,37.81859],[127.86201,37.81903],[127.86155,37.82135],[127.86118,37.82204],[127.86032,37.82271],[127.85971,37.82339],[127.85972,37.82426],[127.85858,37.82496],[127.85806,37.82485],[127.85656,37.82547],[127.85618,37.82643],[127.85632,37.82763],[127.85624,37.82842],[127.85655,37.82899],[127.85672,37.82964],[127.85643,37.8299],[127.85646,37.8303],[127.85593,37.83045],[127.85611,37.83104],[127.85588,37.83199],[127.8558,37.83278],[127.85567,37.83336],[127.85508,37.83403],[127.85465,37.83481]]]},"properties":{"code":"32510380","name":"북방면"}},{"type":"Feature","geometry":{"type":"Polygon","coordinates":[[[128.56681,37.87563],[128.56602,37.8753],[128.56568,37.87527],[128.56553,37.87543],[128.56427,37.87548],[128.56372,37.87562],[128.56007,37.87539],[128.55949,37.8756],[128.55925,37.87614],[128.55932,37.87634],[128.55913,37.87652],[128.55924,37.87669],[128.55922,37.87705],[128.55845,37.87776],[128.55824,37.87806],[128.55824,37.87852],[128.55805,37.87868],[128.55817,37.87888],[128.55804,37.87942],[128.55746,37.88003],[128.55711,37.88016],[128.5568,37.88042],[128.55667,37.88067],[128.55632,37.88078],[128.5561,37.88103],[128.55576,37.88123],[128.55525,37.88172],[128.55243,37.88308],[128.5518,37.8833],[128.55089,37.88413],[128.55054,37.88423],[128.54999,37.88451],[128.54776,37.88526],[128.5467,37.88614],[128.54598,37.88651],[128.54582,37.88669],[128.5453,37.88692],[128.54407,37.8872],[128.54299,37.88845],[128.54224,37.89005],[128.54153,37.89052],[128.54101,37.89109],[128.54023,37.89116],[128.53975,37.89114],[128.53928,37.89095],[128.53661,37.88969],[128.53613,37.88989],[128.53407,37.89007],[128.53294,37.88961],[128.53076,37.88895],[128.53041,37.88899],[128.52998,37.88885],[128.52929,37.88754],[128.52816,37.88688],[128.52744,37.88634],[128.52753,37.88532],[128.52682,37.88453],[128.52652,37.88399],[128.52622,37.88308],[128.52613,37.88296],[128.52522,37.88259],[128.52419,37.88279],[128.52373,37.88281],[128.52319,37.88252],[128.52234,37.88233],[128.52145,37.88238],[128.52063,37.88225],[128.51919,37.88137],[128.51883,37.88081],[128.51774,37.88074],[128.51735,37.88089],[128.51663,37.88092],[128.51604,37.88077],[128.51491,37.88067],[128.51268,37.88008],[128.51176,37.88006],[128.51077,37.88053],[128.50974,37.88201],[128.50949,37.88284],[128.50922,37.88319],[128.50821,37.88422],[128.50742,37.88444],[128.50673,37.88549],[128.50635,37.88583],[128.50599,37.88649],[128.50593,37.88687],[128.5035,37.88734],[128.50307,37.88704],[128.50255,37.88698],[128.50163,37.88647],[128.50093,37.88618],[128.50005,37.88614],[128.49979,37.88619],[128.49867,37.88612],[128.49845,37.88602],[128.49738,37.88518],[128.49719,37.88376],[128.4968,37.88389],[128.49659,37.88485],[128.49625,37.8854],[128.49546,37.88571],[128.49472,37.88688],[128.49393,37.88777],[128.49279,37.88791],[128.49187,37.88868],[128.49099,37.88871],[128.49047,37.88895],[128.489,37.88911],[128.48872,37.88957],[128.48809,37.89],[128.48755,37.89019],[128.48636,37.89044],[128.48609,37.89077],[128.48544,37.89139],[128.485,37.89168],[128.48399,37.89205],[128.48353,37.89241],[128.48295,37.89266],[128.48142,37.893],[128.48126,37.89254],[128.48065,37.89202],[128.47988,37.89171],[128.47939,37.89123],[128.47904,37.89044],[128.47832,37.88992],[128.47764,37.88934],[128.47767,37.88857],[128.4774,37.88794],[128.47752,37.88763],[128.47692,37.88685],[128.47622,37.8863],[128.47536,37.88529],[128.47416,37.88552],[128.47377,37.8858],[128.47214,37.88626],[128.47073,37.88573],[128.46902,37.88429],[128.46844,37.88394],[128.46755,37.88291],[128.46734,37.88209],[128.46692,37.88138],[128.46632,37.88096],[128.46576,37.88075],[128.46488,37.88055],[128.46424,37.88036],[128.46398,37.88015],[128.46327,37.87982],[128.46289,37.87976],[128.46219,37.88016],[128.46194,37.88019],[128.46068,37.87966],[128.46005,37.87944],[128.45875,37.87936],[128.45846,37.87945],[128.45803,37.87775],[128.45719,37.87728],[128.45646,37.87696],[128.45602,37.87654],[128.45561,37.87645],[128.45503,37.87616],[128.4542,37.87556],[128.45402,37.8753],[128.45262,37.87507],[128.45224,37.87483],[128.4516,37.87464],[128.44974,37.8737],[128.44919,37.87363],[128.44873,37.87342],[128.44767,37.87348],[128.44743,37.8732],[128.44743,37.87214],[128.44705,37.87168],[128.4467,37.87146],[128.44607,37.87079],[128.446,37.87027],[128.44516,37.86902],[128.44513,37.86813],[128.44436,37.86757],[128.44408,37.86557],[128.44423,37.86489],[128.44237,37.86439],[128.44135,37.86456],[128.44043,37.86398],[128.43949,37.8641],[128.43886,37.86441],[128.43817,37.8646],[128.4371,37.86467],[128.43616,37.8646],[128.43578,37.86451],[128.43501,37.8652],[128.43439,37.86529],[128.43241,37.8663],[128.43171,37.8667],[128.43137,37.86709],[128.43119,37.86787],[128.43085,37.86833],[128.43089,37.86903],[128.43069,37.87015],[128.42991,37.87054],[128.42944,37.87097],[128.4292,37.87298],[128.42841,37.87376],[128.42839,37.8751],[128.42706,37.87602],[128.42658,37.87701],[128.42596,37.87705],[128.42509,37.87771],[128.42433,37.87778],[128.42346,37.87893],[128.42334,37.8793],[128.42348,37.87993],[128.42359,37.88014],[128.42312,37.88069],[128.42285,37.88143],[128.42246,37.88196],[128.42165,37.88259],[128.42153,37.88288],[128.42052,37.88316],[128.41925,37.88322],[128.41876,37.88353],[128.41803,37.88362],[128.41742,37.88345],[128.41698,37.8839],[128.41589,37.88443],[128.41517,37.88462],[128.41443,37.88532],[128.41233,37.88469],[128.41238,37.88346],[128.41293,37.88228],[128.4132,37.88205],[128.41287,37.87993],[128.41158,37.87828],[128.41144,37.87793],[128.41154,37.87689],[128.41123,37.87582],[128.41131,37.87553],[128.41108,37.8753],[128.41106,37.87499],[128.41072,37.87432],[128.40986,37.87364],[128.40938,37.87274],[128.40966,37.87215],[128.4089,37.87125],[128.40742,37.87039],[128.40681,37.86987],[128.4061,37.86993],[128.40497,37.86961],[128.40391,37.86843],[128.40272,37.86716],[128.40235,37.86661],[128.40231,37.86617],[128.40203,37.86572],[128.40201,37.86519],[128.40235,37.86444],[128.4021,37.86338],[128.40071,37.86166],[128.40059,37.86124],[128.39968,37.86163],[128.39907,37.8617],[128.39715,37.8623],[128.39641,37.86207],[128.3952,37.86116],[128.3938,37.86064],[128.39307,37.86011],[128.39271,37.86021],[128.39241,37.85993],[128.39162,37.85979],[128.39094,37.85948],[128.3904,37.85885],[128.38828,37.85891],[128.38734,37.85912],[128.38657,37.85913],[128.38533,37.85864],[128.38367,37.85879],[128.3824,37.85862],[128.38172,37.85779],[128.38167,37.85742],[128.38098,37.85696],[128.38033,37.85545],[128.37968,37.85455],[128.37895,37.85423],[128.37893,37.85385],[128.37859,37.85353],[128.37855,37.85294],[128.37818,37.85234],[128.37717,37.85251],[128.37622,37.85239],[128.37568,37.85158],[128.37417,37.8504],[128.37402,37.84995],[128.37303,37.84925],[128.3726,37.84925],[128.372,37.84904],[128.37098,37.84856],[128.37048,37.84841],[128.37004,37.84812],[128.36891,37.84797],[128.36834,37.84757],[128.36774,37.84768],[128.36737,37.84732],[128.36614,37.84705],[128.36559,37.84608],[128.36555,37.84545],[128.36522,37.84444],[128.36538,37.84358],[128.36494,37.84286],[128.36461,37.84251],[128.36445,37.84205],[128.3646,37.84124],[128.36435,37.84102],[128.36411,37.84004],[128.36299,37.83879],[128.36281,37.83863],[128.3635,37.83809],[128.36396,37.83793],[128.36527,37.83728],[128.36636,37.83641],[128.36592,37.83516],[128.36516,37.83356],[128.36454,37.83342],[128.36296,37.83244],[128.36118,37.83193],[128.36005,37.83149],[128.35948,37.83116],[128.35869,37.83098],[128.35717,37.83109],[128.35639,37.83095],[128.35524,37.83058],[128.3549,37.8307],[128.35356,37.83072],[128.353,37.83011],[128.35206,37.82936],[128.351,37.82876],[128.35028,37.8284],[128.34932,37.82801],[128.34894,37.82744],[128.34827,37.82666],[128.34746,37.82629],[128.34681,37.82625],[128.3461,37.82632],[128.34448,37.82659],[128.3435,37.82684],[128.34262,37.82702],[128.34181,37.82729],[128.34085,37.82754],[128.33946,37.82741],[128.33838,37.82754],[128.33759,37.82751],[128.33677,37.82778],[128.33607,37.82793],[128.33532,37.82836],[128.33453,37.82869],[128.33326,37.83122],[128.33247,37.83199],[128.33156,37.83269],[128.33026,37.83328],[128.32927,37.83366],[128.32835,37.83388],[128.32612,37.83324],[128.32567,37.83275],[128.32462,37.83232],[128.32376,37.83192],[128.32215,37.83143],[128.32062,37.83106],[128.32012,37.8307],[128.31905,37.83194],[128.31878,37.83249],[128.31799,37.83318],[128.31759,37.83339],[128.31766,37.83388],[128.31753,37.83455],[128.31662,37.83477],[128.31496,37.83669],[128.31457,37.83745],[128.31403,37.83796],[128.31369,37.83888],[128.31321,37.83952],[128.31228,37.84018],[128.31176,37.84101],[128.31114,37.8415],[128.3105,37.84124],[128.30956,37.84115],[128.3094,37.84152],[128.30874,37.84245],[128.30743,37.84368],[128.30707,37.84471],[128.30621,37.8462],[128.30626,37.84739],[128.30541,37.84959],[128.30585,37.84978],[128.30626,37.85022],[128.30639,37.85085],[128.30685,37.851],[128.30702,37.85132],[128.30683,37.85209],[128.30694,37.85251],[128.30689,37.85279],[128.30644,37.85331],[128.30625,37.85375],[128.30626,37.8542],[128.30589,37.85455],[128.30573,37.85498],[128.3059,37.85568],[128.3057,37.85619],[128.30504,37.85682],[128.30512,37.85761],[128.30455,37.85816],[128.30429,37.85826],[128.30387,37.85861],[128.30353,37.85964],[128.30325,37.86012],[128.30249,37.86097],[128.30182,37.86109],[128.30103,37.86175],[128.30093,37.86235],[128.30057,37.86253],[128.30054,37.86306],[128.30034,37.86338],[128.29997,37.86365],[128.29922,37.86366],[128.29901,37.86376],[128.29875,37.86416],[128.29835,37.86431],[128.29785,37.86465],[128.29798,37.86525],[128.29783,37.86573],[128.29759,37.86704],[128.29759,37.86731],[128.29706,37.86781],[128.29644,37.86808],[128.2959,37.86861],[128.29493,37.86891],[128.29451,37.86913],[128.2941,37.86913],[128.29363,37.86969],[128.29337,37.86977],[128.29213,37.86955],[128.29148,37.86932],[128.29107,37.8693],[128.28955,37.8685],[128.28919,37.86837],[128.28923,37.86793],[128.29012,37.86788],[128.29045,37.86778],[128.29066,37.86722],[128.29044,37.86714],[128.28958,37.86625],[128.28925,37.8658],[128.28892,37.86551],[128.28832,37.86528],[128.28778,37.86519],[128.28752,37.86486],[128.28671,37.86499],[128.28623,37.86519],[128.28541,37.8659],[128.28522,37.86623],[128.28494,37.86626],[128.28419,37.86612],[128.28375,37.86615],[128.28304,37.86604],[128.28266,37.86589],[128.2818,37.86605],[128.28097,37.86612],[128.27981,37.86548],[128.27935,37.86539],[128.27904,37.86517],[128.27799,37.86496],[128.27747,37.86518],[128.27597,37.86468],[128.27561,37.86444],[128.27514,37.86322],[128.27461,37.86252],[128.27416,37.86182],[128.2738,37.86168],[128.27338,37.86137],[128.27308,37.86071],[128.27115,37.86093],[128.27047,37.86128],[128.26997,37.86111],[128.2695,37.86118],[128.26922,37.86139],[128.26753,37.86101],[128.26747,37.86054],[128.267,37.86025],[128.26647,37.85984],[128.26583,37.85924],[128.26569,37.85897],[128.26546,37.85881],[128.26448,37.85835],[128.26346,37.85835],[128.26293,37.85798],[128.26256,37.85681],[128.26136,37.85638],[128.26128,37.85593],[128.26106,37.85572],[128.26109,37.85511],[128.26169,37.85503],[128.26192,37.85486],[128.26181,37.85429],[128.26155,37.85368],[128.26164,37.85324],[128.26128,37.85252],[128.26114,37.852],[128.26074,37.85172],[128.26088,37.85075],[128.26067,37.84996],[128.26081,37.84959],[128.25974,37.84929],[128.25978,37.84899],[128.25968,37.84825],[128.25892,37.847],[128.25835,37.8465],[128.25805,37.84561],[128.25814,37.84504],[128.25784,37.84447],[128.2568,37.84441],[128.25643,37.8437],[128.25611,37.8435],[128.25611,37.84229],[128.25625,37.84187],[128.25597,37.84166],[128.25627,37.84051],[128.2561,37.83962],[128.25505,37.83923],[128.2547,37.83951],[128.254,37.83957],[128.25373,37.83909],[128.25315,37.8388],[128.25296,37.83834],[128.25223,37.83793],[128.25174,37.83815],[128.25147,37.83806],[128.25106,37.83762],[128.25019,37.83728],[128.24985,37.83687],[128.2492,37.83651],[128.24857,37.8364],[128.24754,37.83607],[128.24697,37.83533],[128.2469,37.83488],[128.24729,37.8345],[128.24734,37.83403],[128.24718,37.83352],[128.24725,37.83298],[128.24701,37.83269],[128.24576,37.83267],[128.24517,37.8327],[128.24371,37.83239],[128.2426,37.83209],[128.24243,37.8319],[128.24152,37.83046],[128.24077,37.8294],[128.24058,37.82896],[128.24005,37.82899],[128.23955,37.8283],[128.23924,37.82752],[128.23932,37.82663],[128.23905,37.82619],[128.23869,37.82524],[128.23813,37.8246],[128.23776,37.82437],[128.2373,37.82439],[128.2366,37.82391],[128.23606,37.82377],[128.23536,37.82334],[128.23471,37.82217],[128.23365,37.8222],[128.23329,37.82202],[128.23278,37.82211],[128.23171,37.82208],[128.23161,37.82218],[128.23065,37.82189],[128.2305,37.82197],[128.22988,37.82185],[128.22851,37.82188],[128.22827,37.82142],[128.2274,37.82058],[128.22717,37.82072],[128.22688,37.82064],[128.22639,37.82093],[128.22599,37.82081],[128.22573,37.82086],[128.22433,37.82051],[128.22414,37.82018],[128.22373,37.81999],[128.22352,37.81959],[128.22275,37.81931],[128.22242,37.81903],[128.22181,37.81882],[128.22154,37.81867],[128.22094,37.81808],[128.21976,37.81784],[128.21952,37.81785],[128.21931,37.81747],[128.21895,37.81723],[128.21885,37.81693],[128.21827,37.81649],[128.21777,37.81599],[128.2173,37.81561],[128.21735,37.81535],[128.21653,37.8149],[128.21632,37.8145],[128.21612,37.81438],[128.21616,37.81409],[128.21575,37.81368],[128.21549,37.81314],[128.21521,37.81303],[128.21437,37.81236],[128.2146,37.81173],[128.2151,37.81146],[128.2159,37.81077],[128.21677,37.80957],[128.21697,37.8087],[128.21732,37.80742],[128.21787,37.80637],[128.21751,37.80536],[128.21754,37.8051],[128.21798,37.8042],[128.21801,37.80389],[128.21832,37.80347],[128.21862,37.80216],[128.21898,37.80104],[128.21889,37.79974],[128.21918,37.79846],[128.21922,37.79728],[128.21917,37.79568],[128.21923,37.79419],[128.21894,37.79287],[128.21929,37.79132],[128.21931,37.78976],[128.21923,37.78871],[128.21928,37.788],[128.21919,37.78757],[128.21914,37.78669],[128.2195,37.78579],[128.22079,37.78567],[128.22188,37.78569],[128.22345,37.78557],[128.22516,37.7857],[128.22651,37.78558],[128.22756,37.78598],[128.22896,37.7863],[128.23066,37.78648],[128.23241,37.78633],[128.23372,37.78641],[128.23529,37.78656],[128.23647,37.7866],[128.23725,37.78574],[128.23764,37.78511],[128.23796,37.78406],[128.23812,37.78328],[128.23821,37.78249],[128.23815,37.78122],[128.23791,37.78005],[128.23756,37.77958],[128.23708,37.77884],[128.23681,37.77799],[128.23615,37.77707],[128.23587,37.77638],[128.23567,37.77523],[128.23639,37.77462],[128.23796,37.77399],[128.23868,37.77337],[128.23993,37.7721],[128.23974,37.77115],[128.23978,37.77085],[128.23973,37.76993],[128.23957,37.76956],[128.23948,37.76872],[128.24019,37.76823],[128.24146,37.76747],[128.24245,37.76697],[128.24396,37.76638],[128.24579,37.76499],[128.24722,37.76411],[128.24829,37.76377],[128.24959,37.76322],[128.25003,37.76299],[128.25122,37.76161],[128.25213,37.76106],[128.25339,37.76055],[128.25378,37.76004],[128.25442,37.7594],[128.25512,37.75809],[128.25504,37.75708],[128.25515,37.75627],[128.25523,37.75515],[128.25588,37.75413],[128.25677,37.75412],[128.2588,37.75382],[128.25973,37.75377],[128.26033,37.75364],[128.26192,37.75375],[128.26317,37.75378],[128.26469,37.75393],[128.26637,37.75369],[128.26762,37.7536],[128.26896,37.75366],[128.2699,37.75439],[128.2709,37.75549],[128.27109,37.75637],[128.27122,37.75662],[128.27148,37.75666],[128.27237,37.75706],[128.27342,37.75736],[128.27432,37.75654],[128.27574,37.75602],[128.27736,37.75526],[128.27839,37.75458],[128.27932,37.75417],[128.28012,37.75291],[128.28148,37.75201],[128.28244,37.75159],[128.28326,37.75118],[128.28444,37.75049],[128.28562,37.74998],[128.28629,37.74964],[128.28773,37.74877],[128.2887,37.74969],[128.28991,37.7502],[128.29114,37.74997],[128.29248,37.74985],[128.29297,37.75008],[128.2935,37.75023],[128.29451,37.75075],[128.29597,37.75025],[128.29695,37.74988],[128.29749,37.74931],[128.29872,37.74933],[128.2999,37.74967],[128.30111,37.74897],[128.30146,37.74886],[128.30183,37.74887],[128.30341,37.74817],[128.30461,37.74724],[128.305,37.74704],[128.3052,37.74664],[128.30548,37.74652],[128.30602,37.74687],[128.30645,37.74681],[128.30746,37.74626],[128.3096,37.74493],[128.30996,37.74435],[128.31031,37.74338],[128.31086,37.74311],[128.31153,37.74298],[128.3117,37.74259],[128.31228,37.74224],[128.31248,37.74193],[128.31243,37.74128],[128.31287,37.74048],[128.31302,37.74004],[128.31323,37.73971],[128.31337,37.73896],[128.3137,37.73835],[128.31373,37.73813],[128.31413,37.73708],[128.31395,37.73691],[128.31393,37.73617],[128.31434,37.7357],[128.3144,37.73521],[128.31501,37.73452],[128.31519,37.73414],[128.31548,37.73397],[128.31566,37.73343],[128.31554,37.73312],[128.31592,37.73276],[128.31602,37.73228],[128.3159,37.73216],[128.31573,37.73161],[128.31548,37.73137],[128.31575,37.73094],[128.31669,37.73054],[128.31677,37.73041],[128.31759,37.73001],[128.31747,37.72951],[128.31778,37.72899],[128.31796,37.72853],[128.31795,37.72728],[128.31806,37.72644],[128.31791,37.72602],[128.31835,37.72533],[128.31882,37.72515],[128.31861,37.72444],[128.31801,37.72409],[128.31856,37.72346],[128.31851,37.72297],[128.31869,37.72249],[128.3184,37.72215],[128.31848,37.72157],[128.31825,37.72081],[128.31782,37.72046],[128.31753,37.71975],[128.31752,37.71945],[128.31724,37.71916],[128.31791,37.71817],[128.31807,37.71759],[128.31858,37.71681],[128.31781,37.71606],[128.31721,37.71586],[128.31605,37.71461],[128.31557,37.71448],[128.31544,37.71423],[128.3141,37.71366],[128.31352,37.71333],[128.31323,37.71257],[128.31296,37.71247],[128.31248,37.7119],[128.31128,37.71118],[128.31087,37.71071],[128.31093,37.71031],[128.31085,37.70941],[128.31062,37.70883],[128.31092,37.70751],[128.31096,37.70663],[128.31151,37.70596],[128.31178,37.70481],[128.31228,37.70398],[128.31232,37.70329],[128.31334,37.70316],[128.31392,37.70219],[128.31426,37.7017],[128.31453,37.70099],[128.31486,37.70077],[128.31556,37.70044],[128.31586,37.70006],[128.31636,37.7001],[128.31671,37.69972],[128.31674,37.69938],[128.31703,37.69867],[128.31733,37.69836],[128.31758,37.69786],[128.31758,37.69674],[128.31881,37.69542],[128.31932,37.69455],[128.32011,37.69389],[128.32009,37.69362],[128.31988,37.69331],[128.32,37.69289],[128.32035,37.69242],[128.32034,37.69209],[128.32128,37.69117],[128.32139,37.69082],[128.32213,37.69059],[128.32271,37.69049],[128.32337,37.69004],[128.32392,37.69036],[128.32476,37.69076],[128.32527,37.6909],[128.3258,37.69087],[128.32648,37.69151],[128.32677,37.69162],[128.32765,37.69169],[128.32867,37.69239],[128.32966,37.69242],[128.33051,37.69281],[128.33096,37.69263],[128.33158,37.69275],[128.33204,37.6932],[128.33299,37.69377],[128.33448,37.69398],[128.335,37.69424],[128.33514,37.6946],[128.3354,37.69479],[128.3369,37.69555],[128.33752,37.69549],[128.33814,37.69561],[128.33962,37.69566],[128.34064,37.6956],[128.34162,37.69603],[128.34232,37.69618],[128.34337,37.69579],[128.34387,37.69583],[128.34446,37.69605],[128.34616,37.6956],[128.34711,37.69613],[128.34779,37.69621],[128.34902,37.69654],[128.34964,37.69661],[128.35066,37.69718],[128.35088,37.69748],[128.35164,37.69777],[128.35293,37.69763],[128.35427,37.69764],[128.35449,37.69757],[128.35536,37.69761],[128.35634,37.69788],[128.35748,37.69919],[128.35804,37.69938],[128.35848,37.69904],[128.35878,37.699],[128.35989,37.69935],[128.36045,37.69855],[128.36334,37.69818],[128.3642,37.69785],[128.36498,37.69779],[128.36567,37.69663],[128.36624,37.69615],[128.36706,37.69579],[128.36808,37.69487],[128.36833,37.69484],[128.36915,37.6939],[128.37134,37.69342],[128.37237,37.69329],[128.37385,37.69291],[128.37432,37.69234],[128.37557,37.69195],[128.37608,37.69161],[128.37672,37.69149],[128.37781,37.69169],[128.37811,37.69165],[128.37849,37.69173],[128.37902,37.69163],[128.37936,37.69143],[128.38034,37.69179],[128.38135,37.6918],[128.38221,37.69191],[128.38256,37.69187],[128.3834,37.69213],[128.3847,37.69229],[128.38506,37.69189],[128.38586,37.69141],[128.38592,37.6913],[128.38733,37.69154],[128.38767,37.69146],[128.38811,37.69169],[128.38909,37.69194],[128.39004,37.69185],[128.39078,37.69193],[128.39226,37.69137],[128.39279,37.6913],[128.39381,37.69139],[128.39421,37.69131],[128.39471,37.69134],[128.39552,37.69181],[128.39644,37.69109],[128.39709,37.69092],[128.39804,37.69042],[128.39854,37.68997],[128.39925,37.68967],[128.40043,37.6897],[128.40309,37.68855],[128.40443,37.68833],[128.40539,37.68892],[128.40684,37.68995],[128.40852,37.69079],[128.41013,37.69014],[128.41128,37.68961],[128.41206,37.68887],[128.41289,37.68849],[128.414,37.68836],[128.41549,37.68798],[128.41577,37.68815],[128.41647,37.68835],[128.41709,37.68861],[128.41895,37.68893],[128.41963,37.68918],[128.42064,37.68911],[128.42219,37.68953],[128.423,37.69048],[128.4234,37.69077],[128.42486,37.69141],[128.42527,37.69134],[128.42596,37.69144],[128.42647,37.69159],[128.427,37.69138],[128.42932,37.6914],[128.43122,37.6924],[128.4317,37.69217],[128.43204,37.69224],[128.43307,37.69198],[128.43481,37.69236],[128.43523,37.69239],[128.43578,37.69397],[128.43571,37.69474],[128.43593,37.69527],[128.43759,37.69665],[128.43934,37.69731],[128.43972,37.69748],[128.43988,37.69802],[128.44096,37.69864],[128.44159,37.69915],[128.44227,37.6995],[128.44238,37.69973],[128.44274,37.69984],[128.44321,37.70031],[128.44367,37.70048],[128.44395,37.70073],[128.44367,37.70111],[128.44369,37.70167],[128.44401,37.70222],[128.44398,37.70266],[128.44414,37.70338],[128.44398,37.70365],[128.44401,37.70416],[128.4443,37.70477],[128.4443,37.70513],[128.44445,37.70559],[128.44425,37.70606],[128.44432,37.70678],[128.44461,37.70781],[128.44485,37.70821],[128.44464,37.70845],[128.44466,37.70886],[128.4449,37.70915],[128.44545,37.70954],[128.4458,37.71039],[128.44606,37.71063],[128.44614,37.71099],[128.44578,37.71165],[128.44614,37.71249],[128.44577,37.71298],[128.44587,37.71347],[128.44564,37.71386],[128.44555,37.71427],[128.44512,37.7146],[128.44486,37.71547],[128.44459,37.71588],[128.44496,37.71659],[128.4448,37.71733],[128.44492,37.71766],[128.44542,37.71793],[128.44628,37.71906],[128.44723,37.71913],[128.44806,37.7212],[128.44837,37.7215],[128.44854,37.72221],[128.44944,37.72335],[128.44978,37.72361],[128.44989,37.72391],[128.45096,37.72458],[128.45134,37.72513],[128.45261,37.72605],[128.4525,37.72707],[128.45304,37.7274],[128.4534,37.72796],[128.45438,37.72887],[128.45484,37.72915],[128.45573,37.72937],[128.45667,37.72995],[128.45781,37.73081],[128.45897,37.73057],[128.45948,37.7303],[128.46006,37.73027],[128.4605,37.73003],[128.46066,37.7296],[128.46229,37.72854],[128.46288,37.72835],[128.46364,37.72845],[128.46555,37.72844],[128.46619,37.72849],[128.46746,37.72913],[128.46822,37.72944],[128.46856,37.7303],[128.46905,37.73101],[128.47113,37.73279],[128.47195,37.7331],[128.47261,37.73287],[128.47319,37.73286],[128.47595,37.73375],[128.4787,37.73466],[128.48034,37.7336],[128.48175,37.73346],[128.48401,37.73414],[128.48624,37.73409],[128.48833,37.73364],[128.49083,37.7331],[128.49213,37.73317],[128.49269,37.73281],[128.49334,37.73297],[128.49464,37.73269],[128.49535,37.7327],[128.49604,37.73289],[128.49708,37.73269],[128.49775,37.73236],[128.49829,37.73242],[128.49871,37.73209],[128.49917,37.73195],[128.49983,37.73192],[128.50128,37.73164],[128.50183,37.73183],[128.50222,37.73175],[128.50333,37.7319],[128.50413,37.73164],[128.50439,37.73144],[128.50474,37.73104],[128.5053,37.73119],[128.50673,37.7312],[128.50799,37.73104],[128.50962,37.73055],[128.51093,37.73052],[128.51231,37.73057],[128.51307,37.73037],[128.51396,37.73131],[128.51447,37.73142],[128.51495,37.73194],[128.51606,37.73221],[128.51795,37.73192],[128.5192,37.73146],[128.52057,37.73109],[128.52171,37.73018],[128.52222,37.72971],[128.52254,37.73002],[128.52351,37.73023],[128.52437,37.73085],[128.52583,37.73145],[128.52643,37.73156],[128.528,37.73297],[128.52811,37.73351],[128.5275,37.73407],[128.5277,37.73652],[128.52698,37.73748],[128.52569,37.73801],[128.52517,37.73882],[128.52531,37.74005],[128.52448,37.741],[128.52406,37.74263],[128.52514,37.74421],[128.52511,37.74484],[128.52498,37.74529],[128.52645,37.74774],[128.52599,37.74878],[128.52626,37.74954],[128.52684,37.75058],[128.52672,37.75125],[128.52697,37.75172],[128.52695,37.75227],[128.52711,37.75281],[128.52603,37.75429],[128.52406,37.75535],[128.52395,37.76401],[128.52523,37.76423],[128.52553,37.76463],[128.52652,37.76495],[128.52811,37.76713],[128.52902,37.76767],[128.53004,37.76886],[128.53165,37.76972],[128.53323,37.77096],[128.53325,37.77219],[128.53301,37.77307],[128.53308,37.77399],[128.53366,37.77592],[128.53305,37.7766],[128.53288,37.7774],[128.53339,37.77886],[128.5332,37.77979],[128.53436,37.78008],[128.53548,37.78108],[128.53822,37.78224],[128.53959,37.78322],[128.54034,37.78453],[128.54141,37.78649],[128.54252,37.78834],[128.54293,37.78958],[128.54287,37.79159],[128.54235,37.79228],[128.54258,37.79345],[128.54397,37.79534],[128.54326,37.79715],[128.54345,37.7982],[128.54376,37.80023],[128.54437,37.8009],[128.54595,37.80169],[128.54736,37.80276],[128.54866,37.80353],[128.54915,37.80361],[128.54956,37.80359],[128.55014,37.80373],[128.55039,37.80372],[128.55096,37.80417],[128.55126,37.80428],[128.55157,37.80453],[128.55201,37.80582],[128.55233,37.80636],[128.55269,37.80652],[128.5535,37.80731],[128.55547,37.80911],[128.55638,37.80946],[128.55763,37.80916],[128.56024,37.80892],[128.56174,37.80864],[128.56229,37.8086],[128.56336,37.80863],[128.56413,37.80842],[128.56483,37.80832],[128.56577,37.80828],[128.56689,37.80799],[128.56806,37.80805],[128.56916,37.80748],[128.56966,37.80741],[128.57024,37.80783],[128.57084,37.808],[128.57057,37.80839],[128.57066,37.8086],[128.57155,37.8099],[128.57266,37.811],[128.57333,37.81178],[128.57429,37.81311],[128.57575,37.81415],[128.57592,37.81574],[128.57697,37.81706],[128.57818,37.81816],[128.57961,37.81909],[128.58054,37.81982],[128.58199,37.82076],[128.58274,37.82139],[128.58177,37.8228],[128.58158,37.82334],[128.58139,37.8247],[128.58112,37.82537],[128.58048,37.82615],[128.58061,37.82702],[128.58036,37.82798],[128.58066,37.82876],[128.58125,37.83098],[128.58182,37.83194],[128.5823,37.83242],[128.58194,37.83302],[128.58181,37.83405],[128.58187,37.83449],[128.58157,37.83537],[128.582,37.83618],[128.58161,37.83773],[128.58186,37.83838],[128.58256,37.83872],[128.58324,37.84032],[128.58353,37.84083],[128.58303,37.84207],[128.58339,37.84263],[128.58455,37.84321],[128.58519,37.84434],[128.58606,37.84514],[128.5858,37.84575],[128.58611,37.84623],[128.58568,37.84702],[128.58493,37.84815],[128.58508,37.84923],[128.58554,37.84984],[128.58577,37.85065],[128.58593,37.85095],[128.58639,37.85141],[128.58725,37.852],[128.58737,37.8522],[128.58739,37.85308],[128.58714,37.85404],[128.58756,37.8549],[128.58739,37.8557],[128.58826,37.85673],[128.58827,37.85754],[128.58861,37.85855],[128.58878,37.85992],[128.58879,37.861],[128.58843,37.86141],[128.58802,37.86203],[128.58797,37.86209],[128.58633,37.86254],[128.58425,37.86296],[128.58341,37.86343],[128.58249,37.86326],[128.58158,37.86291],[128.58051,37.86277],[128.5794,37.86297],[128.57883,37.86279],[128.57793,37.86323],[128.57749,37.8638],[128.57715,37.86402],[128.57514,37.86427],[128.57376,37.86464],[128.57354,37.86504],[128.57366,37.86536],[128.57363,37.86571],[128.57347,37.86606],[128.57346,37.86637],[128.57327,37.86667],[128.57325,37.86696],[128.57339,37.86715],[128.57344,37.86763],[128.57327,37.86782],[128.57339,37.86807],[128.57334,37.86832],[128.57304,37.8686],[128.5729,37.86895],[128.57263,37.86909],[128.57236,37.86953],[128.57214,37.87052],[128.57188,37.87083],[128.57141,37.8712],[128.5712,37.87145],[128.57099,37.87151],[128.56961,37.87276],[128.56944,37.8731],[128.56869,37.87348],[128.56821,37.87436],[128.56794,37.87468],[128.56798,37.87488],[128.56774,37.8754],[128.56752,37.87555],[128.56681,37.87563]]]},"properties":{"code":"32510390","name":"내면"}},{"type":"Feature","geometry":{"type":"Polygon","coordinates":[[[128.09246,37.69826],[128.09216,37.69754],[128.09143,37.69733],[128.0904,37.69695],[128.08904,37.69626],[128.08819,37.6962],[128.08719,37.69581],[128.08654,37.69496],[128.08627,37.69416],[128.08521,37.69357],[128.08404,37.69256],[128.08312,37.69213],[128.08242,37.69214],[128.08198,37.69199],[128.0815,37.692],[128.0811,37.69231],[128.08052,37.69244],[128.07975,37.69246],[128.07841,37.69314],[128.0779,37.69299],[128.07614,37.69328],[128.07568,37.6935],[128.07511,37.69338],[128.07422,37.6934],[128.07391,37.69334],[128.07214,37.69274],[128.07173,37.69256],[128.0706,37.69255],[128.0703,37.69245],[128.06959,37.69297],[128.06875,37.69291],[128.06773,37.69357],[128.06722,37.69353],[128.06678,37.69371],[128.06581,37.69394],[128.06439,37.69408],[128.06339,37.69479],[128.0633,37.69502],[128.06285,37.69511],[128.06253,37.69547],[128.06184,37.69545],[128.06076,37.69498],[128.05984,37.69497],[128.05947,37.69528],[128.05905,37.69547],[128.05836,37.69537],[128.0575,37.69548],[128.05683,37.69532],[128.05636,37.69552],[128.05605,37.69534],[128.05507,37.69521],[128.0544,37.69642],[128.05379,37.6966],[128.05305,37.69641],[128.05281,37.69651],[128.05221,37.69653],[128.05174,37.69648],[128.05141,37.69673],[128.05104,37.69685],[128.04995,37.69749],[128.04959,37.69757],[128.04901,37.69755],[128.04733,37.69796],[128.04601,37.69825],[128.04395,37.69812],[128.04297,37.69828],[128.04224,37.69785],[128.04144,37.69778],[128.0404,37.69816],[128.04,37.69824],[128.03898,37.69768],[128.03799,37.69805],[128.03688,37.69787],[128.03623,37.69794],[128.03561,37.69752],[128.03493,37.69744],[128.03392,37.69762],[128.03358,37.69827],[128.03358,37.69887],[128.03304,37.69968],[128.03259,37.70016],[128.03232,37.70055],[128.03169,37.70104],[128.03148,37.70174],[128.03096,37.70235],[128.03074,37.70327],[128.02987,37.70342],[128.02905,37.70399],[128.02835,37.70455],[128.02799,37.70504],[128.02816,37.70627],[128.02786,37.70694],[128.02778,37.70767],[128.02719,37.70845],[128.02671,37.70952],[128.026,37.70998],[128.02493,37.71053],[128.02396,37.71088],[128.02344,37.71125],[128.02297,37.71222],[128.02186,37.71287],[128.02035,37.71327],[128.01945,37.71312],[128.01816,37.71302],[128.01739,37.71369],[128.01657,37.71422],[128.01462,37.71393],[128.01278,37.71396],[128.01172,37.71388],[128.01119,37.7139],[128.01083,37.714],[128.01019,37.71487],[128.01005,37.71534],[128.009,37.71472],[128.00868,37.71458],[128.00794,37.71396],[128.00707,37.71332],[128.0059,37.71308],[128.00548,37.71294],[128.00466,37.71207],[128.00411,37.71196],[128.00389,37.71205],[128.00255,37.71169],[128.00173,37.71126],[128.00158,37.71053],[128.00095,37.70957],[128.00109,37.70814],[128.00049,37.70768],[127.9999,37.70716],[127.99939,37.70633],[127.99868,37.70573],[127.9973,37.70532],[127.99589,37.70539],[127.99433,37.70632],[127.9942,37.70674],[127.99227,37.70625],[127.99079,37.70555],[127.98949,37.70552],[127.98729,37.70641],[127.98575,37.70684],[127.9852,37.70675],[127.98399,37.70672],[127.98318,37.7076],[127.98258,37.7075],[127.98213,37.70774],[127.98001,37.70704],[127.97873,37.70693],[127.97794,37.70626],[127.97689,37.70546],[127.9769,37.70497],[127.97711,37.70467],[127.97561,37.70429],[127.97542,37.70401],[127.97469,37.70381],[127.97155,37.70207],[127.97013,37.70226],[127.9695,37.70279],[127.96924,37.70327],[127.96877,37.70371],[127.96827,37.70383],[127.96782,37.70459],[127.96728,37.7051],[127.96693,37.70577],[127.96592,37.7067],[127.96543,37.70667],[127.96509,37.70655],[127.96458,37.70663],[127.96359,37.70679],[127.96332,37.70672],[127.96056,37.70744],[127.96013,37.70728],[127.95986,37.70743],[127.95867,37.70681],[127.95727,37.70616],[127.95653,37.70615],[127.95575,37.70657],[127.95503,37.7065],[127.95428,37.70629],[127.95378,37.70589],[127.95331,37.70568],[127.95273,37.70593],[127.95202,37.70566],[127.9492,37.70581],[127.94898,37.70626],[127.94865,37.70657],[127.94825,37.70744],[127.94728,37.70784],[127.94535,37.70868],[127.9452,37.70918],[127.94489,37.70946],[127.94352,37.70997],[127.94326,37.70997],[127.94277,37.70974],[127.94237,37.70996],[127.9406,37.71003],[127.94048,37.70976],[127.93896,37.70981],[127.93805,37.70899],[127.93723,37.70887],[127.93677,37.70822],[127.93605,37.70792],[127.93588,37.70734],[127.93537,37.70703],[127.93401,37.7064],[127.93313,37.70613],[127.93317,37.70591],[127.933,37.70547],[127.93265,37.70513],[127.93237,37.70506],[127.93171,37.70523],[127.93017,37.70599],[127.92912,37.70625],[127.92786,37.70692],[127.92742,37.70679],[127.92672,37.70681],[127.92653,37.70657],[127.92573,37.70628],[127.9251,37.70612],[127.9244,37.70583],[127.92414,37.70564],[127.92391,37.70566],[127.92371,37.70547],[127.92243,37.70503],[127.92142,37.70472],[127.92036,37.70385],[127.92005,37.70348],[127.9198,37.70301],[127.91983,37.70278],[127.91933,37.70231],[127.91932,37.70203],[127.91912,37.70163],[127.92075,37.70088],[127.92096,37.70097],[127.92189,37.70042],[127.92215,37.70084],[127.92217,37.7011],[127.92319,37.70045],[127.92349,37.69973],[127.92369,37.69963],[127.92412,37.69894],[127.92438,37.69823],[127.92429,37.69737],[127.92413,37.69687],[127.92393,37.69668],[127.9232,37.6966],[127.92274,37.69665],[127.92287,37.69596],[127.92348,37.69524],[127.92365,37.69454],[127.92323,37.69411],[127.92313,37.69359],[127.92319,37.69319],[127.92284,37.69275],[127.92196,37.69232],[127.92145,37.69216],[127.9212,37.69179],[127.92072,37.69142],[127.91986,37.69102],[127.9193,37.69089],[127.91884,37.69068],[127.9185,37.69074],[127.918,37.69065],[127.91755,37.69008],[127.91575,37.68944],[127.91494,37.68928],[127.91454,37.68939],[127.91365,37.68933],[127.91303,37.6898],[127.91281,37.68855],[127.91241,37.68821],[127.91239,37.68789],[127.91287,37.68721],[127.91277,37.68708],[127.91275,37.68637],[127.91213,37.68614],[127.91185,37.68554],[127.91088,37.68545],[127.91067,37.68498],[127.90976,37.68485],[127.90915,37.6836],[127.90834,37.68274],[127.90863,37.68233],[127.90856,37.68206],[127.90827,37.68184],[127.90763,37.68212],[127.90688,37.68233],[127.90653,37.68256],[127.90629,37.68258],[127.90558,37.68294],[127.90515,37.68296],[127.90422,37.68335],[127.90404,37.6831],[127.90338,37.68274],[127.90253,37.68291],[127.90173,37.68238],[127.9009,37.68223],[127.90016,37.68169],[127.89928,37.68124],[127.89928,37.68039],[127.89903,37.67995],[127.8983,37.67961],[127.89791,37.67898],[127.8963,37.67847],[127.89575,37.6776],[127.89537,37.67761],[127.89435,37.67725],[127.89406,37.67682],[127.89323,37.67647],[127.89273,37.67643],[127.89225,37.67626],[127.89187,37.67598],[127.89215,37.67562],[127.89236,37.67558],[127.89298,37.67479],[127.89295,37.67423],[127.89307,37.67368],[127.8926,37.67329],[127.89287,37.67286],[127.89203,37.67245],[127.89202,37.6715],[127.89213,37.67062],[127.8927,37.67034],[127.89298,37.67005],[127.89387,37.6679],[127.89445,37.66766],[127.89473,37.66775],[127.89516,37.66768],[127.89544,37.66688],[127.89586,37.66694],[127.89614,37.66683],[127.8962,37.66663],[127.89621,37.66598],[127.89649,37.6649],[127.89585,37.66375],[127.89545,37.66358],[127.89471,37.66279],[127.89489,37.66259],[127.89497,37.66186],[127.89516,37.66163],[127.89489,37.66118],[127.89497,37.66088],[127.89468,37.66048],[127.8953,37.65973],[127.89543,37.65926],[127.89599,37.65852],[127.89625,37.6584],[127.89641,37.65801],[127.89713,37.65764],[127.89714,37.65738],[127.89676,37.6567],[127.89665,37.65596],[127.89773,37.65516],[127.89761,37.65461],[127.89784,37.65369],[127.89819,37.65345],[127.89816,37.653],[127.89853,37.65216],[127.89902,37.65141],[127.8997,37.6508],[127.89995,37.64998],[127.89998,37.64917],[127.9002,37.64879],[127.90001,37.64838],[127.89985,37.64749],[127.90068,37.64689],[127.90107,37.64648],[127.90015,37.64604],[127.89995,37.64567],[127.89811,37.64518],[127.89799,37.64512],[127.89817,37.64428],[127.89743,37.64394],[127.89693,37.64322],[127.89731,37.64277],[127.89741,37.64211],[127.89731,37.64171],[127.89728,37.64096],[127.89754,37.64038],[127.89765,37.64032],[127.89812,37.63955],[127.89808,37.63936],[127.89917,37.63861],[127.89906,37.63778],[127.89994,37.63738],[127.90074,37.63588],[127.90017,37.63547],[127.90014,37.63515],[127.89952,37.63358],[127.89968,37.63321],[127.90045,37.63278],[127.90093,37.63208],[127.90119,37.63139],[127.90183,37.6313],[127.9024,37.6308],[127.90285,37.63056],[127.90325,37.62997],[127.90348,37.63015],[127.90449,37.62983],[127.90438,37.62975],[127.90457,37.6293],[127.90439,37.62882],[127.90476,37.6282],[127.90503,37.62826],[127.90558,37.62872],[127.90607,37.62873],[127.90615,37.62837],[127.90725,37.62811],[127.908,37.62771],[127.90838,37.62639],[127.9081,37.626],[127.90824,37.62548],[127.90782,37.62535],[127.90776,37.6247],[127.90794,37.62416],[127.90823,37.62401],[127.90877,37.62406],[127.90914,37.62367],[127.90921,37.62315],[127.90976,37.62246],[127.91005,37.62238],[127.90991,37.62184],[127.90994,37.62143],[127.91053,37.62064],[127.91112,37.62018],[127.91131,37.61833],[127.91147,37.61784],[127.91166,37.6175],[127.91212,37.61702],[127.91217,37.61677],[127.91252,37.61633],[127.91268,37.61521],[127.91319,37.61473],[127.91365,37.61366],[127.91432,37.61285],[127.91464,37.6128],[127.91568,37.61196],[127.91665,37.61175],[127.91699,37.61127],[127.91815,37.61097],[127.92,37.61046],[127.92253,37.60972],[127.92225,37.60853],[127.92261,37.6057],[127.92464,37.60476],[127.927,37.60415],[127.92754,37.60621],[127.92942,37.60684],[127.93148,37.60848],[127.93319,37.60982],[127.93706,37.60957],[127.93895,37.6093],[127.94104,37.60951],[127.94348,37.60919],[127.94524,37.60878],[127.94688,37.60946],[127.94939,37.61022],[127.95122,37.61114],[127.95121,37.61154],[127.95163,37.61207],[127.95185,37.61331],[127.95221,37.61393],[127.95209,37.61459],[127.95243,37.61514],[127.95231,37.61628],[127.9525,37.61712],[127.95236,37.6178],[127.95401,37.61786],[127.95465,37.61822],[127.95521,37.61839],[127.9555,37.61883],[127.9559,37.61892],[127.95652,37.6195],[127.95725,37.62136],[127.95716,37.62231],[127.95884,37.62388],[127.95953,37.62489],[127.9592,37.62563],[127.95974,37.62612],[127.96013,37.62612],[127.96179,37.62655],[127.96213,37.62642],[127.96238,37.62655],[127.9632,37.6264],[127.96435,37.62603],[127.96469,37.62581],[127.96749,37.62694],[127.96825,37.62869],[127.96855,37.62911],[127.96818,37.62978],[127.96833,37.63065],[127.96802,37.63135],[127.96933,37.63266],[127.96944,37.63311],[127.97012,37.63437],[127.96968,37.63634],[127.96993,37.63665],[127.97002,37.63712],[127.9706,37.63774],[127.97106,37.63786],[127.97121,37.63808],[127.97219,37.63795],[127.97326,37.63778],[127.97413,37.63757],[127.97482,37.63689],[127.97567,37.63621],[127.97641,37.63631],[127.97708,37.63624],[127.97761,37.63578],[127.97792,37.63515],[127.97792,37.63486],[127.97838,37.63462],[127.97929,37.63356],[127.97962,37.63313],[127.97922,37.63233],[127.97928,37.63185],[127.98061,37.63185],[127.98081,37.63132],[127.98261,37.63081],[127.98403,37.63051],[127.98456,37.63021],[127.98611,37.62989],[127.98697,37.62995],[127.98759,37.62991],[127.98786,37.62975],[127.98883,37.62941],[127.99023,37.62853],[127.99145,37.62812],[127.99171,37.6281],[127.99224,37.62777],[127.99262,37.62772],[127.9935,37.62796],[127.99383,37.62797],[127.99575,37.62756],[127.99675,37.62727],[127.99784,37.62685],[128.00025,37.62663],[128.00137,37.62664],[128.00221,37.62688],[128.00329,37.62696],[128.00349,37.6267],[128.00401,37.62655],[128.0059,37.62675],[128.00675,37.62688],[128.00837,37.62692],[128.00977,37.62673],[128.01088,37.62665],[128.01165,37.6265],[128.01215,37.62624],[128.0129,37.62564],[128.01329,37.62518],[128.01322,37.62435],[128.01377,37.62393],[128.01421,37.62369],[128.01402,37.62322],[128.01382,37.62297],[128.01327,37.62265],[128.01292,37.62201],[128.01297,37.62175],[128.01388,37.62056],[128.01402,37.62033],[128.01387,37.61983],[128.01405,37.61884],[128.01384,37.61859],[128.01418,37.61794],[128.01409,37.61762],[128.01407,37.61714],[128.01382,37.61678],[128.01384,37.61623],[128.01369,37.61606],[128.01394,37.61553],[128.01434,37.61541],[128.01444,37.61472],[128.01548,37.61428],[128.01581,37.61402],[128.01667,37.61364],[128.01704,37.61352],[128.0179,37.61336],[128.01963,37.61326],[128.02012,37.61317],[128.02093,37.61356],[128.02132,37.61382],[128.02152,37.61405],[128.02189,37.61423],[128.02196,37.61438],[128.02244,37.61461],[128.02264,37.61479],[128.02299,37.61555],[128.02437,37.61573],[128.0248,37.61619],[128.02466,37.61626],[128.02474,37.61665],[128.02504,37.61691],[128.02508,37.61725],[128.02523,37.61756],[128.02605,37.61788],[128.02633,37.6179],[128.02699,37.61851],[128.02803,37.61868],[128.02828,37.619],[128.0291,37.61968],[128.0293,37.62016],[128.02972,37.62076],[128.02972,37.62098],[128.02999,37.62128],[128.03053,37.62163],[128.03113,37.62223],[128.03123,37.62257],[128.03145,37.62271],[128.03234,37.6226],[128.03312,37.62289],[128.03363,37.62347],[128.03517,37.62421],[128.03536,37.62426],[128.03632,37.62425],[128.03741,37.62415],[128.03877,37.62445],[128.03959,37.62474],[128.03988,37.62491],[128.04089,37.62506],[128.04147,37.6252],[128.04168,37.62534],[128.04332,37.6258],[128.04444,37.62584],[128.04498,37.62639],[128.04558,37.62685],[128.0463,37.62711],[128.04686,37.62715],[128.04707,37.62747],[128.04739,37.6275],[128.04842,37.62779],[128.04932,37.62739],[128.04996,37.62761],[128.04998,37.63104],[128.05111,37.6313],[128.05236,37.63159],[128.05297,37.63244],[128.05386,37.63281],[128.05571,37.63275],[128.05669,37.63295],[128.05794,37.63353],[128.059,37.63414],[128.06114,37.6343],[128.0635,37.6352],[128.06462,37.63542],[128.06628,37.63643],[128.06669,37.63948],[128.06662,37.64013],[128.06707,37.64101],[128.06747,37.64134],[128.06875,37.64157],[128.06903,37.64166],[128.06982,37.64228],[128.07054,37.64252],[128.07101,37.64251],[128.0712,37.64266],[128.07196,37.64291],[128.0724,37.64333],[128.07311,37.6436],[128.07377,37.64373],[128.07458,37.64413],[128.07521,37.64403],[128.07556,37.64424],[128.0756,37.64475],[128.07576,37.64487],[128.07571,37.64527],[128.07668,37.64592],[128.07694,37.6466],[128.07723,37.64717],[128.07764,37.64738],[128.07823,37.64737],[128.07887,37.64782],[128.07864,37.64859],[128.07911,37.64883],[128.07954,37.64918],[128.08002,37.64917],[128.0806,37.64939],[128.08132,37.64945],[128.08194,37.64984],[128.08272,37.65002],[128.08324,37.65043],[128.08353,37.65031],[128.08427,37.65054],[128.08449,37.65037],[128.08557,37.65019],[128.08595,37.65045],[128.0871,37.65081],[128.08724,37.65132],[128.08752,37.65148],[128.08825,37.65168],[128.08863,37.65195],[128.08941,37.65225],[128.08976,37.65229],[128.09053,37.65215],[128.09095,37.65218],[128.09193,37.65261],[128.09233,37.65256],[128.0926,37.65268],[128.093,37.65299],[128.09328,37.65308],[128.09378,37.65297],[128.09413,37.65275],[128.09458,37.65291],[128.09497,37.65294],[128.09586,37.6528],[128.09645,37.65254],[128.09719,37.65241],[128.09761,37.65216],[128.09796,37.65209],[128.09845,37.6516],[128.09831,37.65087],[128.09909,37.65057],[128.09991,37.65043],[128.10049,37.65051],[128.10094,37.65043],[128.10142,37.65045],[128.102,37.65015],[128.10213,37.65015],[128.10408,37.64978],[128.10521,37.65003],[128.10561,37.65016],[128.10616,37.65023],[128.10689,37.65075],[128.10804,37.65084],[128.10938,37.65142],[128.10984,37.65184],[128.11018,37.65241],[128.11058,37.65269],[128.11095,37.6531],[128.11197,37.65381],[128.11332,37.65421],[128.11412,37.65454],[128.11283,37.65527],[128.11162,37.65546],[128.11029,37.65562],[128.10905,37.65591],[128.1081,37.65624],[128.10733,37.65689],[128.10618,37.65826],[128.10588,37.65892],[128.10559,37.65941],[128.10607,37.66009],[128.10643,37.66091],[128.10667,37.66121],[128.10815,37.66235],[128.10842,37.66263],[128.109,37.66301],[128.1105,37.66379],[128.11247,37.66488],[128.11154,37.66634],[128.11182,37.66677],[128.11196,37.66789],[128.112,37.66928],[128.11176,37.67017],[128.11147,37.67074],[128.11168,37.67149],[128.1103,37.67225],[128.10937,37.67252],[128.10883,37.6728],[128.108,37.67312],[128.10727,37.67361],[128.10527,37.67623],[128.10449,37.67625],[128.10292,37.67719],[128.10284,37.67873],[128.10215,37.67988],[128.10171,37.68123],[128.10004,37.68114],[128.09854,37.68225],[128.09835,37.68256],[128.09683,37.6829],[128.09662,37.68364],[128.0971,37.68459],[128.09756,37.68503],[128.09771,37.68622],[128.09853,37.68812],[128.09898,37.68827],[128.09932,37.68949],[128.10025,37.69035],[128.10095,37.69173],[128.10138,37.69215],[128.10158,37.69281],[128.10163,37.69339],[128.10078,37.69467],[128.10033,37.69507],[128.09957,37.69568],[128.09807,37.69649],[128.09752,37.69711],[128.09672,37.69694],[128.09505,37.69787],[128.0938,37.69803],[128.09298,37.6979],[128.09246,37.69826]]]},"properties":{"code":"32510400","name":"영귀미면"}}],"profileId":"gangwon","schemaVersion":2,"dataVersion":"gangwon-2022-563a6bb6162048a7"}
