{"type":"FeatureCollection","features":[{"type":"Feature","geometry":{"type":"Polygon","coordinates":[[[128.04726,37.51682],[128.04663,37.51725],[128.04648,37.51757],[128.04656,37.51809],[128.04654,37.51841],[128.0458,37.5191],[128.04569,37.51993],[128.04574,37.52023],[128.0462,37.52114],[128.04623,37.52187],[128.04638,37.52245],[128.04675,37.52282],[128.04724,37.52296],[128.04744,37.52339],[128.04723,37.52439],[128.04729,37.52464],[128.04692,37.52508],[128.04693,37.52581],[128.04684,37.52605],[128.04761,37.5264],[128.04686,37.52716],[128.04609,37.52777],[128.04578,37.52822],[128.04475,37.52837],[128.04439,37.52833],[128.044,37.52852],[128.04336,37.52849],[128.04265,37.52856],[128.04202,37.52903],[128.04182,37.52944],[128.04124,37.52948],[128.04083,37.53002],[128.04089,37.53072],[128.04013,37.531],[128.03963,37.53222],[128.0393,37.53266],[128.03965,37.53315],[128.03992,37.53391],[128.04009,37.53421],[128.0401,37.5349],[128.03999,37.53518],[128.03959,37.53568],[128.03936,37.53582],[128.03926,37.53609],[128.03883,37.53662],[128.03875,37.53686],[128.03881,37.53719],[128.03812,37.53772],[128.03632,37.5368],[128.03524,37.53673],[128.03408,37.53674],[128.03331,37.53694],[128.03245,37.53761],[128.03211,37.53795],[128.03109,37.5392],[128.03049,37.53955],[128.0304,37.53984],[128.03001,37.54013],[128.02936,37.54051],[128.02784,37.54114],[128.02681,37.54202],[128.02572,37.5434],[128.02539,37.54401],[128.02529,37.54494],[128.02486,37.54608],[128.02449,37.54628],[128.02364,37.5466],[128.02338,37.54663],[128.02262,37.54645],[128.02244,37.54647],[128.02215,37.54674],[128.02308,37.54716],[128.02281,37.54728],[128.02241,37.54787],[128.02192,37.54766],[128.02101,37.54818],[128.02054,37.54816],[128.02018,37.54826],[128.01933,37.54917],[128.01919,37.54972],[128.01897,37.54983],[128.01857,37.54984],[128.01818,37.55017],[128.01781,37.55061],[128.01756,37.55076],[128.01676,37.55092],[128.01655,37.55126],[128.01625,37.55133],[128.01588,37.55075],[128.0156,37.5499],[128.01499,37.54983],[128.01441,37.54957],[128.01405,37.54893],[128.01383,37.54836],[128.01427,37.54795],[128.01466,37.54726],[128.0149,37.54701],[128.01475,37.54671],[128.01527,37.54617],[128.01516,37.54551],[128.0149,37.54536],[128.01483,37.54505],[128.01405,37.54407],[128.01397,37.54345],[128.01398,37.54309],[128.01423,37.54265],[128.01416,37.54216],[128.01402,37.54183],[128.01368,37.54155],[128.01381,37.54059],[128.01533,37.54057],[128.01506,37.53976],[128.0151,37.53858],[128.01471,37.53765],[128.01476,37.53749],[128.01429,37.53649],[128.01346,37.53502],[128.01277,37.53429],[128.01124,37.53309],[128.01092,37.53274],[128.00982,37.53186],[128.00892,37.53099],[128.00834,37.53055],[128.00767,37.53021],[128.00682,37.52941],[128.00594,37.52881],[128.00548,37.52855],[128.00407,37.52786],[128.00362,37.52755],[128.0029,37.52715],[128.00046,37.52557],[127.99917,37.52485],[127.99862,37.52437],[127.99734,37.52359],[127.9968,37.52285],[127.99654,37.52218],[127.99647,37.52184],[127.99729,37.521],[127.99777,37.52078],[127.99877,37.52011],[127.99949,37.51943],[127.99988,37.5188],[128.00056,37.51749],[128.00045,37.51668],[127.99986,37.51604],[127.99772,37.51448],[127.99678,37.51359],[127.99614,37.51218],[127.99595,37.51143],[127.99536,37.51152],[127.99512,37.51174],[127.99414,37.5118],[127.99327,37.51214],[127.99293,37.51148],[127.99131,37.51133],[127.99073,37.51111],[127.99026,37.51026],[127.98929,37.50997],[127.98862,37.50932],[127.98853,37.50878],[127.98766,37.50798],[127.98689,37.50693],[127.98664,37.50683],[127.98625,37.50608],[127.98581,37.50553],[127.98536,37.50552],[127.98517,37.50566],[127.98431,37.50594],[127.98401,37.50632],[127.9834,37.50778],[127.98316,37.50809],[127.98246,37.50841],[127.98186,37.50848],[127.98085,37.50883],[127.9805,37.5093],[127.98032,37.50992],[127.97965,37.51048],[127.97962,37.51062],[127.9787,37.51109],[127.97836,37.51149],[127.97783,37.51183],[127.97661,37.51236],[127.97576,37.5134],[127.97534,37.51345],[127.97482,37.51368],[127.9742,37.51364],[127.97383,37.51429],[127.9734,37.51452],[127.97329,37.51473],[127.97266,37.51525],[127.97101,37.51582],[127.9705,37.51613],[127.97018,37.51643],[127.96948,37.5166],[127.96926,37.51676],[127.9687,37.51692],[127.96773,37.51646],[127.96705,37.51641],[127.96674,37.51697],[127.96553,37.51718],[127.96466,37.51773],[127.96394,37.51743],[127.96358,37.51657],[127.96349,37.51609],[127.96312,37.51577],[127.96286,37.51571],[127.96301,37.51524],[127.96302,37.51466],[127.96288,37.51425],[127.96358,37.5133],[127.96345,37.51297],[127.96225,37.51322],[127.96084,37.51329],[127.96033,37.51351],[127.95921,37.51349],[127.95878,37.51339],[127.95817,37.51349],[127.95795,37.51333],[127.95731,37.51357],[127.95624,37.51377],[127.95577,37.51442],[127.95523,37.51431],[127.95484,37.51455],[127.95452,37.5146],[127.95406,37.51428],[127.95367,37.51415],[127.95284,37.51403],[127.95244,37.51358],[127.95191,37.51357],[127.95176,37.5137],[127.9505,37.514],[127.94944,37.51384],[127.94889,37.5139],[127.94836,37.51359],[127.94781,37.51423],[127.94684,37.51393],[127.94647,37.51436],[127.94553,37.51419],[127.94502,37.51417],[127.94389,37.51423],[127.94356,37.51366],[127.94308,37.51318],[127.94228,37.5131],[127.9417,37.51347],[127.94081,37.51367],[127.94048,37.51387],[127.94041,37.51441],[127.94059,37.51457],[127.94029,37.51471],[127.9395,37.51493],[127.93911,37.51492],[127.93861,37.51518],[127.93843,37.51548],[127.93706,37.51581],[127.93633,37.51588],[127.93553,37.51633],[127.93513,37.51635],[127.93465,37.51624],[127.9344,37.51634],[127.93376,37.51532],[127.93323,37.51499],[127.93287,37.51419],[127.93224,37.51378],[127.93152,37.5136],[127.93117,37.51307],[127.93114,37.51246],[127.93084,37.51217],[127.93089,37.51178],[127.93049,37.51116],[127.93049,37.51062],[127.9303,37.51033],[127.93013,37.5098],[127.92998,37.50956],[127.93011,37.5093],[127.92969,37.50911],[127.92964,37.50888],[127.92968,37.50837],[127.92964,37.50762],[127.92915,37.50691],[127.92953,37.50668],[127.92981,37.5063],[127.93065,37.50601],[127.93095,37.50555],[127.93159,37.50524],[127.93249,37.5044],[127.93282,37.50428],[127.93316,37.50383],[127.93423,37.50376],[127.93451,37.50361],[127.93458,37.50339],[127.93525,37.50284],[127.93618,37.50216],[127.93649,37.50218],[127.93702,37.50194],[127.93766,37.50149],[127.93859,37.50147],[127.93878,37.50132],[127.93967,37.50115],[127.93927,37.50035],[127.93868,37.49935],[127.93872,37.49859],[127.93837,37.49794],[127.93806,37.49626],[127.93712,37.49552],[127.93605,37.49485],[127.93571,37.49477],[127.93561,37.49323],[127.93573,37.49242],[127.93487,37.49195],[127.93443,37.49198],[127.93395,37.49176],[127.93372,37.49144],[127.93352,37.49137],[127.93289,37.49078],[127.93246,37.49046],[127.93268,37.49],[127.93254,37.48949],[127.93287,37.48839],[127.93273,37.4881],[127.93289,37.48705],[127.93333,37.48654],[127.93405,37.48619],[127.93489,37.4861],[127.93509,37.4859],[127.93574,37.4855],[127.93641,37.48456],[127.9372,37.48398],[127.93794,37.48281],[127.93846,37.48251],[127.93825,37.48211],[127.93775,37.48188],[127.93775,37.48147],[127.93807,37.48099],[127.93865,37.48028],[127.93821,37.47958],[127.93768,37.47914],[127.93751,37.47877],[127.93703,37.47711],[127.93711,37.4769],[127.93697,37.47629],[127.9373,37.47595],[127.93753,37.47591],[127.93847,37.47607],[127.93901,37.47555],[127.93934,37.4748],[127.93943,37.47383],[127.93932,37.47348],[127.93962,37.4733],[127.93971,37.47304],[127.93995,37.47275],[127.9402,37.47219],[127.94017,37.47177],[127.9403,37.47122],[127.9405,37.47071],[127.94072,37.47047],[127.94094,37.46996],[127.94121,37.46892],[127.94139,37.46867],[127.94173,37.46846],[127.94197,37.4681],[127.94162,37.46689],[127.94178,37.46668],[127.94226,37.46638],[127.94256,37.4663],[127.94255,37.46596],[127.94305,37.46521],[127.9434,37.46495],[127.94372,37.46445],[127.94386,37.46388],[127.944,37.46287],[127.94434,37.46235],[127.94477,37.46201],[127.94525,37.46179],[127.94556,37.46141],[127.94604,37.46109],[127.94695,37.46028],[127.94718,37.46014],[127.94778,37.45953],[127.9481,37.45911],[127.94828,37.45873],[127.94858,37.45838],[127.94867,37.45723],[127.94884,37.45689],[127.94901,37.45633],[127.9489,37.45583],[127.94904,37.45487],[127.9493,37.45444],[127.95119,37.45443],[127.95171,37.45467],[127.95241,37.45464],[127.95286,37.45494],[127.95328,37.45511],[127.95466,37.45555],[127.95504,37.45544],[127.95518,37.45495],[127.95558,37.45473],[127.95636,37.45409],[127.95687,37.45394],[127.95728,37.45332],[127.95775,37.45319],[127.95805,37.45303],[127.95849,37.45297],[127.95895,37.4532],[127.95907,37.45335],[127.95961,37.45305],[127.96057,37.45328],[127.96112,37.45361],[127.96161,37.45373],[127.96229,37.45374],[127.96272,37.45363],[127.96358,37.45355],[127.96396,37.4534],[127.96394,37.45321],[127.96438,37.45278],[127.96477,37.45256],[127.96467,37.45217],[127.96479,37.45207],[127.96455,37.45173],[127.96498,37.45088],[127.96706,37.45151],[127.96817,37.45187],[127.96884,37.45231],[127.97046,37.45366],[127.97139,37.45458],[127.97276,37.4556],[127.97345,37.45622],[127.97392,37.45693],[127.97427,37.45763],[127.97616,37.45773],[127.97644,37.45768],[127.97652,37.45797],[127.97629,37.45829],[127.97703,37.45848],[127.97749,37.45842],[127.97779,37.45852],[127.97795,37.45832],[127.9782,37.45832],[127.9784,37.45806],[127.97874,37.45822],[127.97912,37.45864],[127.97965,37.45857],[127.98003,37.45862],[127.98087,37.45919],[127.98111,37.45912],[127.98161,37.45936],[127.98188,37.45974],[127.98214,37.45975],[127.98271,37.46019],[127.98291,37.45976],[127.98318,37.4594],[127.98428,37.4591],[127.98456,37.4592],[127.98578,37.45847],[127.98602,37.45841],[127.9865,37.45871],[127.98717,37.45873],[127.98789,37.4589],[127.98816,37.45886],[127.98861,37.45854],[127.9894,37.45851],[127.98983,37.45834],[127.99044,37.45796],[127.99051,37.45776],[127.99097,37.45762],[127.99118,37.45731],[127.99154,37.45718],[127.99209,37.45711],[127.99236,37.45691],[127.9925,37.4564],[127.99342,37.45638],[127.9939,37.45631],[127.99423,37.45616],[127.9949,37.45656],[127.99527,37.45659],[127.99636,37.45657],[127.99659,37.45668],[127.99751,37.45686],[127.99802,37.45657],[127.9989,37.45646],[127.9991,37.45653],[127.99941,37.45634],[127.99974,37.45633],[128.00068,37.45645],[128.00121,37.45644],[128.00188,37.45678],[128.00262,37.45684],[128.00284,37.45662],[128.00344,37.45637],[128.004,37.45589],[128.00484,37.45568],[128.00522,37.4552],[128.00558,37.45441],[128.00579,37.45435],[128.00605,37.45385],[128.00633,37.45373],[128.00653,37.45339],[128.00712,37.45288],[128.00667,37.45244],[128.00712,37.45173],[128.00711,37.45132],[128.00748,37.45093],[128.00697,37.45047],[128.00677,37.45011],[128.00697,37.44979],[128.00779,37.44929],[128.00812,37.44927],[128.00973,37.44974],[128.01013,37.4497],[128.01063,37.44979],[128.01144,37.44958],[128.01202,37.44977],[128.01226,37.44947],[128.01249,37.44879],[128.013,37.44798],[128.01374,37.44756],[128.01388,37.44688],[128.01386,37.44645],[128.0137,37.44617],[128.01378,37.44585],[128.01396,37.44571],[128.01424,37.44525],[128.01469,37.44524],[128.01506,37.44537],[128.01574,37.44534],[128.0164,37.44586],[128.01686,37.44588],[128.01739,37.44565],[128.01788,37.44579],[128.01818,37.44614],[128.01913,37.44598],[128.01941,37.44588],[128.01971,37.44617],[128.01986,37.44666],[128.02011,37.44673],[128.02052,37.44636],[128.02094,37.44626],[128.02127,37.44663],[128.02248,37.4468],[128.02308,37.44699],[128.02351,37.44723],[128.02334,37.44768],[128.02393,37.44799],[128.02422,37.44806],[128.02484,37.44807],[128.02504,37.44833],[128.02564,37.44829],[128.02592,37.44846],[128.02661,37.44842],[128.02741,37.44859],[128.02819,37.44848],[128.02847,37.44828],[128.02886,37.44837],[128.02918,37.4482],[128.02947,37.44831],[128.02969,37.448],[128.02997,37.44787],[128.03055,37.44799],[128.03093,37.4479],[128.03107,37.44764],[128.0315,37.44763],[128.03168,37.44777],[128.0324,37.44777],[128.03263,37.44714],[128.03301,37.44684],[128.03331,37.44646],[128.03358,37.44637],[128.03394,37.44655],[128.03451,37.44647],[128.03485,37.44633],[128.0357,37.44644],[128.03609,37.44638],[128.03717,37.44635],[128.03792,37.4467],[128.03837,37.44712],[128.03736,37.44801],[128.03764,37.44848],[128.03812,37.44886],[128.03861,37.44888],[128.03892,37.4494],[128.03943,37.44948],[128.03961,37.44971],[128.04037,37.44977],[128.0409,37.45086],[128.04087,37.45143],[128.04077,37.4517],[128.04085,37.45207],[128.04113,37.45238],[128.04195,37.4537],[128.04223,37.45461],[128.04278,37.45474],[128.04314,37.45539],[128.04315,37.45596],[128.04334,37.45607],[128.04347,37.45648],[128.04392,37.45666],[128.04361,37.45713],[128.04279,37.45743],[128.04231,37.45824],[128.04224,37.45867],[128.04239,37.45901],[128.04225,37.45933],[128.04158,37.4601],[128.04142,37.46015],[128.04057,37.46072],[128.04051,37.46137],[128.03988,37.46162],[128.03955,37.46197],[128.03914,37.46202],[128.03897,37.46245],[128.03903,37.46301],[128.03917,37.46313],[128.03915,37.46345],[128.03901,37.46366],[128.03838,37.4637],[128.03817,37.46408],[128.03769,37.46441],[128.03723,37.46464],[128.03782,37.46536],[128.03752,37.46559],[128.03762,37.46613],[128.0378,37.46665],[128.03799,37.46688],[128.03776,37.46721],[128.03776,37.46742],[128.03753,37.46753],[128.03745,37.46775],[128.03769,37.46811],[128.0377,37.46838],[128.03789,37.4685],[128.03746,37.46911],[128.03761,37.46939],[128.0373,37.46985],[128.03723,37.47036],[128.03729,37.47073],[128.03682,37.4708],[128.03657,37.47141],[128.03595,37.47149],[128.03578,37.47206],[128.03519,37.4726],[128.03454,37.47243],[128.03375,37.47315],[128.03342,37.47352],[128.03383,37.47421],[128.03398,37.47468],[128.03506,37.47617],[128.03523,37.4765],[128.03529,37.47732],[128.03575,37.47812],[128.03543,37.47879],[128.03558,37.47929],[128.03614,37.47977],[128.03718,37.47985],[128.0374,37.48041],[128.03765,37.48063],[128.03772,37.481],[128.03807,37.48137],[128.03824,37.4818],[128.03847,37.48182],[128.03925,37.48238],[128.0396,37.4827],[128.03916,37.48342],[128.03933,37.48394],[128.0394,37.4844],[128.0392,37.48513],[128.03892,37.48566],[128.04015,37.48609],[128.04038,37.48643],[128.04079,37.48643],[128.04099,37.48586],[128.04223,37.48516],[128.04314,37.48504],[128.04411,37.48479],[128.04512,37.48501],[128.04574,37.48544],[128.04627,37.48635],[128.04562,37.48614],[128.04539,37.48613],[128.04549,37.48673],[128.04563,37.48714],[128.04553,37.48748],[128.04498,37.4877],[128.04493,37.48808],[128.04525,37.48859],[128.04549,37.48882],[128.04521,37.48917],[128.04552,37.49012],[128.04584,37.49031],[128.04538,37.4909],[128.04494,37.49095],[128.04469,37.49079],[128.04441,37.49099],[128.04414,37.49173],[128.04394,37.492],[128.04397,37.49263],[128.04462,37.49294],[128.04451,37.49345],[128.0446,37.49375],[128.04441,37.49433],[128.04423,37.49453],[128.04401,37.49511],[128.04411,37.49533],[128.04399,37.49562],[128.04442,37.49606],[128.04485,37.4962],[128.04568,37.4966],[128.04649,37.49722],[128.04652,37.49794],[128.0468,37.49842],[128.04723,37.4985],[128.04724,37.49878],[128.04768,37.49971],[128.0476,37.5],[128.04779,37.50012],[128.04725,37.50093],[128.047,37.5012],[128.04693,37.50156],[128.04723,37.50173],[128.04717,37.50213],[128.04687,37.50305],[128.04674,37.50331],[128.04679,37.50365],[128.04698,37.50374],[128.04701,37.50408],[128.04732,37.50434],[128.04723,37.50472],[128.0474,37.50582],[128.04751,37.50626],[128.04743,37.5064],[128.04753,37.50675],[128.04777,37.50702],[128.04782,37.50727],[128.04808,37.50744],[128.04817,37.50765],[128.04782,37.50797],[128.04772,37.50825],[128.04785,37.50849],[128.04782,37.50901],[128.04751,37.50941],[128.04739,37.51031],[128.04766,37.51101],[128.04734,37.51121],[128.04703,37.51154],[128.04692,37.51197],[128.04601,37.51192],[128.04552,37.51225],[128.04569,37.51286],[128.04541,37.51368],[128.04554,37.51402],[128.04556,37.51461],[128.04546,37.51493],[128.04614,37.51531],[128.04628,37.51576],[128.04697,37.5164],[128.04726,37.51682]]]},"properties":{"code":"32520110","name":"횡성읍"}},{"type":"Feature","geometry":{"type":"Polygon","coordinates":[[[128.14003,37.52218],[128.14009,37.52256],[128.14028,37.52276],[128.1402,37.523],[128.14051,37.52349],[128.14053,37.52373],[128.1411,37.52442],[128.14132,37.52453],[128.14154,37.52482],[128.14134,37.52515],[128.13997,37.5256],[128.13926,37.52581],[128.13889,37.52606],[128.1379,37.52642],[128.13746,37.52711],[128.13755,37.52762],[128.13666,37.52771],[128.13588,37.52739],[128.13531,37.52744],[128.13521,37.5276],[128.13508,37.52856],[128.13451,37.52883],[128.13424,37.52929],[128.13431,37.52967],[128.13394,37.52983],[128.13371,37.52972],[128.13305,37.52989],[128.13245,37.53029],[128.13154,37.53021],[128.13111,37.53033],[128.13073,37.53025],[128.13044,37.53029],[128.13001,37.53004],[128.12922,37.53029],[128.12814,37.53099],[128.12796,37.53121],[128.12741,37.53144],[128.12706,37.53147],[128.12651,37.53169],[128.126,37.53172],[128.12561,37.53197],[128.12529,37.53168],[128.12516,37.53081],[128.12462,37.53032],[128.12418,37.53024],[128.12421,37.52994],[128.1236,37.52939],[128.12332,37.5293],[128.1232,37.52905],[128.12293,37.5288],[128.12253,37.52867],[128.12199,37.52832],[128.12161,37.52824],[128.12131,37.52796],[128.1208,37.52789],[128.12036,37.52792],[128.11906,37.52811],[128.11878,37.5286],[128.11852,37.52875],[128.11859,37.52893],[128.1183,37.52943],[128.11676,37.5298],[128.11663,37.52997],[128.11614,37.5301],[128.11557,37.53048],[128.11486,37.53081],[128.11408,37.53141],[128.11393,37.53173],[128.11319,37.53151],[128.11227,37.53148],[128.11173,37.5316],[128.11177,37.53098],[128.11163,37.53033],[128.11173,37.52926],[128.11185,37.52872],[128.11197,37.52864],[128.1119,37.52815],[128.11171,37.52772],[128.11124,37.52758],[128.1104,37.52756],[128.11008,37.52738],[128.10962,37.52636],[128.10927,37.52654],[128.10852,37.52657],[128.1083,37.52666],[128.10776,37.52667],[128.10768,37.52623],[128.1079,37.52588],[128.10787,37.52495],[128.10748,37.52456],[128.1074,37.52416],[128.10693,37.52412],[128.10633,37.52384],[128.10585,37.52373],[128.10577,37.52338],[128.10584,37.5231],[128.10551,37.52292],[128.10564,37.52263],[128.10549,37.52208],[128.10495,37.52223],[128.10454,37.52222],[128.10392,37.52189],[128.10279,37.52178],[128.10232,37.52153],[128.10161,37.52186],[128.1015,37.522],[128.10115,37.52195],[128.10034,37.52195],[128.10008,37.52189],[128.09855,37.52219],[128.09723,37.52184],[128.09694,37.5219],[128.09653,37.5217],[128.09542,37.52133],[128.09539,37.52103],[128.09523,37.52087],[128.0943,37.52052],[128.09326,37.52067],[128.09287,37.52048],[128.09207,37.51995],[128.09021,37.5197],[128.08987,37.52059],[128.08917,37.52164],[128.08816,37.52193],[128.08769,37.52214],[128.08751,37.52255],[128.08763,37.52283],[128.08751,37.52324],[128.08758,37.52381],[128.08631,37.52411],[128.08589,37.52455],[128.08511,37.52453],[128.08477,37.52474],[128.08463,37.52507],[128.08392,37.52555],[128.08372,37.52578],[128.0835,37.52578],[128.0831,37.52602],[128.08257,37.52564],[128.08213,37.52562],[128.08154,37.5258],[128.08097,37.52576],[128.08027,37.52511],[128.08015,37.5244],[128.08038,37.52419],[128.08062,37.52346],[128.08065,37.52318],[128.0803,37.52292],[128.08055,37.52233],[128.07994,37.52182],[128.07959,37.52122],[128.07931,37.52116],[128.07924,37.52091],[128.07898,37.52066],[128.07887,37.52034],[128.07903,37.51981],[128.07871,37.51864],[128.07838,37.5185],[128.07803,37.51804],[128.07757,37.51806],[128.07684,37.51775],[128.07651,37.51735],[128.07613,37.5172],[128.07549,37.51656],[128.0753,37.51647],[128.07501,37.51656],[128.07474,37.51624],[128.07393,37.51619],[128.07394,37.51654],[128.0729,37.51678],[128.07242,37.51718],[128.07241,37.51761],[128.07223,37.51803],[128.07236,37.51821],[128.07254,37.51931],[128.07263,37.51953],[128.07225,37.51991],[128.07181,37.51995],[128.07148,37.52009],[128.0708,37.52024],[128.07049,37.52055],[128.06934,37.5206],[128.0687,37.52059],[128.06791,37.52034],[128.06775,37.52048],[128.06715,37.52027],[128.06654,37.52025],[128.06643,37.52034],[128.06556,37.52033],[128.06461,37.52116],[128.06375,37.52136],[128.06357,37.52106],[128.06319,37.52083],[128.06302,37.52086],[128.06258,37.52065],[128.06218,37.51996],[128.06138,37.52025],[128.06116,37.52068],[128.06124,37.52092],[128.06095,37.52156],[128.06043,37.52125],[128.06008,37.52127],[128.0592,37.52096],[128.05891,37.52104],[128.0586,37.52043],[128.05833,37.52014],[128.058,37.51994],[128.05741,37.51999],[128.05717,37.52019],[128.05651,37.52044],[128.05579,37.51993],[128.05553,37.51964],[128.05475,37.51971],[128.05435,37.51962],[128.05419,37.51933],[128.05379,37.51912],[128.0528,37.51942],[128.05244,37.51979],[128.05192,37.52007],[128.05147,37.51998],[128.0508,37.52021],[128.05052,37.52017],[128.05013,37.51988],[128.0503,37.51919],[128.04936,37.51821],[128.04907,37.51815],[128.04867,37.51765],[128.04829,37.51731],[128.04802,37.51726],[128.04733,37.51697],[128.04726,37.51682],[128.04697,37.5164],[128.04628,37.51576],[128.04614,37.51531],[128.04546,37.51493],[128.04556,37.51461],[128.04554,37.51402],[128.04541,37.51368],[128.04569,37.51286],[128.04552,37.51225],[128.04601,37.51192],[128.04692,37.51197],[128.04703,37.51154],[128.04734,37.51121],[128.04766,37.51101],[128.04739,37.51031],[128.04751,37.50941],[128.04782,37.50901],[128.04785,37.50849],[128.04772,37.50825],[128.04782,37.50797],[128.04817,37.50765],[128.04808,37.50744],[128.04782,37.50727],[128.04777,37.50702],[128.04753,37.50675],[128.04743,37.5064],[128.04751,37.50626],[128.0474,37.50582],[128.04723,37.50472],[128.04732,37.50434],[128.04701,37.50408],[128.04698,37.50374],[128.04679,37.50365],[128.04674,37.50331],[128.04687,37.50305],[128.04717,37.50213],[128.04723,37.50173],[128.04693,37.50156],[128.047,37.5012],[128.04725,37.50093],[128.04779,37.50012],[128.0476,37.5],[128.04768,37.49971],[128.04724,37.49878],[128.04723,37.4985],[128.0468,37.49842],[128.04652,37.49794],[128.04649,37.49722],[128.04568,37.4966],[128.04485,37.4962],[128.04442,37.49606],[128.04399,37.49562],[128.04411,37.49533],[128.04401,37.49511],[128.04423,37.49453],[128.04441,37.49433],[128.0446,37.49375],[128.04451,37.49345],[128.04462,37.49294],[128.04397,37.49263],[128.04394,37.492],[128.04414,37.49173],[128.04441,37.49099],[128.04469,37.49079],[128.04494,37.49095],[128.04538,37.4909],[128.04584,37.49031],[128.04552,37.49012],[128.04521,37.48917],[128.04549,37.48882],[128.04525,37.48859],[128.04493,37.48808],[128.04498,37.4877],[128.04553,37.48748],[128.04563,37.48714],[128.04549,37.48673],[128.04539,37.48613],[128.04562,37.48614],[128.04627,37.48635],[128.04574,37.48544],[128.04512,37.48501],[128.04411,37.48479],[128.04314,37.48504],[128.04223,37.48516],[128.04099,37.48586],[128.04079,37.48643],[128.04038,37.48643],[128.04015,37.48609],[128.03892,37.48566],[128.0392,37.48513],[128.0394,37.4844],[128.03933,37.48394],[128.03916,37.48342],[128.0396,37.4827],[128.03925,37.48238],[128.03847,37.48182],[128.03824,37.4818],[128.03807,37.48137],[128.03772,37.481],[128.03765,37.48063],[128.0374,37.48041],[128.03718,37.47985],[128.03614,37.47977],[128.03558,37.47929],[128.03543,37.47879],[128.03575,37.47812],[128.03529,37.47732],[128.03523,37.4765],[128.03506,37.47617],[128.03398,37.47468],[128.03383,37.47421],[128.03342,37.47352],[128.03375,37.47315],[128.03454,37.47243],[128.03519,37.4726],[128.03578,37.47206],[128.03595,37.47149],[128.03657,37.47141],[128.03682,37.4708],[128.03729,37.47073],[128.03723,37.47036],[128.0373,37.46985],[128.03761,37.46939],[128.03746,37.46911],[128.03789,37.4685],[128.0377,37.46838],[128.03769,37.46811],[128.03745,37.46775],[128.03753,37.46753],[128.03776,37.46742],[128.03776,37.46721],[128.03799,37.46688],[128.0378,37.46665],[128.03762,37.46613],[128.03752,37.46559],[128.03782,37.46536],[128.03723,37.46464],[128.03769,37.46441],[128.03817,37.46408],[128.03838,37.4637],[128.03901,37.46366],[128.03915,37.46345],[128.03917,37.46313],[128.03903,37.46301],[128.03897,37.46245],[128.03914,37.46202],[128.03955,37.46197],[128.03988,37.46162],[128.04051,37.46137],[128.04057,37.46072],[128.04142,37.46015],[128.04158,37.4601],[128.04225,37.45933],[128.04239,37.45901],[128.04224,37.45867],[128.04231,37.45824],[128.04279,37.45743],[128.04361,37.45713],[128.04392,37.45666],[128.04347,37.45648],[128.04334,37.45607],[128.04315,37.45596],[128.04314,37.45539],[128.04278,37.45474],[128.04223,37.45461],[128.04195,37.4537],[128.04113,37.45238],[128.04085,37.45207],[128.04077,37.4517],[128.04087,37.45143],[128.0409,37.45086],[128.04037,37.44977],[128.03961,37.44971],[128.03943,37.44948],[128.03892,37.4494],[128.03861,37.44888],[128.03812,37.44886],[128.03764,37.44848],[128.03736,37.44801],[128.03837,37.44712],[128.03852,37.4471],[128.04001,37.44606],[128.04051,37.44598],[128.04114,37.4456],[128.04178,37.44558],[128.04184,37.44528],[128.04158,37.44429],[128.04154,37.44385],[128.04183,37.4436],[128.04227,37.44357],[128.04272,37.44332],[128.04308,37.44338],[128.04408,37.44327],[128.04429,37.44348],[128.04479,37.44365],[128.04629,37.44382],[128.04677,37.44398],[128.0471,37.44397],[128.04736,37.44368],[128.04743,37.44332],[128.0476,37.44306],[128.04844,37.44317],[128.04889,37.44317],[128.04911,37.44296],[128.04961,37.44306],[128.05006,37.44334],[128.05082,37.44349],[128.05155,37.44344],[128.05241,37.44358],[128.05307,37.44358],[128.05378,37.44371],[128.0541,37.44336],[128.05476,37.44359],[128.05502,37.44384],[128.05538,37.44387],[128.05672,37.4445],[128.05701,37.44448],[128.0574,37.4443],[128.05771,37.44473],[128.05832,37.44506],[128.05893,37.44513],[128.05981,37.44451],[128.05938,37.44341],[128.05919,37.44312],[128.05972,37.44301],[128.06115,37.44286],[128.06114,37.44213],[128.06154,37.44208],[128.0621,37.44178],[128.06225,37.44106],[128.06255,37.44087],[128.06266,37.44041],[128.06246,37.43988],[128.06257,37.43972],[128.06232,37.43939],[128.06238,37.4392],[128.06202,37.43888],[128.06187,37.43816],[128.0614,37.43786],[128.06143,37.43763],[128.06202,37.43712],[128.06238,37.4369],[128.06238,37.43653],[128.06198,37.4362],[128.06224,37.4361],[128.06213,37.4358],[128.06346,37.43592],[128.06392,37.43586],[128.06415,37.43566],[128.0644,37.43573],[128.06513,37.43533],[128.06546,37.43527],[128.06598,37.43502],[128.0663,37.43472],[128.06687,37.43442],[128.06785,37.43404],[128.06803,37.43357],[128.06835,37.43334],[128.06887,37.43279],[128.07059,37.43173],[128.07072,37.43124],[128.07118,37.43085],[128.07214,37.43079],[128.07262,37.43064],[128.07294,37.43068],[128.07362,37.43096],[128.07374,37.43086],[128.07425,37.43079],[128.07506,37.43054],[128.0753,37.43007],[128.07653,37.43016],[128.07734,37.42987],[128.07753,37.42972],[128.07795,37.42963],[128.07824,37.42944],[128.07829,37.42923],[128.07888,37.4288],[128.07942,37.42891],[128.07987,37.42862],[128.07994,37.42847],[128.08033,37.42831],[128.08075,37.42795],[128.08173,37.4273],[128.0822,37.42708],[128.0827,37.42693],[128.08424,37.42673],[128.08426,37.42619],[128.08412,37.4258],[128.08396,37.4247],[128.08361,37.42442],[128.08393,37.42388],[128.08478,37.42321],[128.08538,37.42286],[128.0856,37.42246],[128.08605,37.42203],[128.08606,37.42141],[128.08622,37.42111],[128.0859,37.42071],[128.0863,37.4199],[128.08622,37.41978],[128.0865,37.41926],[128.08687,37.41829],[128.08708,37.41756],[128.08755,37.41713],[128.08806,37.41639],[128.08811,37.41587],[128.08843,37.41504],[128.08858,37.41429],[128.08942,37.41343],[128.09004,37.41289],[128.09125,37.41162],[128.09206,37.4114],[128.09276,37.41087],[128.09392,37.41033],[128.09605,37.41024],[128.0963,37.40905],[128.09664,37.40841],[128.09693,37.40833],[128.09707,37.40814],[128.0973,37.40669],[128.09743,37.40636],[128.09795,37.40592],[128.09822,37.40601],[128.09926,37.4061],[128.09977,37.4063],[128.10022,37.40628],[128.10074,37.40604],[128.10109,37.40632],[128.1026,37.4062],[128.10444,37.40684],[128.10485,37.40725],[128.1052,37.40707],[128.10591,37.407],[128.10656,37.40639],[128.10721,37.40599],[128.10743,37.40592],[128.10821,37.40522],[128.1089,37.40524],[128.11006,37.40568],[128.11037,37.40587],[128.11101,37.4061],[128.11147,37.40643],[128.11327,37.40678],[128.11341,37.40722],[128.11369,37.40742],[128.11384,37.40778],[128.11429,37.40832],[128.11435,37.40862],[128.11461,37.40918],[128.11472,37.40975],[128.11493,37.40994],[128.11505,37.41045],[128.11478,37.4108],[128.11482,37.41103],[128.11465,37.41164],[128.11495,37.41219],[128.11471,37.41297],[128.11434,37.41318],[128.1138,37.41328],[128.11358,37.41385],[128.11315,37.41405],[128.1133,37.41447],[128.11328,37.41469],[128.1138,37.41527],[128.11393,37.41567],[128.11367,37.41583],[128.1137,37.41621],[128.11384,37.4163],[128.11395,37.41675],[128.11452,37.4171],[128.11517,37.41699],[128.11601,37.41719],[128.11652,37.41797],[128.11727,37.41801],[128.11737,37.41809],[128.11794,37.41803],[128.1185,37.41782],[128.11984,37.41827],[128.12044,37.41813],[128.12102,37.41836],[128.12181,37.41836],[128.12302,37.41896],[128.1232,37.41902],[128.12385,37.41958],[128.12405,37.41986],[128.12481,37.41997],[128.12496,37.42006],[128.12478,37.42065],[128.12441,37.42103],[128.12471,37.42144],[128.12466,37.42258],[128.12416,37.42294],[128.12381,37.42339],[128.1238,37.42372],[128.12324,37.42406],[128.12354,37.42443],[128.12371,37.42489],[128.12315,37.42557],[128.12304,37.42603],[128.12296,37.42676],[128.12328,37.42681],[128.12379,37.42701],[128.1248,37.42764],[128.125,37.42783],[128.12531,37.4284],[128.12615,37.42883],[128.12632,37.42923],[128.12621,37.43011],[128.12605,37.43066],[128.12674,37.4312],[128.12731,37.43117],[128.12828,37.43178],[128.12846,37.43206],[128.12841,37.43231],[128.12856,37.43256],[128.1285,37.4328],[128.12875,37.43298],[128.12943,37.43305],[128.13005,37.43395],[128.1302,37.4346],[128.13103,37.43513],[128.13218,37.43603],[128.13362,37.43631],[128.1347,37.43656],[128.13514,37.43687],[128.13631,37.43704],[128.13665,37.43751],[128.13665,37.43787],[128.13698,37.43808],[128.13722,37.43847],[128.13756,37.43887],[128.13814,37.43902],[128.13807,37.43998],[128.13867,37.44045],[128.13898,37.44094],[128.13907,37.44135],[128.13884,37.44204],[128.13911,37.44226],[128.13956,37.4423],[128.14009,37.44254],[128.14077,37.4426],[128.14113,37.44273],[128.1413,37.44301],[128.14137,37.44358],[128.14128,37.4438],[128.14085,37.44423],[128.14082,37.4444],[128.14105,37.44472],[128.14096,37.4449],[128.14112,37.44519],[128.14116,37.44596],[128.1408,37.44621],[128.14064,37.44699],[128.1404,37.44778],[128.14043,37.44865],[128.14041,37.44929],[128.13962,37.44949],[128.13947,37.44985],[128.13959,37.45013],[128.14,37.45051],[128.13979,37.45134],[128.14033,37.4519],[128.14042,37.45253],[128.14059,37.45302],[128.14077,37.45313],[128.14099,37.45418],[128.1407,37.45459],[128.14065,37.45481],[128.14012,37.45495],[128.13974,37.45528],[128.13904,37.45538],[128.13795,37.45543],[128.13697,37.45598],[128.13641,37.45585],[128.1359,37.45629],[128.13544,37.4563],[128.13503,37.45673],[128.13458,37.45753],[128.13472,37.45805],[128.1339,37.4581],[128.13345,37.45857],[128.13308,37.45866],[128.13256,37.45836],[128.13221,37.45831],[128.13198,37.45891],[128.13156,37.45914],[128.13128,37.45895],[128.13072,37.45947],[128.1307,37.45999],[128.12961,37.4598],[128.12937,37.46018],[128.1289,37.46018],[128.1283,37.4599],[128.12786,37.45978],[128.1276,37.46007],[128.12714,37.46021],[128.12658,37.46061],[128.12618,37.46103],[128.12559,37.46147],[128.12537,37.4619],[128.12461,37.46232],[128.12413,37.46285],[128.12376,37.46298],[128.12338,37.463],[128.12312,37.46333],[128.12201,37.46398],[128.1218,37.46431],[128.12183,37.46475],[128.12153,37.46527],[128.12127,37.46543],[128.12089,37.46596],[128.12071,37.46652],[128.12092,37.46676],[128.12091,37.46716],[128.12153,37.46762],[128.12174,37.46793],[128.12183,37.46845],[128.1217,37.46892],[128.12103,37.46976],[128.12077,37.46986],[128.11996,37.47049],[128.11997,37.47065],[128.12026,37.47099],[128.12033,37.47133],[128.12063,37.47159],[128.1209,37.472],[128.12137,37.47211],[128.12198,37.47188],[128.1225,37.47155],[128.12317,37.47099],[128.12534,37.47098],[128.12564,37.47117],[128.12648,37.47109],[128.12671,37.47082],[128.12756,37.47039],[128.12889,37.46994],[128.12945,37.46984],[128.13035,37.47],[128.13132,37.46991],[128.13205,37.4701],[128.13151,37.4719],[128.13155,37.4724],[128.13191,37.47274],[128.13194,37.47316],[128.13169,37.47361],[128.13194,37.47404],[128.13165,37.47456],[128.13176,37.47551],[128.13235,37.47587],[128.1329,37.47572],[128.13338,37.47517],[128.13423,37.47495],[128.13478,37.47511],[128.13526,37.47511],[128.13582,37.47468],[128.13772,37.47437],[128.13856,37.47406],[128.13923,37.47472],[128.14025,37.47544],[128.14056,37.47551],[128.14087,37.47534],[128.14137,37.47598],[128.14156,37.47654],[128.14117,37.4769],[128.14113,37.4778],[128.14142,37.47805],[128.14199,37.47789],[128.14241,37.47835],[128.14294,37.47865],[128.14354,37.47889],[128.1438,37.4792],[128.14416,37.4793],[128.14403,37.4798],[128.14469,37.48019],[128.14517,37.48031],[128.14571,37.4808],[128.14622,37.48055],[128.14653,37.48007],[128.14713,37.47954],[128.14741,37.47922],[128.14759,37.47867],[128.14823,37.4784],[128.14911,37.47858],[128.14927,37.47853],[128.14937,37.47811],[128.14969,37.47781],[128.15073,37.47768],[128.15164,37.47729],[128.15212,37.47783],[128.15242,37.47772],[128.1527,37.47804],[128.15384,37.47811],[128.15392,37.47839],[128.15517,37.47972],[128.15558,37.48001],[128.15545,37.48055],[128.15585,37.48097],[128.15707,37.48142],[128.15727,37.48171],[128.15746,37.48171],[128.15835,37.4821],[128.15871,37.48271],[128.15902,37.48298],[128.15907,37.48335],[128.15943,37.48356],[128.15955,37.48384],[128.16024,37.48441],[128.16022,37.48455],[128.16052,37.4851],[128.16105,37.48544],[128.16084,37.48569],[128.1605,37.48636],[128.16034,37.48637],[128.15996,37.48683],[128.15947,37.48716],[128.1594,37.48773],[128.15924,37.4881],[128.15934,37.48844],[128.15898,37.48839],[128.15867,37.48869],[128.15832,37.48874],[128.15804,37.4889],[128.15786,37.48915],[128.15776,37.48955],[128.15801,37.49005],[128.15792,37.4907],[128.15769,37.49097],[128.15765,37.49128],[128.15739,37.49161],[128.15689,37.49149],[128.15606,37.49188],[128.15585,37.49224],[128.15543,37.49265],[128.15509,37.49328],[128.15484,37.49342],[128.15454,37.49411],[128.1546,37.49456],[128.15416,37.495],[128.15341,37.49551],[128.15345,37.49574],[128.15309,37.49599],[128.15322,37.49648],[128.15302,37.49682],[128.153,37.49714],[128.15286,37.4973],[128.1528,37.498],[128.15172,37.49846],[128.15142,37.49863],[128.15118,37.49922],[128.14934,37.49999],[128.14795,37.50024],[128.14754,37.50074],[128.14698,37.50114],[128.14678,37.5016],[128.14645,37.50178],[128.14644,37.50218],[128.14631,37.50241],[128.14563,37.50295],[128.14534,37.50304],[128.1455,37.50343],[128.14551,37.50391],[128.14604,37.50497],[128.14583,37.50566],[128.14547,37.50613],[128.14556,37.50659],[128.14598,37.50713],[128.1457,37.50767],[128.14516,37.50776],[128.14487,37.50772],[128.14446,37.50789],[128.144,37.50818],[128.14394,37.50842],[128.14368,37.50842],[128.1429,37.50859],[128.14285,37.50899],[128.14242,37.5094],[128.14243,37.50973],[128.14199,37.50982],[128.14176,37.51001],[128.14167,37.51032],[128.14117,37.51045],[128.14118,37.51119],[128.14064,37.51133],[128.1405,37.51158],[128.13978,37.51208],[128.13942,37.51238],[128.13895,37.51249],[128.13857,37.51286],[128.13867,37.51326],[128.13839,37.51345],[128.13813,37.51376],[128.13819,37.51429],[128.13848,37.51481],[128.13793,37.51541],[128.13793,37.51586],[128.13813,37.51598],[128.13851,37.51587],[128.13872,37.51604],[128.13853,37.51662],[128.13799,37.51674],[128.13832,37.51742],[128.13855,37.51766],[128.1382,37.51801],[128.13809,37.51833],[128.13816,37.51859],[128.13777,37.5188],[128.13775,37.51915],[128.13802,37.51956],[128.13835,37.5197],[128.13885,37.5203],[128.13913,37.52087],[128.13872,37.52113],[128.13878,37.52148],[128.13849,37.52166],[128.13858,37.52196],[128.13894,37.52212],[128.13939,37.52205],[128.14003,37.52218]]]},"properties":{"code":"32520310","name":"우천면"}},{"type":"Feature","geometry":{"type":"Polygon","coordinates":[[[128.15242,37.47772],[128.15212,37.47783],[128.15164,37.47729],[128.15073,37.47768],[128.14969,37.47781],[128.14937,37.47811],[128.14927,37.47853],[128.14911,37.47858],[128.14823,37.4784],[128.14759,37.47867],[128.14741,37.47922],[128.14713,37.47954],[128.14653,37.48007],[128.14622,37.48055],[128.14571,37.4808],[128.14517,37.48031],[128.14469,37.48019],[128.14403,37.4798],[128.14416,37.4793],[128.1438,37.4792],[128.14354,37.47889],[128.14294,37.47865],[128.14241,37.47835],[128.14199,37.47789],[128.14142,37.47805],[128.14113,37.4778],[128.14117,37.4769],[128.14156,37.47654],[128.14137,37.47598],[128.14087,37.47534],[128.14056,37.47551],[128.14025,37.47544],[128.13923,37.47472],[128.13856,37.47406],[128.13772,37.47437],[128.13582,37.47468],[128.13526,37.47511],[128.13478,37.47511],[128.13423,37.47495],[128.13338,37.47517],[128.1329,37.47572],[128.13235,37.47587],[128.13176,37.47551],[128.13165,37.47456],[128.13194,37.47404],[128.13169,37.47361],[128.13194,37.47316],[128.13191,37.47274],[128.13155,37.4724],[128.13151,37.4719],[128.13205,37.4701],[128.13132,37.46991],[128.13035,37.47],[128.12945,37.46984],[128.12889,37.46994],[128.12756,37.47039],[128.12671,37.47082],[128.12648,37.47109],[128.12564,37.47117],[128.12534,37.47098],[128.12317,37.47099],[128.1225,37.47155],[128.12198,37.47188],[128.12137,37.47211],[128.1209,37.472],[128.12063,37.47159],[128.12033,37.47133],[128.12026,37.47099],[128.11997,37.47065],[128.11996,37.47049],[128.12077,37.46986],[128.12103,37.46976],[128.1217,37.46892],[128.12183,37.46845],[128.12174,37.46793],[128.12153,37.46762],[128.12091,37.46716],[128.12092,37.46676],[128.12071,37.46652],[128.12089,37.46596],[128.12127,37.46543],[128.12153,37.46527],[128.12183,37.46475],[128.1218,37.46431],[128.12201,37.46398],[128.12312,37.46333],[128.12338,37.463],[128.12376,37.46298],[128.12413,37.46285],[128.12461,37.46232],[128.12537,37.4619],[128.12559,37.46147],[128.12618,37.46103],[128.12658,37.46061],[128.12714,37.46021],[128.1276,37.46007],[128.12786,37.45978],[128.1283,37.4599],[128.1289,37.46018],[128.12937,37.46018],[128.12961,37.4598],[128.1307,37.45999],[128.13072,37.45947],[128.13128,37.45895],[128.13156,37.45914],[128.13198,37.45891],[128.13221,37.45831],[128.13256,37.45836],[128.13308,37.45866],[128.13345,37.45857],[128.1339,37.4581],[128.13472,37.45805],[128.13458,37.45753],[128.13503,37.45673],[128.13544,37.4563],[128.1359,37.45629],[128.13641,37.45585],[128.13697,37.45598],[128.13795,37.45543],[128.13904,37.45538],[128.13974,37.45528],[128.14012,37.45495],[128.14065,37.45481],[128.1407,37.45459],[128.14099,37.45418],[128.14077,37.45313],[128.14059,37.45302],[128.14042,37.45253],[128.14033,37.4519],[128.13979,37.45134],[128.14,37.45051],[128.13959,37.45013],[128.13947,37.44985],[128.13962,37.44949],[128.14041,37.44929],[128.14043,37.44865],[128.1404,37.44778],[128.14064,37.44699],[128.1408,37.44621],[128.14116,37.44596],[128.14112,37.44519],[128.14096,37.4449],[128.14105,37.44472],[128.14082,37.4444],[128.14085,37.44423],[128.14128,37.4438],[128.14137,37.44358],[128.1413,37.44301],[128.14113,37.44273],[128.14077,37.4426],[128.14009,37.44254],[128.13956,37.4423],[128.13911,37.44226],[128.13884,37.44204],[128.13907,37.44135],[128.13898,37.44094],[128.13867,37.44045],[128.13807,37.43998],[128.13814,37.43902],[128.13756,37.43887],[128.13722,37.43847],[128.13698,37.43808],[128.13665,37.43787],[128.13665,37.43751],[128.13631,37.43704],[128.13514,37.43687],[128.1347,37.43656],[128.13362,37.43631],[128.13218,37.43603],[128.13103,37.43513],[128.1302,37.4346],[128.13005,37.43395],[128.12943,37.43305],[128.12875,37.43298],[128.1285,37.4328],[128.12856,37.43256],[128.12841,37.43231],[128.12846,37.43206],[128.12828,37.43178],[128.12731,37.43117],[128.12674,37.4312],[128.12605,37.43066],[128.12621,37.43011],[128.12632,37.42923],[128.12615,37.42883],[128.12531,37.4284],[128.125,37.42783],[128.1248,37.42764],[128.12379,37.42701],[128.12328,37.42681],[128.12296,37.42676],[128.12304,37.42603],[128.12315,37.42557],[128.12371,37.42489],[128.12354,37.42443],[128.12324,37.42406],[128.1238,37.42372],[128.12381,37.42339],[128.12416,37.42294],[128.12466,37.42258],[128.12471,37.42144],[128.12441,37.42103],[128.12478,37.42065],[128.12496,37.42006],[128.12481,37.41997],[128.12405,37.41986],[128.12385,37.41958],[128.1232,37.41902],[128.12302,37.41896],[128.12181,37.41836],[128.12102,37.41836],[128.12044,37.41813],[128.11984,37.41827],[128.1185,37.41782],[128.11794,37.41803],[128.11737,37.41809],[128.11727,37.41801],[128.11652,37.41797],[128.11601,37.41719],[128.11517,37.41699],[128.11452,37.4171],[128.11395,37.41675],[128.11384,37.4163],[128.1137,37.41621],[128.11367,37.41583],[128.11393,37.41567],[128.1138,37.41527],[128.11328,37.41469],[128.1133,37.41447],[128.11315,37.41405],[128.11358,37.41385],[128.1138,37.41328],[128.11434,37.41318],[128.11471,37.41297],[128.11495,37.41219],[128.11465,37.41164],[128.11482,37.41103],[128.11478,37.4108],[128.11505,37.41045],[128.11493,37.40994],[128.11472,37.40975],[128.11461,37.40918],[128.11435,37.40862],[128.11429,37.40832],[128.11384,37.40778],[128.11369,37.40742],[128.11341,37.40722],[128.11327,37.40678],[128.11147,37.40643],[128.11101,37.4061],[128.11037,37.40587],[128.11006,37.40568],[128.1089,37.40524],[128.10821,37.40522],[128.10743,37.40592],[128.10721,37.40599],[128.10656,37.40639],[128.10591,37.407],[128.1052,37.40707],[128.10485,37.40725],[128.10444,37.40684],[128.1026,37.4062],[128.10109,37.40632],[128.10074,37.40604],[128.10022,37.40628],[128.09977,37.4063],[128.09926,37.4061],[128.09822,37.40601],[128.09795,37.40592],[128.09825,37.40436],[128.0986,37.4038],[128.09905,37.40348],[128.09948,37.40306],[128.09997,37.40234],[128.09992,37.40157],[128.09996,37.40106],[128.10022,37.4007],[128.10035,37.39982],[128.1005,37.39968],[128.10116,37.3988],[128.10122,37.39838],[128.1015,37.39798],[128.10235,37.39723],[128.10241,37.39662],[128.10276,37.3963],[128.10346,37.39589],[128.10351,37.39569],[128.10387,37.39568],[128.10468,37.39515],[128.10485,37.39482],[128.10594,37.39437],[128.10643,37.39462],[128.10733,37.39443],[128.10787,37.39402],[128.10805,37.39402],[128.10818,37.39366],[128.10855,37.39325],[128.10861,37.3928],[128.10931,37.39268],[128.10987,37.39221],[128.11051,37.39191],[128.11149,37.39161],[128.11171,37.39195],[128.11427,37.39158],[128.11463,37.39173],[128.11565,37.39193],[128.11622,37.39185],[128.11726,37.39156],[128.11793,37.39133],[128.11854,37.39103],[128.11895,37.39092],[128.11941,37.39041],[128.1194,37.39023],[128.11974,37.39],[128.11996,37.38997],[128.12036,37.3901],[128.12065,37.39001],[128.12184,37.3906],[128.12244,37.3912],[128.1228,37.3913],[128.12318,37.39206],[128.12344,37.39216],[128.12427,37.39281],[128.12479,37.39247],[128.12504,37.39247],[128.12537,37.39211],[128.12602,37.39191],[128.1268,37.39118],[128.12729,37.39107],[128.12777,37.39068],[128.12991,37.3907],[128.13041,37.39029],[128.13061,37.38925],[128.13107,37.38897],[128.13108,37.38843],[128.13198,37.38746],[128.13271,37.38744],[128.13295,37.38735],[128.1336,37.3866],[128.13412,37.38629],[128.13441,37.38576],[128.13489,37.38574],[128.13537,37.38545],[128.13567,37.38488],[128.1365,37.38429],[128.13716,37.3835],[128.13771,37.38306],[128.13896,37.38309],[128.13964,37.38258],[128.13979,37.38259],[128.14039,37.38189],[128.14072,37.38173],[128.14097,37.38129],[128.14141,37.38155],[128.14189,37.38192],[128.14379,37.3825],[128.14488,37.38255],[128.14526,37.38262],[128.14585,37.38203],[128.14585,37.38192],[128.14625,37.38167],[128.14676,37.38167],[128.14728,37.38193],[128.14828,37.38219],[128.14872,37.38217],[128.15039,37.38303],[128.15271,37.38388],[128.15328,37.38397],[128.15399,37.38366],[128.15465,37.38357],[128.15574,37.38324],[128.15698,37.38337],[128.15839,37.38395],[128.15884,37.38368],[128.16013,37.38268],[128.16049,37.38244],[128.16123,37.38121],[128.16177,37.38095],[128.1623,37.38051],[128.16285,37.38017],[128.16403,37.37969],[128.16442,37.37907],[128.16515,37.37887],[128.16537,37.37794],[128.1658,37.37688],[128.16597,37.37691],[128.16639,37.37655],[128.16781,37.37678],[128.16879,37.37786],[128.16932,37.37767],[128.17104,37.37768],[128.17207,37.37754],[128.17293,37.37753],[128.17344,37.3779],[128.1738,37.37824],[128.1747,37.37811],[128.17518,37.37815],[128.17554,37.37807],[128.17629,37.37884],[128.17697,37.37919],[128.17723,37.37949],[128.17864,37.37968],[128.17898,37.38018],[128.17962,37.38023],[128.18007,37.38056],[128.18028,37.38087],[128.1807,37.38098],[128.18119,37.38186],[128.18078,37.38226],[128.18059,37.38258],[128.18011,37.38295],[128.18027,37.38338],[128.18006,37.3839],[128.17985,37.38411],[128.17964,37.38509],[128.17928,37.38586],[128.17968,37.38642],[128.1799,37.38685],[128.17981,37.38723],[128.18001,37.38763],[128.1807,37.38806],[128.18135,37.3882],[128.18225,37.38872],[128.18274,37.38963],[128.18342,37.38992],[128.18419,37.39012],[128.18448,37.39054],[128.18484,37.39091],[128.18498,37.39188],[128.18491,37.39241],[128.18523,37.3927],[128.18559,37.39286],[128.18609,37.39265],[128.18669,37.39276],[128.18744,37.39282],[128.1876,37.39259],[128.18828,37.39215],[128.18902,37.39153],[128.19023,37.39128],[128.19119,37.39129],[128.19223,37.39116],[128.193,37.39006],[128.19335,37.38979],[128.19346,37.39032],[128.19583,37.39078],[128.19706,37.39094],[128.19827,37.3909],[128.20061,37.39097],[128.20159,37.39137],[128.20208,37.39183],[128.20281,37.39264],[128.2037,37.39289],[128.20458,37.39368],[128.20716,37.39465],[128.20736,37.39477],[128.20811,37.39499],[128.2105,37.3947],[128.21139,37.39448],[128.21324,37.39392],[128.21359,37.39323],[128.21395,37.39286],[128.21576,37.39286],[128.21641,37.39308],[128.21808,37.39351],[128.22032,37.3942],[128.22075,37.39423],[128.22136,37.3941],[128.22223,37.39352],[128.22326,37.39334],[128.22404,37.39299],[128.22525,37.39251],[128.22654,37.39142],[128.22841,37.39006],[128.22926,37.38969],[128.2297,37.38975],[128.23109,37.38975],[128.23157,37.38982],[128.23265,37.38982],[128.23307,37.38959],[128.23416,37.38929],[128.23443,37.38907],[128.23492,37.38846],[128.23591,37.38816],[128.23618,37.38794],[128.23846,37.38933],[128.23981,37.39049],[128.24014,37.3906],[128.24093,37.3913],[128.24163,37.3924],[128.24242,37.39318],[128.24297,37.39391],[128.24321,37.3943],[128.24381,37.39484],[128.24411,37.39527],[128.2447,37.39562],[128.24573,37.39533],[128.24639,37.39506],[128.24716,37.39486],[128.24798,37.3944],[128.24863,37.39367],[128.24962,37.39367],[128.25028,37.39373],[128.25065,37.39388],[128.25163,37.39348],[128.25215,37.39346],[128.25248,37.39354],[128.25379,37.39324],[128.25427,37.39402],[128.25481,37.39448],[128.25537,37.39507],[128.25543,37.39533],[128.25593,37.39579],[128.25615,37.39676],[128.25725,37.3981],[128.25775,37.39942],[128.2576,37.40058],[128.25779,37.4015],[128.25761,37.40179],[128.25837,37.40338],[128.25847,37.40396],[128.25915,37.40507],[128.25969,37.40574],[128.26054,37.40649],[128.26079,37.40652],[128.26209,37.40688],[128.26276,37.40711],[128.26366,37.40716],[128.26442,37.40795],[128.26548,37.40844],[128.26503,37.40869],[128.26486,37.40963],[128.26429,37.41043],[128.26424,37.4109],[128.26347,37.41148],[128.26312,37.41166],[128.26258,37.413],[128.26169,37.41403],[128.26118,37.41489],[128.26107,37.41543],[128.26088,37.41574],[128.2607,37.41632],[128.2592,37.41688],[128.25867,37.42019],[128.25837,37.42095],[128.25784,37.42165],[128.25815,37.42243],[128.25798,37.4228],[128.25831,37.42319],[128.25788,37.42403],[128.2569,37.42452],[128.25608,37.42585],[128.25577,37.42623],[128.25562,37.42629],[128.25501,37.42676],[128.25464,37.42747],[128.25429,37.42786],[128.25409,37.42796],[128.25413,37.42828],[128.25435,37.4288],[128.25487,37.42918],[128.25514,37.4295],[128.2562,37.42958],[128.25613,37.43005],[128.25599,37.4303],[128.25625,37.43074],[128.25633,37.43178],[128.2559,37.43241],[128.25603,37.43352],[128.25657,37.43388],[128.25676,37.43484],[128.25716,37.43557],[128.25701,37.43598],[128.25742,37.43656],[128.2576,37.43756],[128.25778,37.43813],[128.25773,37.4385],[128.25719,37.43882],[128.25691,37.43928],[128.25574,37.43993],[128.25426,37.44069],[128.25347,37.44077],[128.25243,37.44108],[128.25195,37.44112],[128.25132,37.4409],[128.2506,37.44091],[128.24966,37.44079],[128.24898,37.44083],[128.24865,37.44103],[128.24816,37.44167],[128.24767,37.44201],[128.24779,37.44233],[128.24756,37.44307],[128.24728,37.44351],[128.24707,37.44495],[128.24657,37.44525],[128.24628,37.44599],[128.24672,37.44696],[128.24658,37.44787],[128.24651,37.44877],[128.24598,37.4502],[128.24588,37.451],[128.24562,37.45125],[128.24542,37.45173],[128.2457,37.45226],[128.24607,37.45324],[128.24579,37.45347],[128.24496,37.45396],[128.24475,37.45453],[128.24373,37.45432],[128.24207,37.45435],[128.24117,37.45471],[128.23975,37.45506],[128.23965,37.45478],[128.23799,37.45329],[128.23715,37.45261],[128.23649,37.45255],[128.23616,37.45262],[128.23541,37.45264],[128.23455,37.45251],[128.23264,37.45233],[128.232,37.45243],[128.23128,37.45236],[128.23026,37.45295],[128.22969,37.45285],[128.22889,37.45293],[128.22833,37.45289],[128.2276,37.45342],[128.22724,37.45382],[128.22665,37.45407],[128.22599,37.45408],[128.22566,37.45431],[128.22407,37.45369],[128.22348,37.45328],[128.22283,37.45344],[128.22255,37.45364],[128.22128,37.45373],[128.21976,37.45305],[128.21929,37.45352],[128.21853,37.45359],[128.21806,37.45374],[128.21778,37.45414],[128.21702,37.45365],[128.21675,37.45341],[128.21606,37.45307],[128.2158,37.4525],[128.21476,37.4525],[128.21375,37.45173],[128.21343,37.45164],[128.2129,37.45136],[128.21174,37.45147],[128.2115,37.45165],[128.21051,37.45168],[128.21002,37.45188],[128.20938,37.45167],[128.20906,37.45163],[128.20861,37.45132],[128.20816,37.45136],[128.20751,37.45121],[128.20672,37.4509],[128.20652,37.45026],[128.20623,37.44992],[128.20507,37.44984],[128.20493,37.44949],[128.20464,37.44923],[128.20401,37.44922],[128.20315,37.44932],[128.20197,37.44907],[128.20133,37.44872],[128.20086,37.44886],[128.20029,37.44927],[128.19925,37.44921],[128.19843,37.44943],[128.19804,37.44928],[128.19675,37.44993],[128.19527,37.45026],[128.1941,37.45055],[128.19299,37.45143],[128.19231,37.45201],[128.19101,37.45269],[128.19046,37.45332],[128.19025,37.45338],[128.1897,37.4537],[128.18867,37.45414],[128.18842,37.45451],[128.18767,37.45504],[128.18736,37.45521],[128.18702,37.45519],[128.1866,37.4553],[128.18552,37.45591],[128.18508,37.45601],[128.18442,37.45591],[128.1842,37.4561],[128.18351,37.45614],[128.18311,37.4563],[128.18186,37.45627],[128.1816,37.45651],[128.18176,37.45677],[128.18148,37.45697],[128.18128,37.45727],[128.18098,37.45716],[128.18082,37.45756],[128.18081,37.45802],[128.18102,37.45823],[128.18134,37.45935],[128.18138,37.45978],[128.18112,37.46057],[128.18115,37.4613],[128.1816,37.46166],[128.18146,37.46224],[128.18104,37.46289],[128.18108,37.46323],[128.18072,37.46361],[128.18078,37.46461],[128.18046,37.46498],[128.18057,37.46534],[128.18091,37.46558],[128.18131,37.46601],[128.1812,37.46672],[128.18079,37.46726],[128.18095,37.46781],[128.18143,37.46794],[128.18247,37.46806],[128.18247,37.4687],[128.18262,37.46912],[128.18231,37.46933],[128.18208,37.46976],[128.18133,37.47023],[128.18054,37.47037],[128.18029,37.47108],[128.17974,37.47117],[128.17948,37.47146],[128.17945,37.47185],[128.17922,37.47261],[128.17881,37.47298],[128.17791,37.4729],[128.17758,37.47338],[128.17699,37.4736],[128.17671,37.47407],[128.1765,37.47481],[128.17594,37.47517],[128.1759,37.4756],[128.17536,37.47575],[128.17468,37.47603],[128.17393,37.47589],[128.17335,37.47626],[128.17261,37.47624],[128.17222,37.47638],[128.17202,37.47673],[128.17171,37.4769],[128.17141,37.47676],[128.17074,37.47706],[128.16999,37.47674],[128.16952,37.47676],[128.16866,37.47641],[128.168,37.47584],[128.16689,37.47574],[128.16687,37.47526],[128.16633,37.47479],[128.16623,37.47446],[128.16551,37.47396],[128.16518,37.4736],[128.16493,37.47292],[128.16523,37.47199],[128.16485,37.47177],[128.16452,37.4718],[128.16399,37.47227],[128.16328,37.47245],[128.16277,37.47271],[128.16217,37.47288],[128.16165,37.47326],[128.16082,37.47281],[128.16026,37.47279],[128.15992,37.47287],[128.15973,37.47249],[128.15869,37.47218],[128.15884,37.47192],[128.15875,37.47093],[128.15855,37.47069],[128.15804,37.47034],[128.15751,37.47056],[128.15697,37.47057],[128.15658,37.47087],[128.15641,37.47136],[128.15539,37.47142],[128.15474,37.47133],[128.1544,37.47105],[128.1533,37.47072],[128.15314,37.47117],[128.15292,37.47132],[128.15285,37.47179],[128.15255,37.47216],[128.15224,37.47238],[128.15263,37.47263],[128.15299,37.47249],[128.15353,37.47302],[128.1536,37.47362],[128.15407,37.47399],[128.1541,37.47454],[128.15401,37.47495],[128.15355,37.47511],[128.1531,37.47559],[128.15288,37.47574],[128.15283,37.47675],[128.15262,37.47734],[128.15242,37.47772]]]},"properties":{"code":"32520320","name":"안흥면"}},{"type":"Feature","geometry":{"type":"Polygon","coordinates":[[[128.2539,37.62737],[128.25388,37.62736],[128.25386,37.62631],[128.25461,37.6248],[128.25542,37.62334],[128.25543,37.62281],[128.25633,37.62147],[128.25569,37.61981],[128.25674,37.61633],[128.25661,37.61477],[128.25628,37.61392],[128.25588,37.61302],[128.25571,37.61286],[128.25603,37.61265],[128.25606,37.61204],[128.25556,37.61193],[128.25539,37.61222],[128.25491,37.61088],[128.25481,37.61019],[128.25404,37.60905],[128.25403,37.60888],[128.25421,37.60828],[128.25417,37.60759],[128.25391,37.60722],[128.25369,37.6067],[128.25348,37.60547],[128.25305,37.6049],[128.25325,37.60419],[128.25282,37.60341],[128.25239,37.60337],[128.25139,37.60285],[128.25106,37.60282],[128.2506,37.60266],[128.25044,37.60241],[128.24971,37.60152],[128.24971,37.60094],[128.24933,37.6006],[128.24912,37.60015],[128.24864,37.59993],[128.24866,37.59876],[128.24838,37.59832],[128.24739,37.59764],[128.24671,37.59737],[128.24647,37.59695],[128.24576,37.59623],[128.24539,37.59619],[128.24472,37.59601],[128.2444,37.59586],[128.24455,37.59557],[128.24421,37.59533],[128.24398,37.59503],[128.24321,37.59449],[128.24303,37.59397],[128.24335,37.59341],[128.24299,37.59321],[128.24338,37.59283],[128.24405,37.59282],[128.24442,37.59293],[128.24466,37.59286],[128.24555,37.59289],[128.24569,37.5928],[128.24632,37.59272],[128.24678,37.59303],[128.24686,37.59324],[128.24734,37.59316],[128.24759,37.59348],[128.24896,37.59455],[128.24948,37.59484],[128.25087,37.59529],[128.25104,37.5951],[128.25143,37.59536],[128.25279,37.59388],[128.25331,37.59269],[128.25487,37.59173],[128.25628,37.5907],[128.25644,37.59055],[128.25656,37.59014],[128.25699,37.58955],[128.25729,37.58892],[128.25785,37.58845],[128.25798,37.58609],[128.25742,37.58531],[128.25718,37.58463],[128.25618,37.58404],[128.25525,37.584],[128.25463,37.58359],[128.25347,37.5831],[128.25279,37.58256],[128.25194,37.58204],[128.25106,37.58162],[128.25071,37.58157],[128.24995,37.58162],[128.24969,37.58187],[128.24868,37.58197],[128.24824,37.58219],[128.24726,37.58181],[128.24686,37.58178],[128.24656,37.58163],[128.24576,37.58157],[128.2452,37.58135],[128.24428,37.58121],[128.24386,37.58095],[128.24336,37.5811],[128.24299,37.58174],[128.24256,37.58208],[128.2423,37.58219],[128.24155,37.58188],[128.24084,37.58176],[128.24005,37.5817],[128.23923,37.5821],[128.23894,37.58207],[128.23863,37.58163],[128.23764,37.58174],[128.23753,37.58198],[128.23726,37.58218],[128.23707,37.58259],[128.23648,37.58254],[128.23527,37.58219],[128.2345,37.58219],[128.23386,37.58204],[128.23359,37.58225],[128.23304,37.5823],[128.2323,37.58216],[128.23161,37.58181],[128.23118,37.58141],[128.23114,37.5808],[128.23118,37.58018],[128.23095,37.57996],[128.23048,37.58002],[128.23023,37.57977],[128.23055,37.57945],[128.2304,37.57848],[128.2303,37.57817],[128.23008,37.57805],[128.22987,37.57762],[128.23026,37.57706],[128.23079,37.57676],[128.23037,37.57576],[128.23003,37.57557],[128.22973,37.57561],[128.22944,37.57544],[128.22937,37.57457],[128.22901,37.57431],[128.22941,37.57398],[128.22923,37.57349],[128.22877,37.5732],[128.22865,37.57287],[128.22909,37.57249],[128.22879,37.57176],[128.22848,37.57157],[128.22843,37.57108],[128.2282,37.57053],[128.22787,37.57029],[128.22733,37.57036],[128.22707,37.57054],[128.22704,37.57095],[128.22584,37.57055],[128.22547,37.57036],[128.22503,37.57051],[128.22473,37.57042],[128.22362,37.57078],[128.22323,37.57096],[128.22242,37.57084],[128.22237,37.57067],[128.22165,37.57033],[128.22162,37.57014],[128.22124,37.56983],[128.22094,37.5692],[128.22067,37.56794],[128.21982,37.5677],[128.21977,37.56733],[128.21894,37.56711],[128.21863,37.56645],[128.21812,37.56622],[128.21854,37.56582],[128.21827,37.56526],[128.21826,37.56485],[128.21838,37.56457],[128.21826,37.56405],[128.21839,37.56365],[128.21804,37.56331],[128.21804,37.56245],[128.21741,37.56081],[128.2174,37.56065],[128.21779,37.56039],[128.21762,37.55984],[128.21705,37.55994],[128.21616,37.55848],[128.21606,37.55795],[128.21621,37.55766],[128.21626,37.55628],[128.21618,37.55544],[128.21596,37.555],[128.21512,37.55522],[128.21455,37.55527],[128.21413,37.55543],[128.21392,37.55522],[128.2138,37.55478],[128.21387,37.55466],[128.21305,37.55406],[128.21289,37.55345],[128.21261,37.5528],[128.21203,37.55214],[128.21145,37.55185],[128.21117,37.55163],[128.2108,37.55158],[128.21043,37.55175],[128.20986,37.55188],[128.20937,37.55182],[128.20917,37.55116],[128.20879,37.55101],[128.20847,37.55099],[128.20788,37.55069],[128.20731,37.5495],[128.20735,37.54913],[128.20764,37.54875],[128.20789,37.54868],[128.20838,37.54833],[128.20867,37.5483],[128.20876,37.54733],[128.20868,37.54694],[128.20835,37.54669],[128.20833,37.5457],[128.20807,37.5452],[128.20847,37.54474],[128.2086,37.54445],[128.20855,37.54365],[128.20864,37.54343],[128.20902,37.54326],[128.20972,37.54341],[128.20988,37.54317],[128.20992,37.54282],[128.20951,37.54251],[128.20901,37.54259],[128.20855,37.54241],[128.20808,37.54235],[128.20753,37.54154],[128.20748,37.54101],[128.20723,37.54087],[128.20664,37.54019],[128.20598,37.54004],[128.20562,37.53976],[128.20466,37.53985],[128.20451,37.53994],[128.20375,37.53992],[128.20347,37.53969],[128.20333,37.53939],[128.20256,37.5393],[128.20226,37.53908],[128.20171,37.5384],[128.20101,37.53841],[128.20073,37.53815],[128.19999,37.53797],[128.19982,37.53762],[128.19958,37.53685],[128.19942,37.53613],[128.19877,37.53572],[128.19838,37.53533],[128.19812,37.5352],[128.19803,37.53449],[128.19783,37.53426],[128.19723,37.53397],[128.19685,37.53405],[128.19593,37.5338],[128.19524,37.5335],[128.19476,37.5332],[128.19402,37.53308],[128.19337,37.53286],[128.19255,37.53312],[128.19169,37.5326],[128.19154,37.53147],[128.1917,37.53111],[128.19187,37.53099],[128.19205,37.53044],[128.19159,37.52996],[128.19145,37.52972],[128.19165,37.52951],[128.19142,37.52873],[128.19111,37.52847],[128.191,37.52821],[128.19071,37.52786],[128.19095,37.52747],[128.19087,37.52702],[128.19074,37.52686],[128.19101,37.52627],[128.19077,37.52529],[128.1908,37.52498],[128.19126,37.52484],[128.19127,37.52463],[128.19165,37.52449],[128.19154,37.52421],[128.19156,37.52365],[128.19256,37.52316],[128.19307,37.52316],[128.19388,37.52274],[128.19438,37.52234],[128.19423,37.52183],[128.19484,37.5215],[128.19481,37.52094],[128.19432,37.52035],[128.19447,37.52001],[128.19441,37.51977],[128.19456,37.5195],[128.19454,37.519],[128.19408,37.51857],[128.19372,37.51782],[128.19328,37.51756],[128.193,37.51751],[128.19272,37.5171],[128.19245,37.51691],[128.19226,37.51698],[128.19189,37.51671],[128.1915,37.51631],[128.19119,37.5163],[128.19047,37.51589],[128.19007,37.51553],[128.18999,37.51515],[128.1895,37.51491],[128.18945,37.51461],[128.18909,37.51427],[128.18855,37.51398],[128.18821,37.51389],[128.18777,37.51331],[128.18736,37.5129],[128.18708,37.51277],[128.18675,37.5128],[128.18595,37.51238],[128.18568,37.51208],[128.18526,37.51187],[128.1852,37.51133],[128.1853,37.51104],[128.18523,37.51043],[128.18501,37.51032],[128.18487,37.51007],[128.18493,37.50916],[128.18481,37.50859],[128.18488,37.50803],[128.18456,37.5076],[128.18377,37.50713],[128.18322,37.50743],[128.18286,37.5073],[128.18124,37.5074],[128.1809,37.50733],[128.18051,37.50754],[128.18028,37.50745],[128.17925,37.5075],[128.17858,37.50718],[128.17829,37.50717],[128.17807,37.50698],[128.17755,37.50689],[128.17679,37.50724],[128.17661,37.50759],[128.17632,37.50788],[128.17642,37.50826],[128.17603,37.50825],[128.17551,37.50784],[128.17479,37.50772],[128.17439,37.50748],[128.17377,37.50795],[128.17317,37.50789],[128.17315,37.50736],[128.17274,37.50706],[128.17223,37.50683],[128.17142,37.50694],[128.17142,37.50643],[128.17102,37.50608],[128.17031,37.50607],[128.16983,37.50623],[128.16952,37.50655],[128.16905,37.50715],[128.1684,37.50773],[128.1681,37.50789],[128.16748,37.50785],[128.16697,37.5081],[128.16695,37.50826],[128.16628,37.5086],[128.16597,37.50861],[128.16537,37.5091],[128.16492,37.50926],[128.16445,37.50923],[128.16396,37.50908],[128.16341,37.50902],[128.16311,37.50915],[128.16273,37.50902],[128.16229,37.50909],[128.16193,37.50879],[128.16151,37.50902],[128.16125,37.50936],[128.16099,37.50942],[128.16086,37.50968],[128.16004,37.50969],[128.15979,37.50962],[128.15955,37.50934],[128.15913,37.50922],[128.15904,37.50994],[128.15928,37.51015],[128.15923,37.51063],[128.15864,37.51035],[128.15818,37.51024],[128.15756,37.51057],[128.15741,37.51106],[128.15717,37.51102],[128.15648,37.51108],[128.1563,37.51083],[128.15574,37.51091],[128.15542,37.51075],[128.15503,37.51072],[128.15391,37.5109],[128.15389,37.51106],[128.15336,37.51123],[128.15337,37.51147],[128.15209,37.51208],[128.15166,37.51213],[128.15113,37.51258],[128.15111,37.51282],[128.15082,37.51305],[128.15075,37.51389],[128.15084,37.51419],[128.1502,37.51441],[128.15006,37.51489],[128.14926,37.51565],[128.14878,37.51585],[128.14835,37.5159],[128.14802,37.51526],[128.14783,37.51455],[128.14752,37.51428],[128.14717,37.51412],[128.14592,37.51415],[128.14537,37.5145],[128.1452,37.51501],[128.14477,37.51546],[128.14423,37.51573],[128.14407,37.51565],[128.14354,37.51582],[128.14309,37.51607],[128.14271,37.51646],[128.14203,37.51696],[128.14181,37.51783],[128.14205,37.51801],[128.14182,37.51841],[128.14158,37.51855],[128.1416,37.51926],[128.14104,37.52018],[128.14037,37.52049],[128.13996,37.52084],[128.13987,37.52161],[128.14005,37.52179],[128.14003,37.52218],[128.13939,37.52205],[128.13894,37.52212],[128.13858,37.52196],[128.13849,37.52166],[128.13878,37.52148],[128.13872,37.52113],[128.13913,37.52087],[128.13885,37.5203],[128.13835,37.5197],[128.13802,37.51956],[128.13775,37.51915],[128.13777,37.5188],[128.13816,37.51859],[128.13809,37.51833],[128.1382,37.51801],[128.13855,37.51766],[128.13832,37.51742],[128.13799,37.51674],[128.13853,37.51662],[128.13872,37.51604],[128.13851,37.51587],[128.13813,37.51598],[128.13793,37.51586],[128.13793,37.51541],[128.13848,37.51481],[128.13819,37.51429],[128.13813,37.51376],[128.13839,37.51345],[128.13867,37.51326],[128.13857,37.51286],[128.13895,37.51249],[128.13942,37.51238],[128.13978,37.51208],[128.1405,37.51158],[128.14064,37.51133],[128.14118,37.51119],[128.14117,37.51045],[128.14167,37.51032],[128.14176,37.51001],[128.14199,37.50982],[128.14243,37.50973],[128.14242,37.5094],[128.14285,37.50899],[128.1429,37.50859],[128.14368,37.50842],[128.14394,37.50842],[128.144,37.50818],[128.14446,37.50789],[128.14487,37.50772],[128.14516,37.50776],[128.1457,37.50767],[128.14598,37.50713],[128.14556,37.50659],[128.14547,37.50613],[128.14583,37.50566],[128.14604,37.50497],[128.14551,37.50391],[128.1455,37.50343],[128.14534,37.50304],[128.14563,37.50295],[128.14631,37.50241],[128.14644,37.50218],[128.14645,37.50178],[128.14678,37.5016],[128.14698,37.50114],[128.14754,37.50074],[128.14795,37.50024],[128.14934,37.49999],[128.15118,37.49922],[128.15142,37.49863],[128.15172,37.49846],[128.1528,37.498],[128.15286,37.4973],[128.153,37.49714],[128.15302,37.49682],[128.15322,37.49648],[128.15309,37.49599],[128.15345,37.49574],[128.15341,37.49551],[128.15416,37.495],[128.1546,37.49456],[128.15454,37.49411],[128.15484,37.49342],[128.15509,37.49328],[128.15543,37.49265],[128.15585,37.49224],[128.15606,37.49188],[128.15689,37.49149],[128.15739,37.49161],[128.15765,37.49128],[128.15769,37.49097],[128.15792,37.4907],[128.15801,37.49005],[128.15776,37.48955],[128.15786,37.48915],[128.15804,37.4889],[128.15832,37.48874],[128.15867,37.48869],[128.15898,37.48839],[128.15934,37.48844],[128.15924,37.4881],[128.1594,37.48773],[128.15947,37.48716],[128.15996,37.48683],[128.16034,37.48637],[128.1605,37.48636],[128.16084,37.48569],[128.16105,37.48544],[128.16052,37.4851],[128.16022,37.48455],[128.16024,37.48441],[128.15955,37.48384],[128.15943,37.48356],[128.15907,37.48335],[128.15902,37.48298],[128.15871,37.48271],[128.15835,37.4821],[128.15746,37.48171],[128.15727,37.48171],[128.15707,37.48142],[128.15585,37.48097],[128.15545,37.48055],[128.15558,37.48001],[128.15517,37.47972],[128.15392,37.47839],[128.15384,37.47811],[128.1527,37.47804],[128.15242,37.47772],[128.15262,37.47734],[128.15283,37.47675],[128.15288,37.47574],[128.1531,37.47559],[128.15355,37.47511],[128.15401,37.47495],[128.1541,37.47454],[128.15407,37.47399],[128.1536,37.47362],[128.15353,37.47302],[128.15299,37.47249],[128.15263,37.47263],[128.15224,37.47238],[128.15255,37.47216],[128.15285,37.47179],[128.15292,37.47132],[128.15314,37.47117],[128.1533,37.47072],[128.1544,37.47105],[128.15474,37.47133],[128.15539,37.47142],[128.15641,37.47136],[128.15658,37.47087],[128.15697,37.47057],[128.15751,37.47056],[128.15804,37.47034],[128.15855,37.47069],[128.15875,37.47093],[128.15884,37.47192],[128.15869,37.47218],[128.15973,37.47249],[128.15992,37.47287],[128.16026,37.47279],[128.16082,37.47281],[128.16165,37.47326],[128.16217,37.47288],[128.16277,37.47271],[128.16328,37.47245],[128.16399,37.47227],[128.16452,37.4718],[128.16485,37.47177],[128.16523,37.47199],[128.16493,37.47292],[128.16518,37.4736],[128.16551,37.47396],[128.16623,37.47446],[128.16633,37.47479],[128.16687,37.47526],[128.16689,37.47574],[128.168,37.47584],[128.16866,37.47641],[128.16952,37.47676],[128.16999,37.47674],[128.17074,37.47706],[128.17141,37.47676],[128.17171,37.4769],[128.17202,37.47673],[128.17222,37.47638],[128.17261,37.47624],[128.17335,37.47626],[128.17393,37.47589],[128.17468,37.47603],[128.17536,37.47575],[128.1759,37.4756],[128.17594,37.47517],[128.1765,37.47481],[128.17671,37.47407],[128.17699,37.4736],[128.17758,37.47338],[128.17791,37.4729],[128.17881,37.47298],[128.17922,37.47261],[128.17945,37.47185],[128.17948,37.47146],[128.17974,37.47117],[128.18029,37.47108],[128.18054,37.47037],[128.18133,37.47023],[128.18208,37.46976],[128.18231,37.46933],[128.18262,37.46912],[128.18247,37.4687],[128.18247,37.46806],[128.18143,37.46794],[128.18095,37.46781],[128.18079,37.46726],[128.1812,37.46672],[128.18131,37.46601],[128.18091,37.46558],[128.18057,37.46534],[128.18046,37.46498],[128.18078,37.46461],[128.18072,37.46361],[128.18108,37.46323],[128.18104,37.46289],[128.18146,37.46224],[128.1816,37.46166],[128.18115,37.4613],[128.18112,37.46057],[128.18138,37.45978],[128.18134,37.45935],[128.18102,37.45823],[128.18081,37.45802],[128.18082,37.45756],[128.18098,37.45716],[128.18128,37.45727],[128.18148,37.45697],[128.18176,37.45677],[128.1816,37.45651],[128.18186,37.45627],[128.18311,37.4563],[128.18351,37.45614],[128.1842,37.4561],[128.18442,37.45591],[128.18508,37.45601],[128.18552,37.45591],[128.1866,37.4553],[128.18702,37.45519],[128.18736,37.45521],[128.18767,37.45504],[128.18842,37.45451],[128.18867,37.45414],[128.1897,37.4537],[128.19025,37.45338],[128.19046,37.45332],[128.19101,37.45269],[128.19231,37.45201],[128.19299,37.45143],[128.1941,37.45055],[128.19527,37.45026],[128.19675,37.44993],[128.19804,37.44928],[128.19843,37.44943],[128.19925,37.44921],[128.20029,37.44927],[128.20086,37.44886],[128.20133,37.44872],[128.20197,37.44907],[128.20315,37.44932],[128.20401,37.44922],[128.20464,37.44923],[128.20493,37.44949],[128.20507,37.44984],[128.20623,37.44992],[128.20652,37.45026],[128.20672,37.4509],[128.20751,37.45121],[128.20816,37.45136],[128.20861,37.45132],[128.20906,37.45163],[128.20938,37.45167],[128.21002,37.45188],[128.21051,37.45168],[128.2115,37.45165],[128.21174,37.45147],[128.2129,37.45136],[128.21343,37.45164],[128.21375,37.45173],[128.21476,37.4525],[128.2158,37.4525],[128.21606,37.45307],[128.21675,37.45341],[128.21702,37.45365],[128.21778,37.45414],[128.21806,37.45374],[128.21853,37.45359],[128.21929,37.45352],[128.21976,37.45305],[128.22128,37.45373],[128.22255,37.45364],[128.22283,37.45344],[128.22348,37.45328],[128.22407,37.45369],[128.22566,37.45431],[128.22599,37.45408],[128.22665,37.45407],[128.22724,37.45382],[128.2276,37.45342],[128.22833,37.45289],[128.22889,37.45293],[128.22969,37.45285],[128.23026,37.45295],[128.23128,37.45236],[128.232,37.45243],[128.23264,37.45233],[128.23455,37.45251],[128.23541,37.45264],[128.23616,37.45262],[128.23649,37.45255],[128.23715,37.45261],[128.23799,37.45329],[128.23965,37.45478],[128.23975,37.45506],[128.24117,37.45471],[128.24207,37.45435],[128.24373,37.45432],[128.24475,37.45453],[128.24506,37.45525],[128.24489,37.45588],[128.24508,37.45666],[128.24504,37.4572],[128.2454,37.45787],[128.24559,37.45806],[128.24582,37.45803],[128.24642,37.46028],[128.24655,37.46051],[128.24644,37.46208],[128.24629,37.46224],[128.24657,37.46243],[128.24659,37.46268],[128.24624,37.46327],[128.24644,37.46377],[128.24648,37.46446],[128.24628,37.46505],[128.24659,37.46521],[128.24655,37.46608],[128.24667,37.46622],[128.24601,37.46675],[128.24509,37.46709],[128.24471,37.46741],[128.24458,37.46773],[128.24355,37.46835],[128.24466,37.46885],[128.24458,37.46919],[128.24475,37.47012],[128.2447,37.47037],[128.24484,37.47124],[128.24498,37.47168],[128.24485,37.47331],[128.24467,37.47348],[128.24495,37.47366],[128.24496,37.47386],[128.24462,37.47446],[128.24481,37.47498],[128.24482,37.47568],[128.2446,37.47631],[128.24487,37.47647],[128.24482,37.47725],[128.24496,37.47746],[128.24448,37.47785],[128.24409,37.47795],[128.24386,37.47879],[128.24388,37.47911],[128.24353,37.47972],[128.24363,37.47998],[128.2443,37.48012],[128.24449,37.48029],[128.24509,37.48009],[128.24617,37.48032],[128.24694,37.48066],[128.2478,37.4806],[128.24833,37.48069],[128.24908,37.48073],[128.25008,37.48112],[128.25077,37.48102],[128.25256,37.48132],[128.25286,37.4812],[128.25346,37.4814],[128.25434,37.48161],[128.25481,37.48178],[128.25537,37.48186],[128.25725,37.48297],[128.25766,37.48333],[128.25812,37.48351],[128.25876,37.48345],[128.25913,37.4837],[128.2601,37.48412],[128.26159,37.48452],[128.26269,37.48475],[128.26386,37.48463],[128.26487,37.48542],[128.26488,37.48614],[128.2652,37.48637],[128.26589,37.48666],[128.26666,37.48678],[128.26699,37.48732],[128.26695,37.48808],[128.26708,37.48828],[128.26713,37.48874],[128.26786,37.48985],[128.2683,37.49015],[128.26805,37.49074],[128.268,37.49159],[128.26821,37.49228],[128.26843,37.4926],[128.26904,37.4927],[128.26965,37.49306],[128.26967,37.49325],[128.27004,37.49348],[128.27009,37.49403],[128.27053,37.49426],[128.27071,37.4948],[128.27137,37.49533],[128.27215,37.49546],[128.27182,37.49611],[128.27241,37.4964],[128.2727,37.49703],[128.27324,37.49768],[128.2745,37.49748],[128.2748,37.49758],[128.27493,37.49843],[128.27537,37.49917],[128.27571,37.49964],[128.27603,37.50035],[128.27627,37.50054],[128.27651,37.501],[128.27699,37.50124],[128.27738,37.50165],[128.27682,37.50252],[128.27868,37.50257],[128.28009,37.5031],[128.28175,37.50411],[128.28287,37.50391],[128.28357,37.50473],[128.28461,37.5054],[128.28571,37.50703],[128.2857,37.50733],[128.28667,37.50706],[128.28799,37.50705],[128.28872,37.50682],[128.28982,37.507],[128.29006,37.50739],[128.2898,37.5086],[128.28973,37.50972],[128.29067,37.51039],[128.29078,37.51102],[128.29099,37.51124],[128.29202,37.51134],[128.29281,37.51164],[128.2931,37.51149],[128.29454,37.51182],[128.29635,37.51168],[128.29736,37.51181],[128.29756,37.51183],[128.29777,37.51253],[128.29762,37.5132],[128.29735,37.51342],[128.29714,37.51397],[128.29705,37.5148],[128.29687,37.5156],[128.29688,37.51604],[128.29635,37.51699],[128.29632,37.51784],[128.29714,37.5192],[128.29822,37.5199],[128.29879,37.52229],[128.29996,37.52295],[128.30082,37.52409],[128.30084,37.52509],[128.30114,37.52733],[128.30128,37.52936],[128.30199,37.53037],[128.30175,37.53189],[128.301,37.53244],[128.30008,37.53318],[128.30008,37.53385],[128.29958,37.5344],[128.30028,37.53575],[128.30164,37.53708],[128.30227,37.53796],[128.30133,37.53841],[128.30019,37.53915],[128.29885,37.54026],[128.29865,37.54055],[128.29693,37.54152],[128.29592,37.54254],[128.29431,37.54397],[128.29389,37.545],[128.29431,37.54676],[128.29474,37.54761],[128.29505,37.54883],[128.29535,37.54905],[128.29522,37.54982],[128.29469,37.55038],[128.29579,37.55082],[128.29633,37.55207],[128.29602,37.55295],[128.2972,37.5539],[128.29786,37.555],[128.29689,37.55651],[128.29631,37.55709],[128.29565,37.55797],[128.29537,37.55922],[128.29523,37.56091],[128.29527,37.562],[128.29524,37.5626],[128.29482,37.56326],[128.29517,37.56528],[128.29486,37.56563],[128.294,37.56811],[128.29492,37.5688],[128.29366,37.56949],[128.29233,37.57009],[128.29127,37.57156],[128.29099,37.57278],[128.29089,37.57308],[128.29007,37.57387],[128.28926,37.57472],[128.28712,37.57683],[128.28516,37.5773],[128.28433,37.57831],[128.28407,37.57985],[128.28536,37.58282],[128.28543,37.58329],[128.28471,37.58421],[128.28491,37.58498],[128.28476,37.58541],[128.28345,37.58569],[128.28167,37.58648],[128.28036,37.59002],[128.27987,37.59128],[128.27929,37.59187],[128.2794,37.59289],[128.27954,37.59374],[128.27934,37.5948],[128.27899,37.59562],[128.27902,37.59578],[128.27935,37.59615],[128.27944,37.59663],[128.27978,37.59702],[128.27971,37.59749],[128.28011,37.59854],[128.28146,37.59881],[128.28189,37.59924],[128.28257,37.59978],[128.28455,37.60047],[128.28511,37.60083],[128.28525,37.60123],[128.28599,37.60187],[128.28546,37.60258],[128.28509,37.60325],[128.28467,37.60358],[128.28351,37.60415],[128.28234,37.60456],[128.28081,37.60541],[128.2803,37.60926],[128.27979,37.60982],[128.27938,37.61054],[128.27966,37.61102],[128.27943,37.61192],[128.27952,37.61249],[128.28004,37.61467],[128.28028,37.61491],[128.28084,37.61531],[128.28309,37.6179],[128.28367,37.61897],[128.28304,37.62056],[128.28168,37.62033],[128.28098,37.62042],[128.27872,37.62009],[128.278,37.6201],[128.27449,37.62078],[128.27407,37.62095],[128.2726,37.62132],[128.26908,37.62297],[128.26748,37.62387],[128.26677,37.624],[128.26553,37.62458],[128.26333,37.62503],[128.26233,37.62509],[128.26115,37.62545],[128.25927,37.62551],[128.25809,37.62547],[128.25635,37.62657],[128.25467,37.6269],[128.2539,37.62737]]]},"properties":{"code":"32520330","name":"둔내면"}},{"type":"Feature","geometry":{"type":"Polygon","coordinates":[[[128.102,37.65015],[128.10142,37.65045],[128.10094,37.65043],[128.10049,37.65051],[128.09991,37.65043],[128.09909,37.65057],[128.09831,37.65087],[128.09845,37.6516],[128.09796,37.65209],[128.09761,37.65216],[128.09719,37.65241],[128.09645,37.65254],[128.09586,37.6528],[128.09497,37.65294],[128.09458,37.65291],[128.09413,37.65275],[128.09378,37.65297],[128.09328,37.65308],[128.093,37.65299],[128.0926,37.65268],[128.09233,37.65256],[128.09193,37.65261],[128.09095,37.65218],[128.09053,37.65215],[128.08976,37.65229],[128.08941,37.65225],[128.08863,37.65195],[128.08825,37.65168],[128.08752,37.65148],[128.08724,37.65132],[128.0871,37.65081],[128.08595,37.65045],[128.08557,37.65019],[128.08449,37.65037],[128.08427,37.65054],[128.08353,37.65031],[128.08324,37.65043],[128.08272,37.65002],[128.08194,37.64984],[128.08132,37.64945],[128.0806,37.64939],[128.08002,37.64917],[128.07954,37.64918],[128.07911,37.64883],[128.07864,37.64859],[128.07887,37.64782],[128.07823,37.64737],[128.07764,37.64738],[128.07723,37.64717],[128.07694,37.6466],[128.07668,37.64592],[128.07571,37.64527],[128.07576,37.64487],[128.0756,37.64475],[128.07556,37.64424],[128.07521,37.64403],[128.07458,37.64413],[128.07377,37.64373],[128.07311,37.6436],[128.0724,37.64333],[128.07196,37.64291],[128.0712,37.64266],[128.07101,37.64251],[128.07054,37.64252],[128.06982,37.64228],[128.06903,37.64166],[128.06875,37.64157],[128.06747,37.64134],[128.06707,37.64101],[128.06662,37.64013],[128.06669,37.63948],[128.06628,37.63643],[128.06462,37.63542],[128.0635,37.6352],[128.06114,37.6343],[128.059,37.63414],[128.05794,37.63353],[128.05669,37.63295],[128.05571,37.63275],[128.05386,37.63281],[128.05297,37.63244],[128.05236,37.63159],[128.05111,37.6313],[128.05177,37.63077],[128.05242,37.6307],[128.05292,37.63025],[128.05292,37.62989],[128.05387,37.62909],[128.05419,37.62815],[128.05392,37.62773],[128.0535,37.62727],[128.05182,37.62669],[128.05112,37.62611],[128.05048,37.62523],[128.05065,37.62448],[128.05108,37.6234],[128.05103,37.62281],[128.05128,37.62239],[128.05143,37.62183],[128.04977,37.62144],[128.04888,37.62137],[128.0481,37.62099],[128.04727,37.62104],[128.04613,37.62088],[128.04576,37.62013],[128.04381,37.61923],[128.04207,37.6178],[128.04154,37.61649],[128.04067,37.61535],[128.04018,37.61485],[128.03925,37.61325],[128.03864,37.61194],[128.03742,37.61079],[128.03697,37.60905],[128.037,37.6088],[128.03791,37.60791],[128.03762,37.60695],[128.03631,37.60662],[128.03555,37.6067],[128.03453,37.60608],[128.03435,37.60499],[128.03372,37.60352],[128.03313,37.60247],[128.03241,37.60225],[128.0321,37.60159],[128.0321,37.60134],[128.03167,37.60078],[128.03149,37.59991],[128.03117,37.59945],[128.03139,37.59894],[128.03088,37.5982],[128.03057,37.59661],[128.02956,37.59535],[128.02896,37.59502],[128.02826,37.59483],[128.02773,37.59485],[128.02696,37.59461],[128.02613,37.59404],[128.02479,37.59445],[128.02442,37.59433],[128.02417,37.59355],[128.02347,37.59263],[128.02379,37.59234],[128.02406,37.59196],[128.02399,37.59133],[128.0238,37.59083],[128.02341,37.59043],[128.02329,37.58993],[128.02296,37.58974],[128.02283,37.58912],[128.02309,37.589],[128.02384,37.58888],[128.02402,37.58827],[128.02401,37.588],[128.02443,37.58776],[128.02486,37.58779],[128.02537,37.58698],[128.02615,37.58632],[128.02719,37.58578],[128.02769,37.58512],[128.0271,37.5844],[128.02615,37.58276],[128.02557,37.58252],[128.0257,37.58168],[128.02551,37.58108],[128.02465,37.58068],[128.02372,37.58046],[128.02267,37.58041],[128.02187,37.5795],[128.02206,37.57907],[128.02156,37.57832],[128.0215,37.57746],[128.02158,37.57665],[128.0217,37.57634],[128.02142,37.5761],[128.02101,37.57551],[128.02027,37.57508],[128.01945,37.57517],[128.01887,37.57518],[128.01817,37.57464],[128.01732,37.57439],[128.01706,37.57226],[128.01656,37.5723],[128.01644,37.57196],[128.01644,37.57159],[128.01614,37.57118],[128.0158,37.57086],[128.01591,37.57051],[128.01631,37.57011],[128.0164,37.56962],[128.01599,37.56918],[128.01589,37.5686],[128.01513,37.56836],[128.01434,37.56796],[128.01433,37.56735],[128.01416,37.56668],[128.01349,37.56596],[128.01325,37.56503],[128.01374,37.56457],[128.01356,37.56365],[128.0134,37.56333],[128.01348,37.56291],[128.01335,37.56232],[128.0138,37.56165],[128.01407,37.56137],[128.01439,37.56083],[128.01383,37.56057],[128.01309,37.56053],[128.01234,37.56002],[128.01165,37.56008],[128.0116,37.5595],[128.01139,37.55928],[128.01107,37.55911],[128.01152,37.55848],[128.0112,37.55769],[128.01149,37.55665],[128.01159,37.55649],[128.01197,37.55654],[128.01251,37.55646],[128.01267,37.55619],[128.0134,37.55556],[128.01356,37.55517],[128.01385,37.55513],[128.01413,37.55479],[128.01403,37.55426],[128.01437,37.55392],[128.01387,37.55346],[128.01392,37.55323],[128.01417,37.55295],[128.01447,37.55287],[128.01524,37.55298],[128.01577,37.5527],[128.01609,37.55214],[128.01595,37.55165],[128.01625,37.55133],[128.01655,37.55126],[128.01676,37.55092],[128.01756,37.55076],[128.01781,37.55061],[128.01818,37.55017],[128.01857,37.54984],[128.01897,37.54983],[128.01919,37.54972],[128.01933,37.54917],[128.02018,37.54826],[128.02054,37.54816],[128.02101,37.54818],[128.02192,37.54766],[128.02241,37.54787],[128.02281,37.54728],[128.02308,37.54716],[128.02215,37.54674],[128.02244,37.54647],[128.02262,37.54645],[128.02338,37.54663],[128.02364,37.5466],[128.02449,37.54628],[128.02486,37.54608],[128.02529,37.54494],[128.02539,37.54401],[128.02572,37.5434],[128.02681,37.54202],[128.02784,37.54114],[128.02936,37.54051],[128.03001,37.54013],[128.0304,37.53984],[128.03049,37.53955],[128.03109,37.5392],[128.03211,37.53795],[128.03245,37.53761],[128.03331,37.53694],[128.03408,37.53674],[128.03524,37.53673],[128.03632,37.5368],[128.03812,37.53772],[128.03881,37.53719],[128.03875,37.53686],[128.03883,37.53662],[128.03926,37.53609],[128.03936,37.53582],[128.03959,37.53568],[128.03999,37.53518],[128.0401,37.5349],[128.04009,37.53421],[128.03992,37.53391],[128.03965,37.53315],[128.0393,37.53266],[128.03963,37.53222],[128.04013,37.531],[128.04089,37.53072],[128.04083,37.53002],[128.04124,37.52948],[128.04182,37.52944],[128.04202,37.52903],[128.04265,37.52856],[128.04336,37.52849],[128.044,37.52852],[128.04439,37.52833],[128.04475,37.52837],[128.04578,37.52822],[128.04609,37.52777],[128.04686,37.52716],[128.04761,37.5264],[128.04684,37.52605],[128.04693,37.52581],[128.04692,37.52508],[128.04729,37.52464],[128.04723,37.52439],[128.04744,37.52339],[128.04724,37.52296],[128.04675,37.52282],[128.04638,37.52245],[128.04623,37.52187],[128.0462,37.52114],[128.04574,37.52023],[128.04569,37.51993],[128.0458,37.5191],[128.04654,37.51841],[128.04656,37.51809],[128.04648,37.51757],[128.04663,37.51725],[128.04726,37.51682],[128.04733,37.51697],[128.04802,37.51726],[128.04829,37.51731],[128.04867,37.51765],[128.04907,37.51815],[128.04936,37.51821],[128.0503,37.51919],[128.05013,37.51988],[128.05052,37.52017],[128.0508,37.52021],[128.05147,37.51998],[128.05192,37.52007],[128.05244,37.51979],[128.0528,37.51942],[128.05379,37.51912],[128.05419,37.51933],[128.05435,37.51962],[128.05475,37.51971],[128.05553,37.51964],[128.05579,37.51993],[128.05651,37.52044],[128.05717,37.52019],[128.05741,37.51999],[128.058,37.51994],[128.05833,37.52014],[128.0586,37.52043],[128.05891,37.52104],[128.0592,37.52096],[128.06008,37.52127],[128.06043,37.52125],[128.06095,37.52156],[128.06124,37.52092],[128.06116,37.52068],[128.06138,37.52025],[128.06218,37.51996],[128.06258,37.52065],[128.06302,37.52086],[128.06319,37.52083],[128.06357,37.52106],[128.06375,37.52136],[128.06461,37.52116],[128.06556,37.52033],[128.06643,37.52034],[128.06654,37.52025],[128.06715,37.52027],[128.06775,37.52048],[128.06791,37.52034],[128.0687,37.52059],[128.06934,37.5206],[128.07049,37.52055],[128.0708,37.52024],[128.07148,37.52009],[128.07181,37.51995],[128.07225,37.51991],[128.07263,37.51953],[128.07254,37.51931],[128.07236,37.51821],[128.07223,37.51803],[128.07241,37.51761],[128.07242,37.51718],[128.0729,37.51678],[128.07394,37.51654],[128.07393,37.51619],[128.07474,37.51624],[128.07501,37.51656],[128.0753,37.51647],[128.07549,37.51656],[128.07613,37.5172],[128.07651,37.51735],[128.07684,37.51775],[128.07757,37.51806],[128.07803,37.51804],[128.07838,37.5185],[128.07871,37.51864],[128.07903,37.51981],[128.07887,37.52034],[128.07898,37.52066],[128.07924,37.52091],[128.07931,37.52116],[128.07959,37.52122],[128.07994,37.52182],[128.08055,37.52233],[128.0803,37.52292],[128.08065,37.52318],[128.08062,37.52346],[128.08038,37.52419],[128.08015,37.5244],[128.08027,37.52511],[128.08097,37.52576],[128.08154,37.5258],[128.08213,37.52562],[128.08257,37.52564],[128.0831,37.52602],[128.0835,37.52578],[128.08372,37.52578],[128.08392,37.52555],[128.08463,37.52507],[128.08477,37.52474],[128.08511,37.52453],[128.08589,37.52455],[128.08631,37.52411],[128.08758,37.52381],[128.08751,37.52324],[128.08763,37.52283],[128.08751,37.52255],[128.08769,37.52214],[128.08816,37.52193],[128.08917,37.52164],[128.08987,37.52059],[128.09021,37.5197],[128.09207,37.51995],[128.09287,37.52048],[128.09326,37.52067],[128.0943,37.52052],[128.09523,37.52087],[128.09539,37.52103],[128.09542,37.52133],[128.09653,37.5217],[128.09694,37.5219],[128.09723,37.52184],[128.09855,37.52219],[128.10008,37.52189],[128.10034,37.52195],[128.10115,37.52195],[128.1015,37.522],[128.10161,37.52186],[128.10232,37.52153],[128.10279,37.52178],[128.10392,37.52189],[128.10454,37.52222],[128.10495,37.52223],[128.10549,37.52208],[128.10564,37.52263],[128.10551,37.52292],[128.10584,37.5231],[128.10577,37.52338],[128.10585,37.52373],[128.10633,37.52384],[128.10693,37.52412],[128.1074,37.52416],[128.10748,37.52456],[128.10787,37.52495],[128.1079,37.52588],[128.10768,37.52623],[128.10776,37.52667],[128.1083,37.52666],[128.10852,37.52657],[128.10927,37.52654],[128.10962,37.52636],[128.11008,37.52738],[128.1104,37.52756],[128.11124,37.52758],[128.11171,37.52772],[128.1119,37.52815],[128.11197,37.52864],[128.11185,37.52872],[128.11173,37.52926],[128.11163,37.53033],[128.11177,37.53098],[128.11173,37.5316],[128.11227,37.53148],[128.11319,37.53151],[128.11393,37.53173],[128.11408,37.53141],[128.11486,37.53081],[128.11557,37.53048],[128.11614,37.5301],[128.11663,37.52997],[128.11676,37.5298],[128.1183,37.52943],[128.11859,37.52893],[128.11852,37.52875],[128.11878,37.5286],[128.11906,37.52811],[128.12036,37.52792],[128.1208,37.52789],[128.12131,37.52796],[128.12161,37.52824],[128.12199,37.52832],[128.12253,37.52867],[128.12293,37.5288],[128.1232,37.52905],[128.12332,37.5293],[128.1236,37.52939],[128.12421,37.52994],[128.12418,37.53024],[128.12462,37.53032],[128.12516,37.53081],[128.12529,37.53168],[128.12561,37.53197],[128.126,37.53172],[128.12651,37.53169],[128.12706,37.53147],[128.12741,37.53144],[128.12796,37.53121],[128.12814,37.53099],[128.12922,37.53029],[128.13001,37.53004],[128.13044,37.53029],[128.13073,37.53025],[128.13111,37.53033],[128.13154,37.53021],[128.13245,37.53029],[128.13305,37.52989],[128.13371,37.52972],[128.13394,37.52983],[128.13431,37.52967],[128.13424,37.52929],[128.13451,37.52883],[128.13508,37.52856],[128.13521,37.5276],[128.13531,37.52744],[128.13588,37.52739],[128.13666,37.52771],[128.13755,37.52762],[128.13746,37.52711],[128.1379,37.52642],[128.13889,37.52606],[128.13926,37.52581],[128.13997,37.5256],[128.14134,37.52515],[128.14154,37.52482],[128.14132,37.52453],[128.1411,37.52442],[128.14053,37.52373],[128.14051,37.52349],[128.1402,37.523],[128.14028,37.52276],[128.14009,37.52256],[128.14003,37.52218],[128.14005,37.52179],[128.13987,37.52161],[128.13996,37.52084],[128.14037,37.52049],[128.14104,37.52018],[128.1416,37.51926],[128.14158,37.51855],[128.14182,37.51841],[128.14205,37.51801],[128.14181,37.51783],[128.14203,37.51696],[128.14271,37.51646],[128.14309,37.51607],[128.14354,37.51582],[128.14407,37.51565],[128.14423,37.51573],[128.14477,37.51546],[128.1452,37.51501],[128.14537,37.5145],[128.14592,37.51415],[128.14717,37.51412],[128.14752,37.51428],[128.14783,37.51455],[128.14802,37.51526],[128.14835,37.5159],[128.14878,37.51585],[128.14926,37.51565],[128.15006,37.51489],[128.1502,37.51441],[128.15084,37.51419],[128.15075,37.51389],[128.15082,37.51305],[128.15111,37.51282],[128.15113,37.51258],[128.15166,37.51213],[128.15209,37.51208],[128.15337,37.51147],[128.15336,37.51123],[128.15389,37.51106],[128.15391,37.5109],[128.15503,37.51072],[128.15542,37.51075],[128.15574,37.51091],[128.1563,37.51083],[128.15648,37.51108],[128.15717,37.51102],[128.15741,37.51106],[128.15756,37.51057],[128.15818,37.51024],[128.15864,37.51035],[128.15923,37.51063],[128.15928,37.51015],[128.15904,37.50994],[128.15913,37.50922],[128.15955,37.50934],[128.15979,37.50962],[128.16004,37.50969],[128.16086,37.50968],[128.16099,37.50942],[128.16125,37.50936],[128.16151,37.50902],[128.16193,37.50879],[128.16229,37.50909],[128.16273,37.50902],[128.16311,37.50915],[128.16341,37.50902],[128.16396,37.50908],[128.16445,37.50923],[128.16492,37.50926],[128.16537,37.5091],[128.16597,37.50861],[128.16628,37.5086],[128.16695,37.50826],[128.16697,37.5081],[128.16748,37.50785],[128.1681,37.50789],[128.1684,37.50773],[128.16905,37.50715],[128.16952,37.50655],[128.16983,37.50623],[128.17031,37.50607],[128.17102,37.50608],[128.17142,37.50643],[128.17142,37.50694],[128.17223,37.50683],[128.17274,37.50706],[128.17315,37.50736],[128.17317,37.50789],[128.17377,37.50795],[128.17439,37.50748],[128.17479,37.50772],[128.17551,37.50784],[128.17603,37.50825],[128.17642,37.50826],[128.17632,37.50788],[128.17661,37.50759],[128.17679,37.50724],[128.17755,37.50689],[128.17807,37.50698],[128.17829,37.50717],[128.17858,37.50718],[128.17925,37.5075],[128.18028,37.50745],[128.18051,37.50754],[128.1809,37.50733],[128.18124,37.5074],[128.18286,37.5073],[128.18322,37.50743],[128.18377,37.50713],[128.18456,37.5076],[128.18488,37.50803],[128.18481,37.50859],[128.18493,37.50916],[128.18487,37.51007],[128.18501,37.51032],[128.18523,37.51043],[128.1853,37.51104],[128.1852,37.51133],[128.18526,37.51187],[128.18568,37.51208],[128.18595,37.51238],[128.18675,37.5128],[128.18708,37.51277],[128.18736,37.5129],[128.18777,37.51331],[128.18821,37.51389],[128.18855,37.51398],[128.18909,37.51427],[128.18945,37.51461],[128.1895,37.51491],[128.18999,37.51515],[128.19007,37.51553],[128.19047,37.51589],[128.19119,37.5163],[128.1915,37.51631],[128.19189,37.51671],[128.19226,37.51698],[128.19245,37.51691],[128.19272,37.5171],[128.193,37.51751],[128.19328,37.51756],[128.19372,37.51782],[128.19408,37.51857],[128.19454,37.519],[128.19456,37.5195],[128.19441,37.51977],[128.19447,37.52001],[128.19432,37.52035],[128.19481,37.52094],[128.19484,37.5215],[128.19423,37.52183],[128.19438,37.52234],[128.19388,37.52274],[128.19307,37.52316],[128.19256,37.52316],[128.19156,37.52365],[128.19154,37.52421],[128.19165,37.52449],[128.19127,37.52463],[128.19126,37.52484],[128.1908,37.52498],[128.19077,37.52529],[128.19101,37.52627],[128.19074,37.52686],[128.19087,37.52702],[128.19095,37.52747],[128.19071,37.52786],[128.191,37.52821],[128.19111,37.52847],[128.19142,37.52873],[128.19165,37.52951],[128.19145,37.52972],[128.19159,37.52996],[128.19205,37.53044],[128.19187,37.53099],[128.1917,37.53111],[128.19154,37.53147],[128.19169,37.5326],[128.19255,37.53312],[128.19255,37.53366],[128.19268,37.53387],[128.19272,37.5344],[128.19295,37.53495],[128.19336,37.53533],[128.19324,37.53565],[128.19352,37.536],[128.19338,37.53622],[128.19296,37.5362],[128.19266,37.53648],[128.19211,37.53673],[128.19208,37.53688],[128.1914,37.53735],[128.1907,37.53724],[128.19031,37.53774],[128.18976,37.53765],[128.18932,37.53787],[128.18873,37.53762],[128.18859,37.53792],[128.18823,37.5384],[128.18775,37.53866],[128.18718,37.53876],[128.18703,37.53933],[128.1867,37.53969],[128.1864,37.53972],[128.18605,37.53991],[128.18554,37.53971],[128.18473,37.53972],[128.18411,37.53998],[128.18361,37.5399],[128.18344,37.53953],[128.18324,37.53936],[128.18293,37.53936],[128.18253,37.53967],[128.18227,37.53976],[128.1821,37.5396],[128.18178,37.54023],[128.18121,37.54037],[128.18087,37.54031],[128.18037,37.54037],[128.17857,37.54118],[128.1784,37.54137],[128.17793,37.54153],[128.17711,37.54133],[128.17643,37.54229],[128.17601,37.54255],[128.17597,37.54284],[128.17573,37.54321],[128.17528,37.54349],[128.17456,37.54385],[128.17438,37.54426],[128.17383,37.54441],[128.17351,37.54477],[128.1732,37.54536],[128.17289,37.54544],[128.17273,37.54596],[128.17217,37.54637],[128.17146,37.54643],[128.17121,37.54633],[128.17039,37.5462],[128.16986,37.54647],[128.16964,37.54681],[128.16866,37.54744],[128.16845,37.54876],[128.16808,37.54914],[128.1679,37.54911],[128.16744,37.54944],[128.16708,37.54958],[128.1665,37.54991],[128.16614,37.55069],[128.16622,37.55108],[128.166,37.55137],[128.16601,37.55181],[128.16568,37.55253],[128.16495,37.55257],[128.16452,37.55249],[128.16353,37.55294],[128.16317,37.55283],[128.16274,37.55335],[128.16217,37.55367],[128.16201,37.55388],[128.16135,37.55395],[128.16083,37.55379],[128.1606,37.55383],[128.16026,37.55453],[128.16026,37.55476],[128.1599,37.55525],[128.15947,37.55553],[128.15925,37.55557],[128.15855,37.55603],[128.15655,37.55636],[128.15586,37.55626],[128.15551,37.55677],[128.15569,37.55743],[128.15592,37.55754],[128.15568,37.55805],[128.15529,37.55837],[128.1546,37.55855],[128.15456,37.55841],[128.15393,37.55857],[128.15307,37.5589],[128.15277,37.5591],[128.15227,37.56012],[128.15203,37.56038],[128.15218,37.56048],[128.15149,37.56108],[128.15037,37.56196],[128.15015,37.56177],[128.14991,37.56207],[128.14958,37.56204],[128.14912,37.56236],[128.14864,37.56312],[128.14829,37.56307],[128.14798,37.56323],[128.14749,37.5633],[128.14684,37.56324],[128.14654,37.56337],[128.14649,37.56309],[128.14625,37.5627],[128.14614,37.56213],[128.14628,37.56191],[128.14625,37.56148],[128.14593,37.56133],[128.14547,37.56089],[128.14507,37.56071],[128.14482,37.56026],[128.14394,37.5597],[128.14391,37.55959],[128.14425,37.55914],[128.14428,37.55898],[128.14374,37.55872],[128.14321,37.55863],[128.14285,37.55789],[128.14313,37.55759],[128.14308,37.55693],[128.14152,37.5564],[128.14054,37.5565],[128.14045,37.55616],[128.13981,37.55527],[128.13974,37.55496],[128.13941,37.55463],[128.13949,37.55429],[128.13938,37.55409],[128.13943,37.55351],[128.13791,37.55318],[128.13765,37.55316],[128.13715,37.55348],[128.13649,37.55403],[128.13616,37.55487],[128.13607,37.55532],[128.13568,37.55517],[128.13493,37.55572],[128.13465,37.55567],[128.13413,37.55584],[128.13342,37.55582],[128.13318,37.55596],[128.1327,37.55564],[128.13215,37.55588],[128.13171,37.55638],[128.13106,37.55664],[128.13047,37.55708],[128.13021,37.5582],[128.12991,37.55853],[128.12896,37.55838],[128.12825,37.55854],[128.12729,37.55894],[128.12683,37.55965],[128.12631,37.55974],[128.12602,37.55999],[128.12579,37.5608],[128.12511,37.56184],[128.12485,37.5621],[128.12282,37.56329],[128.12249,37.56378],[128.12227,37.56461],[128.12259,37.56599],[128.12212,37.56713],[128.12212,37.56749],[128.12182,37.5679],[128.12235,37.56861],[128.12198,37.56924],[128.12202,37.56945],[128.12137,37.56946],[128.12091,37.56922],[128.12066,37.56943],[128.12114,37.56978],[128.12101,37.57017],[128.11973,37.56982],[128.11887,37.56969],[128.11751,37.57053],[128.11773,37.57131],[128.11742,37.57199],[128.11711,37.57228],[128.11621,37.57258],[128.1145,37.57322],[128.11357,37.57388],[128.11368,37.57458],[128.11335,37.57504],[128.1134,37.57548],[128.11401,37.57585],[128.11403,37.57605],[128.11379,37.57684],[128.11414,37.57745],[128.1141,37.57795],[128.11299,37.58014],[128.11243,37.58073],[128.112,37.58175],[128.11196,37.5829],[128.11251,37.58345],[128.11318,37.58383],[128.11335,37.5846],[128.11316,37.58555],[128.11145,37.58761],[128.11197,37.58832],[128.11291,37.58858],[128.11306,37.58907],[128.11367,37.58939],[128.11383,37.58967],[128.11407,37.5898],[128.1143,37.59054],[128.1145,37.59178],[128.11446,37.59214],[128.11412,37.59244],[128.11455,37.59346],[128.11437,37.59476],[128.11562,37.59519],[128.11739,37.5956],[128.11875,37.59614],[128.11918,37.5964],[128.11978,37.59643],[128.12033,37.59679],[128.11998,37.5975],[128.12007,37.59862],[128.11957,37.59908],[128.11921,37.60057],[128.11936,37.60139],[128.11894,37.60175],[128.11885,37.60225],[128.11818,37.6031],[128.11765,37.60399],[128.11654,37.60455],[128.11584,37.60556],[128.11521,37.60679],[128.11425,37.60778],[128.11426,37.60948],[128.11487,37.60997],[128.11497,37.61098],[128.11471,37.61196],[128.11464,37.61342],[128.1149,37.61405],[128.11567,37.61449],[128.11566,37.61565],[128.11614,37.61636],[128.11701,37.61741],[128.11549,37.61848],[128.11323,37.61976],[128.11213,37.62002],[128.11192,37.62085],[128.10941,37.62111],[128.10812,37.62145],[128.10745,37.62171],[128.10673,37.62225],[128.10553,37.62265],[128.1047,37.62345],[128.10339,37.62392],[128.10248,37.62415],[128.10125,37.62502],[128.10084,37.62573],[128.10006,37.62591],[128.09913,37.62633],[128.09833,37.62718],[128.09724,37.62803],[128.09715,37.62894],[128.09844,37.63012],[128.09882,37.63175],[128.09882,37.63288],[128.09938,37.6345],[128.09921,37.63574],[128.0999,37.63644],[128.0997,37.63747],[128.10033,37.64011],[128.10148,37.64077],[128.10157,37.64194],[128.10249,37.6426],[128.10278,37.64373],[128.1039,37.64418],[128.10471,37.64524],[128.10562,37.64581],[128.10529,37.64596],[128.1056,37.6464],[128.10554,37.64668],[128.10527,37.64663],[128.10338,37.64907],[128.10267,37.64951],[128.102,37.65015]]]},"properties":{"code":"32520340","name":"갑천면"}},{"type":"Feature","geometry":{"type":"Polygon","coordinates":[[[128.25388,37.62736],[128.25332,37.62701],[128.24848,37.62602],[128.24715,37.62506],[128.24615,37.62607],[128.24355,37.62612],[128.24204,37.62669],[128.23583,37.62522],[128.23244,37.62714],[128.23074,37.62804],[128.22854,37.62875],[128.22772,37.62971],[128.22766,37.63002],[128.22638,37.63204],[128.22435,37.63314],[128.22324,37.6349],[128.22229,37.63542],[128.22154,37.63723],[128.22111,37.6378],[128.22011,37.63865],[128.2195,37.63943],[128.21773,37.63997],[128.21655,37.64038],[128.2157,37.64087],[128.21568,37.642],[128.2158,37.64272],[128.21526,37.64382],[128.21391,37.64509],[128.21336,37.64544],[128.2129,37.64586],[128.21171,37.64583],[128.21069,37.64575],[128.21028,37.64617],[128.20969,37.64726],[128.20963,37.64764],[128.20872,37.64907],[128.20752,37.6492],[128.2065,37.64978],[128.20554,37.65],[128.20209,37.65029],[128.2009,37.65101],[128.19956,37.65167],[128.19793,37.6512],[128.19689,37.65064],[128.19542,37.65015],[128.19488,37.64925],[128.19358,37.64819],[128.19181,37.64731],[128.19096,37.64606],[128.18928,37.64495],[128.18821,37.64443],[128.18651,37.64441],[128.18623,37.64516],[128.18626,37.64614],[128.18591,37.64768],[128.18597,37.64897],[128.18577,37.64964],[128.18446,37.65006],[128.18294,37.65065],[128.18157,37.65154],[128.18106,37.65262],[128.18128,37.65348],[128.18059,37.65341],[128.17979,37.65391],[128.17896,37.65376],[128.17865,37.65395],[128.17728,37.65453],[128.17693,37.65525],[128.17577,37.65457],[128.17531,37.65418],[128.17494,37.65466],[128.17456,37.65505],[128.17418,37.65578],[128.17118,37.65752],[128.16981,37.65859],[128.16828,37.65852],[128.16591,37.65929],[128.16529,37.66005],[128.16509,37.66072],[128.16435,37.66109],[128.16459,37.66144],[128.1647,37.66178],[128.16426,37.66213],[128.16434,37.66342],[128.1641,37.6647],[128.16342,37.66457],[128.16296,37.66435],[128.16232,37.66427],[128.16166,37.664],[128.16132,37.66354],[128.16026,37.6631],[128.15876,37.6632],[128.15814,37.6627],[128.15761,37.66277],[128.1572,37.66241],[128.15704,37.66245],[128.15622,37.66201],[128.15517,37.66192],[128.15457,37.66169],[128.15424,37.66169],[128.15365,37.66118],[128.15294,37.6603],[128.15256,37.65914],[128.15158,37.66032],[128.15149,37.66124],[128.15121,37.66149],[128.15101,37.66196],[128.15065,37.6621],[128.15075,37.66267],[128.15094,37.66311],[128.15048,37.66336],[128.14997,37.66404],[128.14999,37.66413],[128.14952,37.66514],[128.14966,37.66541],[128.14962,37.66585],[128.14945,37.66618],[128.14948,37.66675],[128.14923,37.66737],[128.14923,37.66775],[128.14902,37.66791],[128.14871,37.66881],[128.1481,37.66979],[128.14728,37.67009],[128.14704,37.67055],[128.14654,37.67185],[128.14617,37.67249],[128.14564,37.67281],[128.14428,37.67324],[128.14337,37.67346],[128.14327,37.67378],[128.14289,37.67402],[128.14227,37.67475],[128.14159,37.67536],[128.14085,37.67518],[128.13997,37.67447],[128.13987,37.67514],[128.13951,37.67619],[128.13895,37.67694],[128.13884,37.67738],[128.13856,37.67762],[128.13843,37.67803],[128.13783,37.67921],[128.13744,37.67961],[128.13669,37.67993],[128.1359,37.68016],[128.13538,37.68004],[128.13425,37.68012],[128.1336,37.67983],[128.13258,37.67951],[128.13195,37.67953],[128.13093,37.6793],[128.13025,37.67884],[128.12937,37.67863],[128.12813,37.678],[128.12725,37.67789],[128.1268,37.6776],[128.1263,37.67762],[128.12606,37.67747],[128.12539,37.67749],[128.12441,37.67817],[128.12321,37.67849],[128.1222,37.67844],[128.1211,37.67821],[128.12045,37.67829],[128.11973,37.67849],[128.11872,37.67862],[128.11822,37.67815],[128.11781,37.67749],[128.11741,37.67706],[128.11726,37.67674],[128.11622,37.67599],[128.11597,37.67592],[128.11545,37.67544],[128.11492,37.67476],[128.11419,37.67472],[128.11327,37.67344],[128.11236,37.6724],[128.11168,37.67149],[128.11147,37.67074],[128.11176,37.67017],[128.112,37.66928],[128.11196,37.66789],[128.11182,37.66677],[128.11154,37.66634],[128.11247,37.66488],[128.1105,37.66379],[128.109,37.66301],[128.10842,37.66263],[128.10815,37.66235],[128.10667,37.66121],[128.10643,37.66091],[128.10607,37.66009],[128.10559,37.65941],[128.10588,37.65892],[128.10618,37.65826],[128.10733,37.65689],[128.1081,37.65624],[128.10905,37.65591],[128.11029,37.65562],[128.11162,37.65546],[128.11283,37.65527],[128.11412,37.65454],[128.11332,37.65421],[128.11197,37.65381],[128.11095,37.6531],[128.11058,37.65269],[128.11018,37.65241],[128.10984,37.65184],[128.10938,37.65142],[128.10804,37.65084],[128.10689,37.65075],[128.10616,37.65023],[128.10561,37.65016],[128.10521,37.65003],[128.10408,37.64978],[128.10213,37.65015],[128.102,37.65015],[128.10267,37.64951],[128.10338,37.64907],[128.10527,37.64663],[128.10554,37.64668],[128.1056,37.6464],[128.10529,37.64596],[128.10562,37.64581],[128.10471,37.64524],[128.1039,37.64418],[128.10278,37.64373],[128.10249,37.6426],[128.10157,37.64194],[128.10148,37.64077],[128.10033,37.64011],[128.0997,37.63747],[128.0999,37.63644],[128.09921,37.63574],[128.09938,37.6345],[128.09882,37.63288],[128.09882,37.63175],[128.09844,37.63012],[128.09715,37.62894],[128.09724,37.62803],[128.09833,37.62718],[128.09913,37.62633],[128.10006,37.62591],[128.10084,37.62573],[128.10125,37.62502],[128.10248,37.62415],[128.10339,37.62392],[128.1047,37.62345],[128.10553,37.62265],[128.10673,37.62225],[128.10745,37.62171],[128.10812,37.62145],[128.10941,37.62111],[128.11192,37.62085],[128.11213,37.62002],[128.11323,37.61976],[128.11549,37.61848],[128.11701,37.61741],[128.11614,37.61636],[128.11566,37.61565],[128.11567,37.61449],[128.1149,37.61405],[128.11464,37.61342],[128.11471,37.61196],[128.11497,37.61098],[128.11487,37.60997],[128.11426,37.60948],[128.11425,37.60778],[128.11521,37.60679],[128.11584,37.60556],[128.11654,37.60455],[128.11765,37.60399],[128.11818,37.6031],[128.11885,37.60225],[128.11894,37.60175],[128.11936,37.60139],[128.11921,37.60057],[128.11957,37.59908],[128.12007,37.59862],[128.11998,37.5975],[128.12033,37.59679],[128.11978,37.59643],[128.11918,37.5964],[128.11875,37.59614],[128.11739,37.5956],[128.11562,37.59519],[128.11437,37.59476],[128.11455,37.59346],[128.11412,37.59244],[128.11446,37.59214],[128.1145,37.59178],[128.1143,37.59054],[128.11407,37.5898],[128.11383,37.58967],[128.11367,37.58939],[128.11306,37.58907],[128.11291,37.58858],[128.11197,37.58832],[128.11145,37.58761],[128.11316,37.58555],[128.11335,37.5846],[128.11318,37.58383],[128.11251,37.58345],[128.11196,37.5829],[128.112,37.58175],[128.11243,37.58073],[128.11299,37.58014],[128.1141,37.57795],[128.11414,37.57745],[128.11379,37.57684],[128.11403,37.57605],[128.11401,37.57585],[128.1134,37.57548],[128.11335,37.57504],[128.11368,37.57458],[128.11357,37.57388],[128.1145,37.57322],[128.11621,37.57258],[128.11711,37.57228],[128.11742,37.57199],[128.11773,37.57131],[128.11751,37.57053],[128.11887,37.56969],[128.11973,37.56982],[128.12101,37.57017],[128.12114,37.56978],[128.12066,37.56943],[128.12091,37.56922],[128.12137,37.56946],[128.12202,37.56945],[128.12198,37.56924],[128.12235,37.56861],[128.12182,37.5679],[128.12212,37.56749],[128.12212,37.56713],[128.12259,37.56599],[128.12227,37.56461],[128.12249,37.56378],[128.12282,37.56329],[128.12485,37.5621],[128.12511,37.56184],[128.12579,37.5608],[128.12602,37.55999],[128.12631,37.55974],[128.12683,37.55965],[128.12729,37.55894],[128.12825,37.55854],[128.12896,37.55838],[128.12991,37.55853],[128.13021,37.5582],[128.13047,37.55708],[128.13106,37.55664],[128.13171,37.55638],[128.13215,37.55588],[128.1327,37.55564],[128.13318,37.55596],[128.13342,37.55582],[128.13413,37.55584],[128.13465,37.55567],[128.13493,37.55572],[128.13568,37.55517],[128.13607,37.55532],[128.13616,37.55487],[128.13649,37.55403],[128.13715,37.55348],[128.13765,37.55316],[128.13791,37.55318],[128.13943,37.55351],[128.13938,37.55409],[128.13949,37.55429],[128.13941,37.55463],[128.13974,37.55496],[128.13981,37.55527],[128.14045,37.55616],[128.14054,37.5565],[128.14152,37.5564],[128.14308,37.55693],[128.14313,37.55759],[128.14285,37.55789],[128.14321,37.55863],[128.14374,37.55872],[128.14428,37.55898],[128.14425,37.55914],[128.14391,37.55959],[128.14394,37.5597],[128.14482,37.56026],[128.14507,37.56071],[128.14547,37.56089],[128.14593,37.56133],[128.14625,37.56148],[128.14628,37.56191],[128.14614,37.56213],[128.14625,37.5627],[128.14649,37.56309],[128.14654,37.56337],[128.14684,37.56324],[128.14749,37.5633],[128.14798,37.56323],[128.14829,37.56307],[128.14864,37.56312],[128.14912,37.56236],[128.14958,37.56204],[128.14991,37.56207],[128.15015,37.56177],[128.15037,37.56196],[128.15149,37.56108],[128.15218,37.56048],[128.15203,37.56038],[128.15227,37.56012],[128.15277,37.5591],[128.15307,37.5589],[128.15393,37.55857],[128.15456,37.55841],[128.1546,37.55855],[128.15529,37.55837],[128.15568,37.55805],[128.15592,37.55754],[128.15569,37.55743],[128.15551,37.55677],[128.15586,37.55626],[128.15655,37.55636],[128.15855,37.55603],[128.15925,37.55557],[128.15947,37.55553],[128.1599,37.55525],[128.16026,37.55476],[128.16026,37.55453],[128.1606,37.55383],[128.16083,37.55379],[128.16135,37.55395],[128.16201,37.55388],[128.16217,37.55367],[128.16274,37.55335],[128.16317,37.55283],[128.16353,37.55294],[128.16452,37.55249],[128.16495,37.55257],[128.16568,37.55253],[128.16601,37.55181],[128.166,37.55137],[128.16622,37.55108],[128.16614,37.55069],[128.1665,37.54991],[128.16708,37.54958],[128.16744,37.54944],[128.1679,37.54911],[128.16808,37.54914],[128.16845,37.54876],[128.16866,37.54744],[128.16964,37.54681],[128.16986,37.54647],[128.17039,37.5462],[128.17121,37.54633],[128.17146,37.54643],[128.17217,37.54637],[128.17273,37.54596],[128.17289,37.54544],[128.1732,37.54536],[128.17351,37.54477],[128.17383,37.54441],[128.17438,37.54426],[128.17456,37.54385],[128.17528,37.54349],[128.17573,37.54321],[128.17597,37.54284],[128.17601,37.54255],[128.17643,37.54229],[128.17711,37.54133],[128.17793,37.54153],[128.1784,37.54137],[128.17857,37.54118],[128.18037,37.54037],[128.18087,37.54031],[128.18121,37.54037],[128.18178,37.54023],[128.1821,37.5396],[128.18227,37.53976],[128.18253,37.53967],[128.18293,37.53936],[128.18324,37.53936],[128.18344,37.53953],[128.18361,37.5399],[128.18411,37.53998],[128.18473,37.53972],[128.18554,37.53971],[128.18605,37.53991],[128.1864,37.53972],[128.1867,37.53969],[128.18703,37.53933],[128.18718,37.53876],[128.18775,37.53866],[128.18823,37.5384],[128.18859,37.53792],[128.18873,37.53762],[128.18932,37.53787],[128.18976,37.53765],[128.19031,37.53774],[128.1907,37.53724],[128.1914,37.53735],[128.19208,37.53688],[128.19211,37.53673],[128.19266,37.53648],[128.19296,37.5362],[128.19338,37.53622],[128.19352,37.536],[128.19324,37.53565],[128.19336,37.53533],[128.19295,37.53495],[128.19272,37.5344],[128.19268,37.53387],[128.19255,37.53366],[128.19255,37.53312],[128.19337,37.53286],[128.19402,37.53308],[128.19476,37.5332],[128.19524,37.5335],[128.19593,37.5338],[128.19685,37.53405],[128.19723,37.53397],[128.19783,37.53426],[128.19803,37.53449],[128.19812,37.5352],[128.19838,37.53533],[128.19877,37.53572],[128.19942,37.53613],[128.19958,37.53685],[128.19982,37.53762],[128.19999,37.53797],[128.20073,37.53815],[128.20101,37.53841],[128.20171,37.5384],[128.20226,37.53908],[128.20256,37.5393],[128.20333,37.53939],[128.20347,37.53969],[128.20375,37.53992],[128.20451,37.53994],[128.20466,37.53985],[128.20562,37.53976],[128.20598,37.54004],[128.20664,37.54019],[128.20723,37.54087],[128.20748,37.54101],[128.20753,37.54154],[128.20808,37.54235],[128.20855,37.54241],[128.20901,37.54259],[128.20951,37.54251],[128.20992,37.54282],[128.20988,37.54317],[128.20972,37.54341],[128.20902,37.54326],[128.20864,37.54343],[128.20855,37.54365],[128.2086,37.54445],[128.20847,37.54474],[128.20807,37.5452],[128.20833,37.5457],[128.20835,37.54669],[128.20868,37.54694],[128.20876,37.54733],[128.20867,37.5483],[128.20838,37.54833],[128.20789,37.54868],[128.20764,37.54875],[128.20735,37.54913],[128.20731,37.5495],[128.20788,37.55069],[128.20847,37.55099],[128.20879,37.55101],[128.20917,37.55116],[128.20937,37.55182],[128.20986,37.55188],[128.21043,37.55175],[128.2108,37.55158],[128.21117,37.55163],[128.21145,37.55185],[128.21203,37.55214],[128.21261,37.5528],[128.21289,37.55345],[128.21305,37.55406],[128.21387,37.55466],[128.2138,37.55478],[128.21392,37.55522],[128.21413,37.55543],[128.21455,37.55527],[128.21512,37.55522],[128.21596,37.555],[128.21618,37.55544],[128.21626,37.55628],[128.21621,37.55766],[128.21606,37.55795],[128.21616,37.55848],[128.21705,37.55994],[128.21762,37.55984],[128.21779,37.56039],[128.2174,37.56065],[128.21741,37.56081],[128.21804,37.56245],[128.21804,37.56331],[128.21839,37.56365],[128.21826,37.56405],[128.21838,37.56457],[128.21826,37.56485],[128.21827,37.56526],[128.21854,37.56582],[128.21812,37.56622],[128.21863,37.56645],[128.21894,37.56711],[128.21977,37.56733],[128.21982,37.5677],[128.22067,37.56794],[128.22094,37.5692],[128.22124,37.56983],[128.22162,37.57014],[128.22165,37.57033],[128.22237,37.57067],[128.22242,37.57084],[128.22323,37.57096],[128.22362,37.57078],[128.22473,37.57042],[128.22503,37.57051],[128.22547,37.57036],[128.22584,37.57055],[128.22704,37.57095],[128.22707,37.57054],[128.22733,37.57036],[128.22787,37.57029],[128.2282,37.57053],[128.22843,37.57108],[128.22848,37.57157],[128.22879,37.57176],[128.22909,37.57249],[128.22865,37.57287],[128.22877,37.5732],[128.22923,37.57349],[128.22941,37.57398],[128.22901,37.57431],[128.22937,37.57457],[128.22944,37.57544],[128.22973,37.57561],[128.23003,37.57557],[128.23037,37.57576],[128.23079,37.57676],[128.23026,37.57706],[128.22987,37.57762],[128.23008,37.57805],[128.2303,37.57817],[128.2304,37.57848],[128.23055,37.57945],[128.23023,37.57977],[128.23048,37.58002],[128.23095,37.57996],[128.23118,37.58018],[128.23114,37.5808],[128.23118,37.58141],[128.23161,37.58181],[128.2323,37.58216],[128.23304,37.5823],[128.23359,37.58225],[128.23386,37.58204],[128.2345,37.58219],[128.23527,37.58219],[128.23648,37.58254],[128.23707,37.58259],[128.23726,37.58218],[128.23753,37.58198],[128.23764,37.58174],[128.23863,37.58163],[128.23894,37.58207],[128.23923,37.5821],[128.24005,37.5817],[128.24084,37.58176],[128.24155,37.58188],[128.2423,37.58219],[128.24256,37.58208],[128.24299,37.58174],[128.24336,37.5811],[128.24386,37.58095],[128.24428,37.58121],[128.2452,37.58135],[128.24576,37.58157],[128.24656,37.58163],[128.24686,37.58178],[128.24726,37.58181],[128.24824,37.58219],[128.24868,37.58197],[128.24969,37.58187],[128.24995,37.58162],[128.25071,37.58157],[128.25106,37.58162],[128.25194,37.58204],[128.25279,37.58256],[128.25347,37.5831],[128.25463,37.58359],[128.25525,37.584],[128.25618,37.58404],[128.25718,37.58463],[128.25742,37.58531],[128.25798,37.58609],[128.25785,37.58845],[128.25729,37.58892],[128.25699,37.58955],[128.25656,37.59014],[128.25644,37.59055],[128.25628,37.5907],[128.25487,37.59173],[128.25331,37.59269],[128.25279,37.59388],[128.25143,37.59536],[128.25104,37.5951],[128.25087,37.59529],[128.24948,37.59484],[128.24896,37.59455],[128.24759,37.59348],[128.24734,37.59316],[128.24686,37.59324],[128.24678,37.59303],[128.24632,37.59272],[128.24569,37.5928],[128.24555,37.59289],[128.24466,37.59286],[128.24442,37.59293],[128.24405,37.59282],[128.24338,37.59283],[128.24299,37.59321],[128.24335,37.59341],[128.24303,37.59397],[128.24321,37.59449],[128.24398,37.59503],[128.24421,37.59533],[128.24455,37.59557],[128.2444,37.59586],[128.24472,37.59601],[128.24539,37.59619],[128.24576,37.59623],[128.24647,37.59695],[128.24671,37.59737],[128.24739,37.59764],[128.24838,37.59832],[128.24866,37.59876],[128.24864,37.59993],[128.24912,37.60015],[128.24933,37.6006],[128.24971,37.60094],[128.24971,37.60152],[128.25044,37.60241],[128.2506,37.60266],[128.25106,37.60282],[128.25139,37.60285],[128.25239,37.60337],[128.25282,37.60341],[128.25325,37.60419],[128.25305,37.6049],[128.25348,37.60547],[128.25369,37.6067],[128.25391,37.60722],[128.25417,37.60759],[128.25421,37.60828],[128.25403,37.60888],[128.25404,37.60905],[128.25481,37.61019],[128.25491,37.61088],[128.25539,37.61222],[128.25556,37.61193],[128.25606,37.61204],[128.25603,37.61265],[128.25571,37.61286],[128.25588,37.61302],[128.25628,37.61392],[128.25661,37.61477],[128.25674,37.61633],[128.25569,37.61981],[128.25633,37.62147],[128.25543,37.62281],[128.25542,37.62334],[128.25461,37.6248],[128.25386,37.62631],[128.25388,37.62736]]]},"properties":{"code":"32520350","name":"청일면"}},{"type":"Feature","geometry":{"type":"Polygon","coordinates":[[[128.05111,37.6313],[128.04998,37.63104],[128.04996,37.62761],[128.04932,37.62739],[128.04842,37.62779],[128.04739,37.6275],[128.04707,37.62747],[128.04686,37.62715],[128.0463,37.62711],[128.04558,37.62685],[128.04498,37.62639],[128.04444,37.62584],[128.04332,37.6258],[128.04168,37.62534],[128.04147,37.6252],[128.04089,37.62506],[128.03988,37.62491],[128.03959,37.62474],[128.03877,37.62445],[128.03741,37.62415],[128.03632,37.62425],[128.03536,37.62426],[128.03517,37.62421],[128.03363,37.62347],[128.03312,37.62289],[128.03234,37.6226],[128.03145,37.62271],[128.03123,37.62257],[128.03113,37.62223],[128.03053,37.62163],[128.02999,37.62128],[128.02972,37.62098],[128.02972,37.62076],[128.0293,37.62016],[128.0291,37.61968],[128.02828,37.619],[128.02803,37.61868],[128.02699,37.61851],[128.02633,37.6179],[128.02605,37.61788],[128.02523,37.61756],[128.02508,37.61725],[128.02504,37.61691],[128.02474,37.61665],[128.02466,37.61626],[128.0248,37.61619],[128.02437,37.61573],[128.02299,37.61555],[128.02264,37.61479],[128.02244,37.61461],[128.02196,37.61438],[128.02189,37.61423],[128.02152,37.61405],[128.02132,37.61382],[128.02093,37.61356],[128.02012,37.61317],[128.01963,37.61326],[128.0179,37.61336],[128.01704,37.61352],[128.01667,37.61364],[128.01581,37.61402],[128.01548,37.61428],[128.01444,37.61472],[128.01434,37.61541],[128.01394,37.61553],[128.01369,37.61606],[128.01384,37.61623],[128.01382,37.61678],[128.01407,37.61714],[128.01409,37.61762],[128.01418,37.61794],[128.01384,37.61859],[128.01405,37.61884],[128.01387,37.61983],[128.01402,37.62033],[128.01388,37.62056],[128.01297,37.62175],[128.01292,37.62201],[128.01327,37.62265],[128.01382,37.62297],[128.01402,37.62322],[128.01421,37.62369],[128.01377,37.62393],[128.01322,37.62435],[128.01329,37.62518],[128.0129,37.62564],[128.01215,37.62624],[128.01165,37.6265],[128.01088,37.62665],[128.00977,37.62673],[128.00837,37.62692],[128.00675,37.62688],[128.0059,37.62675],[128.00401,37.62655],[128.00349,37.6267],[128.00329,37.62696],[128.00221,37.62688],[128.00137,37.62664],[128.00025,37.62663],[127.99784,37.62685],[127.99675,37.62727],[127.99575,37.62756],[127.99383,37.62797],[127.9935,37.62796],[127.99262,37.62772],[127.99224,37.62777],[127.99171,37.6281],[127.99145,37.62812],[127.99023,37.62853],[127.98883,37.62941],[127.98786,37.62975],[127.98759,37.62991],[127.98697,37.62995],[127.98611,37.62989],[127.98456,37.63021],[127.98403,37.63051],[127.98261,37.63081],[127.98081,37.63132],[127.98061,37.63185],[127.97928,37.63185],[127.97922,37.63233],[127.97962,37.63313],[127.97929,37.63356],[127.97838,37.63462],[127.97792,37.63486],[127.97792,37.63515],[127.97761,37.63578],[127.97708,37.63624],[127.97641,37.63631],[127.97567,37.63621],[127.97482,37.63689],[127.97413,37.63757],[127.97326,37.63778],[127.97219,37.63795],[127.97121,37.63808],[127.97106,37.63786],[127.9706,37.63774],[127.97002,37.63712],[127.96993,37.63665],[127.96968,37.63634],[127.97012,37.63437],[127.96944,37.63311],[127.96933,37.63266],[127.96802,37.63135],[127.96833,37.63065],[127.96818,37.62978],[127.96855,37.62911],[127.96825,37.62869],[127.96749,37.62694],[127.96469,37.62581],[127.96435,37.62603],[127.9632,37.6264],[127.96238,37.62655],[127.96213,37.62642],[127.96179,37.62655],[127.96013,37.62612],[127.95974,37.62612],[127.9592,37.62563],[127.95953,37.62489],[127.95884,37.62388],[127.95716,37.62231],[127.95725,37.62136],[127.95652,37.6195],[127.9559,37.61892],[127.9555,37.61883],[127.95521,37.61839],[127.95465,37.61822],[127.95401,37.61786],[127.95236,37.6178],[127.9525,37.61712],[127.95231,37.61628],[127.95243,37.61514],[127.95209,37.61459],[127.95221,37.61393],[127.95185,37.61331],[127.95163,37.61207],[127.95121,37.61154],[127.95122,37.61114],[127.94939,37.61022],[127.94688,37.60946],[127.94524,37.60878],[127.94348,37.60919],[127.94104,37.60951],[127.93895,37.6093],[127.93706,37.60957],[127.93319,37.60982],[127.93148,37.60848],[127.92942,37.60684],[127.92754,37.60621],[127.927,37.60415],[127.92464,37.60476],[127.92261,37.6057],[127.91921,37.60455],[127.91838,37.60403],[127.91674,37.60262],[127.91656,37.60236],[127.9147,37.60179],[127.91311,37.60125],[127.91253,37.60071],[127.91063,37.60057],[127.91011,37.60035],[127.90915,37.59894],[127.90752,37.59842],[127.90553,37.59831],[127.89847,37.59789],[127.89639,37.59737],[127.89567,37.59768],[127.89504,37.59831],[127.89338,37.59779],[127.89263,37.59721],[127.89223,37.59669],[127.89262,37.59654],[127.8929,37.59568],[127.8928,37.59535],[127.893,37.59526],[127.89381,37.59463],[127.89375,37.59345],[127.89414,37.59318],[127.89426,37.59289],[127.89405,37.59253],[127.89427,37.59188],[127.89437,37.59128],[127.89412,37.59104],[127.8941,37.59072],[127.89428,37.59029],[127.89377,37.58953],[127.89341,37.58928],[127.89334,37.58903],[127.89306,37.58869],[127.89316,37.58782],[127.89306,37.5877],[127.89356,37.58664],[127.89342,37.58637],[127.89366,37.58567],[127.89366,37.58534],[127.89379,37.58508],[127.89297,37.58472],[127.89231,37.58424],[127.89258,37.58387],[127.89172,37.58235],[127.89019,37.58183],[127.89017,37.58139],[127.88975,37.58086],[127.88907,37.58093],[127.88902,37.58042],[127.88882,37.58003],[127.88883,37.57824],[127.88902,37.5769],[127.88792,37.57614],[127.88569,37.57603],[127.88427,37.57534],[127.8847,37.57253],[127.88415,37.57127],[127.88297,37.57014],[127.88156,37.57007],[127.88157,37.56874],[127.88043,37.56759],[127.87874,37.56626],[127.87681,37.56573],[127.87513,37.56415],[127.87241,37.56217],[127.87238,37.56078],[127.87271,37.55987],[127.87374,37.55745],[127.87426,37.55594],[127.88197,37.55222],[127.88462,37.55194],[127.88736,37.5499],[127.88887,37.5488],[127.89051,37.54768],[127.89184,37.5469],[127.89397,37.54569],[127.89557,37.54397],[127.89878,37.54206],[127.9004,37.54057],[127.89998,37.53954],[127.89919,37.5396],[127.89862,37.53904],[127.89861,37.53805],[127.89824,37.53805],[127.89724,37.53767],[127.89681,37.53722],[127.89645,37.53707],[127.89617,37.53674],[127.89587,37.53664],[127.89549,37.53624],[127.89575,37.53554],[127.89565,37.5351],[127.89605,37.53474],[127.8961,37.53427],[127.89597,37.53381],[127.89546,37.53263],[127.89548,37.53227],[127.89583,37.53182],[127.89594,37.53181],[127.89615,37.53138],[127.89608,37.53117],[127.89636,37.53093],[127.89583,37.53058],[127.89601,37.53033],[127.89679,37.53008],[127.89644,37.52944],[127.89631,37.52894],[127.89594,37.52839],[127.89599,37.52808],[127.89622,37.52801],[127.89679,37.5276],[127.8972,37.52654],[127.89749,37.52589],[127.89753,37.52549],[127.89739,37.52492],[127.89696,37.52433],[127.89648,37.52429],[127.89616,37.52408],[127.89621,37.52354],[127.89608,37.52288],[127.89663,37.52284],[127.89733,37.52268],[127.89776,37.52196],[127.89821,37.52186],[127.89904,37.52185],[127.89967,37.5212],[127.90001,37.52111],[127.9002,37.52078],[127.89997,37.52026],[127.90022,37.52011],[127.90086,37.52028],[127.90181,37.52006],[127.9022,37.52059],[127.90247,37.52071],[127.90306,37.52019],[127.90348,37.52035],[127.90423,37.52024],[127.90467,37.52038],[127.90552,37.52045],[127.90602,37.52042],[127.90608,37.52058],[127.90657,37.52078],[127.90685,37.52103],[127.9073,37.52124],[127.90802,37.52137],[127.90861,37.52177],[127.9093,37.52128],[127.90968,37.52114],[127.91065,37.52148],[127.9113,37.52134],[127.91157,37.52135],[127.91212,37.52102],[127.91291,37.52071],[127.91307,37.5203],[127.91361,37.5199],[127.914,37.51885],[127.91388,37.51857],[127.9141,37.51827],[127.91477,37.51799],[127.91471,37.51769],[127.91501,37.51718],[127.91522,37.51705],[127.91555,37.51665],[127.91564,37.51628],[127.91605,37.51581],[127.91616,37.5153],[127.91594,37.51489],[127.91619,37.51469],[127.91761,37.51527],[127.91831,37.51483],[127.91958,37.51526],[127.92005,37.51584],[127.92116,37.51619],[127.92188,37.5166],[127.92282,37.517],[127.92349,37.51722],[127.92424,37.51767],[127.9246,37.51717],[127.92509,37.51705],[127.92631,37.51624],[127.92665,37.51614],[127.927,37.51586],[127.92776,37.51591],[127.9283,37.51563],[127.92865,37.51559],[127.92908,37.51535],[127.93012,37.51499],[127.93065,37.51463],[127.93152,37.5136],[127.93224,37.51378],[127.93287,37.51419],[127.93323,37.51499],[127.93376,37.51532],[127.9344,37.51634],[127.93465,37.51624],[127.93513,37.51635],[127.93553,37.51633],[127.93633,37.51588],[127.93706,37.51581],[127.93843,37.51548],[127.93861,37.51518],[127.93911,37.51492],[127.9395,37.51493],[127.94029,37.51471],[127.94059,37.51457],[127.94041,37.51441],[127.94048,37.51387],[127.94081,37.51367],[127.9417,37.51347],[127.94228,37.5131],[127.94308,37.51318],[127.94356,37.51366],[127.94389,37.51423],[127.94502,37.51417],[127.94553,37.51419],[127.94647,37.51436],[127.94684,37.51393],[127.94781,37.51423],[127.94836,37.51359],[127.94889,37.5139],[127.94944,37.51384],[127.9505,37.514],[127.95176,37.5137],[127.95191,37.51357],[127.95244,37.51358],[127.95284,37.51403],[127.95367,37.51415],[127.95406,37.51428],[127.95452,37.5146],[127.95484,37.51455],[127.95523,37.51431],[127.95577,37.51442],[127.95624,37.51377],[127.95731,37.51357],[127.95795,37.51333],[127.95817,37.51349],[127.95878,37.51339],[127.95921,37.51349],[127.96033,37.51351],[127.96084,37.51329],[127.96225,37.51322],[127.96345,37.51297],[127.96358,37.5133],[127.96288,37.51425],[127.96302,37.51466],[127.96301,37.51524],[127.96286,37.51571],[127.96312,37.51577],[127.96349,37.51609],[127.96358,37.51657],[127.96394,37.51743],[127.96466,37.51773],[127.96553,37.51718],[127.96674,37.51697],[127.96705,37.51641],[127.96773,37.51646],[127.9687,37.51692],[127.96926,37.51676],[127.96948,37.5166],[127.97018,37.51643],[127.9705,37.51613],[127.97101,37.51582],[127.97266,37.51525],[127.97329,37.51473],[127.9734,37.51452],[127.97383,37.51429],[127.9742,37.51364],[127.97482,37.51368],[127.97534,37.51345],[127.97576,37.5134],[127.97661,37.51236],[127.97783,37.51183],[127.97836,37.51149],[127.9787,37.51109],[127.97962,37.51062],[127.97965,37.51048],[127.98032,37.50992],[127.9805,37.5093],[127.98085,37.50883],[127.98186,37.50848],[127.98246,37.50841],[127.98316,37.50809],[127.9834,37.50778],[127.98401,37.50632],[127.98431,37.50594],[127.98517,37.50566],[127.98536,37.50552],[127.98581,37.50553],[127.98625,37.50608],[127.98664,37.50683],[127.98689,37.50693],[127.98766,37.50798],[127.98853,37.50878],[127.98862,37.50932],[127.98929,37.50997],[127.99026,37.51026],[127.99073,37.51111],[127.99131,37.51133],[127.99293,37.51148],[127.99327,37.51214],[127.99414,37.5118],[127.99512,37.51174],[127.99536,37.51152],[127.99595,37.51143],[127.99614,37.51218],[127.99678,37.51359],[127.99772,37.51448],[127.99986,37.51604],[128.00045,37.51668],[128.00056,37.51749],[127.99988,37.5188],[127.99949,37.51943],[127.99877,37.52011],[127.99777,37.52078],[127.99729,37.521],[127.99647,37.52184],[127.99654,37.52218],[127.9968,37.52285],[127.99734,37.52359],[127.99862,37.52437],[127.99917,37.52485],[128.00046,37.52557],[128.0029,37.52715],[128.00362,37.52755],[128.00407,37.52786],[128.00548,37.52855],[128.00594,37.52881],[128.00682,37.52941],[128.00767,37.53021],[128.00834,37.53055],[128.00892,37.53099],[128.00982,37.53186],[128.01092,37.53274],[128.01124,37.53309],[128.01277,37.53429],[128.01346,37.53502],[128.01429,37.53649],[128.01476,37.53749],[128.01471,37.53765],[128.0151,37.53858],[128.01506,37.53976],[128.01533,37.54057],[128.01381,37.54059],[128.01368,37.54155],[128.01402,37.54183],[128.01416,37.54216],[128.01423,37.54265],[128.01398,37.54309],[128.01397,37.54345],[128.01405,37.54407],[128.01483,37.54505],[128.0149,37.54536],[128.01516,37.54551],[128.01527,37.54617],[128.01475,37.54671],[128.0149,37.54701],[128.01466,37.54726],[128.01427,37.54795],[128.01383,37.54836],[128.01405,37.54893],[128.01441,37.54957],[128.01499,37.54983],[128.0156,37.5499],[128.01588,37.55075],[128.01625,37.55133],[128.01595,37.55165],[128.01609,37.55214],[128.01577,37.5527],[128.01524,37.55298],[128.01447,37.55287],[128.01417,37.55295],[128.01392,37.55323],[128.01387,37.55346],[128.01437,37.55392],[128.01403,37.55426],[128.01413,37.55479],[128.01385,37.55513],[128.01356,37.55517],[128.0134,37.55556],[128.01267,37.55619],[128.01251,37.55646],[128.01197,37.55654],[128.01159,37.55649],[128.01149,37.55665],[128.0112,37.55769],[128.01152,37.55848],[128.01107,37.55911],[128.01139,37.55928],[128.0116,37.5595],[128.01165,37.56008],[128.01234,37.56002],[128.01309,37.56053],[128.01383,37.56057],[128.01439,37.56083],[128.01407,37.56137],[128.0138,37.56165],[128.01335,37.56232],[128.01348,37.56291],[128.0134,37.56333],[128.01356,37.56365],[128.01374,37.56457],[128.01325,37.56503],[128.01349,37.56596],[128.01416,37.56668],[128.01433,37.56735],[128.01434,37.56796],[128.01513,37.56836],[128.01589,37.5686],[128.01599,37.56918],[128.0164,37.56962],[128.01631,37.57011],[128.01591,37.57051],[128.0158,37.57086],[128.01614,37.57118],[128.01644,37.57159],[128.01644,37.57196],[128.01656,37.5723],[128.01706,37.57226],[128.01732,37.57439],[128.01817,37.57464],[128.01887,37.57518],[128.01945,37.57517],[128.02027,37.57508],[128.02101,37.57551],[128.02142,37.5761],[128.0217,37.57634],[128.02158,37.57665],[128.0215,37.57746],[128.02156,37.57832],[128.02206,37.57907],[128.02187,37.5795],[128.02267,37.58041],[128.02372,37.58046],[128.02465,37.58068],[128.02551,37.58108],[128.0257,37.58168],[128.02557,37.58252],[128.02615,37.58276],[128.0271,37.5844],[128.02769,37.58512],[128.02719,37.58578],[128.02615,37.58632],[128.02537,37.58698],[128.02486,37.58779],[128.02443,37.58776],[128.02401,37.588],[128.02402,37.58827],[128.02384,37.58888],[128.02309,37.589],[128.02283,37.58912],[128.02296,37.58974],[128.02329,37.58993],[128.02341,37.59043],[128.0238,37.59083],[128.02399,37.59133],[128.02406,37.59196],[128.02379,37.59234],[128.02347,37.59263],[128.02417,37.59355],[128.02442,37.59433],[128.02479,37.59445],[128.02613,37.59404],[128.02696,37.59461],[128.02773,37.59485],[128.02826,37.59483],[128.02896,37.59502],[128.02956,37.59535],[128.03057,37.59661],[128.03088,37.5982],[128.03139,37.59894],[128.03117,37.59945],[128.03149,37.59991],[128.03167,37.60078],[128.0321,37.60134],[128.0321,37.60159],[128.03241,37.60225],[128.03313,37.60247],[128.03372,37.60352],[128.03435,37.60499],[128.03453,37.60608],[128.03555,37.6067],[128.03631,37.60662],[128.03762,37.60695],[128.03791,37.60791],[128.037,37.6088],[128.03697,37.60905],[128.03742,37.61079],[128.03864,37.61194],[128.03925,37.61325],[128.04018,37.61485],[128.04067,37.61535],[128.04154,37.61649],[128.04207,37.6178],[128.04381,37.61923],[128.04576,37.62013],[128.04613,37.62088],[128.04727,37.62104],[128.0481,37.62099],[128.04888,37.62137],[128.04977,37.62144],[128.05143,37.62183],[128.05128,37.62239],[128.05103,37.62281],[128.05108,37.6234],[128.05065,37.62448],[128.05048,37.62523],[128.05112,37.62611],[128.05182,37.62669],[128.0535,37.62727],[128.05392,37.62773],[128.05419,37.62815],[128.05387,37.62909],[128.05292,37.62989],[128.05292,37.63025],[128.05242,37.6307],[128.05177,37.63077],[128.05111,37.6313]]]},"properties":{"code":"32520360","name":"공근면"}},{"type":"Feature","geometry":{"type":"Polygon","coordinates":[[[127.87374,37.55745],[127.87276,37.55704],[127.87206,37.55688],[127.87195,37.55653],[127.8713,37.55625],[127.87096,37.55648],[127.87018,37.5566],[127.87001,37.55678],[127.86898,37.55681],[127.8685,37.55666],[127.86822,37.55639],[127.86653,37.55634],[127.86627,37.5563],[127.86587,37.55685],[127.86559,37.55693],[127.86537,37.5572],[127.86489,37.55707],[127.86443,37.55735],[127.86377,37.55743],[127.86311,37.55732],[127.86278,37.55719],[127.86231,37.55735],[127.86209,37.55727],[127.86183,37.55745],[127.86108,37.55748],[127.86086,37.55763],[127.8599,37.55754],[127.85955,37.55772],[127.85912,37.55737],[127.85879,37.55744],[127.85826,37.55711],[127.85809,37.55676],[127.85759,37.55644],[127.85727,37.5555],[127.8563,37.55523],[127.8559,37.55484],[127.8552,37.55399],[127.85458,37.55382],[127.85407,37.55406],[127.8534,37.55394],[127.85267,37.55424],[127.85226,37.55399],[127.85137,37.55412],[127.85115,37.55384],[127.85074,37.55377],[127.8501,37.5538],[127.8498,37.55334],[127.84849,37.55246],[127.84834,37.55229],[127.84808,37.5523],[127.84793,37.55165],[127.84807,37.55132],[127.84811,37.55033],[127.84762,37.54952],[127.84699,37.54915],[127.84621,37.54842],[127.84556,37.54827],[127.84514,37.54773],[127.84532,37.54656],[127.8452,37.54612],[127.84497,37.54569],[127.84551,37.5451],[127.84559,37.5449],[127.84603,37.54447],[127.84595,37.54409],[127.84545,37.54378],[127.84544,37.54354],[127.84523,37.54332],[127.84463,37.54297],[127.84411,37.54287],[127.84393,37.54259],[127.84344,37.54217],[127.84304,37.54192],[127.84285,37.54144],[127.8426,37.54003],[127.84248,37.53961],[127.84202,37.5389],[127.84156,37.53882],[127.84097,37.53885],[127.8396,37.53906],[127.83889,37.53846],[127.83847,37.5383],[127.8373,37.53819],[127.83669,37.53827],[127.83583,37.53844],[127.83527,37.53867],[127.83498,37.53865],[127.83467,37.5388],[127.83424,37.53918],[127.83363,37.53921],[127.83297,37.53894],[127.83297,37.53876],[127.83242,37.53833],[127.83213,37.53826],[127.83191,37.53763],[127.83173,37.53756],[127.83074,37.53799],[127.83055,37.53801],[127.83014,37.53766],[127.83009,37.53747],[127.82904,37.53736],[127.82891,37.53713],[127.82827,37.53664],[127.82676,37.53721],[127.82569,37.53787],[127.82545,37.53788],[127.8245,37.53818],[127.82426,37.53805],[127.8238,37.5382],[127.82253,37.53846],[127.82204,37.53845],[127.82117,37.5381],[127.82075,37.53784],[127.81979,37.53771],[127.81953,37.53774],[127.81915,37.53755],[127.81803,37.53751],[127.81755,37.53724],[127.81709,37.53741],[127.81647,37.53704],[127.8162,37.5371],[127.81525,37.53713],[127.81485,37.53743],[127.81437,37.53753],[127.81417,37.53774],[127.81378,37.53786],[127.81291,37.53784],[127.81271,37.53793],[127.81221,37.53778],[127.81197,37.53756],[127.81047,37.53779],[127.81031,37.53801],[127.81006,37.53806],[127.80958,37.53786],[127.80946,37.53759],[127.8096,37.53701],[127.80861,37.53641],[127.80757,37.53569],[127.80687,37.53541],[127.80662,37.53512],[127.80623,37.53492],[127.80644,37.53422],[127.80674,37.53354],[127.80633,37.53288],[127.80645,37.53227],[127.80636,37.5319],[127.80647,37.53117],[127.80538,37.53055],[127.80501,37.53016],[127.80433,37.53],[127.80387,37.52978],[127.80342,37.52978],[127.80308,37.5295],[127.80234,37.52928],[127.80179,37.52923],[127.80164,37.52914],[127.79996,37.52931],[127.79947,37.52917],[127.79901,37.52877],[127.79827,37.52867],[127.79778,37.52852],[127.79731,37.52851],[127.79674,37.52861],[127.79634,37.52858],[127.79625,37.52822],[127.79638,37.52769],[127.79632,37.52718],[127.7959,37.52697],[127.79549,37.52653],[127.79532,37.5258],[127.79536,37.52535],[127.79504,37.52489],[127.79577,37.52417],[127.79623,37.52405],[127.79647,37.5235],[127.7964,37.52311],[127.79531,37.52268],[127.79449,37.52251],[127.79357,37.52196],[127.79362,37.5217],[127.79329,37.52136],[127.79223,37.52086],[127.79208,37.52072],[127.79195,37.52002],[127.79129,37.51989],[127.78949,37.51888],[127.78879,37.51855],[127.78835,37.51804],[127.7882,37.51771],[127.78778,37.51715],[127.78773,37.51655],[127.78737,37.51588],[127.78711,37.51568],[127.78712,37.51498],[127.78664,37.51428],[127.7855,37.51331],[127.78445,37.51283],[127.78417,37.51245],[127.7837,37.51214],[127.78344,37.51222],[127.78308,37.51253],[127.78161,37.513],[127.78112,37.51306],[127.78064,37.51277],[127.7804,37.5125],[127.78036,37.51228],[127.77972,37.51185],[127.77927,37.51126],[127.77871,37.51072],[127.77874,37.51009],[127.77832,37.50957],[127.77751,37.50913],[127.77712,37.50853],[127.77675,37.50809],[127.77597,37.5081],[127.77561,37.50776],[127.77539,37.50726],[127.77503,37.50697],[127.77485,37.50666],[127.77419,37.50643],[127.7736,37.50594],[127.77284,37.50581],[127.77245,37.50552],[127.77179,37.50519],[127.77091,37.50516],[127.77054,37.50528],[127.76971,37.5054],[127.76936,37.50509],[127.76859,37.50456],[127.76803,37.50407],[127.76736,37.50367],[127.76645,37.5037],[127.76617,37.5032],[127.76591,37.50294],[127.76544,37.50276],[127.76466,37.50266],[127.76365,37.50287],[127.76294,37.50285],[127.76248,37.50292],[127.7614,37.50326],[127.76085,37.5032],[127.76026,37.50342],[127.7599,37.50327],[127.75987,37.50313],[127.76001,37.50246],[127.76003,37.50166],[127.75989,37.50126],[127.75989,37.50035],[127.76018,37.49986],[127.76012,37.49944],[127.7603,37.49876],[127.7596,37.49812],[127.7597,37.49768],[127.75967,37.4972],[127.75948,37.49686],[127.75942,37.49542],[127.75965,37.49502],[127.75991,37.49388],[127.75975,37.49354],[127.76003,37.49289],[127.75979,37.49248],[127.76019,37.49222],[127.76104,37.49234],[127.76136,37.49262],[127.76212,37.49272],[127.76298,37.49249],[127.76351,37.49217],[127.76359,37.49196],[127.76404,37.49192],[127.7643,37.49225],[127.76468,37.49251],[127.76504,37.49264],[127.7653,37.49307],[127.76631,37.49294],[127.76725,37.49261],[127.76744,37.49261],[127.76818,37.49217],[127.76873,37.49257],[127.76929,37.49236],[127.76974,37.49243],[127.7701,37.49269],[127.77067,37.49223],[127.77109,37.49205],[127.77135,37.49176],[127.77228,37.49188],[127.77272,37.49201],[127.77303,37.4918],[127.77352,37.49181],[127.77397,37.49167],[127.77469,37.49175],[127.7748,37.49106],[127.7751,37.49032],[127.77557,37.49013],[127.77571,37.48984],[127.77612,37.48952],[127.77589,37.48909],[127.77607,37.48854],[127.77734,37.48829],[127.77802,37.48802],[127.77877,37.48811],[127.78019,37.48865],[127.78059,37.48808],[127.78075,37.48736],[127.78129,37.48639],[127.78131,37.48568],[127.78155,37.48541],[127.78139,37.48412],[127.78189,37.48373],[127.78197,37.48295],[127.7819,37.48213],[127.78217,37.48168],[127.7837,37.48143],[127.78371,37.48059],[127.78449,37.47997],[127.78471,37.47991],[127.78452,37.4793],[127.78485,37.47869],[127.78559,37.47862],[127.78615,37.47804],[127.78757,37.47764],[127.78755,37.47705],[127.78776,37.47642],[127.78836,37.4758],[127.78864,37.4759],[127.78958,37.4748],[127.79052,37.47501],[127.79108,37.47486],[127.79133,37.47428],[127.79171,37.47423],[127.79204,37.47409],[127.7924,37.47408],[127.79341,37.4734],[127.79374,37.47313],[127.79446,37.47331],[127.79471,37.47328],[127.79515,37.47258],[127.79546,37.47255],[127.79583,37.47269],[127.79671,37.47234],[127.79723,37.4724],[127.79757,37.47254],[127.79777,37.47234],[127.79832,37.47222],[127.79979,37.47238],[127.80048,37.47125],[127.80097,37.47004],[127.8008,37.46897],[127.80083,37.46854],[127.80066,37.46799],[127.80071,37.46786],[127.80008,37.46732],[127.80003,37.46665],[127.79955,37.46609],[127.79943,37.46556],[127.79841,37.465],[127.7979,37.46492],[127.7976,37.46453],[127.79762,37.46401],[127.79684,37.46365],[127.79647,37.46372],[127.79627,37.46304],[127.79633,37.46283],[127.79672,37.46271],[127.79675,37.46228],[127.79653,37.46191],[127.79665,37.46158],[127.79651,37.46115],[127.7966,37.46034],[127.79657,37.45977],[127.79727,37.4593],[127.79791,37.45872],[127.79781,37.45829],[127.79787,37.45811],[127.79759,37.45739],[127.79723,37.4569],[127.79736,37.45644],[127.79818,37.45611],[127.79815,37.45555],[127.79849,37.45525],[127.79814,37.45489],[127.79877,37.45356],[127.79894,37.45273],[127.79938,37.45177],[127.79894,37.45106],[127.79939,37.45058],[127.79913,37.45026],[127.7994,37.44962],[127.79946,37.44902],[127.79915,37.4489],[127.79889,37.44862],[127.79895,37.44817],[127.7993,37.4478],[127.79935,37.44738],[127.79923,37.44666],[127.79937,37.44623],[127.79937,37.44582],[127.79882,37.44505],[127.79882,37.44399],[127.79889,37.44343],[127.79883,37.44322],[127.79839,37.44259],[127.79912,37.44114],[127.79949,37.4401],[127.79936,37.43929],[127.79993,37.4387],[127.80047,37.43864],[127.80135,37.439],[127.80204,37.43921],[127.80258,37.43954],[127.80343,37.43971],[127.80393,37.43964],[127.80489,37.44002],[127.80588,37.44015],[127.80676,37.44036],[127.8079,37.44076],[127.80885,37.44095],[127.8092,37.44125],[127.80997,37.44129],[127.8105,37.44139],[127.81033,37.44189],[127.81156,37.44303],[127.81172,37.44371],[127.812,37.44409],[127.81231,37.44414],[127.81317,37.4451],[127.81344,37.44527],[127.81385,37.44499],[127.81442,37.44486],[127.81482,37.44486],[127.81566,37.44522],[127.81652,37.4454],[127.8173,37.44599],[127.81803,37.44601],[127.81861,37.44626],[127.81983,37.44658],[127.82009,37.44633],[127.82058,37.44628],[127.82091,37.44538],[127.82188,37.44546],[127.82278,37.44432],[127.82286,37.44407],[127.82316,37.44366],[127.82354,37.44331],[127.82363,37.44294],[127.82478,37.44271],[127.8251,37.44254],[127.82524,37.442],[127.82519,37.44145],[127.8254,37.44128],[127.8262,37.44117],[127.8264,37.44089],[127.82658,37.44028],[127.82716,37.44011],[127.82734,37.43988],[127.82812,37.43943],[127.82835,37.43918],[127.8289,37.43886],[127.82918,37.43892],[127.82959,37.43871],[127.83068,37.43838],[127.83093,37.43769],[127.83129,37.43707],[127.83174,37.4366],[127.83278,37.43636],[127.83319,37.43611],[127.8333,37.43567],[127.8339,37.43486],[127.83445,37.43428],[127.8345,37.434],[127.8352,37.43408],[127.83556,37.43404],[127.83683,37.43418],[127.83864,37.43417],[127.83884,37.43424],[127.83968,37.43415],[127.84002,37.43382],[127.83996,37.4333],[127.83972,37.4326],[127.84006,37.4322],[127.84013,37.43184],[127.84009,37.43147],[127.84033,37.43122],[127.8405,37.43047],[127.84063,37.43032],[127.84078,37.42981],[127.84082,37.42925],[127.84112,37.42866],[127.84175,37.42816],[127.84175,37.42746],[127.84242,37.42675],[127.84246,37.42633],[127.84305,37.4259],[127.84354,37.42522],[127.84354,37.42495],[127.84397,37.42433],[127.84433,37.4242],[127.84491,37.42381],[127.84494,37.4236],[127.84545,37.42261],[127.84556,37.42222],[127.84558,37.42154],[127.84579,37.4212],[127.8458,37.42068],[127.84556,37.4202],[127.84574,37.41962],[127.84567,37.41928],[127.84592,37.41894],[127.84629,37.41878],[127.84655,37.41848],[127.84742,37.41806],[127.84755,37.41778],[127.84746,37.41737],[127.84757,37.41714],[127.84761,37.41646],[127.84755,37.41609],[127.84771,37.41585],[127.84787,37.41499],[127.84816,37.41437],[127.84822,37.41335],[127.8488,37.41253],[127.84891,37.41214],[127.84909,37.4119],[127.84901,37.41162],[127.84955,37.41057],[127.85018,37.41024],[127.85081,37.40934],[127.85108,37.40918],[127.85127,37.40858],[127.85122,37.40776],[127.85033,37.40682],[127.85014,37.40646],[127.8501,37.4057],[127.85052,37.40505],[127.85002,37.404],[127.84965,37.40353],[127.84945,37.40244],[127.84853,37.40193],[127.84764,37.40079],[127.84859,37.39967],[127.84914,37.39866],[127.84965,37.39821],[127.84964,37.39755],[127.84978,37.39693],[127.8505,37.39604],[127.85099,37.39533],[127.85105,37.39551],[127.85159,37.39613],[127.85241,37.39694],[127.85427,37.39782],[127.85573,37.39828],[127.8565,37.39865],[127.85791,37.39891],[127.85923,37.39886],[127.86116,37.39834],[127.8625,37.39831],[127.86422,37.39844],[127.86597,37.39868],[127.86716,37.39905],[127.868,37.39963],[127.86799,37.40048],[127.86808,37.40223],[127.86808,37.40416],[127.86837,37.40493],[127.86878,37.40569],[127.86948,37.40631],[127.86996,37.40648],[127.86935,37.40785],[127.8692,37.40834],[127.86926,37.40884],[127.86986,37.40975],[127.87033,37.41111],[127.87054,37.41226],[127.87041,37.41241],[127.87041,37.41291],[127.87061,37.41341],[127.87067,37.41453],[127.87082,37.41504],[127.87126,37.41565],[127.87099,37.41614],[127.87069,37.41644],[127.8707,37.41702],[127.87078,37.4176],[127.87044,37.41842],[127.87006,37.41865],[127.8696,37.41916],[127.86896,37.41952],[127.8675,37.42013],[127.86738,37.4206],[127.86751,37.42099],[127.86732,37.42141],[127.86628,37.42282],[127.86561,37.42301],[127.86549,37.42364],[127.86511,37.42384],[127.86484,37.4243],[127.8647,37.42486],[127.86438,37.42493],[127.86394,37.42533],[127.86404,37.42611],[127.86388,37.42694],[127.86422,37.42765],[127.86431,37.42794],[127.86426,37.42851],[127.86476,37.42902],[127.86494,37.43001],[127.86494,37.4307],[127.86504,37.43118],[127.86509,37.43196],[127.86489,37.4322],[127.8645,37.43314],[127.86457,37.43358],[127.86433,37.43432],[127.86372,37.43465],[127.86369,37.43536],[127.86339,37.43625],[127.86377,37.43675],[127.86405,37.437],[127.86403,37.43745],[127.86417,37.43782],[127.86423,37.43849],[127.8657,37.43964],[127.86595,37.44014],[127.86598,37.44042],[127.86586,37.44077],[127.86607,37.44152],[127.86584,37.44272],[127.86592,37.44315],[127.86591,37.44391],[127.86596,37.44415],[127.86591,37.44478],[127.86565,37.44497],[127.86548,37.44555],[127.86561,37.44615],[127.86565,37.44695],[127.86599,37.44719],[127.86611,37.44754],[127.86717,37.44795],[127.86834,37.44901],[127.86837,37.44924],[127.86823,37.44961],[127.86857,37.45069],[127.86881,37.45081],[127.86886,37.45116],[127.86957,37.45189],[127.87064,37.45276],[127.87093,37.45341],[127.87183,37.4539],[127.8731,37.45446],[127.87465,37.45501],[127.87482,37.4557],[127.87485,37.45616],[127.87515,37.45658],[127.87502,37.45736],[127.87476,37.45805],[127.8753,37.45846],[127.87535,37.45871],[127.87523,37.45922],[127.87555,37.45947],[127.87556,37.45988],[127.87585,37.46034],[127.8758,37.46081],[127.87557,37.46138],[127.87533,37.46184],[127.87535,37.46207],[127.87621,37.4635],[127.87628,37.46467],[127.87662,37.46537],[127.87665,37.466],[127.87725,37.46657],[127.87699,37.46692],[127.87784,37.46746],[127.87872,37.46781],[127.88054,37.46856],[127.88106,37.4687],[127.88208,37.46947],[127.88329,37.46941],[127.88452,37.4702],[127.88411,37.46852],[127.88423,37.46777],[127.88504,37.46774],[127.8869,37.46854],[127.88726,37.46857],[127.88717,37.46827],[127.88728,37.46765],[127.88745,37.46731],[127.88782,37.46714],[127.88808,37.46691],[127.88841,37.46647],[127.88895,37.46619],[127.89227,37.46782],[127.89245,37.46785],[127.89357,37.46852],[127.89381,37.4687],[127.89381,37.4692],[127.89436,37.46961],[127.89503,37.46968],[127.89627,37.4694],[127.89708,37.46865],[127.89727,37.46887],[127.89686,37.46971],[127.89675,37.47067],[127.89639,37.47155],[127.89587,37.47235],[127.89735,37.47249],[127.89889,37.47252],[127.9004,37.47219],[127.90115,37.47209],[127.90201,37.47225],[127.90257,37.47216],[127.90311,37.47213],[127.90343,37.47239],[127.904,37.47255],[127.90469,37.47249],[127.90535,37.47268],[127.90611,37.47327],[127.90586,37.47432],[127.90599,37.47512],[127.90645,37.47575],[127.90665,37.4764],[127.90697,37.47674],[127.90703,37.47708],[127.90738,37.47753],[127.90753,37.47796],[127.90791,37.47859],[127.90751,37.47896],[127.9074,37.47915],[127.90779,37.48003],[127.90815,37.4804],[127.90834,37.48137],[127.90851,37.48174],[127.90894,37.48191],[127.90901,37.48246],[127.90879,37.48297],[127.90928,37.4835],[127.90943,37.48399],[127.90921,37.48437],[127.90959,37.48485],[127.90942,37.48521],[127.90976,37.48567],[127.90969,37.48644],[127.91001,37.48681],[127.91036,37.48708],[127.91127,37.48704],[127.91139,37.48782],[127.91163,37.48826],[127.91234,37.4885],[127.91258,37.48865],[127.91322,37.48979],[127.91376,37.49015],[127.9141,37.4905],[127.91494,37.49052],[127.9151,37.49086],[127.91553,37.49099],[127.91645,37.49108],[127.91662,37.49145],[127.9175,37.4917],[127.91842,37.49225],[127.91847,37.49254],[127.91913,37.49287],[127.91892,37.49323],[127.9187,37.49409],[127.91845,37.49447],[127.9183,37.49491],[127.91838,37.49514],[127.91828,37.4954],[127.91821,37.49598],[127.91843,37.49614],[127.91904,37.49691],[127.91846,37.4975],[127.91875,37.49797],[127.91989,37.4983],[127.92054,37.49823],[127.92098,37.49829],[127.92142,37.49865],[127.92174,37.49922],[127.92211,37.4995],[127.9222,37.50001],[127.92248,37.50052],[127.92242,37.5011],[127.92262,37.50171],[127.92306,37.50188],[127.92326,37.50205],[127.92364,37.50269],[127.92446,37.50293],[127.92489,37.50359],[127.9251,37.50407],[127.92575,37.50423],[127.92601,37.50478],[127.92641,37.50527],[127.92665,37.50537],[127.92705,37.5059],[127.92705,37.50613],[127.92765,37.50649],[127.92882,37.50674],[127.92915,37.50691],[127.92964,37.50762],[127.92968,37.50837],[127.92964,37.50888],[127.92969,37.50911],[127.93011,37.5093],[127.92998,37.50956],[127.93013,37.5098],[127.9303,37.51033],[127.93049,37.51062],[127.93049,37.51116],[127.93089,37.51178],[127.93084,37.51217],[127.93114,37.51246],[127.93117,37.51307],[127.93152,37.5136],[127.93065,37.51463],[127.93012,37.51499],[127.92908,37.51535],[127.92865,37.51559],[127.9283,37.51563],[127.92776,37.51591],[127.927,37.51586],[127.92665,37.51614],[127.92631,37.51624],[127.92509,37.51705],[127.9246,37.51717],[127.92424,37.51767],[127.92349,37.51722],[127.92282,37.517],[127.92188,37.5166],[127.92116,37.51619],[127.92005,37.51584],[127.91958,37.51526],[127.91831,37.51483],[127.91761,37.51527],[127.91619,37.51469],[127.91594,37.51489],[127.91616,37.5153],[127.91605,37.51581],[127.91564,37.51628],[127.91555,37.51665],[127.91522,37.51705],[127.91501,37.51718],[127.91471,37.51769],[127.91477,37.51799],[127.9141,37.51827],[127.91388,37.51857],[127.914,37.51885],[127.91361,37.5199],[127.91307,37.5203],[127.91291,37.52071],[127.91212,37.52102],[127.91157,37.52135],[127.9113,37.52134],[127.91065,37.52148],[127.90968,37.52114],[127.9093,37.52128],[127.90861,37.52177],[127.90802,37.52137],[127.9073,37.52124],[127.90685,37.52103],[127.90657,37.52078],[127.90608,37.52058],[127.90602,37.52042],[127.90552,37.52045],[127.90467,37.52038],[127.90423,37.52024],[127.90348,37.52035],[127.90306,37.52019],[127.90247,37.52071],[127.9022,37.52059],[127.90181,37.52006],[127.90086,37.52028],[127.90022,37.52011],[127.89997,37.52026],[127.9002,37.52078],[127.90001,37.52111],[127.89967,37.5212],[127.89904,37.52185],[127.89821,37.52186],[127.89776,37.52196],[127.89733,37.52268],[127.89663,37.52284],[127.89608,37.52288],[127.89621,37.52354],[127.89616,37.52408],[127.89648,37.52429],[127.89696,37.52433],[127.89739,37.52492],[127.89753,37.52549],[127.89749,37.52589],[127.8972,37.52654],[127.89679,37.5276],[127.89622,37.52801],[127.89599,37.52808],[127.89594,37.52839],[127.89631,37.52894],[127.89644,37.52944],[127.89679,37.53008],[127.89601,37.53033],[127.89583,37.53058],[127.89636,37.53093],[127.89608,37.53117],[127.89615,37.53138],[127.89594,37.53181],[127.89583,37.53182],[127.89548,37.53227],[127.89546,37.53263],[127.89597,37.53381],[127.8961,37.53427],[127.89605,37.53474],[127.89565,37.5351],[127.89575,37.53554],[127.89549,37.53624],[127.89587,37.53664],[127.89617,37.53674],[127.89645,37.53707],[127.89681,37.53722],[127.89724,37.53767],[127.89824,37.53805],[127.89861,37.53805],[127.89862,37.53904],[127.89919,37.5396],[127.89998,37.53954],[127.9004,37.54057],[127.89878,37.54206],[127.89557,37.54397],[127.89397,37.54569],[127.89184,37.5469],[127.89051,37.54768],[127.88887,37.5488],[127.88736,37.5499],[127.88462,37.55194],[127.88197,37.55222],[127.87426,37.55594],[127.87374,37.55745]]]},"properties":{"code":"32520370","name":"서원면"}},{"type":"Feature","geometry":{"type":"Polygon","coordinates":[[[128.09795,37.40592],[128.09743,37.40636],[128.097,37.40612],[128.09689,37.40592],[128.09658,37.40574],[128.09626,37.40541],[128.09539,37.40542],[128.09488,37.40505],[128.0948,37.40444],[128.09458,37.40419],[128.09345,37.40399],[128.09301,37.4037],[128.09213,37.40341],[128.09188,37.40289],[128.09168,37.40266],[128.09092,37.40227],[128.0904,37.40236],[128.08998,37.40222],[128.08905,37.40216],[128.08841,37.40128],[128.08745,37.40097],[128.08651,37.40105],[128.08627,37.40118],[128.08498,37.40057],[128.08448,37.40051],[128.08384,37.40091],[128.0835,37.40101],[128.08283,37.40086],[128.08225,37.40089],[128.08174,37.4011],[128.08077,37.4007],[128.08045,37.40061],[128.07956,37.40014],[128.07874,37.3999],[128.07849,37.39896],[128.07784,37.39845],[128.07714,37.39812],[128.0769,37.39721],[128.07655,37.39689],[128.07613,37.39693],[128.07553,37.39683],[128.0751,37.39549],[128.07444,37.39477],[128.07451,37.39457],[128.07427,37.3943],[128.07382,37.39409],[128.07335,37.39352],[128.07272,37.39312],[128.0719,37.39187],[128.0719,37.39178],[128.07328,37.39],[128.07327,37.38948],[128.07369,37.38864],[128.0736,37.38837],[128.07364,37.38785],[128.074,37.38719],[128.07444,37.38682],[128.07457,37.38634],[128.07494,37.3859],[128.07556,37.38476],[128.07631,37.38462],[128.07627,37.38414],[128.07631,37.3832],[128.07648,37.38278],[128.07604,37.38215],[128.07652,37.38156],[128.07615,37.3808],[128.07447,37.37965],[128.07461,37.37871],[128.07529,37.37706],[128.07526,37.37613],[128.07487,37.37555],[128.07592,37.37473],[128.07635,37.37432],[128.07679,37.37374],[128.07597,37.37237],[128.07529,37.37152],[128.07434,37.37078],[128.07339,37.37054],[128.07279,37.36986],[128.07273,37.36946],[128.07329,37.3688],[128.07262,37.36783],[128.07268,37.36742],[128.0724,37.36726],[128.07166,37.36715],[128.07113,37.36697],[128.07064,37.36707],[128.07016,37.36695],[128.0686,37.36591],[128.06712,37.36497],[128.06637,37.36493],[128.06568,37.36472],[128.06548,37.36441],[128.06437,37.36448],[128.06345,37.3649],[128.06244,37.3653],[128.06215,37.36559],[128.06074,37.36582],[128.06048,37.366],[128.06004,37.36601],[128.05956,37.36548],[128.05912,37.36512],[128.05893,37.36512],[128.05705,37.36413],[128.05642,37.36396],[128.05556,37.364],[128.05475,37.36413],[128.05482,37.36422],[128.05354,37.36482],[128.0525,37.36511],[128.05126,37.3653],[128.0508,37.36549],[128.05003,37.36594],[128.04965,37.36601],[128.04871,37.36495],[128.04728,37.36452],[128.04686,37.3635],[128.04616,37.36341],[128.04563,37.36146],[128.0458,37.35926],[128.04472,37.35835],[128.04188,37.35652],[128.04078,37.35629],[128.0403,37.3563],[128.03919,37.35596],[128.03824,37.35457],[128.03837,37.35407],[128.03828,37.35318],[128.03771,37.35165],[128.03733,37.351],[128.03689,37.35051],[128.03696,37.34792],[128.03686,37.34661],[128.03721,37.34629],[128.03794,37.3459],[128.03808,37.3457],[128.03834,37.34504],[128.03939,37.34469],[128.0394,37.34352],[128.03931,37.34318],[128.03893,37.34264],[128.0384,37.34198],[128.03775,37.34092],[128.03761,37.3395],[128.03773,37.33866],[128.03789,37.33806],[128.03775,37.3376],[128.03727,37.33736],[128.0365,37.33664],[128.03633,37.33615],[128.03564,37.3357],[128.03537,37.33517],[128.03439,37.33417],[128.03406,37.33339],[128.03368,37.33291],[128.03368,37.33248],[128.03399,37.33206],[128.03418,37.33162],[128.0344,37.33141],[128.03436,37.331],[128.03483,37.33092],[128.03512,37.3297],[128.03558,37.32824],[128.0356,37.32768],[128.03714,37.32763],[128.03741,37.32703],[128.03725,37.3267],[128.03732,37.32613],[128.03748,37.32574],[128.0375,37.32542],[128.03766,37.32532],[128.03759,37.32469],[128.0377,37.32453],[128.03769,37.32413],[128.03801,37.32352],[128.03804,37.32283],[128.03833,37.32264],[128.0384,37.32219],[128.03838,37.32167],[128.03937,37.32096],[128.03972,37.32018],[128.03971,37.31956],[128.04005,37.3191],[128.04053,37.31878],[128.04085,37.31835],[128.04204,37.31831],[128.04276,37.31776],[128.04317,37.31676],[128.04369,37.31669],[128.04381,37.31635],[128.04433,37.3156],[128.04513,37.31512],[128.04548,37.3144],[128.04542,37.31402],[128.04627,37.31323],[128.047,37.3128],[128.04757,37.3124],[128.04774,37.31191],[128.04811,37.31126],[128.04831,37.31104],[128.04886,37.31081],[128.04941,37.31046],[128.04961,37.31019],[128.05035,37.30971],[128.05069,37.3096],[128.05185,37.3087],[128.05198,37.30846],[128.05279,37.30864],[128.05339,37.3087],[128.05495,37.30911],[128.05524,37.30904],[128.05634,37.30913],[128.05716,37.30907],[128.05804,37.30918],[128.06037,37.30914],[128.06219,37.30926],[128.06384,37.3088],[128.06476,37.30878],[128.06565,37.30884],[128.06654,37.30885],[128.06811,37.3085],[128.06975,37.30759],[128.07055,37.30692],[128.07185,37.30603],[128.07334,37.30473],[128.07365,37.30439],[128.07462,37.30431],[128.07576,37.30412],[128.07654,37.30388],[128.0778,37.30413],[128.07933,37.30345],[128.08075,37.30331],[128.08122,37.30339],[128.0832,37.30206],[128.08342,37.30175],[128.08406,37.30195],[128.08468,37.30184],[128.08493,37.30198],[128.08568,37.30175],[128.08592,37.30157],[128.08654,37.30136],[128.08686,37.30095],[128.08741,37.30095],[128.08785,37.30085],[128.0882,37.30087],[128.0889,37.30181],[128.09005,37.30165],[128.09079,37.30136],[128.09138,37.30139],[128.0914,37.30123],[128.09219,37.30086],[128.09271,37.30088],[128.09368,37.30053],[128.0946,37.30059],[128.09536,37.30058],[128.09652,37.30103],[128.09751,37.30094],[128.09814,37.30126],[128.09955,37.30066],[128.10011,37.30081],[128.10083,37.30006],[128.1013,37.29967],[128.10168,37.29954],[128.10292,37.30032],[128.1042,37.30091],[128.10452,37.30091],[128.10576,37.29998],[128.10627,37.29978],[128.10724,37.2996],[128.10773,37.29934],[128.10857,37.29878],[128.10998,37.30001],[128.11116,37.30038],[128.11145,37.30075],[128.11255,37.30129],[128.11377,37.30151],[128.11498,37.30226],[128.11587,37.30322],[128.11722,37.30378],[128.11802,37.30404],[128.11806,37.30438],[128.11699,37.3054],[128.11692,37.30617],[128.11656,37.30677],[128.11629,37.30686],[128.11604,37.30742],[128.11567,37.30763],[128.11547,37.30847],[128.11499,37.3093],[128.11506,37.30953],[128.11473,37.31005],[128.11451,37.31131],[128.11462,37.31211],[128.11543,37.31317],[128.11537,37.31363],[128.11511,37.31408],[128.11522,37.31437],[128.11493,37.31565],[128.11588,37.31823],[128.11712,37.31909],[128.11758,37.31992],[128.11836,37.32039],[128.11963,37.32076],[128.11993,37.32141],[128.11946,37.32243],[128.11949,37.32307],[128.11995,37.32363],[128.12036,37.32369],[128.12064,37.32404],[128.12144,37.32446],[128.12202,37.32458],[128.12282,37.32482],[128.12353,37.32494],[128.12367,37.32517],[128.12414,37.32545],[128.12478,37.32565],[128.12556,37.32606],[128.12591,37.3265],[128.12649,37.32664],[128.1278,37.32744],[128.12843,37.32759],[128.12899,37.32814],[128.12946,37.32847],[128.12998,37.32838],[128.13035,37.32852],[128.13089,37.32885],[128.13154,37.32885],[128.1334,37.32839],[128.13522,37.32718],[128.13557,37.32622],[128.13625,37.32586],[128.13693,37.32595],[128.13793,37.32561],[128.13824,37.3253],[128.13917,37.32506],[128.14032,37.325],[128.14111,37.32518],[128.14183,37.32486],[128.14326,37.32472],[128.14385,37.32482],[128.14446,37.32457],[128.14539,37.32403],[128.14612,37.32315],[128.14667,37.32295],[128.14841,37.32408],[128.14844,37.3248],[128.14897,37.32556],[128.14971,37.32624],[128.15067,37.327],[128.15217,37.32708],[128.15268,37.32727],[128.15349,37.32667],[128.15471,37.32586],[128.15568,37.32531],[128.15647,37.32467],[128.15683,37.32444],[128.15732,37.32448],[128.15772,37.32423],[128.15787,37.32399],[128.15841,37.32363],[128.15919,37.32356],[128.16007,37.32318],[128.16061,37.32306],[128.16207,37.32299],[128.16255,37.32306],[128.16313,37.32342],[128.1636,37.32335],[128.16393,37.32302],[128.16452,37.3226],[128.16458,37.32234],[128.16498,37.32218],[128.16573,37.32201],[128.16605,37.32217],[128.16637,37.32215],[128.1667,37.32183],[128.16784,37.3221],[128.16863,37.32244],[128.16904,37.32286],[128.17038,37.32352],[128.1714,37.32476],[128.17252,37.32485],[128.173,37.32501],[128.17282,37.32523],[128.17288,37.32706],[128.17276,37.32794],[128.17261,37.32857],[128.17231,37.32911],[128.17223,37.32953],[128.17182,37.33012],[128.17136,37.33105],[128.17128,37.33147],[128.17015,37.33312],[128.16997,37.33385],[128.16922,37.33509],[128.1688,37.33558],[128.1682,37.33616],[128.16855,37.33644],[128.16814,37.33684],[128.16766,37.3376],[128.16803,37.33805],[128.16845,37.3384],[128.16918,37.33915],[128.16961,37.33884],[128.17012,37.33893],[128.17064,37.33872],[128.17118,37.33873],[128.1719,37.33861],[128.17268,37.33862],[128.17319,37.33825],[128.17319,37.33803],[128.17349,37.3378],[128.17422,37.33796],[128.1746,37.33781],[128.17476,37.33761],[128.17525,37.3375],[128.17573,37.33767],[128.17593,37.33758],[128.17665,37.33812],[128.1773,37.33813],[128.17843,37.33861],[128.17908,37.33854],[128.17944,37.3388],[128.17975,37.33913],[128.18003,37.33919],[128.18033,37.3395],[128.18084,37.33947],[128.18165,37.33908],[128.1818,37.33888],[128.18214,37.33888],[128.18287,37.33923],[128.18387,37.33932],[128.18421,37.33953],[128.1847,37.34003],[128.18474,37.34034],[128.18517,37.34031],[128.18615,37.34089],[128.18654,37.34143],[128.18623,37.34165],[128.18604,37.34192],[128.18605,37.34213],[128.18575,37.34243],[128.18555,37.34277],[128.18561,37.34315],[128.18542,37.34339],[128.18528,37.34395],[128.18542,37.34423],[128.18521,37.34468],[128.18525,37.34519],[128.1854,37.34536],[128.1855,37.34594],[128.18532,37.34651],[128.1851,37.34687],[128.18539,37.34732],[128.18543,37.34812],[128.18509,37.34843],[128.18497,37.34869],[128.18457,37.34894],[128.18458,37.34955],[128.1845,37.35036],[128.1846,37.35082],[128.18487,37.35108],[128.18477,37.3515],[128.18451,37.35165],[128.18446,37.35201],[128.18427,37.35224],[128.18412,37.35271],[128.18411,37.35356],[128.18392,37.35377],[128.18394,37.3541],[128.18361,37.35438],[128.18347,37.35469],[128.18319,37.35497],[128.18306,37.35524],[128.18372,37.35638],[128.184,37.35724],[128.18383,37.35791],[128.18395,37.35839],[128.18414,37.35851],[128.18467,37.35911],[128.18527,37.35916],[128.18544,37.35938],[128.18461,37.36022],[128.18445,37.36087],[128.18401,37.36134],[128.18373,37.36174],[128.18308,37.36206],[128.18301,37.36243],[128.18242,37.36283],[128.18222,37.36333],[128.18206,37.36345],[128.18212,37.36411],[128.18189,37.36436],[128.18188,37.36491],[128.18142,37.36527],[128.18158,37.3661],[128.18157,37.36737],[128.18103,37.36879],[128.18094,37.36912],[128.18028,37.36986],[128.17914,37.37067],[128.17918,37.37112],[128.17863,37.37183],[128.17864,37.37205],[128.17888,37.37246],[128.17893,37.3728],[128.17884,37.37306],[128.17831,37.37356],[128.17804,37.37506],[128.17805,37.37653],[128.17911,37.37749],[128.18013,37.37826],[128.18009,37.37976],[128.18028,37.38087],[128.18007,37.38056],[128.17962,37.38023],[128.17898,37.38018],[128.17864,37.37968],[128.17723,37.37949],[128.17697,37.37919],[128.17629,37.37884],[128.17554,37.37807],[128.17518,37.37815],[128.1747,37.37811],[128.1738,37.37824],[128.17344,37.3779],[128.17293,37.37753],[128.17207,37.37754],[128.17104,37.37768],[128.16932,37.37767],[128.16879,37.37786],[128.16781,37.37678],[128.16639,37.37655],[128.16597,37.37691],[128.1658,37.37688],[128.16537,37.37794],[128.16515,37.37887],[128.16442,37.37907],[128.16403,37.37969],[128.16285,37.38017],[128.1623,37.38051],[128.16177,37.38095],[128.16123,37.38121],[128.16049,37.38244],[128.16013,37.38268],[128.15884,37.38368],[128.15839,37.38395],[128.15698,37.38337],[128.15574,37.38324],[128.15465,37.38357],[128.15399,37.38366],[128.15328,37.38397],[128.15271,37.38388],[128.15039,37.38303],[128.14872,37.38217],[128.14828,37.38219],[128.14728,37.38193],[128.14676,37.38167],[128.14625,37.38167],[128.14585,37.38192],[128.14585,37.38203],[128.14526,37.38262],[128.14488,37.38255],[128.14379,37.3825],[128.14189,37.38192],[128.14141,37.38155],[128.14097,37.38129],[128.14072,37.38173],[128.14039,37.38189],[128.13979,37.38259],[128.13964,37.38258],[128.13896,37.38309],[128.13771,37.38306],[128.13716,37.3835],[128.1365,37.38429],[128.13567,37.38488],[128.13537,37.38545],[128.13489,37.38574],[128.13441,37.38576],[128.13412,37.38629],[128.1336,37.3866],[128.13295,37.38735],[128.13271,37.38744],[128.13198,37.38746],[128.13108,37.38843],[128.13107,37.38897],[128.13061,37.38925],[128.13041,37.39029],[128.12991,37.3907],[128.12777,37.39068],[128.12729,37.39107],[128.1268,37.39118],[128.12602,37.39191],[128.12537,37.39211],[128.12504,37.39247],[128.12479,37.39247],[128.12427,37.39281],[128.12344,37.39216],[128.12318,37.39206],[128.1228,37.3913],[128.12244,37.3912],[128.12184,37.3906],[128.12065,37.39001],[128.12036,37.3901],[128.11996,37.38997],[128.11974,37.39],[128.1194,37.39023],[128.11941,37.39041],[128.11895,37.39092],[128.11854,37.39103],[128.11793,37.39133],[128.11726,37.39156],[128.11622,37.39185],[128.11565,37.39193],[128.11463,37.39173],[128.11427,37.39158],[128.11171,37.39195],[128.11149,37.39161],[128.11051,37.39191],[128.10987,37.39221],[128.10931,37.39268],[128.10861,37.3928],[128.10855,37.39325],[128.10818,37.39366],[128.10805,37.39402],[128.10787,37.39402],[128.10733,37.39443],[128.10643,37.39462],[128.10594,37.39437],[128.10485,37.39482],[128.10468,37.39515],[128.10387,37.39568],[128.10351,37.39569],[128.10346,37.39589],[128.10276,37.3963],[128.10241,37.39662],[128.10235,37.39723],[128.1015,37.39798],[128.10122,37.39838],[128.10116,37.3988],[128.1005,37.39968],[128.10035,37.39982],[128.10022,37.4007],[128.09996,37.40106],[128.09992,37.40157],[128.09997,37.40234],[128.09948,37.40306],[128.09905,37.40348],[128.0986,37.4038],[128.09825,37.40436],[128.09795,37.40592]]]},"properties":{"code":"32520380","name":"강림면"}}],"profileId":"gangwon","schemaVersion":2,"dataVersion":"gangwon-2022-563a6bb6162048a7"}
