{"type":"FeatureCollection","features":[{"type":"Feature","geometry":{"type":"Polygon","coordinates":[[[128.57602,37.26828],[128.57773,37.26885],[128.579,37.27116],[128.57827,37.27321],[128.57728,37.27468],[128.57709,37.27438],[128.57647,37.2751],[128.57606,37.27645],[128.57587,37.27761],[128.57541,37.27882],[128.57474,37.27972],[128.57365,37.28035],[128.57213,37.28073],[128.57083,37.28063],[128.56811,37.27944],[128.56723,37.279],[128.5665,37.27882],[128.56535,37.27903],[128.56453,37.27927],[128.56332,37.28053],[128.56237,37.28177],[128.56179,37.28311],[128.55942,37.2861],[128.55643,37.28852],[128.55253,37.28919],[128.54939,37.28916],[128.54785,37.28866],[128.54497,37.2874],[128.54426,37.2869],[128.54323,37.28562],[128.54134,37.28648],[128.53994,37.28529],[128.53805,37.28472],[128.5377,37.28495],[128.53695,37.28478],[128.53593,37.28388],[128.53447,37.28579],[128.5333,37.2883],[128.5327,37.28955],[128.5316,37.29052],[128.53036,37.29154],[128.52967,37.29188],[128.52902,37.29248],[128.52846,37.29212],[128.52766,37.29066],[128.52733,37.29052],[128.5272,37.29027],[128.52653,37.29008],[128.52599,37.28981],[128.52553,37.28991],[128.52284,37.2897],[128.52251,37.28985],[128.52136,37.28867],[128.52117,37.28797],[128.52073,37.28781],[128.52025,37.28777],[128.51982,37.28762],[128.51935,37.28799],[128.51885,37.2878],[128.51843,37.28802],[128.51758,37.28758],[128.51549,37.28764],[128.51354,37.28739],[128.51293,37.2874],[128.51198,37.28821],[128.51099,37.28836],[128.51075,37.28894],[128.51016,37.28937],[128.5097,37.28953],[128.50893,37.28927],[128.50878,37.28878],[128.50678,37.28873],[128.50553,37.28887],[128.50502,37.28875],[128.50401,37.28892],[128.50355,37.28895],[128.50295,37.2892],[128.50254,37.28927],[128.50214,37.28951],[128.50096,37.2893],[128.50011,37.28893],[128.49741,37.2881],[128.4956,37.28671],[128.49575,37.28521],[128.49564,37.28311],[128.49555,37.28114],[128.49592,37.27971],[128.49541,37.27624],[128.49545,37.27421],[128.4957,37.27251],[128.49523,37.27111],[128.49201,37.27038],[128.49093,37.27048],[128.48984,37.26995],[128.48908,37.26858],[128.48931,37.26588],[128.48921,37.26462],[128.48875,37.26357],[128.48848,37.26221],[128.48866,37.26141],[128.48808,37.26062],[128.48776,37.25924],[128.48764,37.2585],[128.48793,37.25781],[128.4878,37.25682],[128.48742,37.2555],[128.48632,37.25205],[128.48603,37.25095],[128.48608,37.24956],[128.48521,37.2486],[128.48589,37.24787],[128.48769,37.24721],[128.48914,37.24634],[128.48984,37.24538],[128.48973,37.24444],[128.48849,37.24416],[128.48715,37.24396],[128.48577,37.24369],[128.48479,37.24355],[128.48384,37.24336],[128.48217,37.24268],[128.48037,37.24155],[128.47995,37.2412],[128.47973,37.24092],[128.47822,37.24102],[128.47699,37.24087],[128.47644,37.24057],[128.47606,37.24045],[128.47575,37.24011],[128.47539,37.24007],[128.47486,37.23944],[128.4748,37.23912],[128.47409,37.2383],[128.47453,37.2372],[128.47426,37.23665],[128.47385,37.23621],[128.47408,37.23562],[128.47332,37.23514],[128.47318,37.2347],[128.4727,37.23411],[128.4728,37.23376],[128.47275,37.23342],[128.47253,37.23282],[128.47238,37.2326],[128.47174,37.23232],[128.47123,37.23184],[128.47001,37.23099],[128.46984,37.23007],[128.47001,37.22942],[128.46985,37.22881],[128.46989,37.22815],[128.46979,37.22798],[128.46895,37.22797],[128.46823,37.22779],[128.46732,37.2279],[128.46659,37.22764],[128.46529,37.22704],[128.4641,37.22697],[128.46376,37.22702],[128.46325,37.2269],[128.46268,37.22714],[128.4622,37.22693],[128.46188,37.22667],[128.46166,37.22683],[128.46147,37.22671],[128.46142,37.22637],[128.46099,37.22591],[128.46105,37.22551],[128.46098,37.2249],[128.46073,37.22438],[128.46083,37.22369],[128.46073,37.22335],[128.46018,37.22264],[128.46022,37.22229],[128.45968,37.22137],[128.45926,37.22102],[128.45887,37.21993],[128.45853,37.21955],[128.45831,37.21948],[128.45801,37.21916],[128.45779,37.21833],[128.45794,37.21804],[128.4582,37.2178],[128.45779,37.21738],[128.45733,37.2168],[128.45715,37.21667],[128.45663,37.21597],[128.45644,37.21544],[128.45674,37.21486],[128.45709,37.21437],[128.45855,37.21329],[128.45925,37.21245],[128.45973,37.21179],[128.45952,37.2113],[128.45861,37.21078],[128.45815,37.21093],[128.45639,37.2102],[128.45403,37.20923],[128.45221,37.20924],[128.45117,37.20873],[128.45065,37.20865],[128.4503,37.20846],[128.45001,37.20814],[128.44997,37.20766],[128.45012,37.20703],[128.44996,37.20679],[128.44932,37.20664],[128.44843,37.20659],[128.44758,37.20687],[128.44608,37.20691],[128.44576,37.20696],[128.44468,37.20688],[128.44431,37.20657],[128.4438,37.2066],[128.44152,37.20654],[128.44097,37.20628],[128.44077,37.20673],[128.44045,37.20685],[128.43959,37.20734],[128.43924,37.20703],[128.43916,37.20676],[128.43909,37.20579],[128.43933,37.20526],[128.43854,37.20484],[128.438,37.20474],[128.43725,37.20527],[128.43646,37.20558],[128.43624,37.20598],[128.43599,37.20615],[128.4357,37.20653],[128.43495,37.20654],[128.43345,37.20616],[128.43343,37.20605],[128.43207,37.20537],[128.43159,37.20485],[128.4324,37.20352],[128.43242,37.20132],[128.43217,37.20066],[128.43168,37.19771],[128.43061,37.19707],[128.42933,37.19729],[128.42864,37.19701],[128.42797,37.19566],[128.42781,37.19409],[128.42763,37.19307],[128.42766,37.19138],[128.42756,37.19048],[128.42784,37.18642],[128.42808,37.18592],[128.42899,37.18423],[128.42985,37.18239],[128.43194,37.17913],[128.43246,37.17869],[128.43305,37.17793],[128.43391,37.17707],[128.4349,37.17629],[128.43546,37.17578],[128.43637,37.1752],[128.43727,37.17479],[128.43847,37.17444],[128.43988,37.17409],[128.44051,37.17439],[128.44144,37.17516],[128.44236,37.17614],[128.44322,37.17676],[128.44441,37.1773],[128.44538,37.1774],[128.44641,37.17736],[128.44701,37.17687],[128.44725,37.17616],[128.44774,37.17547],[128.44733,37.17463],[128.44558,37.17408],[128.44477,37.17353],[128.44437,37.17254],[128.4447,37.17085],[128.44597,37.16983],[128.44493,37.16869],[128.44509,37.16791],[128.44452,37.16676],[128.44473,37.16648],[128.44456,37.16524],[128.44464,37.16507],[128.4439,37.16481],[128.44368,37.16449],[128.44403,37.16362],[128.44407,37.16258],[128.44431,37.16189],[128.44431,37.16122],[128.44394,37.16089],[128.44381,37.16047],[128.44345,37.15978],[128.44343,37.15961],[128.44309,37.1592],[128.44429,37.15823],[128.44525,37.1578],[128.44629,37.15609],[128.44703,37.15512],[128.44754,37.15452],[128.44818,37.15406],[128.44838,37.15403],[128.44873,37.15366],[128.44889,37.15332],[128.44891,37.15293],[128.44876,37.15233],[128.44892,37.15211],[128.44874,37.15145],[128.44909,37.15123],[128.4491,37.15088],[128.44869,37.14981],[128.44767,37.14883],[128.44679,37.14868],[128.44501,37.14824],[128.44444,37.14793],[128.44328,37.14719],[128.44362,37.14688],[128.44349,37.14615],[128.44381,37.14496],[128.4445,37.14351],[128.44406,37.1425],[128.44355,37.14208],[128.44317,37.1419],[128.4429,37.14129],[128.44316,37.13984],[128.44237,37.13907],[128.44369,37.13843],[128.4453,37.13781],[128.44651,37.13681],[128.44728,37.13593],[128.44698,37.13484],[128.44699,37.13344],[128.44722,37.13223],[128.44655,37.1314],[128.4464,37.13107],[128.44643,37.13042],[128.44655,37.13015],[128.4464,37.1295],[128.44602,37.12927],[128.44483,37.12835],[128.44495,37.12787],[128.44521,37.12643],[128.4449,37.12465],[128.44435,37.12289],[128.44669,37.12163],[128.44945,37.1212],[128.45169,37.12036],[128.45264,37.11906],[128.45315,37.11736],[128.45482,37.11873],[128.45529,37.11903],[128.45629,37.11857],[128.45661,37.11846],[128.45712,37.11797],[128.45717,37.11766],[128.45788,37.1171],[128.45867,37.11708],[128.45891,37.11666],[128.45914,37.11585],[128.45897,37.11465],[128.45922,37.11414],[128.45927,37.11361],[128.45973,37.1137],[128.45994,37.11355],[128.45984,37.11321],[128.45994,37.11295],[128.46023,37.11279],[128.46073,37.11299],[128.46083,37.11283],[128.46117,37.11282],[128.46148,37.11299],[128.46165,37.11289],[128.4611,37.11242],[128.46038,37.11224],[128.46018,37.11207],[128.45978,37.11214],[128.45943,37.11182],[128.45986,37.11155],[128.46015,37.11149],[128.4604,37.11076],[128.46063,37.11042],[128.4612,37.11047],[128.46174,37.11016],[128.46236,37.11046],[128.46258,37.11038],[128.463,37.11041],[128.46325,37.11023],[128.46425,37.11011],[128.46508,37.10987],[128.4658,37.10987],[128.46817,37.11021],[128.4723,37.10984],[128.47322,37.11016],[128.47643,37.11011],[128.47781,37.11015],[128.4784,37.1106],[128.47928,37.11133],[128.48007,37.11141],[128.48087,37.11169],[128.48106,37.11198],[128.48138,37.1122],[128.48153,37.11246],[128.48187,37.1127],[128.48168,37.11374],[128.48176,37.11418],[128.48217,37.11456],[128.48239,37.11496],[128.48332,37.11582],[128.48347,37.1162],[128.48404,37.11648],[128.48434,37.11696],[128.48452,37.11741],[128.48556,37.11777],[128.48626,37.11886],[128.48667,37.11962],[128.48685,37.12007],[128.48786,37.12035],[128.48945,37.12101],[128.48953,37.12172],[128.49026,37.12286],[128.49042,37.12326],[128.491,37.12382],[128.49213,37.12419],[128.49262,37.12461],[128.49357,37.12469],[128.49385,37.1246],[128.49409,37.12486],[128.49524,37.12535],[128.49561,37.12562],[128.49658,37.12576],[128.49806,37.12639],[128.49941,37.12708],[128.50042,37.12745],[128.50085,37.12777],[128.50203,37.12837],[128.50304,37.12905],[128.50298,37.12948],[128.50314,37.13024],[128.50389,37.13071],[128.505,37.13104],[128.50576,37.1317],[128.50703,37.1325],[128.50695,37.1338],[128.50717,37.13414],[128.50761,37.13435],[128.50806,37.13478],[128.50951,37.1346],[128.51039,37.13469],[128.51147,37.13514],[128.51213,37.13534],[128.5124,37.1356],[128.51306,37.13593],[128.51383,37.13594],[128.51434,37.13614],[128.51505,37.1365],[128.51548,37.13704],[128.51569,37.13706],[128.51584,37.13757],[128.51761,37.13822],[128.51853,37.13891],[128.51983,37.13942],[128.52082,37.13959],[128.5213,37.13987],[128.52148,37.141],[128.52148,37.14138],[128.52238,37.14237],[128.52274,37.14296],[128.52298,37.14299],[128.52298,37.14328],[128.52348,37.14404],[128.52377,37.1442],[128.52417,37.14635],[128.52547,37.14715],[128.52633,37.14817],[128.52725,37.14862],[128.52736,37.14876],[128.52813,37.14997],[128.52823,37.15077],[128.52976,37.15258],[128.53026,37.15286],[128.53024,37.15316],[128.53052,37.15377],[128.53082,37.15411],[128.53163,37.15476],[128.53188,37.15508],[128.53223,37.15534],[128.53264,37.15539],[128.53293,37.15563],[128.53297,37.15588],[128.53321,37.15618],[128.5342,37.15719],[128.53499,37.15901],[128.53493,37.15925],[128.53503,37.1596],[128.53581,37.16036],[128.53704,37.16118],[128.53926,37.16079],[128.54108,37.16111],[128.54463,37.16075],[128.54616,37.16081],[128.54771,37.16013],[128.54984,37.15987],[128.55019,37.16007],[128.55023,37.16024],[128.55085,37.16042],[128.55174,37.16041],[128.55217,37.16071],[128.55312,37.16102],[128.55385,37.16108],[128.55451,37.16133],[128.55527,37.16145],[128.55625,37.16186],[128.55643,37.16203],[128.55799,37.16233],[128.55842,37.1622],[128.5592,37.16296],[128.56024,37.16363],[128.56092,37.16353],[128.56297,37.16402],[128.56354,37.16421],[128.56422,37.16434],[128.56451,37.16446],[128.56569,37.16416],[128.56623,37.16407],[128.56681,37.16391],[128.56732,37.16351],[128.56783,37.1628],[128.56809,37.16224],[128.56958,37.16146],[128.57034,37.16141],[128.57071,37.16121],[128.57119,37.16107],[128.57185,37.16077],[128.57257,37.16021],[128.57299,37.16039],[128.57401,37.16052],[128.57486,37.16026],[128.57511,37.16044],[128.57586,37.16051],[128.57635,37.16015],[128.57689,37.16002],[128.57721,37.15977],[128.57745,37.15911],[128.57791,37.15926],[128.57889,37.16004],[128.58114,37.16075],[128.58163,37.16077],[128.58273,37.1605],[128.58374,37.16067],[128.58566,37.16185],[128.58666,37.16258],[128.58709,37.16411],[128.58715,37.16553],[128.58655,37.16598],[128.58612,37.16664],[128.58637,37.16719],[128.58572,37.16882],[128.58532,37.16925],[128.58409,37.16991],[128.58453,37.17191],[128.58443,37.17217],[128.58433,37.17305],[128.58459,37.17411],[128.58396,37.17521],[128.58358,37.17629],[128.58366,37.17719],[128.5836,37.17745],[128.58393,37.17853],[128.58372,37.17961],[128.58374,37.18034],[128.58302,37.18093],[128.58317,37.18128],[128.58241,37.18149],[128.58199,37.18208],[128.58168,37.18277],[128.58062,37.18342],[128.58022,37.18403],[128.58016,37.18457],[128.58044,37.1855],[128.58109,37.18704],[128.58204,37.18784],[128.58251,37.1884],[128.58324,37.18901],[128.5837,37.18958],[128.58377,37.18999],[128.58364,37.19006],[128.58376,37.19064],[128.58387,37.19193],[128.58394,37.19229],[128.58384,37.1928],[128.58387,37.19343],[128.58346,37.19355],[128.58206,37.19346],[128.58082,37.19433],[128.57932,37.19588],[128.57919,37.19627],[128.57831,37.19727],[128.57828,37.19804],[128.5789,37.19914],[128.57836,37.20004],[128.57788,37.20053],[128.57702,37.20168],[128.5775,37.20335],[128.57783,37.20432],[128.57762,37.20633],[128.57848,37.20801],[128.58004,37.20996],[128.57967,37.21117],[128.57919,37.21179],[128.57981,37.21299],[128.57884,37.21438],[128.57976,37.21583],[128.57922,37.22003],[128.57884,37.22018],[128.57852,37.22063],[128.57854,37.22081],[128.5779,37.22195],[128.57735,37.22227],[128.57758,37.22357],[128.57761,37.22426],[128.57815,37.22514],[128.57803,37.22672],[128.57704,37.22751],[128.57683,37.22798],[128.57683,37.22857],[128.57663,37.22895],[128.57682,37.22953],[128.57662,37.22989],[128.57639,37.23062],[128.57643,37.23114],[128.5762,37.23146],[128.57621,37.23208],[128.57598,37.23272],[128.57625,37.23322],[128.576,37.23372],[128.576,37.23436],[128.57565,37.23515],[128.57561,37.23576],[128.57582,37.23651],[128.57633,37.23718],[128.57669,37.23781],[128.57625,37.23889],[128.57618,37.23968],[128.57619,37.24018],[128.57637,37.24145],[128.57668,37.24226],[128.57657,37.2433],[128.57686,37.24463],[128.57674,37.24511],[128.57638,37.24555],[128.57582,37.24589],[128.57529,37.2463],[128.5747,37.24663],[128.57395,37.24692],[128.57296,37.24755],[128.57243,37.24781],[128.57173,37.24798],[128.57104,37.24826],[128.57062,37.24861],[128.57014,37.24887],[128.56956,37.24927],[128.56907,37.24986],[128.56809,37.25159],[128.56764,37.25182],[128.56765,37.25235],[128.56665,37.25314],[128.56588,37.25326],[128.56517,37.25595],[128.56496,37.25701],[128.56488,37.25808],[128.56484,37.25955],[128.56492,37.26061],[128.5653,37.26225],[128.56547,37.26265],[128.56573,37.26365],[128.56596,37.26671],[128.56706,37.26865],[128.56756,37.26962],[128.56813,37.27037],[128.56826,37.27088],[128.56938,37.27108],[128.57065,37.27104],[128.57269,37.26982],[128.57391,37.26921],[128.57499,37.26863],[128.57579,37.26887],[128.57602,37.26828]]]},"properties":{"code":"32530110","name":"영월읍"}},{"type":"Feature","geometry":{"type":"Polygon","coordinates":[[[128.90053,37.14708],[128.89955,37.14774],[128.89909,37.14853],[128.89858,37.14895],[128.89825,37.14912],[128.89832,37.15019],[128.89756,37.15085],[128.897,37.15109],[128.89563,37.15133],[128.89503,37.15136],[128.89431,37.15161],[128.89317,37.15209],[128.89304,37.15379],[128.89248,37.15481],[128.89244,37.15536],[128.89253,37.15606],[128.89202,37.15688],[128.89217,37.15872],[128.89241,37.15886],[128.89188,37.16059],[128.89123,37.16177],[128.89079,37.16227],[128.88957,37.1628],[128.88899,37.16289],[128.88859,37.16349],[128.88816,37.16442],[128.88668,37.16531],[128.8863,37.16641],[128.88654,37.16675],[128.88649,37.16784],[128.88564,37.16847],[128.88485,37.16884],[128.88372,37.16892],[128.8823,37.16836],[128.88148,37.16859],[128.88031,37.16866],[128.87867,37.16784],[128.87634,37.16768],[128.87403,37.16747],[128.87202,37.16731],[128.8701,37.16812],[128.86843,37.16836],[128.86706,37.16937],[128.86642,37.16925],[128.86521,37.16953],[128.86486,37.16922],[128.86345,37.16869],[128.86328,37.16846],[128.86235,37.16834],[128.86133,37.16856],[128.86046,37.16822],[128.85987,37.16845],[128.85954,37.1685],[128.85901,37.1682],[128.85768,37.16793],[128.85727,37.16798],[128.85673,37.16785],[128.8554,37.16782],[128.85413,37.16764],[128.85267,37.16772],[128.85087,37.16731],[128.85039,37.16689],[128.84896,37.16681],[128.84757,37.16718],[128.84598,37.16703],[128.8455,37.16648],[128.84469,37.16677],[128.84396,37.16672],[128.84283,37.16716],[128.84155,37.1671],[128.84153,37.16774],[128.84011,37.16748],[128.84001,37.16857],[128.83936,37.16953],[128.83823,37.17061],[128.83739,37.17066],[128.83712,37.17166],[128.83562,37.17274],[128.83556,37.17302],[128.83482,37.1744],[128.83406,37.17528],[128.83349,37.17573],[128.83253,37.17594],[128.83112,37.17592],[128.83011,37.176],[128.82966,37.17558],[128.82914,37.17538],[128.82809,37.17488],[128.8273,37.17487],[128.82642,37.17471],[128.82542,37.1749],[128.82459,37.17546],[128.82278,37.17565],[128.82147,37.17564],[128.82034,37.17616],[128.82025,37.17628],[128.82018,37.17631],[128.8182,37.17521],[128.81679,37.17429],[128.81477,37.17468],[128.81311,37.17455],[128.81177,37.17448],[128.81068,37.17548],[128.81004,37.1748],[128.80834,37.17372],[128.80784,37.17335],[128.80683,37.17208],[128.80598,37.17232],[128.80469,37.17182],[128.8041,37.1717],[128.80361,37.17193],[128.80254,37.17197],[128.80191,37.1717],[128.80119,37.17161],[128.79979,37.17175],[128.79918,37.17202],[128.79786,37.17142],[128.79746,37.1705],[128.79669,37.16912],[128.79593,37.16856],[128.79536,37.16801],[128.79465,37.16771],[128.79365,37.16598],[128.79291,37.16562],[128.79272,37.16475],[128.7914,37.16431],[128.79084,37.16373],[128.79018,37.16364],[128.7894,37.1623],[128.7888,37.16195],[128.78874,37.16147],[128.78759,37.16085],[128.7863,37.16046],[128.78555,37.16],[128.78527,37.15976],[128.7853,37.15954],[128.78608,37.15836],[128.78554,37.15718],[128.78453,37.15628],[128.78407,37.15593],[128.78445,37.15432],[128.78491,37.15407],[128.7853,37.15272],[128.78496,37.15199],[128.7842,37.1495],[128.78347,37.14943],[128.78274,37.14948],[128.78179,37.14938],[128.78009,37.14982],[128.77892,37.1484],[128.77777,37.1475],[128.77604,37.14561],[128.77549,37.1452],[128.77485,37.14439],[128.77447,37.1441],[128.77387,37.14426],[128.77183,37.14443],[128.77135,37.14484],[128.77144,37.14676],[128.77137,37.1473],[128.76997,37.1485],[128.76903,37.14888],[128.76729,37.14977],[128.76549,37.15095],[128.76319,37.15057],[128.7628,37.15078],[128.7615,37.15042],[128.76095,37.15048],[128.75978,37.1505],[128.75941,37.15068],[128.75827,37.15088],[128.75794,37.15071],[128.75691,37.15074],[128.7557,37.15007],[128.75497,37.14992],[128.75454,37.15007],[128.75218,37.15045],[128.75047,37.15026],[128.74971,37.14973],[128.74854,37.1496],[128.74736,37.14959],[128.7468,37.14954],[128.74645,37.14972],[128.74547,37.14944],[128.7449,37.14915],[128.74427,37.14932],[128.74414,37.1492],[128.74378,37.14926],[128.74355,37.14911],[128.7426,37.14889],[128.74238,37.1487],[128.74188,37.14884],[128.74142,37.14756],[128.74186,37.14659],[128.74173,37.14585],[128.74175,37.14362],[128.74167,37.14249],[128.74105,37.14152],[128.74088,37.14093],[128.74097,37.13987],[128.74092,37.13902],[128.74074,37.13859],[128.73996,37.13808],[128.73969,37.13694],[128.73972,37.13657],[128.7396,37.13622],[128.73984,37.13547],[128.74018,37.13362],[128.73999,37.13277],[128.73847,37.13179],[128.73752,37.13189],[128.73559,37.13128],[128.73375,37.1302],[128.73298,37.12992],[128.73209,37.12905],[128.73135,37.12818],[128.73101,37.12794],[128.73057,37.12783],[128.73028,37.1276],[128.73001,37.12653],[128.72923,37.1266],[128.72787,37.12607],[128.72814,37.12549],[128.72856,37.12479],[128.72945,37.12424],[128.73028,37.12397],[128.73035,37.12375],[128.7308,37.12376],[128.73001,37.12317],[128.72922,37.12313],[128.72866,37.12322],[128.72848,37.12346],[128.7283,37.12399],[128.72764,37.12447],[128.72694,37.12484],[128.7264,37.12532],[128.72626,37.12585],[128.72619,37.12667],[128.72629,37.12735],[128.72602,37.12737],[128.72589,37.12703],[128.72552,37.12704],[128.72493,37.12666],[128.72459,37.12636],[128.72389,37.12517],[128.72347,37.12414],[128.72299,37.12384],[128.7225,37.12335],[128.72174,37.12211],[128.72139,37.12191],[128.72114,37.12145],[128.72021,37.12094],[128.71938,37.12028],[128.71873,37.12053],[128.71794,37.12038],[128.7172,37.12014],[128.71691,37.12029],[128.7157,37.11958],[128.71531,37.11963],[128.71471,37.1199],[128.71415,37.11984],[128.71394,37.11958],[128.71332,37.11936],[128.71245,37.11923],[128.71207,37.11874],[128.71117,37.11796],[128.711,37.11795],[128.71059,37.11748],[128.71012,37.11756],[128.70978,37.1175],[128.70918,37.11715],[128.70848,37.11692],[128.70871,37.11581],[128.70911,37.11517],[128.7095,37.11489],[128.71199,37.11199],[128.7124,37.11176],[128.7125,37.11127],[128.71264,37.11116],[128.71303,37.11057],[128.71307,37.11008],[128.71298,37.1097],[128.7128,37.10936],[128.71288,37.10887],[128.71371,37.10793],[128.71419,37.10706],[128.71384,37.10647],[128.7141,37.10583],[128.71421,37.10522],[128.7145,37.10455],[128.71482,37.10462],[128.71544,37.10447],[128.71625,37.10389],[128.71723,37.10359],[128.71836,37.10361],[128.71886,37.10354],[128.71985,37.10374],[128.72018,37.10342],[128.7207,37.10323],[128.72114,37.10317],[128.7216,37.10296],[128.72244,37.10298],[128.72271,37.10276],[128.72309,37.10197],[128.72376,37.10107],[128.72404,37.10089],[128.72434,37.10088],[128.72489,37.10052],[128.72511,37.10049],[128.72552,37.10025],[128.72561,37.09918],[128.72605,37.09791],[128.72636,37.09717],[128.7269,37.09645],[128.72749,37.09582],[128.72782,37.0956],[128.72808,37.09563],[128.72881,37.09527],[128.72958,37.09512],[128.7302,37.09482],[128.73101,37.09485],[128.73147,37.09449],[128.7316,37.09429],[128.73209,37.09401],[128.73266,37.09388],[128.73311,37.09399],[128.73351,37.09434],[128.73429,37.09447],[128.73482,37.09465],[128.73581,37.09475],[128.73716,37.09522],[128.73722,37.09494],[128.73769,37.09428],[128.73866,37.09379],[128.73925,37.09297],[128.74019,37.09191],[128.74078,37.09184],[128.74136,37.09196],[128.74191,37.09179],[128.74258,37.09097],[128.74421,37.09119],[128.74481,37.09076],[128.74545,37.09041],[128.74601,37.08981],[128.74659,37.08968],[128.74772,37.08912],[128.74777,37.08896],[128.74845,37.08866],[128.74866,37.08828],[128.74956,37.088],[128.74997,37.08814],[128.75074,37.08806],[128.75133,37.08759],[128.75186,37.08762],[128.7523,37.08737],[128.75253,37.08708],[128.75358,37.08692],[128.75415,37.08646],[128.75465,37.08655],[128.75524,37.08635],[128.75576,37.08608],[128.75653,37.08535],[128.75731,37.08553],[128.75754,37.08544],[128.75876,37.08575],[128.75996,37.08553],[128.76124,37.0848],[128.76167,37.08479],[128.76213,37.08436],[128.7626,37.08431],[128.76334,37.08436],[128.76427,37.08435],[128.7647,37.08474],[128.76522,37.0848],[128.76616,37.08513],[128.76658,37.08536],[128.76725,37.08552],[128.76793,37.08577],[128.76816,37.08596],[128.76892,37.08599],[128.7705,37.08555],[128.77134,37.08584],[128.77195,37.08599],[128.77237,37.0865],[128.77342,37.08757],[128.77359,37.08751],[128.7744,37.08782],[128.77466,37.08781],[128.77509,37.08803],[128.77578,37.08827],[128.77624,37.0886],[128.77668,37.08879],[128.77643,37.08978],[128.77767,37.09037],[128.77824,37.09082],[128.77872,37.09145],[128.77985,37.09184],[128.78028,37.09234],[128.78128,37.09227],[128.78162,37.09177],[128.78269,37.09144],[128.7832,37.09095],[128.78404,37.08982],[128.78445,37.08953],[128.78476,37.08879],[128.78518,37.08851],[128.78581,37.08785],[128.78673,37.08782],[128.78714,37.08776],[128.79077,37.08762],[128.79138,37.08732],[128.79188,37.08754],[128.79257,37.08731],[128.79506,37.08717],[128.79737,37.08716],[128.79942,37.08694],[128.80109,37.0856],[128.80153,37.08435],[128.80067,37.08206],[128.80011,37.08128],[128.80048,37.08003],[128.79997,37.07897],[128.80077,37.07832],[128.80111,37.07829],[128.80219,37.07771],[128.80381,37.07794],[128.80521,37.07713],[128.80566,37.07721],[128.80611,37.07688],[128.80695,37.07655],[128.80787,37.076],[128.808,37.07576],[128.80898,37.07671],[128.80987,37.07721],[128.81052,37.07779],[128.81141,37.07813],[128.81233,37.07868],[128.81257,37.07871],[128.81437,37.07847],[128.81531,37.078],[128.81596,37.07803],[128.81762,37.07777],[128.81943,37.07703],[128.82081,37.07744],[128.82116,37.07723],[128.82302,37.07757],[128.82362,37.07788],[128.82435,37.07785],[128.82581,37.0787],[128.82635,37.07883],[128.82669,37.07868],[128.8277,37.07872],[128.82841,37.0789],[128.82938,37.07846],[128.8299,37.07772],[128.83208,37.07508],[128.83126,37.07411],[128.83093,37.07017],[128.83133,37.0688],[128.83142,37.06811],[128.83167,37.0674],[128.83296,37.06731],[128.83512,37.0662],[128.83595,37.06594],[128.83624,37.06561],[128.83657,37.06507],[128.83807,37.06343],[128.83845,37.06313],[128.83906,37.06239],[128.83998,37.06167],[128.84029,37.06122],[128.8404,37.06083],[128.84067,37.0604],[128.84065,37.05936],[128.84097,37.05906],[128.84201,37.05841],[128.84384,37.05723],[128.84402,37.05717],[128.84403,37.05648],[128.84371,37.05575],[128.84392,37.05462],[128.84455,37.05417],[128.84606,37.05293],[128.84611,37.05228],[128.84687,37.05161],[128.84751,37.05157],[128.84805,37.05135],[128.84829,37.05113],[128.84887,37.05096],[128.8504,37.05073],[128.85108,37.0502],[128.85204,37.05038],[128.85252,37.05034],[128.85277,37.05006],[128.85348,37.05006],[128.85532,37.04963],[128.85537,37.04949],[128.85621,37.04935],[128.85652,37.04912],[128.85699,37.04892],[128.85752,37.04921],[128.85813,37.0492],[128.85898,37.04966],[128.8596,37.04955],[128.86051,37.04925],[128.86126,37.04912],[128.8616,37.049],[128.86221,37.04889],[128.86256,37.04892],[128.86365,37.0487],[128.86405,37.04831],[128.86463,37.04803],[128.86503,37.04813],[128.8655,37.04799],[128.86595,37.04794],[128.86661,37.04743],[128.86714,37.04691],[128.86737,37.04621],[128.86842,37.04605],[128.86893,37.04577],[128.86971,37.04555],[128.87032,37.04495],[128.87139,37.04442],[128.87248,37.04395],[128.87328,37.0442],[128.87344,37.04434],[128.87435,37.04455],[128.87566,37.04475],[128.87636,37.04562],[128.87684,37.04608],[128.87695,37.04725],[128.87725,37.04782],[128.87712,37.04873],[128.87712,37.04904],[128.87764,37.04966],[128.87778,37.05028],[128.87835,37.05086],[128.8779,37.05186],[128.87854,37.05326],[128.88009,37.05245],[128.88084,37.05197],[128.88097,37.05183],[128.88168,37.05194],[128.88201,37.05175],[128.88261,37.05165],[128.88345,37.05129],[128.88431,37.05118],[128.88481,37.05073],[128.88517,37.05024],[128.88656,37.05025],[128.88688,37.05023],[128.88734,37.05036],[128.88876,37.04992],[128.8892,37.04975],[128.88927,37.04939],[128.89042,37.0487],[128.89099,37.0482],[128.89168,37.0477],[128.89256,37.04748],[128.89284,37.04748],[128.89325,37.04671],[128.89398,37.04592],[128.89444,37.04571],[128.89479,37.04525],[128.89539,37.04503],[128.89642,37.04452],[128.89714,37.04512],[128.89765,37.04546],[128.89788,37.04597],[128.89761,37.04642],[128.89757,37.04712],[128.89741,37.04796],[128.89746,37.04819],[128.89739,37.0489],[128.89769,37.04975],[128.89698,37.05057],[128.89709,37.05173],[128.897,37.05292],[128.8969,37.05331],[128.89712,37.0539],[128.89711,37.0543],[128.8968,37.05506],[128.8972,37.0556],[128.89756,37.05637],[128.89777,37.05656],[128.89807,37.0576],[128.89854,37.05816],[128.8993,37.05874],[128.90031,37.05906],[128.90141,37.05971],[128.90198,37.06021],[128.90312,37.06104],[128.90344,37.06131],[128.90436,37.06171],[128.90486,37.06204],[128.90497,37.06233],[128.90506,37.06292],[128.90555,37.06397],[128.906,37.06425],[128.90633,37.06433],[128.90686,37.06485],[128.90744,37.06506],[128.90805,37.06538],[128.90888,37.06539],[128.90944,37.06571],[128.91012,37.06596],[128.91042,37.06613],[128.91032,37.06832],[128.90713,37.06688],[128.90609,37.06626],[128.90512,37.06597],[128.90498,37.06597],[128.90332,37.06639],[128.90258,37.06645],[128.90132,37.06679],[128.89942,37.06672],[128.89876,37.06666],[128.89874,37.06649],[128.89808,37.06621],[128.89753,37.06567],[128.89617,37.06474],[128.89613,37.06426],[128.89587,37.06416],[128.89529,37.06363],[128.89416,37.06347],[128.89245,37.06262],[128.89162,37.06204],[128.88969,37.06178],[128.88881,37.0618],[128.88839,37.06169],[128.8871,37.06213],[128.88662,37.06249],[128.88631,37.06313],[128.88615,37.06378],[128.88577,37.06398],[128.88538,37.06456],[128.88559,37.06547],[128.88574,37.06565],[128.8857,37.06595],[128.88531,37.06586],[128.88372,37.0672],[128.88305,37.0676],[128.88227,37.06785],[128.88047,37.06898],[128.87932,37.07015],[128.87811,37.07077],[128.87767,37.07119],[128.87641,37.07202],[128.87596,37.07285],[128.87557,37.07328],[128.87552,37.07443],[128.87482,37.07547],[128.87496,37.076],[128.87487,37.07708],[128.87508,37.07749],[128.87455,37.07823],[128.87454,37.0786],[128.87491,37.07861],[128.8756,37.07847],[128.87605,37.07869],[128.87691,37.07896],[128.87815,37.07965],[128.87868,37.07971],[128.87933,37.07991],[128.88058,37.08048],[128.88092,37.08056],[128.88157,37.08095],[128.88214,37.08144],[128.88253,37.08205],[128.88303,37.08258],[128.88354,37.08295],[128.88417,37.08368],[128.885,37.08403],[128.88505,37.08434],[128.88491,37.0851],[128.88531,37.08594],[128.88522,37.08677],[128.88557,37.0884],[128.88565,37.08936],[128.88605,37.08962],[128.88634,37.08934],[128.88653,37.08974],[128.88684,37.08993],[128.88718,37.09036],[128.88818,37.09112],[128.88856,37.09171],[128.88846,37.09263],[128.88827,37.09336],[128.88792,37.09365],[128.88799,37.09459],[128.88783,37.09546],[128.88763,37.09536],[128.88734,37.09562],[128.8867,37.09677],[128.88655,37.09726],[128.88645,37.09859],[128.88659,37.09902],[128.88694,37.09962],[128.88701,37.10029],[128.88717,37.10057],[128.88741,37.10171],[128.88725,37.10199],[128.88698,37.10215],[128.88674,37.10244],[128.88603,37.10274],[128.88452,37.10286],[128.88351,37.10299],[128.88249,37.10367],[128.88249,37.10379],[128.8819,37.10413],[128.88087,37.10438],[128.8788,37.10447],[128.87845,37.10477],[128.87814,37.10492],[128.8776,37.10592],[128.87715,37.10669],[128.87642,37.10745],[128.87555,37.10807],[128.87492,37.10829],[128.87422,37.10834],[128.87338,37.10808],[128.87287,37.10787],[128.87162,37.10783],[128.87048,37.10796],[128.86996,37.10779],[128.86879,37.10711],[128.86817,37.10725],[128.86762,37.10783],[128.86733,37.10829],[128.86716,37.10886],[128.86819,37.10897],[128.86944,37.10979],[128.86947,37.11057],[128.86932,37.11212],[128.86948,37.11247],[128.87027,37.11275],[128.87023,37.11321],[128.87046,37.11363],[128.87144,37.11397],[128.8718,37.11398],[128.87238,37.11417],[128.87325,37.11406],[128.87376,37.11379],[128.87444,37.11385],[128.87615,37.11459],[128.87646,37.11507],[128.87684,37.11519],[128.87759,37.11593],[128.8776,37.11654],[128.87847,37.11655],[128.87919,37.11724],[128.87948,37.11761],[128.87963,37.1187],[128.88078,37.11892],[128.8819,37.1194],[128.88309,37.11946],[128.88324,37.11978],[128.8832,37.12021],[128.88447,37.1213],[128.88571,37.12142],[128.88632,37.12174],[128.88685,37.12268],[128.88751,37.12345],[128.88832,37.12407],[128.88881,37.12419],[128.88924,37.12471],[128.88872,37.126],[128.88863,37.12705],[128.88902,37.12878],[128.88883,37.12928],[128.88837,37.12989],[128.88803,37.13022],[128.8882,37.13037],[128.88823,37.13098],[128.88807,37.13133],[128.88809,37.13189],[128.88778,37.13225],[128.88742,37.13302],[128.88698,37.13449],[128.88706,37.1353],[128.88714,37.13561],[128.88692,37.13632],[128.88706,37.13684],[128.88736,37.13731],[128.88737,37.13776],[128.88781,37.13837],[128.88797,37.13957],[128.88788,37.13984],[128.88814,37.14061],[128.88818,37.14107],[128.88855,37.14163],[128.88922,37.14253],[128.89068,37.14412],[128.89154,37.14432],[128.89251,37.1447],[128.8929,37.14531],[128.894,37.14623],[128.89487,37.14662],[128.89607,37.14663],[128.89738,37.14717],[128.89861,37.14704],[128.90053,37.14708]]]},"properties":{"code":"32530120","name":"상동읍"}},{"type":"Feature","geometry":{"type":"Polygon","coordinates":[[[128.45282,37.33569],[128.45198,37.33566],[128.45029,37.33638],[128.45,37.33674],[128.44931,37.33736],[128.4487,37.33762],[128.4472,37.33766],[128.44565,37.3373],[128.44557,37.33714],[128.44402,37.33693],[128.44276,37.33738],[128.44203,37.33748],[128.44113,37.33809],[128.44071,37.33811],[128.4404,37.338],[128.43997,37.33804],[128.43965,37.33825],[128.43834,37.3389],[128.43727,37.33905],[128.43679,37.33931],[128.43622,37.33925],[128.43561,37.33956],[128.43309,37.33919],[128.43249,37.33973],[128.43069,37.3397],[128.42971,37.33982],[128.42717,37.34221],[128.42617,37.34242],[128.42575,37.34277],[128.42504,37.34295],[128.42169,37.34319],[128.42059,37.34366],[128.41899,37.34337],[128.41808,37.34282],[128.41726,37.34181],[128.41526,37.34054],[128.41396,37.33939],[128.41304,37.33922],[128.41172,37.33857],[128.41287,37.33702],[128.41121,37.33409],[128.41169,37.33144],[128.41196,37.33038],[128.41145,37.32981],[128.41144,37.3295],[128.40992,37.32854],[128.4099,37.32809],[128.40874,37.32713],[128.40833,37.32635],[128.40735,37.32554],[128.40664,37.32491],[128.40596,37.32379],[128.4067,37.32278],[128.40575,37.32211],[128.40537,37.32132],[128.40469,37.32085],[128.40464,37.31966],[128.40518,37.31835],[128.40513,37.31751],[128.40531,37.31662],[128.406,37.31608],[128.40638,37.31485],[128.40674,37.31445],[128.40707,37.31346],[128.40698,37.31255],[128.40727,37.31202],[128.40735,37.3113],[128.40822,37.31087],[128.4093,37.30978],[128.4097,37.3092],[128.41076,37.30873],[128.41068,37.30824],[128.41044,37.30757],[128.40897,37.30649],[128.40702,37.30555],[128.40663,37.30542],[128.40703,37.30494],[128.40603,37.30357],[128.40606,37.30267],[128.40566,37.3016],[128.40638,37.30095],[128.40733,37.2997],[128.4081,37.29941],[128.40862,37.29823],[128.40877,37.29733],[128.40935,37.29606],[128.40913,37.29515],[128.40885,37.29466],[128.40846,37.29429],[128.40695,37.29453],[128.40609,37.29401],[128.40511,37.29445],[128.40393,37.2952],[128.40268,37.29515],[128.40196,37.29567],[128.40095,37.29603],[128.40015,37.29707],[128.39817,37.29733],[128.39715,37.29727],[128.39639,37.29679],[128.39446,37.29594],[128.39349,37.29516],[128.39296,37.29445],[128.39144,37.29389],[128.39113,37.29336],[128.39021,37.29308],[128.38876,37.29185],[128.38878,37.29134],[128.38779,37.2911],[128.38633,37.29124],[128.38345,37.28962],[128.38271,37.28895],[128.38091,37.28869],[128.37949,37.28881],[128.3787,37.28906],[128.37716,37.28939],[128.37669,37.28993],[128.37608,37.29002],[128.37555,37.28992],[128.37502,37.29028],[128.37372,37.29046],[128.37358,37.29071],[128.37187,37.29124],[128.37134,37.29154],[128.37096,37.29115],[128.37094,37.29037],[128.37033,37.29009],[128.36954,37.28931],[128.36885,37.28913],[128.36814,37.28844],[128.36731,37.28773],[128.36681,37.28722],[128.36707,37.28646],[128.36675,37.28524],[128.36679,37.28498],[128.36577,37.28384],[128.36506,37.28322],[128.36469,37.28244],[128.36374,37.28188],[128.36303,37.28176],[128.36261,37.28148],[128.36226,37.28148],[128.36085,37.28121],[128.36026,37.28121],[128.35996,37.28088],[128.35936,37.27993],[128.35901,37.27878],[128.35846,37.27809],[128.35894,37.27728],[128.35866,37.27645],[128.35804,37.27597],[128.35778,37.27564],[128.35729,37.27524],[128.35723,37.27477],[128.35662,37.27356],[128.35609,37.27232],[128.35586,37.27194],[128.35515,37.27115],[128.35521,37.27052],[128.35516,37.26989],[128.35564,37.26974],[128.35586,37.26936],[128.35652,37.26854],[128.35772,37.26838],[128.35833,37.26744],[128.35881,37.26681],[128.35966,37.2663],[128.36066,37.26548],[128.36125,37.26523],[128.36153,37.26519],[128.36246,37.26533],[128.36365,37.26559],[128.36462,37.26564],[128.36537,37.26562],[128.36592,37.26537],[128.36701,37.26478],[128.36757,37.26442],[128.3687,37.2644],[128.36994,37.26389],[128.37018,37.26342],[128.37119,37.26291],[128.37166,37.26177],[128.37204,37.2606],[128.3725,37.25933],[128.37249,37.25885],[128.3722,37.25841],[128.37185,37.25807],[128.37181,37.25786],[128.37132,37.25745],[128.37078,37.2571],[128.37119,37.25605],[128.37151,37.25554],[128.37141,37.25531],[128.37172,37.25507],[128.37094,37.25397],[128.37085,37.25343],[128.37171,37.25262],[128.37176,37.25218],[128.37169,37.25169],[128.37131,37.25091],[128.37053,37.24964],[128.37026,37.24896],[128.37016,37.24822],[128.3701,37.24747],[128.37084,37.24699],[128.37095,37.24686],[128.37069,37.24559],[128.37209,37.24549],[128.37254,37.2456],[128.37322,37.2456],[128.37405,37.24528],[128.37412,37.245],[128.37572,37.24463],[128.37593,37.24445],[128.37602,37.24417],[128.37637,37.24365],[128.37665,37.24284],[128.37711,37.24247],[128.37806,37.24208],[128.37851,37.24174],[128.37879,37.24163],[128.37953,37.2415],[128.37962,37.2413],[128.38164,37.24129],[128.38209,37.24113],[128.38249,37.24124],[128.38318,37.24103],[128.38387,37.2405],[128.38444,37.24058],[128.38496,37.23994],[128.38591,37.24008],[128.38684,37.23979],[128.38746,37.2393],[128.38806,37.2393],[128.38895,37.23871],[128.38928,37.23835],[128.39083,37.23715],[128.39206,37.23695],[128.39364,37.23641],[128.39398,37.23589],[128.39451,37.23541],[128.39498,37.23533],[128.39589,37.23478],[128.39738,37.23431],[128.39791,37.23358],[128.39834,37.23355],[128.39875,37.2337],[128.40009,37.2333],[128.40036,37.233],[128.40069,37.233],[128.40155,37.23236],[128.40204,37.23219],[128.40308,37.23135],[128.40451,37.23101],[128.40635,37.22981],[128.40609,37.22872],[128.40616,37.22827],[128.40561,37.22747],[128.4055,37.22676],[128.40638,37.22638],[128.40704,37.22588],[128.4074,37.2258],[128.40768,37.22528],[128.40735,37.22456],[128.40748,37.22384],[128.40802,37.22348],[128.40823,37.22282],[128.40774,37.22201],[128.40785,37.22101],[128.40962,37.22067],[128.40988,37.21945],[128.40976,37.21894],[128.40954,37.21859],[128.40961,37.21801],[128.41003,37.21747],[128.41121,37.21742],[128.41153,37.21669],[128.41227,37.21615],[128.41216,37.21494],[128.41156,37.21453],[128.41172,37.21301],[128.41233,37.2127],[128.41332,37.21242],[128.41347,37.21215],[128.41378,37.21191],[128.4135,37.21095],[128.4135,37.21073],[128.41373,37.21005],[128.41377,37.20952],[128.41369,37.20928],[128.4139,37.20894],[128.41415,37.20871],[128.41433,37.20875],[128.41489,37.20914],[128.41565,37.20937],[128.4167,37.20922],[128.41749,37.20889],[128.4185,37.20858],[128.41978,37.20858],[128.42031,37.20833],[128.42071,37.20852],[128.42123,37.20889],[128.42221,37.20851],[128.42323,37.2083],[128.42379,37.20847],[128.42431,37.20843],[128.42601,37.20839],[128.42634,37.20856],[128.427,37.20842],[128.42777,37.20866],[128.42991,37.20838],[128.43016,37.20876],[128.43038,37.20998],[128.43084,37.20999],[128.43202,37.21018],[128.43236,37.21044],[128.43281,37.21055],[128.43315,37.21095],[128.4338,37.21106],[128.43478,37.20971],[128.43507,37.20854],[128.43546,37.20838],[128.4361,37.20792],[128.4363,37.2077],[128.43734,37.20742],[128.43802,37.20717],[128.43858,37.20727],[128.43916,37.20676],[128.43924,37.20703],[128.43959,37.20734],[128.44045,37.20685],[128.44077,37.20673],[128.44097,37.20628],[128.44152,37.20654],[128.4438,37.2066],[128.44431,37.20657],[128.44468,37.20688],[128.44576,37.20696],[128.44608,37.20691],[128.44758,37.20687],[128.44843,37.20659],[128.44932,37.20664],[128.44996,37.20679],[128.45012,37.20703],[128.44997,37.20766],[128.45001,37.20814],[128.4503,37.20846],[128.45065,37.20865],[128.45117,37.20873],[128.45221,37.20924],[128.45403,37.20923],[128.45639,37.2102],[128.45815,37.21093],[128.45861,37.21078],[128.45952,37.2113],[128.45973,37.21179],[128.45925,37.21245],[128.45855,37.21329],[128.45709,37.21437],[128.45674,37.21486],[128.45644,37.21544],[128.45663,37.21597],[128.45715,37.21667],[128.45733,37.2168],[128.45779,37.21738],[128.4582,37.2178],[128.45794,37.21804],[128.45779,37.21833],[128.45801,37.21916],[128.45831,37.21948],[128.45853,37.21955],[128.45887,37.21993],[128.45926,37.22102],[128.45968,37.22137],[128.46022,37.22229],[128.46018,37.22264],[128.46073,37.22335],[128.46083,37.22369],[128.46073,37.22438],[128.46098,37.2249],[128.46105,37.22551],[128.46099,37.22591],[128.46142,37.22637],[128.46147,37.22671],[128.46166,37.22683],[128.46188,37.22667],[128.4622,37.22693],[128.46268,37.22714],[128.46325,37.2269],[128.46376,37.22702],[128.4641,37.22697],[128.46529,37.22704],[128.46659,37.22764],[128.46732,37.2279],[128.46823,37.22779],[128.46895,37.22797],[128.46979,37.22798],[128.46989,37.22815],[128.46985,37.22881],[128.47001,37.22942],[128.46984,37.23007],[128.47001,37.23099],[128.47123,37.23184],[128.47174,37.23232],[128.47238,37.2326],[128.47253,37.23282],[128.47275,37.23342],[128.4728,37.23376],[128.4727,37.23411],[128.47318,37.2347],[128.47332,37.23514],[128.47408,37.23562],[128.47385,37.23621],[128.47426,37.23665],[128.47453,37.2372],[128.47409,37.2383],[128.4748,37.23912],[128.47486,37.23944],[128.47539,37.24007],[128.47575,37.24011],[128.47606,37.24045],[128.47644,37.24057],[128.47699,37.24087],[128.47822,37.24102],[128.47973,37.24092],[128.47995,37.2412],[128.48037,37.24155],[128.48217,37.24268],[128.48384,37.24336],[128.48479,37.24355],[128.48577,37.24369],[128.48715,37.24396],[128.48849,37.24416],[128.48973,37.24444],[128.48984,37.24538],[128.48914,37.24634],[128.48769,37.24721],[128.48589,37.24787],[128.48521,37.2486],[128.48608,37.24956],[128.48603,37.25095],[128.48632,37.25205],[128.48742,37.2555],[128.4878,37.25682],[128.48793,37.25781],[128.48764,37.2585],[128.48776,37.25924],[128.48808,37.26062],[128.48866,37.26141],[128.48848,37.26221],[128.48875,37.26357],[128.48921,37.26462],[128.48931,37.26588],[128.48908,37.26858],[128.48984,37.26995],[128.49093,37.27048],[128.49201,37.27038],[128.49523,37.27111],[128.4957,37.27251],[128.49545,37.27421],[128.49541,37.27624],[128.49592,37.27971],[128.49555,37.28114],[128.49564,37.28311],[128.49575,37.28521],[128.4956,37.28671],[128.49741,37.2881],[128.50011,37.28893],[128.50096,37.2893],[128.50088,37.28929],[128.50048,37.29082],[128.50053,37.29157],[128.50073,37.29192],[128.50057,37.29225],[128.50087,37.29299],[128.50023,37.29324],[128.50019,37.29373],[128.50024,37.29437],[128.50012,37.29477],[128.50023,37.2952],[128.50008,37.29579],[128.49956,37.29632],[128.49917,37.29714],[128.49815,37.29817],[128.49826,37.29895],[128.49808,37.29951],[128.49771,37.29995],[128.49758,37.30029],[128.49774,37.3012],[128.49753,37.30216],[128.49725,37.30266],[128.49712,37.30315],[128.49669,37.3034],[128.49522,37.30306],[128.49482,37.3027],[128.49346,37.30249],[128.49297,37.30232],[128.48973,37.30244],[128.48926,37.30266],[128.48847,37.30275],[128.48735,37.30257],[128.48536,37.30292],[128.48475,37.30281],[128.48402,37.30252],[128.48314,37.30247],[128.48135,37.30259],[128.47993,37.30287],[128.47893,37.30354],[128.47717,37.30423],[128.47614,37.30427],[128.47307,37.30623],[128.47233,37.30622],[128.47122,37.30674],[128.4706,37.30691],[128.46985,37.30703],[128.46903,37.3071],[128.46825,37.30686],[128.46604,37.30655],[128.46513,37.30672],[128.46471,37.30668],[128.46401,37.30743],[128.46354,37.3076],[128.46309,37.30823],[128.46247,37.30849],[128.46208,37.30956],[128.46174,37.30993],[128.46145,37.31091],[128.46115,37.31126],[128.46129,37.31265],[128.46218,37.31443],[128.46273,37.31533],[128.46443,37.31654],[128.46439,37.31703],[128.46397,37.31736],[128.46382,37.31768],[128.46331,37.31834],[128.46417,37.31888],[128.46471,37.31935],[128.46366,37.32098],[128.46391,37.32153],[128.46377,37.32225],[128.4634,37.32276],[128.46303,37.32418],[128.4603,37.32576],[128.45966,37.3261],[128.45938,37.32721],[128.45904,37.32744],[128.45855,37.32807],[128.45778,37.32866],[128.45606,37.33071],[128.45401,37.3321],[128.45374,37.33287],[128.45397,37.33374],[128.45282,37.33569]]]},"properties":{"code":"32530330","name":"북면"}},{"type":"Feature","geometry":{"type":"Polygon","coordinates":[[[128.43916,37.20676],[128.43858,37.20727],[128.43802,37.20717],[128.43734,37.20742],[128.4363,37.2077],[128.4361,37.20792],[128.43546,37.20838],[128.43507,37.20854],[128.43478,37.20971],[128.4338,37.21106],[128.43315,37.21095],[128.43281,37.21055],[128.43236,37.21044],[128.43202,37.21018],[128.43084,37.20999],[128.43038,37.20998],[128.43016,37.20876],[128.42991,37.20838],[128.42777,37.20866],[128.427,37.20842],[128.42634,37.20856],[128.42601,37.20839],[128.42431,37.20843],[128.42379,37.20847],[128.42323,37.2083],[128.42221,37.20851],[128.42123,37.20889],[128.42071,37.20852],[128.42031,37.20833],[128.41978,37.20858],[128.4185,37.20858],[128.41749,37.20889],[128.4167,37.20922],[128.41565,37.20937],[128.41489,37.20914],[128.41433,37.20875],[128.41415,37.20871],[128.4139,37.20894],[128.41369,37.20928],[128.41377,37.20952],[128.41373,37.21005],[128.4135,37.21073],[128.4135,37.21095],[128.41378,37.21191],[128.41347,37.21215],[128.41332,37.21242],[128.41233,37.2127],[128.41172,37.21301],[128.41156,37.21453],[128.41216,37.21494],[128.41227,37.21615],[128.41153,37.21669],[128.41121,37.21742],[128.41003,37.21747],[128.40961,37.21801],[128.40954,37.21859],[128.40976,37.21894],[128.40988,37.21945],[128.40962,37.22067],[128.40785,37.22101],[128.40774,37.22201],[128.40823,37.22282],[128.40802,37.22348],[128.40748,37.22384],[128.40735,37.22456],[128.40768,37.22528],[128.4074,37.2258],[128.40704,37.22588],[128.40638,37.22638],[128.4055,37.22676],[128.40561,37.22747],[128.40616,37.22827],[128.40609,37.22872],[128.40635,37.22981],[128.40451,37.23101],[128.40308,37.23135],[128.40204,37.23219],[128.40155,37.23236],[128.40069,37.233],[128.40036,37.233],[128.40009,37.2333],[128.39875,37.2337],[128.39834,37.23355],[128.39791,37.23358],[128.39759,37.23317],[128.39682,37.23291],[128.39619,37.23284],[128.39515,37.23125],[128.39492,37.23081],[128.39437,37.23039],[128.39372,37.22972],[128.39282,37.22962],[128.39164,37.22914],[128.39073,37.22834],[128.38898,37.22819],[128.38785,37.22794],[128.38725,37.22745],[128.38692,37.2273],[128.3865,37.22698],[128.3865,37.22656],[128.38674,37.2262],[128.3867,37.22588],[128.38683,37.22523],[128.38564,37.22415],[128.38554,37.22382],[128.38587,37.22305],[128.38597,37.22264],[128.38637,37.2221],[128.38644,37.22162],[128.38606,37.22126],[128.38587,37.22079],[128.38534,37.22045],[128.38531,37.21992],[128.38465,37.21941],[128.3841,37.21892],[128.38329,37.21842],[128.38253,37.21785],[128.3816,37.216],[128.38179,37.21545],[128.38152,37.21475],[128.382,37.21348],[128.38196,37.21333],[128.38282,37.21259],[128.38289,37.21248],[128.38276,37.21185],[128.38227,37.21132],[128.38104,37.21065],[128.37996,37.21052],[128.37845,37.21054],[128.37845,37.21079],[128.37757,37.21079],[128.37717,37.20973],[128.37614,37.20716],[128.37583,37.20611],[128.37566,37.20513],[128.37557,37.20378],[128.37519,37.20282],[128.37501,37.20175],[128.37467,37.20103],[128.37456,37.2],[128.37488,37.19832],[128.3749,37.19743],[128.37612,37.19661],[128.37694,37.19609],[128.379,37.1956],[128.38114,37.19459],[128.38212,37.19431],[128.38428,37.19343],[128.38547,37.19309],[128.38679,37.19306],[128.38799,37.19331],[128.38923,37.19404],[128.38977,37.19355],[128.3885,37.19172],[128.38757,37.19088],[128.38726,37.19088],[128.38678,37.1906],[128.38641,37.19055],[128.38556,37.19116],[128.38482,37.19134],[128.38375,37.19108],[128.38344,37.19107],[128.38301,37.19131],[128.3828,37.19152],[128.38041,37.19138],[128.38033,37.19074],[128.37993,37.19026],[128.37919,37.18989],[128.37876,37.1889],[128.37802,37.18872],[128.3782,37.18835],[128.37903,37.18731],[128.37786,37.1868],[128.37726,37.1865],[128.37618,37.18621],[128.37554,37.1861],[128.37516,37.18612],[128.37388,37.18584],[128.37351,37.18438],[128.37255,37.18311],[128.37172,37.18245],[128.37084,37.18216],[128.36911,37.18297],[128.36788,37.18239],[128.36618,37.1822],[128.36472,37.18254],[128.36425,37.18275],[128.36421,37.18285],[128.36365,37.18304],[128.36309,37.18286],[128.36248,37.18313],[128.36221,37.18318],[128.36128,37.1837],[128.36134,37.18392],[128.36051,37.18376],[128.35917,37.18304],[128.35814,37.18327],[128.3563,37.18416],[128.35518,37.18407],[128.35444,37.18457],[128.35389,37.18455],[128.35238,37.18546],[128.35174,37.18539],[128.35122,37.18561],[128.34989,37.18507],[128.34821,37.18417],[128.34682,37.18369],[128.34647,37.18371],[128.34803,37.18258],[128.34815,37.18203],[128.34818,37.18079],[128.34912,37.18034],[128.34841,37.17933],[128.34838,37.17914],[128.34793,37.17855],[128.34895,37.17769],[128.34954,37.17749],[128.34994,37.17665],[128.34998,37.17641],[128.34982,37.17618],[128.34859,37.17568],[128.34785,37.17473],[128.34764,37.1741],[128.34761,37.1735],[128.34709,37.17339],[128.34671,37.1731],[128.34583,37.1727],[128.34533,37.17221],[128.34516,37.17165],[128.34503,37.17157],[128.34368,37.17158],[128.3425,37.17118],[128.34161,37.17064],[128.34073,37.17048],[128.34008,37.17052],[128.33972,37.17034],[128.3392,37.17029],[128.33816,37.17001],[128.33795,37.16971],[128.33774,37.16965],[128.33712,37.16924],[128.33563,37.16857],[128.33538,37.16783],[128.33516,37.16756],[128.33588,37.16707],[128.33648,37.1666],[128.33676,37.16593],[128.33661,37.1659],[128.33487,37.1652],[128.3345,37.1654],[128.33378,37.16548],[128.33365,37.16556],[128.33279,37.1654],[128.33274,37.16483],[128.3329,37.16446],[128.33329,37.16418],[128.33285,37.16391],[128.33169,37.16402],[128.33063,37.16354],[128.3297,37.16434],[128.32927,37.1652],[128.32874,37.1652],[128.32807,37.16561],[128.3276,37.16606],[128.3271,37.16622],[128.32509,37.16514],[128.32511,37.16486],[128.32487,37.16474],[128.3238,37.16555],[128.32259,37.1654],[128.32271,37.16448],[128.32254,37.16409],[128.32157,37.16391],[128.32064,37.1633],[128.3197,37.16324],[128.31904,37.16304],[128.31841,37.1631],[128.31828,37.16366],[128.31834,37.16451],[128.31723,37.16455],[128.31693,37.16483],[128.31667,37.16489],[128.31617,37.16526],[128.31532,37.1662],[128.31506,37.1663],[128.31458,37.16673],[128.3142,37.16738],[128.31263,37.16747],[128.31199,37.16764],[128.3107,37.16854],[128.30926,37.16866],[128.30861,37.16923],[128.30782,37.16912],[128.30714,37.1689],[128.30581,37.16947],[128.30433,37.16962],[128.30329,37.17116],[128.30279,37.1711],[128.30097,37.17107],[128.29872,37.17105],[128.29834,37.17158],[128.29807,37.17166],[128.29669,37.17144],[128.29587,37.17155],[128.29483,37.17116],[128.29391,37.17107],[128.29215,37.17046],[128.29156,37.17055],[128.2913,37.17029],[128.28968,37.17015],[128.28782,37.1713],[128.28646,37.17137],[128.28512,37.17172],[128.28434,37.1717],[128.28243,37.17179],[128.28218,37.17243],[128.28183,37.17265],[128.28111,37.1734],[128.28043,37.17316],[128.27842,37.17213],[128.27723,37.17247],[128.2763,37.17268],[128.27645,37.17228],[128.27592,37.17106],[128.27499,37.17021],[128.27367,37.16964],[128.27375,37.16929],[128.27325,37.16851],[128.2732,37.16835],[128.27099,37.16655],[128.27072,37.16636],[128.27005,37.16488],[128.27012,37.16349],[128.27047,37.16194],[128.27039,37.16177],[128.26863,37.16162],[128.26632,37.16127],[128.26444,37.16042],[128.26511,37.1589],[128.26548,37.15851],[128.26592,37.15787],[128.26611,37.15699],[128.26612,37.15631],[128.2662,37.15603],[128.26687,37.15612],[128.26724,37.15603],[128.26774,37.15561],[128.26928,37.1549],[128.27059,37.15423],[128.27124,37.15307],[128.2719,37.15215],[128.27189,37.15171],[128.27227,37.15116],[128.2724,37.15029],[128.27226,37.14895],[128.27329,37.14763],[128.27424,37.14696],[128.27526,37.14647],[128.27672,37.14614],[128.27736,37.14517],[128.27759,37.14416],[128.27993,37.14246],[128.28185,37.14307],[128.28469,37.14315],[128.28497,37.14237],[128.28558,37.14245],[128.28654,37.14188],[128.28766,37.14152],[128.28828,37.14146],[128.28889,37.14123],[128.2899,37.14023],[128.29062,37.13985],[128.29267,37.1393],[128.2939,37.13767],[128.29571,37.13603],[128.29611,37.13422],[128.2964,37.13405],[128.29791,37.1341],[128.29834,37.13419],[128.30073,37.13527],[128.30099,37.13595],[128.30353,37.13652],[128.30545,37.13716],[128.30636,37.13753],[128.30608,37.13825],[128.30588,37.13953],[128.30633,37.13971],[128.30754,37.14079],[128.30841,37.14208],[128.30873,37.14244],[128.30932,37.1428],[128.30948,37.14315],[128.30922,37.14396],[128.30952,37.14493],[128.31111,37.14578],[128.31156,37.14538],[128.31211,37.145],[128.31358,37.14586],[128.31548,37.1467],[128.31578,37.14698],[128.31586,37.14722],[128.31672,37.14756],[128.31853,37.14784],[128.31964,37.14744],[128.31979,37.14726],[128.32024,37.14762],[128.321,37.14835],[128.32172,37.14887],[128.32172,37.14913],[128.32202,37.14922],[128.32306,37.14851],[128.32351,37.14842],[128.32444,37.14796],[128.32473,37.14807],[128.32599,37.14911],[128.32613,37.14995],[128.32661,37.15024],[128.32704,37.15109],[128.32713,37.15198],[128.32725,37.15257],[128.32747,37.15294],[128.32784,37.15301],[128.32838,37.15257],[128.32922,37.15201],[128.32965,37.15162],[128.33018,37.15106],[128.33041,37.1506],[128.33067,37.15034],[128.33219,37.15157],[128.33305,37.15256],[128.33347,37.15248],[128.33381,37.15305],[128.33398,37.15374],[128.33426,37.15403],[128.33487,37.15512],[128.33446,37.15598],[128.33475,37.15652],[128.3355,37.15725],[128.33617,37.15755],[128.33709,37.15785],[128.33761,37.1579],[128.33848,37.15814],[128.33896,37.15775],[128.33948,37.15799],[128.34009,37.1581],[128.34049,37.15809],[128.34077,37.15792],[128.34144,37.15732],[128.3415,37.15677],[128.34191,37.15639],[128.34208,37.15615],[128.34259,37.15594],[128.34309,37.156],[128.34343,37.15631],[128.34451,37.15623],[128.34502,37.15632],[128.34526,37.15607],[128.34601,37.15632],[128.34618,37.15644],[128.34652,37.15691],[128.34705,37.15717],[128.34763,37.1565],[128.34822,37.15651],[128.34844,37.15686],[128.34875,37.15699],[128.3496,37.15701],[128.35015,37.15693],[128.35051,37.15703],[128.3508,37.15757],[128.35151,37.15741],[128.35233,37.15666],[128.35312,37.15612],[128.35398,37.15567],[128.35532,37.15389],[128.35559,37.1536],[128.35602,37.15329],[128.35828,37.15228],[128.35885,37.15125],[128.35948,37.15069],[128.35971,37.15023],[128.3602,37.15064],[128.36217,37.1527],[128.36227,37.15345],[128.36258,37.15394],[128.36339,37.15462],[128.36424,37.15619],[128.36446,37.15624],[128.36442,37.15763],[128.36487,37.15772],[128.36535,37.15764],[128.36597,37.15701],[128.36682,37.15546],[128.36789,37.15443],[128.36839,37.15444],[128.36878,37.15463],[128.36931,37.15512],[128.37194,37.15414],[128.37413,37.15349],[128.37492,37.1533],[128.37583,37.15331],[128.37646,37.15241],[128.37672,37.1517],[128.37708,37.15167],[128.37802,37.15171],[128.37813,37.15188],[128.3783,37.15254],[128.37806,37.15294],[128.37813,37.15318],[128.37862,37.15361],[128.37881,37.15393],[128.37865,37.15452],[128.37875,37.15469],[128.37915,37.15474],[128.37971,37.15503],[128.38012,37.15491],[128.38051,37.15499],[128.38102,37.15542],[128.38125,37.15547],[128.38146,37.1559],[128.38172,37.15586],[128.38172,37.15529],[128.38185,37.15522],[128.38222,37.15594],[128.38332,37.1566],[128.38332,37.15712],[128.3836,37.15753],[128.38374,37.15802],[128.38419,37.15798],[128.38435,37.15812],[128.38476,37.15783],[128.38539,37.15726],[128.38608,37.15688],[128.38613,37.15648],[128.38657,37.15635],[128.38675,37.15611],[128.38716,37.1559],[128.38746,37.15557],[128.38785,37.15536],[128.38824,37.15532],[128.38876,37.15462],[128.38907,37.15464],[128.38954,37.15484],[128.38978,37.15484],[128.39024,37.15501],[128.39107,37.15512],[128.39188,37.15513],[128.3924,37.15502],[128.3928,37.1548],[128.39253,37.15339],[128.39321,37.15253],[128.39318,37.15173],[128.39353,37.15139],[128.39419,37.15147],[128.39507,37.15072],[128.39537,37.15054],[128.39533,37.14999],[128.39563,37.14944],[128.39608,37.14935],[128.39637,37.14857],[128.39688,37.14844],[128.39848,37.14773],[128.39934,37.14774],[128.39967,37.14733],[128.40035,37.1473],[128.40087,37.14688],[128.40104,37.14553],[128.40132,37.14508],[128.40136,37.14463],[128.40204,37.14329],[128.40231,37.14229],[128.40241,37.14155],[128.40302,37.14086],[128.40366,37.13962],[128.40338,37.13914],[128.40182,37.13852],[128.40147,37.1376],[128.40187,37.13678],[128.40132,37.13543],[128.40179,37.13481],[128.40088,37.13409],[128.40079,37.13333],[128.39932,37.13235],[128.39809,37.13165],[128.39792,37.13103],[128.3979,37.13062],[128.39703,37.13007],[128.39683,37.12937],[128.396,37.12859],[128.39658,37.12836],[128.39772,37.12844],[128.39861,37.12832],[128.39879,37.12814],[128.39947,37.12811],[128.4013,37.12788],[128.40183,37.12776],[128.40268,37.12747],[128.40294,37.12754],[128.40407,37.1273],[128.40479,37.12701],[128.40575,37.12699],[128.40729,37.12638],[128.40864,37.12503],[128.40952,37.12356],[128.40989,37.12332],[128.41028,37.12283],[128.41104,37.12213],[128.41195,37.12198],[128.41242,37.12176],[128.41311,37.12101],[128.41503,37.12039],[128.41536,37.12024],[128.41615,37.12082],[128.41847,37.11981],[128.41942,37.11852],[128.42002,37.118],[128.41974,37.11722],[128.41989,37.1163],[128.42027,37.11587],[128.42075,37.11494],[128.42105,37.1137],[128.42356,37.11224],[128.42345,37.11218],[128.42312,37.11146],[128.42216,37.11016],[128.42257,37.10939],[128.42237,37.10915],[128.42237,37.10866],[128.42214,37.10812],[128.42216,37.10779],[128.42248,37.10733],[128.42248,37.107],[128.42262,37.10689],[128.42249,37.10606],[128.42267,37.10547],[128.42259,37.10473],[128.423,37.10412],[128.42306,37.10325],[128.42375,37.10305],[128.4247,37.10246],[128.42539,37.10256],[128.42611,37.10281],[128.42799,37.10337],[128.42843,37.10329],[128.43012,37.10367],[128.43007,37.10531],[128.43058,37.10675],[128.43265,37.10807],[128.43415,37.1087],[128.43555,37.10951],[128.4353,37.111],[128.43514,37.11148],[128.43546,37.1117],[128.43605,37.11191],[128.43645,37.11186],[128.43788,37.11105],[128.43843,37.11078],[128.4388,37.11045],[128.43982,37.10996],[128.44071,37.10984],[128.44143,37.10943],[128.44241,37.10934],[128.44269,37.10924],[128.44292,37.10901],[128.44334,37.10804],[128.44414,37.10742],[128.44431,37.10703],[128.44476,37.10629],[128.44495,37.10636],[128.44501,37.10681],[128.44532,37.10747],[128.4457,37.10784],[128.44645,37.10829],[128.44664,37.10866],[128.44666,37.10902],[128.44721,37.1092],[128.44752,37.10942],[128.44805,37.11001],[128.44836,37.11014],[128.4485,37.11055],[128.44905,37.11109],[128.4497,37.11155],[128.45019,37.112],[128.45029,37.11222],[128.451,37.11231],[128.45117,37.11211],[128.45238,37.11175],[128.45275,37.11172],[128.45387,37.1118],[128.45469,37.1117],[128.45531,37.11185],[128.45558,37.11169],[128.45618,37.11101],[128.45685,37.11061],[128.45805,37.11028],[128.46063,37.11042],[128.4604,37.11076],[128.46015,37.11149],[128.45986,37.11155],[128.45943,37.11182],[128.45978,37.11214],[128.46018,37.11207],[128.46038,37.11224],[128.4611,37.11242],[128.46165,37.11289],[128.46148,37.11299],[128.46117,37.11282],[128.46083,37.11283],[128.46073,37.11299],[128.46023,37.11279],[128.45994,37.11295],[128.45984,37.11321],[128.45994,37.11355],[128.45973,37.1137],[128.45927,37.11361],[128.45922,37.11414],[128.45897,37.11465],[128.45914,37.11585],[128.45891,37.11666],[128.45867,37.11708],[128.45788,37.1171],[128.45717,37.11766],[128.45712,37.11797],[128.45661,37.11846],[128.45629,37.11857],[128.45529,37.11903],[128.45482,37.11873],[128.45315,37.11736],[128.45264,37.11906],[128.45169,37.12036],[128.44945,37.1212],[128.44669,37.12163],[128.44435,37.12289],[128.4449,37.12465],[128.44521,37.12643],[128.44495,37.12787],[128.44483,37.12835],[128.44602,37.12927],[128.4464,37.1295],[128.44655,37.13015],[128.44643,37.13042],[128.4464,37.13107],[128.44655,37.1314],[128.44722,37.13223],[128.44699,37.13344],[128.44698,37.13484],[128.44728,37.13593],[128.44651,37.13681],[128.4453,37.13781],[128.44369,37.13843],[128.44237,37.13907],[128.44316,37.13984],[128.4429,37.14129],[128.44317,37.1419],[128.44355,37.14208],[128.44406,37.1425],[128.4445,37.14351],[128.44381,37.14496],[128.44349,37.14615],[128.44362,37.14688],[128.44328,37.14719],[128.44444,37.14793],[128.44501,37.14824],[128.44679,37.14868],[128.44767,37.14883],[128.44869,37.14981],[128.4491,37.15088],[128.44909,37.15123],[128.44874,37.15145],[128.44892,37.15211],[128.44876,37.15233],[128.44891,37.15293],[128.44889,37.15332],[128.44873,37.15366],[128.44838,37.15403],[128.44818,37.15406],[128.44754,37.15452],[128.44703,37.15512],[128.44629,37.15609],[128.44525,37.1578],[128.44429,37.15823],[128.44309,37.1592],[128.44343,37.15961],[128.44345,37.15978],[128.44381,37.16047],[128.44394,37.16089],[128.44431,37.16122],[128.44431,37.16189],[128.44407,37.16258],[128.44403,37.16362],[128.44368,37.16449],[128.4439,37.16481],[128.44464,37.16507],[128.44456,37.16524],[128.44473,37.16648],[128.44452,37.16676],[128.44509,37.16791],[128.44493,37.16869],[128.44597,37.16983],[128.4447,37.17085],[128.44437,37.17254],[128.44477,37.17353],[128.44558,37.17408],[128.44733,37.17463],[128.44774,37.17547],[128.44725,37.17616],[128.44701,37.17687],[128.44641,37.17736],[128.44538,37.1774],[128.44441,37.1773],[128.44322,37.17676],[128.44236,37.17614],[128.44144,37.17516],[128.44051,37.17439],[128.43988,37.17409],[128.43847,37.17444],[128.43727,37.17479],[128.43637,37.1752],[128.43546,37.17578],[128.4349,37.17629],[128.43391,37.17707],[128.43305,37.17793],[128.43246,37.17869],[128.43194,37.17913],[128.42985,37.18239],[128.42899,37.18423],[128.42808,37.18592],[128.42784,37.18642],[128.42756,37.19048],[128.42766,37.19138],[128.42763,37.19307],[128.42781,37.19409],[128.42797,37.19566],[128.42864,37.19701],[128.42933,37.19729],[128.43061,37.19707],[128.43168,37.19771],[128.43217,37.20066],[128.43242,37.20132],[128.4324,37.20352],[128.43159,37.20485],[128.43207,37.20537],[128.43343,37.20605],[128.43345,37.20616],[128.43495,37.20654],[128.4357,37.20653],[128.43599,37.20615],[128.43624,37.20598],[128.43646,37.20558],[128.43725,37.20527],[128.438,37.20474],[128.43854,37.20484],[128.43933,37.20526],[128.43909,37.20579],[128.43916,37.20676]]]},"properties":{"code":"32530340","name":"남면"}},{"type":"Feature","geometry":{"type":"Polygon","coordinates":[[[128.37134,37.29154],[128.37121,37.29162],[128.3711,37.29232],[128.37124,37.29245],[128.37153,37.29324],[128.37165,37.29335],[128.3713,37.29373],[128.37107,37.29438],[128.36946,37.29517],[128.36903,37.29585],[128.36897,37.2963],[128.3678,37.29676],[128.36726,37.29711],[128.36646,37.29737],[128.36594,37.29774],[128.36546,37.29791],[128.3647,37.29846],[128.36456,37.29861],[128.36411,37.29882],[128.36382,37.29911],[128.36372,37.2997],[128.36348,37.30021],[128.36349,37.30041],[128.36316,37.30073],[128.36294,37.30108],[128.36302,37.30119],[128.36301,37.30172],[128.36272,37.30197],[128.36227,37.30268],[128.36177,37.30335],[128.36137,37.30409],[128.36044,37.30518],[128.3592,37.30556],[128.35901,37.3057],[128.35763,37.30594],[128.35814,37.3071],[128.35759,37.30857],[128.35631,37.30895],[128.354,37.30921],[128.352,37.30925],[128.34904,37.30993],[128.34635,37.31065],[128.3449,37.3111],[128.34313,37.31171],[128.34177,37.31258],[128.33902,37.31473],[128.33686,37.31678],[128.33552,37.31848],[128.33451,37.32012],[128.3337,37.32035],[128.33323,37.3207],[128.33231,37.32123],[128.33174,37.32137],[128.33136,37.32181],[128.33038,37.32261],[128.33003,37.32242],[128.32914,37.32258],[128.32791,37.32204],[128.32548,37.32148],[128.32482,37.32087],[128.32448,37.32137],[128.32409,37.32268],[128.32365,37.32389],[128.32387,37.32574],[128.32426,37.32704],[128.32407,37.32749],[128.32408,37.32852],[128.32428,37.32945],[128.32401,37.33034],[128.324,37.331],[128.32385,37.33178],[128.32342,37.33216],[128.32326,37.33312],[128.32352,37.33372],[128.32257,37.33498],[128.32196,37.33553],[128.32209,37.33601],[128.32193,37.33652],[128.3216,37.33691],[128.32167,37.33744],[128.32115,37.33921],[128.32198,37.34041],[128.32174,37.34223],[128.32205,37.34281],[128.32277,37.34374],[128.32215,37.34461],[128.32194,37.34509],[128.32205,37.34633],[128.32166,37.34666],[128.3215,37.34719],[128.32165,37.34736],[128.32098,37.34824],[128.32024,37.34891],[128.31979,37.34895],[128.31911,37.34955],[128.31855,37.35056],[128.31829,37.35061],[128.3181,37.35111],[128.31772,37.35131],[128.31738,37.35208],[128.31688,37.35228],[128.31657,37.35297],[128.31648,37.35349],[128.31672,37.35458],[128.31678,37.35525],[128.31722,37.35572],[128.3173,37.35679],[128.31745,37.35776],[128.31749,37.35823],[128.31773,37.35846],[128.31773,37.35928],[128.31835,37.35953],[128.31929,37.36012],[128.31942,37.3608],[128.31977,37.36122],[128.31969,37.36163],[128.31986,37.36194],[128.3196,37.36228],[128.31973,37.36264],[128.31966,37.36305],[128.31976,37.36334],[128.31947,37.3638],[128.31951,37.36434],[128.32048,37.36516],[128.3207,37.36554],[128.32073,37.36596],[128.32062,37.36634],[128.32025,37.36666],[128.3207,37.36754],[128.32142,37.36773],[128.32174,37.36809],[128.32193,37.36853],[128.32284,37.36911],[128.32326,37.36984],[128.32356,37.3701],[128.32379,37.37052],[128.32342,37.37132],[128.32365,37.37167],[128.3239,37.37174],[128.32398,37.37215],[128.32419,37.37236],[128.32409,37.37265],[128.32499,37.37396],[128.32564,37.37455],[128.32636,37.37483],[128.32711,37.37565],[128.32721,37.37611],[128.32656,37.37706],[128.32594,37.37807],[128.32431,37.37823],[128.32371,37.37832],[128.32271,37.37861],[128.32223,37.37854],[128.32165,37.37866],[128.32121,37.37854],[128.32076,37.37894],[128.32022,37.37914],[128.31997,37.37939],[128.31942,37.37965],[128.31867,37.37946],[128.31841,37.37933],[128.31789,37.37869],[128.31728,37.37844],[128.31685,37.37792],[128.31676,37.37826],[128.31639,37.37849],[128.31589,37.37907],[128.31531,37.37931],[128.31527,37.37986],[128.31438,37.38043],[128.31434,37.38091],[128.31365,37.38128],[128.31341,37.38191],[128.31281,37.38212],[128.31262,37.38256],[128.31187,37.38329],[128.31106,37.38359],[128.31056,37.38356],[128.30995,37.38384],[128.30879,37.38389],[128.30832,37.38501],[128.30796,37.38524],[128.30701,37.38683],[128.30474,37.38731],[128.30342,37.38818],[128.30284,37.38847],[128.30151,37.38847],[128.30003,37.38875],[128.29822,37.38857],[128.29751,37.3887],[128.29705,37.38978],[128.29668,37.38825],[128.29667,37.38712],[128.2963,37.38571],[128.29655,37.38491],[128.29658,37.38403],[128.29592,37.38264],[128.29469,37.38136],[128.29461,37.38042],[128.29555,37.37748],[128.29558,37.3764],[128.29584,37.37526],[128.29665,37.37442],[128.29628,37.37272],[128.29545,37.37134],[128.29635,37.36999],[128.29703,37.36763],[128.29598,37.36552],[128.29488,37.36336],[128.29403,37.36207],[128.29516,37.36129],[128.29551,37.35982],[128.2954,37.35815],[128.29464,37.35648],[128.29497,37.35489],[128.29386,37.35371],[128.29295,37.35144],[128.2918,37.35044],[128.29364,37.34934],[128.29422,37.34687],[128.294,37.34614],[128.29574,37.34515],[128.2957,37.34438],[128.29644,37.34265],[128.29633,37.34115],[128.29663,37.34035],[128.29648,37.33789],[128.29667,37.33652],[128.29673,37.33564],[128.29556,37.33467],[128.29388,37.3341],[128.2939,37.33079],[128.29318,37.32987],[128.2907,37.32854],[128.29063,37.32712],[128.29183,37.32518],[128.2927,37.32401],[128.29507,37.32274],[128.29708,37.3216],[128.29631,37.31655],[128.29647,37.31558],[128.29639,37.31398],[128.29697,37.31189],[128.29702,37.30969],[128.29827,37.30716],[128.29832,37.30661],[128.29732,37.3032],[128.29998,37.29957],[128.3018,37.29643],[128.30215,37.29496],[128.30264,37.29308],[128.30141,37.29147],[128.30119,37.29081],[128.30143,37.28984],[128.30082,37.28825],[128.30032,37.28765],[128.30011,37.28709],[128.299,37.28633],[128.29821,37.28603],[128.29747,37.28515],[128.29592,37.28407],[128.29472,37.28413],[128.29429,37.28398],[128.29256,37.2857],[128.2908,37.28591],[128.28925,37.28599],[128.28799,37.28524],[128.28761,37.28558],[128.28663,37.28535],[128.28581,37.28509],[128.28521,37.28405],[128.28473,37.28386],[128.28433,37.28346],[128.27975,37.28229],[128.27848,37.28174],[128.27594,37.2807],[128.27631,37.28127],[128.2762,37.28182],[128.27544,37.28183],[128.27467,37.28122],[128.27332,37.28038],[128.27219,37.27983],[128.27142,37.27977],[128.27077,37.27977],[128.27018,37.27985],[128.26863,37.28068],[128.26814,37.28114],[128.26752,37.28183],[128.26698,37.2833],[128.26606,37.28444],[128.26547,37.28501],[128.26471,37.2855],[128.26313,37.2861],[128.26198,37.28635],[128.26053,37.28622],[128.25993,37.28601],[128.25958,37.28565],[128.259,37.28461],[128.25835,37.28487],[128.25802,37.28468],[128.25765,37.28398],[128.25733,37.28387],[128.2562,37.28425],[128.25551,37.28446],[128.25383,37.28448],[128.25377,37.28494],[128.25346,37.28552],[128.25385,37.28661],[128.25417,37.28695],[128.25438,37.28891],[128.25358,37.28839],[128.25285,37.2883],[128.2504,37.28636],[128.24931,37.28726],[128.24767,37.28656],[128.24632,37.28645],[128.24507,37.28669],[128.2446,37.28708],[128.24383,37.28743],[128.24221,37.28903],[128.24195,37.28932],[128.24129,37.29035],[128.23996,37.29148],[128.23871,37.29272],[128.23825,37.29331],[128.23764,37.29432],[128.2371,37.2949],[128.23451,37.29726],[128.23367,37.29823],[128.23271,37.29879],[128.23046,37.29974],[128.22964,37.29999],[128.22801,37.30074],[128.22669,37.30119],[128.2257,37.3014],[128.22462,37.30135],[128.22379,37.30122],[128.22306,37.30048],[128.22238,37.30006],[128.22193,37.29964],[128.22155,37.29956],[128.2205,37.29957],[128.2198,37.3],[128.21881,37.30101],[128.21824,37.30138],[128.21749,37.30165],[128.21672,37.30175],[128.21527,37.30216],[128.21429,37.30238],[128.21283,37.30187],[128.21204,37.30122],[128.21091,37.30054],[128.21016,37.30036],[128.20942,37.30035],[128.20892,37.30058],[128.20856,37.30095],[128.20701,37.30174],[128.20424,37.30249],[128.20291,37.30251],[128.20181,37.30246],[128.20092,37.30237],[128.19925,37.30187],[128.1974,37.30096],[128.19741,37.30053],[128.1973,37.30032],[128.19747,37.29972],[128.19832,37.29862],[128.19898,37.29807],[128.2008,37.29729],[128.20146,37.29684],[128.20251,37.29673],[128.20359,37.29628],[128.20426,37.29566],[128.20494,37.29455],[128.20595,37.29233],[128.20584,37.29119],[128.20553,37.29046],[128.20497,37.29021],[128.20447,37.29013],[128.20468,37.28993],[128.20555,37.28938],[128.2058,37.2888],[128.20657,37.28783],[128.20774,37.28813],[128.20852,37.28874],[128.21007,37.28894],[128.21154,37.2887],[128.21288,37.28882],[128.21412,37.28815],[128.21421,37.2875],[128.2145,37.28689],[128.21491,37.28665],[128.21508,37.28538],[128.21565,37.28473],[128.21591,37.28402],[128.21643,37.28322],[128.21617,37.28219],[128.21675,37.28137],[128.21692,37.2803],[128.21789,37.27953],[128.21846,37.27856],[128.21785,37.27757],[128.21689,37.27782],[128.21655,37.27725],[128.21568,37.27738],[128.2155,37.27724],[128.21487,37.27712],[128.21407,37.27688],[128.21354,37.27639],[128.21317,37.27614],[128.21276,37.27564],[128.21169,37.27551],[128.21107,37.27535],[128.21074,37.27507],[128.21139,37.27424],[128.21177,37.27315],[128.21185,37.27208],[128.21145,37.27057],[128.21178,37.26945],[128.21159,37.26889],[128.21138,37.26779],[128.2115,37.2672],[128.2123,37.26655],[128.21301,37.26614],[128.21282,37.26566],[128.21292,37.26501],[128.21274,37.26442],[128.21293,37.26384],[128.21252,37.26379],[128.21279,37.26348],[128.21272,37.26327],[128.21282,37.2627],[128.21305,37.26252],[128.21307,37.26206],[128.21266,37.26144],[128.21224,37.26115],[128.21194,37.26078],[128.2121,37.25977],[128.21186,37.25949],[128.21158,37.25939],[128.21161,37.25864],[128.21142,37.25816],[128.21142,37.25793],[128.21111,37.25718],[128.21048,37.25605],[128.21029,37.25533],[128.21004,37.25482],[128.20957,37.25436],[128.20972,37.25315],[128.20937,37.2526],[128.20931,37.25176],[128.20951,37.25163],[128.20949,37.25124],[128.20918,37.25085],[128.20932,37.25012],[128.20888,37.24963],[128.20859,37.2489],[128.2078,37.24882],[128.20814,37.24796],[128.21024,37.24579],[128.21144,37.24565],[128.21202,37.24536],[128.21312,37.24581],[128.21465,37.24607],[128.21488,37.24433],[128.21502,37.24361],[128.21461,37.24237],[128.21479,37.24184],[128.21581,37.24177],[128.21749,37.24109],[128.21768,37.24082],[128.21867,37.2407],[128.21971,37.24029],[128.22012,37.24019],[128.22031,37.2403],[128.22109,37.23913],[128.22185,37.23811],[128.22197,37.23729],[128.22283,37.23632],[128.22276,37.23579],[128.22284,37.23533],[128.22329,37.23459],[128.22363,37.23391],[128.22402,37.23389],[128.22435,37.23294],[128.22483,37.23285],[128.22543,37.23295],[128.22623,37.23284],[128.22681,37.23235],[128.22681,37.23189],[128.22718,37.23122],[128.2281,37.23058],[128.22833,37.23052],[128.22862,37.23018],[128.22829,37.22905],[128.2285,37.22803],[128.22868,37.22799],[128.22924,37.22757],[128.2298,37.22754],[128.23013,37.22731],[128.23072,37.22738],[128.23119,37.22713],[128.23175,37.22701],[128.2326,37.22697],[128.23302,37.22702],[128.23368,37.22754],[128.23446,37.22734],[128.23492,37.22771],[128.23533,37.22833],[128.23565,37.22864],[128.23624,37.22889],[128.23665,37.22895],[128.23703,37.22928],[128.23742,37.22932],[128.23758,37.22888],[128.23912,37.22906],[128.23929,37.22885],[128.23979,37.22869],[128.24003,37.2285],[128.2404,37.22844],[128.24053,37.22805],[128.24096,37.22757],[128.24147,37.22753],[128.24179,37.22716],[128.24209,37.22716],[128.24234,37.22732],[128.24256,37.22714],[128.24372,37.22701],[128.24413,37.22661],[128.24451,37.22662],[128.24537,37.22724],[128.24606,37.22764],[128.24647,37.2278],[128.24731,37.22851],[128.24812,37.22895],[128.24941,37.22949],[128.25022,37.22974],[128.25093,37.22958],[128.25157,37.22893],[128.25194,37.22822],[128.25265,37.22798],[128.25279,37.22739],[128.25263,37.22714],[128.25312,37.22679],[128.25393,37.22595],[128.25395,37.22507],[128.25531,37.22409],[128.25542,37.22381],[128.25617,37.22346],[128.25687,37.22283],[128.25712,37.22239],[128.25625,37.22186],[128.25557,37.22219],[128.25519,37.22215],[128.25536,37.22184],[128.25564,37.22157],[128.256,37.22146],[128.25646,37.22151],[128.25698,37.2219],[128.25722,37.22195],[128.25798,37.22124],[128.25808,37.22066],[128.25822,37.22028],[128.25864,37.21956],[128.25858,37.21912],[128.25865,37.21874],[128.25899,37.21784],[128.25979,37.21641],[128.26081,37.21524],[128.26169,37.21412],[128.26277,37.21325],[128.2641,37.21233],[128.2654,37.21125],[128.26651,37.2106],[128.26673,37.20967],[128.26704,37.20909],[128.26768,37.20858],[128.26839,37.20792],[128.26994,37.20842],[128.27033,37.20867],[128.27102,37.20878],[128.27243,37.20946],[128.27286,37.20986],[128.27406,37.20986],[128.27443,37.20981],[128.27479,37.20965],[128.27552,37.20969],[128.27606,37.2099],[128.27749,37.20994],[128.27805,37.20992],[128.27854,37.2101],[128.27984,37.20978],[128.28044,37.20943],[128.28136,37.20994],[128.28253,37.21027],[128.28395,37.21018],[128.28404,37.2107],[128.28465,37.21167],[128.28536,37.21212],[128.28623,37.21293],[128.28638,37.21345],[128.28692,37.21402],[128.2877,37.2144],[128.28818,37.21507],[128.28985,37.21505],[128.29128,37.2146],[128.29259,37.21514],[128.29365,37.21595],[128.29469,37.21563],[128.29498,37.216],[128.29608,37.21599],[128.29704,37.21634],[128.29804,37.21628],[128.29886,37.21609],[128.29998,37.21624],[128.30125,37.21658],[128.30134,37.2168],[128.3013,37.21684],[128.30147,37.21715],[128.30181,37.2179],[128.30187,37.21844],[128.30165,37.21871],[128.30167,37.21894],[128.30188,37.2191],[128.30193,37.21979],[128.30224,37.22032],[128.30227,37.22063],[128.30218,37.22116],[128.30256,37.22235],[128.30256,37.2227],[128.30277,37.22296],[128.30315,37.22417],[128.30328,37.22502],[128.30293,37.22534],[128.30318,37.22606],[128.30328,37.22695],[128.30321,37.22715],[128.30262,37.22745],[128.30207,37.22812],[128.30298,37.22863],[128.3076,37.2304],[128.30959,37.23093],[128.31095,37.23122],[128.31104,37.23212],[128.31093,37.2321],[128.31002,37.23438],[128.31116,37.23485],[128.31136,37.23596],[128.31188,37.2364],[128.31205,37.23669],[128.31204,37.23727],[128.31038,37.23814],[128.31028,37.23849],[128.31039,37.23946],[128.31016,37.24025],[128.31036,37.24083],[128.31038,37.24137],[128.30998,37.24198],[128.3094,37.24308],[128.30846,37.24324],[128.30802,37.24342],[128.30755,37.24394],[128.30775,37.24415],[128.30772,37.24471],[128.30796,37.24575],[128.30832,37.24611],[128.30857,37.24679],[128.30907,37.24724],[128.30922,37.2475],[128.30907,37.24822],[128.30965,37.24903],[128.30968,37.24932],[128.30994,37.24973],[128.31086,37.25096],[128.31053,37.25228],[128.31062,37.25286],[128.31047,37.25346],[128.31062,37.25458],[128.31126,37.25533],[128.31151,37.2558],[128.3112,37.25624],[128.30905,37.25727],[128.30855,37.25791],[128.30745,37.25805],[128.30734,37.25898],[128.30697,37.25997],[128.307,37.26158],[128.30643,37.26248],[128.3057,37.26304],[128.30442,37.26346],[128.30378,37.26377],[128.30334,37.2648],[128.30283,37.26539],[128.30285,37.2655],[128.30233,37.26706],[128.30134,37.26827],[128.3009,37.2683],[128.30002,37.26851],[128.30008,37.26914],[128.30024,37.26977],[128.30048,37.2704],[128.30025,37.27092],[128.3005,37.27191],[128.30081,37.27245],[128.30076,37.27333],[128.30217,37.27493],[128.3022,37.2754],[128.3025,37.27625],[128.30352,37.27626],[128.30425,37.27605],[128.30478,37.27626],[128.30549,37.27643],[128.30609,37.27612],[128.3065,37.27607],[128.3073,37.27668],[128.30791,37.27676],[128.30836,37.27696],[128.3088,37.27672],[128.30947,37.27644],[128.31007,37.27645],[128.31046,37.27671],[128.31081,37.27683],[128.3117,37.27657],[128.31335,37.27714],[128.31369,37.27695],[128.31458,37.27629],[128.3157,37.27657],[128.31655,37.27638],[128.31686,37.27606],[128.3169,37.27587],[128.31748,37.27571],[128.31801,37.27589],[128.31866,37.27593],[128.31929,37.27582],[128.32039,37.276],[128.32092,37.27602],[128.32161,37.27592],[128.32179,37.27533],[128.32177,37.27477],[128.32197,37.27465],[128.32296,37.27468],[128.32432,37.27432],[128.32514,37.27451],[128.3255,37.27489],[128.32568,37.27479],[128.32614,37.2748],[128.32618,37.27514],[128.32647,37.27519],[128.32663,37.27589],[128.3266,37.27626],[128.32692,37.27651],[128.32675,37.27705],[128.32653,37.27734],[128.32634,37.27812],[128.32762,37.27921],[128.32815,37.2797],[128.32758,37.28064],[128.32845,37.28149],[128.32992,37.28204],[128.33206,37.28205],[128.33508,37.28203],[128.33636,37.28229],[128.33764,37.28345],[128.33809,37.28449],[128.33842,37.28574],[128.33983,37.28538],[128.33994,37.28564],[128.34035,37.28607],[128.3411,37.28632],[128.34182,37.28765],[128.34238,37.28814],[128.34231,37.2889],[128.34246,37.2896],[128.34362,37.29014],[128.34445,37.29027],[128.34581,37.28995],[128.34642,37.28962],[128.34711,37.2897],[128.34777,37.28973],[128.34846,37.28964],[128.34909,37.28902],[128.34923,37.28867],[128.34977,37.2883],[128.35089,37.28824],[128.35175,37.28789],[128.35292,37.28684],[128.35366,37.28551],[128.35439,37.28534],[128.35528,37.28471],[128.35576,37.28459],[128.35662,37.28407],[128.35748,37.28381],[128.35811,37.28345],[128.35839,37.28338],[128.35924,37.28283],[128.35981,37.28262],[128.36009,37.28211],[128.36,37.28155],[128.36026,37.28121],[128.36085,37.28121],[128.36226,37.28148],[128.36261,37.28148],[128.36303,37.28176],[128.36374,37.28188],[128.36469,37.28244],[128.36506,37.28322],[128.36577,37.28384],[128.36679,37.28498],[128.36675,37.28524],[128.36707,37.28646],[128.36681,37.28722],[128.36731,37.28773],[128.36814,37.28844],[128.36885,37.28913],[128.36954,37.28931],[128.37033,37.29009],[128.37094,37.29037],[128.37096,37.29115],[128.37134,37.29154]]]},"properties":{"code":"32530360","name":"주천면"}},{"type":"Feature","geometry":{"type":"Polygon","coordinates":[[[128.70848,37.11692],[128.70829,37.1169],[128.70742,37.11724],[128.70705,37.11732],[128.7065,37.11722],[128.70615,37.11701],[128.70564,37.11695],[128.7051,37.11703],[128.70457,37.11735],[128.70251,37.11729],[128.70155,37.11729],[128.70093,37.11775],[128.70051,37.11849],[128.69948,37.11916],[128.69904,37.11933],[128.698,37.11955],[128.69673,37.12014],[128.69627,37.11992],[128.69459,37.12007],[128.69373,37.12033],[128.69311,37.12022],[128.69098,37.12002],[128.68949,37.12004],[128.68921,37.1199],[128.68828,37.12116],[128.68816,37.12171],[128.68734,37.12245],[128.68629,37.12256],[128.68577,37.12268],[128.6854,37.12284],[128.68544,37.12329],[128.68474,37.12381],[128.68326,37.12376],[128.68213,37.12413],[128.68093,37.12459],[128.68112,37.12605],[128.68126,37.12669],[128.68087,37.12769],[128.68085,37.12851],[128.68043,37.12901],[128.68017,37.12955],[128.67956,37.13066],[128.6781,37.13223],[128.67735,37.13288],[128.6763,37.13341],[128.67421,37.13431],[128.67362,37.13453],[128.67205,37.13556],[128.67297,37.13711],[128.67409,37.13924],[128.67396,37.13966],[128.67381,37.13978],[128.67301,37.14004],[128.67252,37.14028],[128.67141,37.14061],[128.66849,37.14216],[128.66665,37.14242],[128.66496,37.14237],[128.6604,37.14028],[128.6582,37.14036],[128.65625,37.14011],[128.65467,37.13969],[128.65251,37.13883],[128.65242,37.13828],[128.65152,37.1381],[128.65091,37.13734],[128.64983,37.13695],[128.64872,37.13642],[128.64803,37.13587],[128.6468,37.13586],[128.64629,37.13622],[128.64568,37.13687],[128.64464,37.13706],[128.64421,37.13691],[128.64206,37.13768],[128.64089,37.13734],[128.64047,37.13714],[128.63959,37.13608],[128.63967,37.13597],[128.63857,37.13562],[128.63754,37.13555],[128.63625,37.13551],[128.63605,37.13535],[128.63507,37.13519],[128.63467,37.13463],[128.63385,37.13449],[128.63348,37.13429],[128.63317,37.13396],[128.6329,37.13328],[128.63266,37.13281],[128.6315,37.13227],[128.63106,37.1331],[128.6311,37.13341],[128.63098,37.13411],[128.63023,37.1348],[128.63049,37.13574],[128.63144,37.13661],[128.63192,37.13792],[128.63182,37.1387],[128.63233,37.13965],[128.63184,37.14244],[128.63129,37.14343],[128.63064,37.1441],[128.63056,37.14495],[128.62984,37.14619],[128.62772,37.1468],[128.6262,37.14751],[128.62473,37.14763],[128.62433,37.14805],[128.6236,37.14821],[128.62254,37.14814],[128.62083,37.14881],[128.61967,37.1489],[128.61889,37.14966],[128.61844,37.15045],[128.61762,37.1511],[128.61815,37.15205],[128.61764,37.15289],[128.61726,37.15419],[128.61793,37.15508],[128.61775,37.15585],[128.61801,37.15657],[128.61807,37.15731],[128.61841,37.15781],[128.61909,37.15957],[128.62,37.16018],[128.62008,37.16062],[128.62007,37.16165],[128.61729,37.16212],[128.61561,37.16169],[128.61498,37.16195],[128.61429,37.16187],[128.61367,37.16205],[128.61213,37.16218],[128.6105,37.16257],[128.61022,37.16248],[128.60747,37.16302],[128.60599,37.1632],[128.60497,37.16373],[128.60371,37.16413],[128.60304,37.16401],[128.6022,37.16423],[128.60133,37.16436],[128.60051,37.16458],[128.59876,37.16395],[128.59808,37.16359],[128.59752,37.16312],[128.59693,37.16296],[128.59605,37.16293],[128.59429,37.16269],[128.59219,37.16287],[128.59101,37.16223],[128.59063,37.16212],[128.59047,37.16237],[128.58933,37.16288],[128.58815,37.16238],[128.58666,37.16258],[128.58566,37.16185],[128.58374,37.16067],[128.58273,37.1605],[128.58163,37.16077],[128.58114,37.16075],[128.57889,37.16004],[128.57791,37.15926],[128.57745,37.15911],[128.57721,37.15977],[128.57689,37.16002],[128.57635,37.16015],[128.57586,37.16051],[128.57511,37.16044],[128.57486,37.16026],[128.57401,37.16052],[128.57299,37.16039],[128.57257,37.16021],[128.57185,37.16077],[128.57119,37.16107],[128.57071,37.16121],[128.57034,37.16141],[128.56958,37.16146],[128.56809,37.16224],[128.56783,37.1628],[128.56732,37.16351],[128.56681,37.16391],[128.56623,37.16407],[128.56569,37.16416],[128.56451,37.16446],[128.56422,37.16434],[128.56354,37.16421],[128.56297,37.16402],[128.56092,37.16353],[128.56024,37.16363],[128.5592,37.16296],[128.55842,37.1622],[128.55799,37.16233],[128.55643,37.16203],[128.55625,37.16186],[128.55527,37.16145],[128.55451,37.16133],[128.55385,37.16108],[128.55312,37.16102],[128.55217,37.16071],[128.55174,37.16041],[128.55085,37.16042],[128.55023,37.16024],[128.55019,37.16007],[128.54984,37.15987],[128.54771,37.16013],[128.54616,37.16081],[128.54463,37.16075],[128.54108,37.16111],[128.53926,37.16079],[128.53704,37.16118],[128.53581,37.16036],[128.53503,37.1596],[128.53493,37.15925],[128.53499,37.15901],[128.5342,37.15719],[128.53321,37.15618],[128.53297,37.15588],[128.53293,37.15563],[128.53264,37.15539],[128.53223,37.15534],[128.53188,37.15508],[128.53163,37.15476],[128.53082,37.15411],[128.53052,37.15377],[128.53024,37.15316],[128.53026,37.15286],[128.52976,37.15258],[128.52823,37.15077],[128.52813,37.14997],[128.52736,37.14876],[128.52725,37.14862],[128.52633,37.14817],[128.52547,37.14715],[128.52417,37.14635],[128.52377,37.1442],[128.52348,37.14404],[128.52298,37.14328],[128.52298,37.14299],[128.52274,37.14296],[128.52238,37.14237],[128.52148,37.14138],[128.52148,37.141],[128.5213,37.13987],[128.52082,37.13959],[128.51983,37.13942],[128.51853,37.13891],[128.51761,37.13822],[128.51584,37.13757],[128.51569,37.13706],[128.51548,37.13704],[128.51505,37.1365],[128.51434,37.13614],[128.51383,37.13594],[128.51306,37.13593],[128.5124,37.1356],[128.51213,37.13534],[128.51147,37.13514],[128.51039,37.13469],[128.50951,37.1346],[128.50806,37.13478],[128.50761,37.13435],[128.50717,37.13414],[128.50695,37.1338],[128.50703,37.1325],[128.50576,37.1317],[128.505,37.13104],[128.50389,37.13071],[128.50314,37.13024],[128.50298,37.12948],[128.50304,37.12905],[128.50203,37.12837],[128.50085,37.12777],[128.50042,37.12745],[128.49941,37.12708],[128.49806,37.12639],[128.49658,37.12576],[128.49749,37.1248],[128.49833,37.12374],[128.50037,37.12188],[128.50175,37.12085],[128.50299,37.11967],[128.5032,37.11877],[128.50387,37.11801],[128.50414,37.11785],[128.50474,37.11734],[128.50518,37.11712],[128.50607,37.11629],[128.50616,37.116],[128.50645,37.11586],[128.50667,37.11544],[128.50706,37.11521],[128.50777,37.11492],[128.50827,37.11478],[128.51003,37.114],[128.51076,37.11395],[128.51076,37.11311],[128.51097,37.11157],[128.51119,37.11087],[128.51171,37.11027],[128.5122,37.10943],[128.51326,37.10713],[128.51365,37.10603],[128.51391,37.10511],[128.51417,37.10373],[128.51447,37.10135],[128.51552,37.10325],[128.51739,37.10255],[128.51843,37.10189],[128.51933,37.10228],[128.52073,37.10224],[128.52184,37.10309],[128.52285,37.10243],[128.52359,37.10225],[128.52494,37.10146],[128.52555,37.10152],[128.52611,37.10143],[128.52705,37.10138],[128.52771,37.10153],[128.52953,37.1008],[128.5303,37.10028],[128.53117,37.10001],[128.53414,37.09811],[128.53416,37.09708],[128.53472,37.09591],[128.53492,37.09483],[128.5354,37.09383],[128.53517,37.09302],[128.53557,37.09187],[128.53683,37.09014],[128.53775,37.09],[128.53813,37.08963],[128.53954,37.08938],[128.54044,37.08916],[128.54104,37.08894],[128.54156,37.08903],[128.54225,37.08862],[128.54372,37.08802],[128.54447,37.08759],[128.54532,37.0877],[128.5471,37.08728],[128.54796,37.08688],[128.54934,37.08656],[128.54975,37.08619],[128.55046,37.08655],[128.55191,37.08674],[128.55385,37.08659],[128.55668,37.08723],[128.55847,37.08852],[128.55864,37.08867],[128.56054,37.08949],[128.5617,37.09024],[128.56331,37.08965],[128.56484,37.08866],[128.56512,37.08871],[128.56611,37.08848],[128.56655,37.08823],[128.56702,37.08817],[128.56741,37.08824],[128.56841,37.08736],[128.56888,37.08706],[128.56918,37.08671],[128.56975,37.08649],[128.57048,37.0865],[128.57091,37.08622],[128.57073,37.08597],[128.57037,37.08447],[128.57223,37.08383],[128.57265,37.08332],[128.57334,37.08296],[128.57365,37.08249],[128.57419,37.08212],[128.57441,37.08132],[128.57565,37.08123],[128.57887,37.08142],[128.57971,37.0816],[128.58042,37.08142],[128.58142,37.08158],[128.58173,37.08167],[128.58216,37.08151],[128.58266,37.08115],[128.58275,37.08101],[128.5832,37.08075],[128.58445,37.0807],[128.58656,37.08009],[128.58709,37.07997],[128.58868,37.07998],[128.58904,37.0797],[128.59016,37.07915],[128.59049,37.07886],[128.59083,37.07837],[128.59122,37.07826],[128.59162,37.07826],[128.59185,37.07816],[128.59225,37.07818],[128.5928,37.07848],[128.5931,37.07839],[128.59357,37.07884],[128.59403,37.0797],[128.59398,37.08086],[128.59504,37.08154],[128.59554,37.08172],[128.59583,37.08173],[128.59614,37.08188],[128.5969,37.08242],[128.59778,37.08234],[128.59827,37.08247],[128.59922,37.08209],[128.59956,37.08224],[128.59959,37.08258],[128.59909,37.08295],[128.59913,37.08307],[128.59969,37.08315],[128.60032,37.08289],[128.60154,37.08303],[128.60172,37.08295],[128.60201,37.0822],[128.60137,37.08152],[128.60088,37.08049],[128.60069,37.07955],[128.60101,37.07887],[128.60164,37.07845],[128.60225,37.07832],[128.60304,37.0784],[128.60309,37.07865],[128.60449,37.07937],[128.60488,37.07936],[128.60513,37.07918],[128.60507,37.07882],[128.60486,37.07822],[128.60493,37.07797],[128.60555,37.07755],[128.60573,37.0773],[128.60583,37.07693],[128.6061,37.07671],[128.6064,37.07667],[128.60701,37.07677],[128.60797,37.07751],[128.60812,37.07781],[128.60849,37.07808],[128.60879,37.07849],[128.60923,37.07922],[128.60992,37.07991],[128.6104,37.08007],[128.61063,37.08006],[128.6113,37.07982],[128.61202,37.08068],[128.61262,37.08092],[128.61362,37.08112],[128.61402,37.08124],[128.61503,37.08188],[128.61522,37.08217],[128.61671,37.08356],[128.61754,37.08423],[128.61766,37.08514],[128.61838,37.08547],[128.62065,37.08583],[128.62264,37.0874],[128.62395,37.0858],[128.62456,37.08443],[128.6258,37.08322],[128.62688,37.08255],[128.62786,37.08178],[128.62828,37.08133],[128.62775,37.08049],[128.62762,37.07962],[128.62765,37.07839],[128.6273,37.07747],[128.62822,37.07652],[128.62821,37.07516],[128.62985,37.07412],[128.63114,37.07347],[128.63227,37.0731],[128.63353,37.07232],[128.63436,37.0707],[128.63631,37.07196],[128.6374,37.07226],[128.63774,37.07178],[128.63885,37.07117],[128.6391,37.07066],[128.64046,37.07104],[128.64133,37.07082],[128.64267,37.07076],[128.64412,37.06975],[128.64467,37.06905],[128.64593,37.0691],[128.64696,37.06809],[128.64822,37.06768],[128.6506,37.06583],[128.65118,37.06581],[128.6521,37.06544],[128.65225,37.06558],[128.65308,37.06571],[128.6533,37.06551],[128.65484,37.06515],[128.65601,37.06446],[128.65667,37.06307],[128.6574,37.06117],[128.65786,37.06083],[128.65815,37.06085],[128.65941,37.06035],[128.66191,37.06104],[128.66237,37.06089],[128.66331,37.06094],[128.66428,37.0609],[128.66608,37.06052],[128.66689,37.06021],[128.66731,37.06026],[128.66927,37.0594],[128.67031,37.05944],[128.67192,37.05859],[128.67313,37.05898],[128.67425,37.05904],[128.67464,37.05872],[128.67565,37.05885],[128.67632,37.05815],[128.67688,37.05806],[128.67752,37.05701],[128.6783,37.05646],[128.67884,37.05634],[128.67923,37.05601],[128.67976,37.05579],[128.67984,37.05508],[128.68048,37.05416],[128.68061,37.05383],[128.68177,37.05366],[128.68233,37.05335],[128.68288,37.05314],[128.68314,37.05251],[128.68373,37.05144],[128.68404,37.05147],[128.68539,37.05215],[128.68667,37.05218],[128.6871,37.05256],[128.6878,37.05262],[128.68907,37.05305],[128.68975,37.05246],[128.69028,37.05164],[128.69153,37.0504],[128.69217,37.04947],[128.69322,37.04844],[128.6945,37.04741],[128.69459,37.04693],[128.69527,37.04619],[128.69671,37.04529],[128.69684,37.04424],[128.69711,37.04408],[128.69879,37.04237],[128.7004,37.04083],[128.70238,37.0408],[128.70413,37.04092],[128.70458,37.04043],[128.70506,37.04012],[128.70632,37.04009],[128.70813,37.03947],[128.7091,37.03936],[128.7098,37.04011],[128.71045,37.04062],[128.71101,37.04118],[128.71152,37.0419],[128.71193,37.04211],[128.71237,37.0422],[128.71275,37.04265],[128.71323,37.04271],[128.71357,37.04265],[128.71422,37.04267],[128.71501,37.04279],[128.71532,37.04297],[128.71664,37.04337],[128.71726,37.04328],[128.71867,37.04375],[128.72013,37.04343],[128.72104,37.04309],[128.72225,37.0425],[128.72295,37.04253],[128.72396,37.04242],[128.72512,37.04233],[128.72588,37.04235],[128.72663,37.04192],[128.72704,37.04142],[128.72746,37.04103],[128.72852,37.04113],[128.72908,37.04098],[128.73012,37.04113],[128.73082,37.04083],[128.73118,37.04085],[128.732,37.04038],[128.73311,37.04052],[128.73378,37.0403],[128.73462,37.04023],[128.73583,37.03975],[128.73677,37.03898],[128.73731,37.03863],[128.73819,37.03797],[128.73894,37.03791],[128.73953,37.03714],[128.74018,37.03698],[128.74057,37.0367],[128.74155,37.03573],[128.74249,37.03493],[128.74322,37.03449],[128.74311,37.03392],[128.74381,37.03374],[128.74451,37.03344],[128.74498,37.03303],[128.74521,37.03238],[128.74553,37.03223],[128.74587,37.03177],[128.7465,37.03132],[128.74714,37.03056],[128.74775,37.03],[128.74825,37.02961],[128.74857,37.02956],[128.74889,37.02925],[128.74908,37.02886],[128.74973,37.0289],[128.7504,37.02831],[128.75098,37.0281],[128.75187,37.02818],[128.7528,37.02821],[128.75376,37.02783],[128.75377,37.02821],[128.75402,37.02879],[128.75414,37.02953],[128.75419,37.03119],[128.75455,37.03196],[128.7557,37.03281],[128.75628,37.03309],[128.75675,37.03346],[128.7571,37.03394],[128.75776,37.03444],[128.75885,37.0351],[128.75978,37.03562],[128.76091,37.03603],[128.76218,37.03616],[128.76215,37.03685],[128.76254,37.03786],[128.76187,37.04021],[128.7622,37.04179],[128.76168,37.04269],[128.76177,37.04323],[128.76167,37.04386],[128.76142,37.04444],[128.76061,37.04505],[128.76068,37.04537],[128.76001,37.04549],[128.75955,37.04643],[128.7591,37.047],[128.75725,37.04758],[128.75686,37.04818],[128.75664,37.04909],[128.75628,37.04945],[128.75519,37.05016],[128.75501,37.05091],[128.75472,37.05125],[128.75448,37.05238],[128.7547,37.05263],[128.75464,37.05279],[128.75415,37.05299],[128.75302,37.05372],[128.75293,37.05397],[128.75302,37.05439],[128.75276,37.05465],[128.75261,37.05516],[128.75232,37.05593],[128.75237,37.05618],[128.75235,37.05696],[128.75258,37.05786],[128.75317,37.05811],[128.75355,37.05859],[128.75398,37.05927],[128.75455,37.05975],[128.75469,37.06114],[128.75417,37.0616],[128.75406,37.06194],[128.75449,37.06224],[128.75475,37.06279],[128.7547,37.06324],[128.75515,37.06382],[128.75525,37.06445],[128.75582,37.06497],[128.75585,37.06523],[128.75572,37.06564],[128.75531,37.06587],[128.75526,37.06622],[128.75585,37.06667],[128.75636,37.06693],[128.75662,37.06722],[128.75658,37.06751],[128.75636,37.06782],[128.75643,37.06829],[128.75655,37.06863],[128.75704,37.06917],[128.75718,37.07001],[128.75751,37.07001],[128.75815,37.06972],[128.75808,37.06908],[128.75886,37.0685],[128.75949,37.0674],[128.76015,37.06676],[128.76064,37.06644],[128.76167,37.06587],[128.7623,37.06549],[128.76406,37.06399],[128.76475,37.06355],[128.76559,37.06428],[128.76652,37.06549],[128.76687,37.06573],[128.76718,37.06619],[128.76723,37.0668],[128.76781,37.06724],[128.76839,37.06781],[128.76856,37.06841],[128.7685,37.06924],[128.76841,37.06961],[128.76875,37.07039],[128.76883,37.07104],[128.76848,37.07203],[128.76858,37.07271],[128.76883,37.07296],[128.76945,37.0734],[128.76982,37.07396],[128.76999,37.07434],[128.77008,37.07523],[128.77046,37.07531],[128.77099,37.07563],[128.77119,37.07616],[128.77134,37.07635],[128.77173,37.07652],[128.77205,37.07653],[128.77423,37.07735],[128.77502,37.0781],[128.77541,37.07865],[128.77699,37.07885],[128.77777,37.07883],[128.77793,37.07893],[128.77797,37.07929],[128.77784,37.07958],[128.77773,37.08012],[128.77777,37.08088],[128.77776,37.08168],[128.77769,37.08273],[128.77784,37.08328],[128.77744,37.08363],[128.7771,37.08378],[128.777,37.08401],[128.77657,37.08438],[128.77577,37.08526],[128.77545,37.08574],[128.77493,37.08596],[128.77413,37.08678],[128.7739,37.08721],[128.77359,37.08751],[128.77342,37.08757],[128.77237,37.0865],[128.77195,37.08599],[128.77134,37.08584],[128.7705,37.08555],[128.76892,37.08599],[128.76816,37.08596],[128.76793,37.08577],[128.76725,37.08552],[128.76658,37.08536],[128.76616,37.08513],[128.76522,37.0848],[128.7647,37.08474],[128.76427,37.08435],[128.76334,37.08436],[128.7626,37.08431],[128.76213,37.08436],[128.76167,37.08479],[128.76124,37.0848],[128.75996,37.08553],[128.75876,37.08575],[128.75754,37.08544],[128.75731,37.08553],[128.75653,37.08535],[128.75576,37.08608],[128.75524,37.08635],[128.75465,37.08655],[128.75415,37.08646],[128.75358,37.08692],[128.75253,37.08708],[128.7523,37.08737],[128.75186,37.08762],[128.75133,37.08759],[128.75074,37.08806],[128.74997,37.08814],[128.74956,37.088],[128.74866,37.08828],[128.74845,37.08866],[128.74777,37.08896],[128.74772,37.08912],[128.74659,37.08968],[128.74601,37.08981],[128.74545,37.09041],[128.74481,37.09076],[128.74421,37.09119],[128.74258,37.09097],[128.74191,37.09179],[128.74136,37.09196],[128.74078,37.09184],[128.74019,37.09191],[128.73925,37.09297],[128.73866,37.09379],[128.73769,37.09428],[128.73722,37.09494],[128.73716,37.09522],[128.73581,37.09475],[128.73482,37.09465],[128.73429,37.09447],[128.73351,37.09434],[128.73311,37.09399],[128.73266,37.09388],[128.73209,37.09401],[128.7316,37.09429],[128.73147,37.09449],[128.73101,37.09485],[128.7302,37.09482],[128.72958,37.09512],[128.72881,37.09527],[128.72808,37.09563],[128.72782,37.0956],[128.72749,37.09582],[128.7269,37.09645],[128.72636,37.09717],[128.72605,37.09791],[128.72561,37.09918],[128.72552,37.10025],[128.72511,37.10049],[128.72489,37.10052],[128.72434,37.10088],[128.72404,37.10089],[128.72376,37.10107],[128.72309,37.10197],[128.72271,37.10276],[128.72244,37.10298],[128.7216,37.10296],[128.72114,37.10317],[128.7207,37.10323],[128.72018,37.10342],[128.71985,37.10374],[128.71886,37.10354],[128.71836,37.10361],[128.71723,37.10359],[128.71625,37.10389],[128.71544,37.10447],[128.71482,37.10462],[128.7145,37.10455],[128.71421,37.10522],[128.7141,37.10583],[128.71384,37.10647],[128.71419,37.10706],[128.71371,37.10793],[128.71288,37.10887],[128.7128,37.10936],[128.71298,37.1097],[128.71307,37.11008],[128.71303,37.11057],[128.71264,37.11116],[128.7125,37.11127],[128.7124,37.11176],[128.71199,37.11199],[128.7095,37.11489],[128.70911,37.11517],[128.70871,37.11581],[128.70848,37.11692]]]},"properties":{"code":"32530380","name":"김삿갓면"}},{"type":"Feature","geometry":{"type":"Polygon","coordinates":[[[128.36026,37.28121],[128.36,37.28155],[128.36009,37.28211],[128.35981,37.28262],[128.35924,37.28283],[128.35839,37.28338],[128.35811,37.28345],[128.35748,37.28381],[128.35662,37.28407],[128.35576,37.28459],[128.35528,37.28471],[128.35439,37.28534],[128.35366,37.28551],[128.35292,37.28684],[128.35175,37.28789],[128.35089,37.28824],[128.34977,37.2883],[128.34923,37.28867],[128.34909,37.28902],[128.34846,37.28964],[128.34777,37.28973],[128.34711,37.2897],[128.34642,37.28962],[128.34581,37.28995],[128.34445,37.29027],[128.34362,37.29014],[128.34246,37.2896],[128.34231,37.2889],[128.34238,37.28814],[128.34182,37.28765],[128.3411,37.28632],[128.34035,37.28607],[128.33994,37.28564],[128.33983,37.28538],[128.33842,37.28574],[128.33809,37.28449],[128.33764,37.28345],[128.33636,37.28229],[128.33508,37.28203],[128.33206,37.28205],[128.32992,37.28204],[128.32845,37.28149],[128.32758,37.28064],[128.32815,37.2797],[128.32762,37.27921],[128.32634,37.27812],[128.32653,37.27734],[128.32675,37.27705],[128.32692,37.27651],[128.3266,37.27626],[128.32663,37.27589],[128.32647,37.27519],[128.32618,37.27514],[128.32614,37.2748],[128.32568,37.27479],[128.3255,37.27489],[128.32514,37.27451],[128.32432,37.27432],[128.32296,37.27468],[128.32197,37.27465],[128.32177,37.27477],[128.32179,37.27533],[128.32161,37.27592],[128.32092,37.27602],[128.32039,37.276],[128.31929,37.27582],[128.31866,37.27593],[128.31801,37.27589],[128.31748,37.27571],[128.3169,37.27587],[128.31686,37.27606],[128.31655,37.27638],[128.3157,37.27657],[128.31458,37.27629],[128.31369,37.27695],[128.31335,37.27714],[128.3117,37.27657],[128.31081,37.27683],[128.31046,37.27671],[128.31007,37.27645],[128.30947,37.27644],[128.3088,37.27672],[128.30836,37.27696],[128.30791,37.27676],[128.3073,37.27668],[128.3065,37.27607],[128.30609,37.27612],[128.30549,37.27643],[128.30478,37.27626],[128.30425,37.27605],[128.30352,37.27626],[128.3025,37.27625],[128.3022,37.2754],[128.30217,37.27493],[128.30076,37.27333],[128.30081,37.27245],[128.3005,37.27191],[128.30025,37.27092],[128.30048,37.2704],[128.30024,37.26977],[128.30008,37.26914],[128.30002,37.26851],[128.3009,37.2683],[128.30134,37.26827],[128.30233,37.26706],[128.30285,37.2655],[128.30283,37.26539],[128.30334,37.2648],[128.30378,37.26377],[128.30442,37.26346],[128.3057,37.26304],[128.30643,37.26248],[128.307,37.26158],[128.30697,37.25997],[128.30734,37.25898],[128.30745,37.25805],[128.30855,37.25791],[128.30905,37.25727],[128.3112,37.25624],[128.31151,37.2558],[128.31126,37.25533],[128.31062,37.25458],[128.31047,37.25346],[128.31062,37.25286],[128.31053,37.25228],[128.31086,37.25096],[128.30994,37.24973],[128.30968,37.24932],[128.30965,37.24903],[128.30907,37.24822],[128.30922,37.2475],[128.30907,37.24724],[128.30857,37.24679],[128.30832,37.24611],[128.30796,37.24575],[128.30772,37.24471],[128.30775,37.24415],[128.30755,37.24394],[128.30802,37.24342],[128.30846,37.24324],[128.3094,37.24308],[128.30998,37.24198],[128.31038,37.24137],[128.31036,37.24083],[128.31016,37.24025],[128.31039,37.23946],[128.31028,37.23849],[128.31038,37.23814],[128.31204,37.23727],[128.31205,37.23669],[128.31188,37.2364],[128.31136,37.23596],[128.31116,37.23485],[128.31002,37.23438],[128.31093,37.2321],[128.31104,37.23212],[128.31095,37.23122],[128.30959,37.23093],[128.3076,37.2304],[128.30298,37.22863],[128.30207,37.22812],[128.30262,37.22745],[128.30321,37.22715],[128.30328,37.22695],[128.30318,37.22606],[128.30293,37.22534],[128.30328,37.22502],[128.30315,37.22417],[128.30277,37.22296],[128.30256,37.2227],[128.30256,37.22235],[128.30218,37.22116],[128.30227,37.22063],[128.30224,37.22032],[128.30193,37.21979],[128.30188,37.2191],[128.30167,37.21894],[128.30165,37.21871],[128.30187,37.21844],[128.30181,37.2179],[128.30147,37.21715],[128.3013,37.21684],[128.30134,37.2168],[128.30138,37.2169],[128.30263,37.21691],[128.30367,37.21683],[128.30421,37.21715],[128.30485,37.21724],[128.30531,37.21711],[128.30795,37.21711],[128.30914,37.21746],[128.30923,37.21777],[128.30951,37.2182],[128.30983,37.21851],[128.31015,37.21926],[128.31086,37.21971],[128.31132,37.22025],[128.31183,37.22071],[128.3126,37.22146],[128.3137,37.222],[128.31404,37.22269],[128.3151,37.22301],[128.31659,37.22339],[128.31632,37.22245],[128.31745,37.22208],[128.31868,37.22165],[128.31924,37.22081],[128.32006,37.21986],[128.32101,37.21936],[128.3217,37.21915],[128.32311,37.2193],[128.32383,37.21923],[128.32407,37.21909],[128.32439,37.21874],[128.32445,37.21847],[128.32502,37.21808],[128.32544,37.2177],[128.32578,37.21764],[128.32606,37.21724],[128.32707,37.21681],[128.32836,37.21676],[128.32879,37.21662],[128.32897,37.21682],[128.32948,37.21664],[128.32974,37.21633],[128.33027,37.2162],[128.33209,37.2159],[128.3334,37.21579],[128.33323,37.21538],[128.33311,37.21488],[128.33287,37.21446],[128.33218,37.2139],[128.33111,37.2127],[128.33052,37.21166],[128.33046,37.21117],[128.33002,37.21035],[128.32985,37.20965],[128.32993,37.20835],[128.32988,37.2078],[128.32951,37.20712],[128.32896,37.20645],[128.3288,37.20618],[128.32865,37.20519],[128.3287,37.20461],[128.32916,37.20438],[128.32926,37.2039],[128.32969,37.2032],[128.32964,37.20226],[128.32949,37.20198],[128.32872,37.20141],[128.32847,37.20104],[128.32811,37.20028],[128.3275,37.1996],[128.32741,37.19927],[128.32746,37.1985],[128.32724,37.19822],[128.32688,37.19806],[128.32669,37.19767],[128.32639,37.19729],[128.32602,37.19721],[128.32574,37.19693],[128.32513,37.19708],[128.32492,37.197],[128.3247,37.19748],[128.32428,37.1975],[128.324,37.19764],[128.32367,37.19798],[128.32244,37.19835],[128.3217,37.19789],[128.3215,37.19758],[128.32159,37.19703],[128.32185,37.19666],[128.32176,37.19555],[128.32074,37.19569],[128.31951,37.196],[128.3188,37.19644],[128.31786,37.19642],[128.31739,37.19656],[128.31593,37.19656],[128.31508,37.19676],[128.31506,37.19712],[128.3145,37.19681],[128.31383,37.19667],[128.31339,37.19678],[128.31308,37.19648],[128.3132,37.19576],[128.31285,37.19505],[128.31314,37.1943],[128.31371,37.19333],[128.31344,37.19258],[128.31299,37.19114],[128.31322,37.19089],[128.3142,37.19],[128.31387,37.18991],[128.31302,37.18979],[128.3111,37.18984],[128.31077,37.18828],[128.31049,37.18734],[128.30991,37.1874],[128.30866,37.18747],[128.30841,37.18654],[128.30766,37.186],[128.30639,37.18626],[128.30599,37.18707],[128.30492,37.18677],[128.30445,37.18689],[128.3036,37.18679],[128.30264,37.18662],[128.30207,37.18605],[128.3007,37.18446],[128.30058,37.18419],[128.29992,37.18358],[128.29945,37.18356],[128.29765,37.18366],[128.29562,37.18329],[128.29566,37.18256],[128.29575,37.18217],[128.29578,37.18087],[128.29589,37.18023],[128.29606,37.17846],[128.29668,37.17719],[128.2973,37.17615],[128.29713,37.17505],[128.29729,37.17403],[128.29751,37.17291],[128.29807,37.17166],[128.29834,37.17158],[128.29872,37.17105],[128.30097,37.17107],[128.30279,37.1711],[128.30329,37.17116],[128.30433,37.16962],[128.30581,37.16947],[128.30714,37.1689],[128.30782,37.16912],[128.30861,37.16923],[128.30926,37.16866],[128.3107,37.16854],[128.31199,37.16764],[128.31263,37.16747],[128.3142,37.16738],[128.31458,37.16673],[128.31506,37.1663],[128.31532,37.1662],[128.31617,37.16526],[128.31667,37.16489],[128.31693,37.16483],[128.31723,37.16455],[128.31834,37.16451],[128.31828,37.16366],[128.31841,37.1631],[128.31904,37.16304],[128.3197,37.16324],[128.32064,37.1633],[128.32157,37.16391],[128.32254,37.16409],[128.32271,37.16448],[128.32259,37.1654],[128.3238,37.16555],[128.32487,37.16474],[128.32511,37.16486],[128.32509,37.16514],[128.3271,37.16622],[128.3276,37.16606],[128.32807,37.16561],[128.32874,37.1652],[128.32927,37.1652],[128.3297,37.16434],[128.33063,37.16354],[128.33169,37.16402],[128.33285,37.16391],[128.33329,37.16418],[128.3329,37.16446],[128.33274,37.16483],[128.33279,37.1654],[128.33365,37.16556],[128.33378,37.16548],[128.3345,37.1654],[128.33487,37.1652],[128.33661,37.1659],[128.33676,37.16593],[128.33648,37.1666],[128.33588,37.16707],[128.33516,37.16756],[128.33538,37.16783],[128.33563,37.16857],[128.33712,37.16924],[128.33774,37.16965],[128.33795,37.16971],[128.33816,37.17001],[128.3392,37.17029],[128.33972,37.17034],[128.34008,37.17052],[128.34073,37.17048],[128.34161,37.17064],[128.3425,37.17118],[128.34368,37.17158],[128.34503,37.17157],[128.34516,37.17165],[128.34533,37.17221],[128.34583,37.1727],[128.34671,37.1731],[128.34709,37.17339],[128.34761,37.1735],[128.34764,37.1741],[128.34785,37.17473],[128.34859,37.17568],[128.34982,37.17618],[128.34998,37.17641],[128.34994,37.17665],[128.34954,37.17749],[128.34895,37.17769],[128.34793,37.17855],[128.34838,37.17914],[128.34841,37.17933],[128.34912,37.18034],[128.34818,37.18079],[128.34815,37.18203],[128.34803,37.18258],[128.34647,37.18371],[128.34682,37.18369],[128.34821,37.18417],[128.34989,37.18507],[128.35122,37.18561],[128.35174,37.18539],[128.35238,37.18546],[128.35389,37.18455],[128.35444,37.18457],[128.35518,37.18407],[128.3563,37.18416],[128.35814,37.18327],[128.35917,37.18304],[128.36051,37.18376],[128.36134,37.18392],[128.36128,37.1837],[128.36221,37.18318],[128.36248,37.18313],[128.36309,37.18286],[128.36365,37.18304],[128.36421,37.18285],[128.36425,37.18275],[128.36472,37.18254],[128.36618,37.1822],[128.36788,37.18239],[128.36911,37.18297],[128.37084,37.18216],[128.37172,37.18245],[128.37255,37.18311],[128.37351,37.18438],[128.37388,37.18584],[128.37516,37.18612],[128.37554,37.1861],[128.37618,37.18621],[128.37726,37.1865],[128.37786,37.1868],[128.37903,37.18731],[128.3782,37.18835],[128.37802,37.18872],[128.37876,37.1889],[128.37919,37.18989],[128.37993,37.19026],[128.38033,37.19074],[128.38041,37.19138],[128.3828,37.19152],[128.38301,37.19131],[128.38344,37.19107],[128.38375,37.19108],[128.38482,37.19134],[128.38556,37.19116],[128.38641,37.19055],[128.38678,37.1906],[128.38726,37.19088],[128.38757,37.19088],[128.3885,37.19172],[128.38977,37.19355],[128.38923,37.19404],[128.38799,37.19331],[128.38679,37.19306],[128.38547,37.19309],[128.38428,37.19343],[128.38212,37.19431],[128.38114,37.19459],[128.379,37.1956],[128.37694,37.19609],[128.37612,37.19661],[128.3749,37.19743],[128.37488,37.19832],[128.37456,37.2],[128.37467,37.20103],[128.37501,37.20175],[128.37519,37.20282],[128.37557,37.20378],[128.37566,37.20513],[128.37583,37.20611],[128.37614,37.20716],[128.37717,37.20973],[128.37757,37.21079],[128.37845,37.21079],[128.37845,37.21054],[128.37996,37.21052],[128.38104,37.21065],[128.38227,37.21132],[128.38276,37.21185],[128.38289,37.21248],[128.38282,37.21259],[128.38196,37.21333],[128.382,37.21348],[128.38152,37.21475],[128.38179,37.21545],[128.3816,37.216],[128.38253,37.21785],[128.38329,37.21842],[128.3841,37.21892],[128.38465,37.21941],[128.38531,37.21992],[128.38534,37.22045],[128.38587,37.22079],[128.38606,37.22126],[128.38644,37.22162],[128.38637,37.2221],[128.38597,37.22264],[128.38587,37.22305],[128.38554,37.22382],[128.38564,37.22415],[128.38683,37.22523],[128.3867,37.22588],[128.38674,37.2262],[128.3865,37.22656],[128.3865,37.22698],[128.38692,37.2273],[128.38725,37.22745],[128.38785,37.22794],[128.38898,37.22819],[128.39073,37.22834],[128.39164,37.22914],[128.39282,37.22962],[128.39372,37.22972],[128.39437,37.23039],[128.39492,37.23081],[128.39515,37.23125],[128.39619,37.23284],[128.39682,37.23291],[128.39759,37.23317],[128.39791,37.23358],[128.39738,37.23431],[128.39589,37.23478],[128.39498,37.23533],[128.39451,37.23541],[128.39398,37.23589],[128.39364,37.23641],[128.39206,37.23695],[128.39083,37.23715],[128.38928,37.23835],[128.38895,37.23871],[128.38806,37.2393],[128.38746,37.2393],[128.38684,37.23979],[128.38591,37.24008],[128.38496,37.23994],[128.38444,37.24058],[128.38387,37.2405],[128.38318,37.24103],[128.38249,37.24124],[128.38209,37.24113],[128.38164,37.24129],[128.37962,37.2413],[128.37953,37.2415],[128.37879,37.24163],[128.37851,37.24174],[128.37806,37.24208],[128.37711,37.24247],[128.37665,37.24284],[128.37637,37.24365],[128.37602,37.24417],[128.37593,37.24445],[128.37572,37.24463],[128.37412,37.245],[128.37405,37.24528],[128.37322,37.2456],[128.37254,37.2456],[128.37209,37.24549],[128.37069,37.24559],[128.37095,37.24686],[128.37084,37.24699],[128.3701,37.24747],[128.37016,37.24822],[128.37026,37.24896],[128.37053,37.24964],[128.37131,37.25091],[128.37169,37.25169],[128.37176,37.25218],[128.37171,37.25262],[128.37085,37.25343],[128.37094,37.25397],[128.37172,37.25507],[128.37141,37.25531],[128.37151,37.25554],[128.37119,37.25605],[128.37078,37.2571],[128.37132,37.25745],[128.37181,37.25786],[128.37185,37.25807],[128.3722,37.25841],[128.37249,37.25885],[128.3725,37.25933],[128.37204,37.2606],[128.37166,37.26177],[128.37119,37.26291],[128.37018,37.26342],[128.36994,37.26389],[128.3687,37.2644],[128.36757,37.26442],[128.36701,37.26478],[128.36592,37.26537],[128.36537,37.26562],[128.36462,37.26564],[128.36365,37.26559],[128.36246,37.26533],[128.36153,37.26519],[128.36125,37.26523],[128.36066,37.26548],[128.35966,37.2663],[128.35881,37.26681],[128.35833,37.26744],[128.35772,37.26838],[128.35652,37.26854],[128.35586,37.26936],[128.35564,37.26974],[128.35516,37.26989],[128.35521,37.27052],[128.35515,37.27115],[128.35586,37.27194],[128.35609,37.27232],[128.35662,37.27356],[128.35723,37.27477],[128.35729,37.27524],[128.35778,37.27564],[128.35804,37.27597],[128.35866,37.27645],[128.35894,37.27728],[128.35846,37.27809],[128.35901,37.27878],[128.35936,37.27993],[128.35996,37.28088],[128.36026,37.28121]]]},"properties":{"code":"32530390","name":"한반도면"}},{"type":"Feature","geometry":{"type":"Polygon","coordinates":[[[128.29433,37.40101],[128.29327,37.40213],[128.29231,37.40205],[128.29105,37.40261],[128.28998,37.403],[128.28922,37.40315],[128.28854,37.40338],[128.28831,37.40354],[128.28708,37.40403],[128.28647,37.40415],[128.28593,37.40442],[128.28504,37.40474],[128.28417,37.40515],[128.28378,37.40619],[128.28311,37.40656],[128.28282,37.40666],[128.28141,37.40689],[128.28052,37.40666],[128.28011,37.40681],[128.27892,37.40654],[128.27844,37.40652],[128.27749,37.40695],[128.27679,37.40732],[128.27647,37.40724],[128.27596,37.40731],[128.27555,37.40746],[128.27483,37.40741],[128.27414,37.40785],[128.27343,37.4084],[128.27252,37.40846],[128.27225,37.40871],[128.27146,37.40896],[128.27096,37.40882],[128.26986,37.40867],[128.26907,37.40874],[128.26831,37.40867],[128.26787,37.40889],[128.26705,37.40877],[128.26664,37.40857],[128.26548,37.40844],[128.26442,37.40795],[128.26366,37.40716],[128.26276,37.40711],[128.26209,37.40688],[128.26079,37.40652],[128.26054,37.40649],[128.25969,37.40574],[128.25915,37.40507],[128.25847,37.40396],[128.25837,37.40338],[128.25761,37.40179],[128.25779,37.4015],[128.2576,37.40058],[128.25775,37.39942],[128.25725,37.3981],[128.25615,37.39676],[128.25593,37.39579],[128.25543,37.39533],[128.25537,37.39507],[128.25481,37.39448],[128.25427,37.39402],[128.25379,37.39324],[128.25248,37.39354],[128.25215,37.39346],[128.25163,37.39348],[128.25065,37.39388],[128.25028,37.39373],[128.24962,37.39367],[128.24863,37.39367],[128.24798,37.3944],[128.24716,37.39486],[128.24639,37.39506],[128.24573,37.39533],[128.2447,37.39562],[128.24411,37.39527],[128.24381,37.39484],[128.24321,37.3943],[128.24297,37.39391],[128.24242,37.39318],[128.24163,37.3924],[128.24093,37.3913],[128.24014,37.3906],[128.23981,37.39049],[128.23846,37.38933],[128.23618,37.38794],[128.23591,37.38816],[128.23492,37.38846],[128.23443,37.38907],[128.23416,37.38929],[128.23307,37.38959],[128.23265,37.38982],[128.23157,37.38982],[128.23109,37.38975],[128.2297,37.38975],[128.22926,37.38969],[128.22841,37.39006],[128.22654,37.39142],[128.22525,37.39251],[128.22404,37.39299],[128.22326,37.39334],[128.22223,37.39352],[128.22136,37.3941],[128.22075,37.39423],[128.22032,37.3942],[128.21808,37.39351],[128.21641,37.39308],[128.21576,37.39286],[128.21395,37.39286],[128.21359,37.39323],[128.21324,37.39392],[128.21139,37.39448],[128.2105,37.3947],[128.20811,37.39499],[128.20736,37.39477],[128.20716,37.39465],[128.20458,37.39368],[128.2037,37.39289],[128.20281,37.39264],[128.20208,37.39183],[128.20159,37.39137],[128.20061,37.39097],[128.19827,37.3909],[128.19706,37.39094],[128.19583,37.39078],[128.19346,37.39032],[128.19335,37.38979],[128.193,37.39006],[128.19223,37.39116],[128.19119,37.39129],[128.19023,37.39128],[128.18902,37.39153],[128.18828,37.39215],[128.1876,37.39259],[128.18744,37.39282],[128.18669,37.39276],[128.18609,37.39265],[128.18559,37.39286],[128.18523,37.3927],[128.18491,37.39241],[128.18498,37.39188],[128.18484,37.39091],[128.18448,37.39054],[128.18419,37.39012],[128.18342,37.38992],[128.18274,37.38963],[128.18225,37.38872],[128.18135,37.3882],[128.1807,37.38806],[128.18001,37.38763],[128.17981,37.38723],[128.1799,37.38685],[128.17968,37.38642],[128.17928,37.38586],[128.17964,37.38509],[128.17985,37.38411],[128.18006,37.3839],[128.18027,37.38338],[128.18011,37.38295],[128.18059,37.38258],[128.18078,37.38226],[128.18119,37.38186],[128.1807,37.38098],[128.18028,37.38087],[128.18009,37.37976],[128.18013,37.37826],[128.17911,37.37749],[128.17805,37.37653],[128.17804,37.37506],[128.17831,37.37356],[128.17884,37.37306],[128.17893,37.3728],[128.17888,37.37246],[128.17864,37.37205],[128.17863,37.37183],[128.17918,37.37112],[128.17914,37.37067],[128.18028,37.36986],[128.18094,37.36912],[128.18103,37.36879],[128.18157,37.36737],[128.18158,37.3661],[128.18142,37.36527],[128.18188,37.36491],[128.18189,37.36436],[128.18212,37.36411],[128.18206,37.36345],[128.18222,37.36333],[128.18242,37.36283],[128.18301,37.36243],[128.18308,37.36206],[128.18373,37.36174],[128.18401,37.36134],[128.18445,37.36087],[128.18461,37.36022],[128.18544,37.35938],[128.18527,37.35916],[128.18467,37.35911],[128.18414,37.35851],[128.18395,37.35839],[128.18383,37.35791],[128.184,37.35724],[128.18372,37.35638],[128.18306,37.35524],[128.18319,37.35497],[128.18347,37.35469],[128.18361,37.35438],[128.18394,37.3541],[128.18392,37.35377],[128.18411,37.35356],[128.18412,37.35271],[128.18427,37.35224],[128.18446,37.35201],[128.18451,37.35165],[128.18477,37.3515],[128.18487,37.35108],[128.1846,37.35082],[128.1845,37.35036],[128.18458,37.34955],[128.18457,37.34894],[128.18497,37.34869],[128.18509,37.34843],[128.18543,37.34812],[128.18539,37.34732],[128.1851,37.34687],[128.18532,37.34651],[128.1855,37.34594],[128.1854,37.34536],[128.18525,37.34519],[128.18521,37.34468],[128.18542,37.34423],[128.18528,37.34395],[128.18542,37.34339],[128.18561,37.34315],[128.18555,37.34277],[128.18575,37.34243],[128.18605,37.34213],[128.18604,37.34192],[128.18623,37.34165],[128.18654,37.34143],[128.18615,37.34089],[128.18517,37.34031],[128.18474,37.34034],[128.1847,37.34003],[128.18421,37.33953],[128.18387,37.33932],[128.18287,37.33923],[128.18214,37.33888],[128.1818,37.33888],[128.18165,37.33908],[128.18084,37.33947],[128.18033,37.3395],[128.18003,37.33919],[128.17975,37.33913],[128.17944,37.3388],[128.17908,37.33854],[128.17843,37.33861],[128.1773,37.33813],[128.17665,37.33812],[128.17593,37.33758],[128.17573,37.33767],[128.17525,37.3375],[128.17476,37.33761],[128.1746,37.33781],[128.17422,37.33796],[128.17349,37.3378],[128.17319,37.33803],[128.17319,37.33825],[128.17268,37.33862],[128.1719,37.33861],[128.17118,37.33873],[128.17064,37.33872],[128.17012,37.33893],[128.16961,37.33884],[128.16918,37.33915],[128.16845,37.3384],[128.16803,37.33805],[128.16766,37.3376],[128.16814,37.33684],[128.16855,37.33644],[128.1682,37.33616],[128.1688,37.33558],[128.16922,37.33509],[128.16997,37.33385],[128.17015,37.33312],[128.17128,37.33147],[128.17136,37.33105],[128.17182,37.33012],[128.17223,37.32953],[128.17231,37.32911],[128.17261,37.32857],[128.17276,37.32794],[128.17288,37.32706],[128.17282,37.32523],[128.173,37.32501],[128.17252,37.32485],[128.1714,37.32476],[128.17038,37.32352],[128.16904,37.32286],[128.16863,37.32244],[128.16784,37.3221],[128.1667,37.32183],[128.16637,37.32215],[128.16605,37.32217],[128.16573,37.32201],[128.16498,37.32218],[128.16458,37.32234],[128.16452,37.3226],[128.16393,37.32302],[128.1636,37.32335],[128.16313,37.32342],[128.16255,37.32306],[128.16207,37.32299],[128.16061,37.32306],[128.16007,37.32318],[128.15919,37.32356],[128.15841,37.32363],[128.15787,37.32399],[128.15772,37.32423],[128.15732,37.32448],[128.15683,37.32444],[128.15647,37.32467],[128.15568,37.32531],[128.15471,37.32586],[128.15349,37.32667],[128.15268,37.32727],[128.15217,37.32708],[128.15067,37.327],[128.14971,37.32624],[128.14897,37.32556],[128.14844,37.3248],[128.14841,37.32408],[128.14667,37.32295],[128.14612,37.32315],[128.14539,37.32403],[128.14446,37.32457],[128.14385,37.32482],[128.14326,37.32472],[128.14183,37.32486],[128.14111,37.32518],[128.14032,37.325],[128.13917,37.32506],[128.13824,37.3253],[128.13793,37.32561],[128.13693,37.32595],[128.13625,37.32586],[128.13557,37.32622],[128.13522,37.32718],[128.1334,37.32839],[128.13154,37.32885],[128.13089,37.32885],[128.13035,37.32852],[128.12998,37.32838],[128.12946,37.32847],[128.12899,37.32814],[128.12843,37.32759],[128.1278,37.32744],[128.12649,37.32664],[128.12591,37.3265],[128.12556,37.32606],[128.12478,37.32565],[128.12414,37.32545],[128.12367,37.32517],[128.12353,37.32494],[128.12282,37.32482],[128.12202,37.32458],[128.12144,37.32446],[128.12064,37.32404],[128.12036,37.32369],[128.11995,37.32363],[128.11949,37.32307],[128.11946,37.32243],[128.11993,37.32141],[128.11963,37.32076],[128.11836,37.32039],[128.11758,37.31992],[128.11712,37.31909],[128.11588,37.31823],[128.11493,37.31565],[128.11522,37.31437],[128.11511,37.31408],[128.11537,37.31363],[128.11543,37.31317],[128.11462,37.31211],[128.11451,37.31131],[128.11473,37.31005],[128.11506,37.30953],[128.11499,37.3093],[128.11547,37.30847],[128.11567,37.30763],[128.11604,37.30742],[128.11629,37.30686],[128.11656,37.30677],[128.11692,37.30617],[128.11699,37.3054],[128.11806,37.30438],[128.11802,37.30404],[128.11722,37.30378],[128.11587,37.30322],[128.11498,37.30226],[128.11377,37.30151],[128.11255,37.30129],[128.11145,37.30075],[128.11116,37.30038],[128.10998,37.30001],[128.10857,37.29878],[128.1088,37.29832],[128.10875,37.29724],[128.10895,37.2967],[128.10868,37.29564],[128.10829,37.29491],[128.10791,37.29454],[128.10766,37.2937],[128.10741,37.29361],[128.10716,37.29276],[128.10727,37.29134],[128.10766,37.29085],[128.10761,37.29029],[128.10783,37.28997],[128.10786,37.28968],[128.10913,37.28848],[128.10892,37.288],[128.10866,37.28705],[128.10854,37.28617],[128.10878,37.28559],[128.10871,37.28513],[128.10888,37.28458],[128.10896,37.28384],[128.11007,37.28321],[128.11044,37.28243],[128.11013,37.28191],[128.10984,37.28117],[128.10989,37.28066],[128.11001,37.28044],[128.11042,37.27924],[128.11105,37.27917],[128.11169,37.27881],[128.11204,37.27879],[128.11309,37.27828],[128.11339,37.27835],[128.1142,37.2783],[128.11453,37.27753],[128.11501,37.27683],[128.11545,37.27651],[128.11545,37.27597],[128.11516,37.27521],[128.11499,37.27434],[128.11459,37.27349],[128.11516,37.27306],[128.11555,37.27248],[128.11662,37.27226],[128.1174,37.27264],[128.11806,37.27263],[128.11883,37.27233],[128.11964,37.27243],[128.12141,37.27222],[128.12384,37.27463],[128.12468,37.27515],[128.12555,37.27522],[128.12597,37.27495],[128.12741,37.27434],[128.12862,37.27472],[128.12987,37.2745],[128.13137,37.27448],[128.13207,37.2742],[128.13269,37.27389],[128.13418,37.27303],[128.13495,37.27265],[128.13577,37.27213],[128.1368,37.2718],[128.13833,37.27182],[128.13885,37.27149],[128.14051,37.27119],[128.14094,37.27128],[128.14256,37.27104],[128.14485,37.27157],[128.14599,37.27212],[128.1472,37.2722],[128.14843,37.27245],[128.14878,37.27241],[128.1502,37.27256],[128.15246,37.27225],[128.1532,37.27254],[128.15481,37.2726],[128.15653,37.27301],[128.1571,37.27323],[128.1576,37.2731],[128.15854,37.27317],[128.15935,37.27386],[128.16026,37.27368],[128.16163,37.27385],[128.16287,37.27378],[128.16341,37.27392],[128.16391,37.27447],[128.16393,37.27486],[128.16467,37.27539],[128.16584,37.27568],[128.16631,37.27573],[128.16717,37.27617],[128.16797,37.27621],[128.16871,37.27679],[128.16969,37.27722],[128.17016,37.27792],[128.17079,37.27771],[128.17163,37.27795],[128.17212,37.27851],[128.17263,37.27878],[128.17328,37.27921],[128.17417,37.27905],[128.17524,37.27924],[128.17642,37.27922],[128.17783,37.27952],[128.17784,37.28033],[128.17811,37.28095],[128.17794,37.28144],[128.17769,37.28172],[128.17769,37.28245],[128.17803,37.2827],[128.17822,37.28317],[128.17875,37.28346],[128.17865,37.28394],[128.17901,37.28424],[128.17886,37.28473],[128.17908,37.28486],[128.17909,37.2854],[128.1789,37.2856],[128.17863,37.28637],[128.17871,37.28664],[128.17857,37.28696],[128.17852,37.28761],[128.17838,37.28795],[128.17813,37.28811],[128.17805,37.28845],[128.17775,37.28869],[128.17765,37.28912],[128.17788,37.28947],[128.17781,37.28988],[128.17802,37.29023],[128.17818,37.29074],[128.1784,37.29094],[128.17837,37.29141],[128.17882,37.29186],[128.1796,37.29195],[128.18047,37.2922],[128.18085,37.29222],[128.18121,37.29242],[128.18201,37.29258],[128.18267,37.29289],[128.18333,37.29276],[128.18453,37.29226],[128.18526,37.29238],[128.18551,37.29236],[128.18621,37.29283],[128.18736,37.29305],[128.18809,37.29284],[128.18964,37.29326],[128.19025,37.29346],[128.19042,37.29364],[128.19144,37.2942],[128.19162,37.2944],[128.19151,37.29544],[128.19156,37.29582],[128.19199,37.29613],[128.1929,37.29668],[128.19366,37.29702],[128.19446,37.29728],[128.19574,37.29743],[128.19608,37.29742],[128.19628,37.29728],[128.19736,37.29684],[128.19785,37.29655],[128.19837,37.29609],[128.19936,37.29478],[128.19958,37.29388],[128.19975,37.29357],[128.20008,37.29336],[128.20041,37.293],[128.20084,37.29232],[128.20143,37.29124],[128.20182,37.29086],[128.20261,37.29029],[128.20345,37.28988],[128.20447,37.29013],[128.20497,37.29021],[128.20553,37.29046],[128.20584,37.29119],[128.20595,37.29233],[128.20494,37.29455],[128.20426,37.29566],[128.20359,37.29628],[128.20251,37.29673],[128.20146,37.29684],[128.2008,37.29729],[128.19898,37.29807],[128.19832,37.29862],[128.19747,37.29972],[128.1973,37.30032],[128.19741,37.30053],[128.1974,37.30096],[128.19925,37.30187],[128.20092,37.30237],[128.20181,37.30246],[128.20291,37.30251],[128.20424,37.30249],[128.20701,37.30174],[128.20856,37.30095],[128.20892,37.30058],[128.20942,37.30035],[128.21016,37.30036],[128.21091,37.30054],[128.21204,37.30122],[128.21283,37.30187],[128.21429,37.30238],[128.21527,37.30216],[128.21672,37.30175],[128.21749,37.30165],[128.21824,37.30138],[128.21881,37.30101],[128.2198,37.3],[128.2205,37.29957],[128.22155,37.29956],[128.22193,37.29964],[128.22238,37.30006],[128.22306,37.30048],[128.22379,37.30122],[128.22462,37.30135],[128.2257,37.3014],[128.22669,37.30119],[128.22801,37.30074],[128.22964,37.29999],[128.23046,37.29974],[128.23271,37.29879],[128.23367,37.29823],[128.23451,37.29726],[128.2371,37.2949],[128.23764,37.29432],[128.23825,37.29331],[128.23871,37.29272],[128.23996,37.29148],[128.24129,37.29035],[128.24195,37.28932],[128.24221,37.28903],[128.24383,37.28743],[128.2446,37.28708],[128.24507,37.28669],[128.24632,37.28645],[128.24767,37.28656],[128.24931,37.28726],[128.2504,37.28636],[128.25285,37.2883],[128.25358,37.28839],[128.25438,37.28891],[128.25417,37.28695],[128.25385,37.28661],[128.25346,37.28552],[128.25377,37.28494],[128.25383,37.28448],[128.25551,37.28446],[128.2562,37.28425],[128.25733,37.28387],[128.25765,37.28398],[128.25802,37.28468],[128.25835,37.28487],[128.259,37.28461],[128.25958,37.28565],[128.25993,37.28601],[128.26053,37.28622],[128.26198,37.28635],[128.26313,37.2861],[128.26471,37.2855],[128.26547,37.28501],[128.26606,37.28444],[128.26698,37.2833],[128.26752,37.28183],[128.26814,37.28114],[128.26863,37.28068],[128.27018,37.27985],[128.27077,37.27977],[128.27142,37.27977],[128.27219,37.27983],[128.27332,37.28038],[128.27467,37.28122],[128.27544,37.28183],[128.2762,37.28182],[128.27631,37.28127],[128.27594,37.2807],[128.27848,37.28174],[128.27975,37.28229],[128.28433,37.28346],[128.28473,37.28386],[128.28521,37.28405],[128.28581,37.28509],[128.28663,37.28535],[128.28761,37.28558],[128.28799,37.28524],[128.28925,37.28599],[128.2908,37.28591],[128.29256,37.2857],[128.29429,37.28398],[128.29472,37.28413],[128.29592,37.28407],[128.29747,37.28515],[128.29821,37.28603],[128.299,37.28633],[128.30011,37.28709],[128.30032,37.28765],[128.30082,37.28825],[128.30143,37.28984],[128.30119,37.29081],[128.30141,37.29147],[128.30264,37.29308],[128.30215,37.29496],[128.3018,37.29643],[128.29998,37.29957],[128.29732,37.3032],[128.29832,37.30661],[128.29827,37.30716],[128.29702,37.30969],[128.29697,37.31189],[128.29639,37.31398],[128.29647,37.31558],[128.29631,37.31655],[128.29708,37.3216],[128.29507,37.32274],[128.2927,37.32401],[128.29183,37.32518],[128.29063,37.32712],[128.2907,37.32854],[128.29318,37.32987],[128.2939,37.33079],[128.29388,37.3341],[128.29556,37.33467],[128.29673,37.33564],[128.29667,37.33652],[128.29648,37.33789],[128.29663,37.34035],[128.29633,37.34115],[128.29644,37.34265],[128.2957,37.34438],[128.29574,37.34515],[128.294,37.34614],[128.29422,37.34687],[128.29364,37.34934],[128.2918,37.35044],[128.29295,37.35144],[128.29386,37.35371],[128.29497,37.35489],[128.29464,37.35648],[128.2954,37.35815],[128.29551,37.35982],[128.29516,37.36129],[128.29403,37.36207],[128.29488,37.36336],[128.29598,37.36552],[128.29703,37.36763],[128.29635,37.36999],[128.29545,37.37134],[128.29628,37.37272],[128.29665,37.37442],[128.29584,37.37526],[128.29558,37.3764],[128.29555,37.37748],[128.29461,37.38042],[128.29469,37.38136],[128.29592,37.38264],[128.29658,37.38403],[128.29655,37.38491],[128.2963,37.38571],[128.29667,37.38712],[128.29668,37.38825],[128.29705,37.38978],[128.29688,37.39018],[128.29665,37.39124],[128.2959,37.39207],[128.29542,37.39293],[128.29454,37.39394],[128.29463,37.39426],[128.29405,37.39512],[128.29379,37.39603],[128.29341,37.39678],[128.29367,37.39726],[128.29365,37.39748],[128.29383,37.39773],[128.29403,37.39837],[128.29381,37.39991],[128.29402,37.40019],[128.29402,37.40054],[128.29433,37.40101]]]},"properties":{"code":"32530400","name":"무릉도원면"}},{"type":"Feature","geometry":{"type":"Polygon","coordinates":[[[128.74675,37.21084],[128.74638,37.21037],[128.74556,37.20906],[128.74384,37.2078],[128.74246,37.20762],[128.74212,37.2073],[128.74127,37.20699],[128.73979,37.20605],[128.73857,37.20493],[128.73797,37.20455],[128.73653,37.20324],[128.7359,37.20228],[128.73543,37.20164],[128.7344,37.20138],[128.73337,37.20029],[128.73324,37.19865],[128.73189,37.19766],[128.73114,37.19754],[128.73038,37.19758],[128.73012,37.19769],[128.72903,37.19729],[128.72752,37.19753],[128.72575,37.19842],[128.72528,37.19845],[128.72457,37.19826],[128.72383,37.19763],[128.72274,37.19702],[128.72228,37.1969],[128.72098,37.19645],[128.7187,37.19557],[128.71811,37.19573],[128.71723,37.19584],[128.71603,37.1956],[128.71505,37.19502],[128.7141,37.19408],[128.71304,37.1931],[128.71248,37.19243],[128.71155,37.19243],[128.71055,37.19202],[128.70992,37.191],[128.70968,37.19079],[128.70875,37.19084],[128.70662,37.19058],[128.70471,37.19078],[128.70362,37.19056],[128.70225,37.1907],[128.7014,37.19072],[128.69918,37.19001],[128.69915,37.18958],[128.6989,37.18841],[128.69756,37.1877],[128.69698,37.18617],[128.69623,37.18589],[128.69439,37.18457],[128.69305,37.18451],[128.69274,37.18476],[128.69076,37.18514],[128.68968,37.18493],[128.6887,37.18439],[128.68799,37.18435],[128.68775,37.18486],[128.68613,37.18519],[128.68507,37.18561],[128.68384,37.18544],[128.68251,37.18492],[128.68172,37.18517],[128.6813,37.18586],[128.68088,37.18612],[128.68032,37.18633],[128.67896,37.18633],[128.67676,37.18707],[128.67581,37.18695],[128.67447,37.18658],[128.67437,37.18628],[128.67376,37.1863],[128.6727,37.18706],[128.67168,37.18722],[128.67098,37.18653],[128.67089,37.18623],[128.66969,37.18612],[128.66817,37.18552],[128.66767,37.18561],[128.66639,37.18686],[128.66506,37.18632],[128.66296,37.18615],[128.66221,37.18633],[128.66115,37.18669],[128.6603,37.18677],[128.65952,37.18654],[128.65905,37.18656],[128.65777,37.18635],[128.65712,37.1863],[128.65528,37.18585],[128.65437,37.18528],[128.65237,37.18397],[128.65149,37.18353],[128.65054,37.18323],[128.64982,37.1831],[128.64848,37.18252],[128.64794,37.18244],[128.64726,37.18224],[128.64686,37.18197],[128.6465,37.18183],[128.64576,37.18207],[128.64487,37.1822],[128.64413,37.18212],[128.64361,37.18218],[128.64312,37.18233],[128.64207,37.1824],[128.64121,37.18322],[128.64047,37.18367],[128.64008,37.18421],[128.63914,37.18469],[128.63855,37.18602],[128.63768,37.18659],[128.63701,37.18666],[128.63628,37.18711],[128.63593,37.18753],[128.63552,37.18778],[128.63542,37.18866],[128.63552,37.18908],[128.63563,37.19009],[128.63558,37.19069],[128.63574,37.1916],[128.63533,37.19209],[128.63505,37.19295],[128.63462,37.19348],[128.63398,37.19401],[128.63382,37.19425],[128.63397,37.19507],[128.63379,37.19574],[128.63348,37.19662],[128.63289,37.19709],[128.63233,37.19729],[128.63165,37.19747],[128.63122,37.19742],[128.63087,37.19724],[128.6301,37.19629],[128.62908,37.19576],[128.62914,37.19604],[128.62848,37.19725],[128.62763,37.19858],[128.62715,37.19838],[128.62694,37.1986],[128.62667,37.19867],[128.62639,37.19925],[128.6253,37.19985],[128.62442,37.20002],[128.6244,37.20026],[128.62403,37.20058],[128.62365,37.20061],[128.62298,37.20081],[128.62279,37.20095],[128.62261,37.20135],[128.62247,37.2019],[128.62227,37.20324],[128.62226,37.20422],[128.62063,37.20443],[128.62019,37.20539],[128.61897,37.20577],[128.61754,37.20599],[128.6176,37.20628],[128.61827,37.20656],[128.61844,37.20682],[128.61851,37.20715],[128.61871,37.2075],[128.61876,37.20822],[128.61914,37.20894],[128.61967,37.20943],[128.61987,37.21003],[128.62117,37.2106],[128.62143,37.21101],[128.62207,37.21173],[128.6221,37.21262],[128.62252,37.21339],[128.62237,37.21451],[128.62172,37.21484],[128.62057,37.2156],[128.62053,37.21598],[128.62073,37.21649],[128.62059,37.21739],[128.6197,37.21829],[128.61937,37.21845],[128.61926,37.21863],[128.61807,37.21783],[128.61716,37.21746],[128.61612,37.21696],[128.61535,37.21754],[128.61495,37.21811],[128.61475,37.21818],[128.61356,37.21829],[128.61232,37.21815],[128.61156,37.21825],[128.61122,37.21822],[128.61055,37.2184],[128.61037,37.2186],[128.60951,37.21864],[128.60844,37.2182],[128.60706,37.21788],[128.60619,37.2176],[128.60437,37.21828],[128.6038,37.21762],[128.60378,37.21695],[128.60342,37.21656],[128.60337,37.21586],[128.60285,37.21547],[128.60267,37.21456],[128.60184,37.21417],[128.60116,37.21416],[128.60039,37.21316],[128.60023,37.21278],[128.5998,37.21305],[128.5992,37.21372],[128.59885,37.21405],[128.59859,37.21443],[128.59833,37.21458],[128.59776,37.21522],[128.59715,37.21559],[128.59673,37.21563],[128.59634,37.21585],[128.5958,37.21602],[128.59531,37.21628],[128.59416,37.21668],[128.5936,37.21704],[128.59293,37.21718],[128.59214,37.2176],[128.59161,37.21766],[128.59097,37.21808],[128.5907,37.21843],[128.58959,37.21871],[128.58889,37.21929],[128.5883,37.22006],[128.58807,37.22004],[128.5875,37.22046],[128.58678,37.22077],[128.58621,37.22115],[128.58491,37.22147],[128.58465,37.2215],[128.58396,37.22127],[128.58266,37.22134],[128.58228,37.22141],[128.58053,37.22076],[128.57922,37.22003],[128.57976,37.21583],[128.57884,37.21438],[128.57981,37.21299],[128.57919,37.21179],[128.57967,37.21117],[128.58004,37.20996],[128.57848,37.20801],[128.57762,37.20633],[128.57783,37.20432],[128.5775,37.20335],[128.57702,37.20168],[128.57788,37.20053],[128.57836,37.20004],[128.5789,37.19914],[128.57828,37.19804],[128.57831,37.19727],[128.57919,37.19627],[128.57932,37.19588],[128.58082,37.19433],[128.58206,37.19346],[128.58346,37.19355],[128.58387,37.19343],[128.58384,37.1928],[128.58394,37.19229],[128.58387,37.19193],[128.58376,37.19064],[128.58364,37.19006],[128.58377,37.18999],[128.5837,37.18958],[128.58324,37.18901],[128.58251,37.1884],[128.58204,37.18784],[128.58109,37.18704],[128.58044,37.1855],[128.58016,37.18457],[128.58022,37.18403],[128.58062,37.18342],[128.58168,37.18277],[128.58199,37.18208],[128.58241,37.18149],[128.58317,37.18128],[128.58302,37.18093],[128.58374,37.18034],[128.58372,37.17961],[128.58393,37.17853],[128.5836,37.17745],[128.58366,37.17719],[128.58358,37.17629],[128.58396,37.17521],[128.58459,37.17411],[128.58433,37.17305],[128.58443,37.17217],[128.58453,37.17191],[128.58409,37.16991],[128.58532,37.16925],[128.58572,37.16882],[128.58637,37.16719],[128.58612,37.16664],[128.58655,37.16598],[128.58715,37.16553],[128.58709,37.16411],[128.58666,37.16258],[128.58815,37.16238],[128.58933,37.16288],[128.59047,37.16237],[128.59063,37.16212],[128.59101,37.16223],[128.59219,37.16287],[128.59429,37.16269],[128.59605,37.16293],[128.59693,37.16296],[128.59752,37.16312],[128.59808,37.16359],[128.59876,37.16395],[128.60051,37.16458],[128.60133,37.16436],[128.6022,37.16423],[128.60304,37.16401],[128.60371,37.16413],[128.60497,37.16373],[128.60599,37.1632],[128.60747,37.16302],[128.61022,37.16248],[128.6105,37.16257],[128.61213,37.16218],[128.61367,37.16205],[128.61429,37.16187],[128.61498,37.16195],[128.61561,37.16169],[128.61729,37.16212],[128.62007,37.16165],[128.62008,37.16062],[128.62,37.16018],[128.61909,37.15957],[128.61841,37.15781],[128.61807,37.15731],[128.61801,37.15657],[128.61775,37.15585],[128.61793,37.15508],[128.61726,37.15419],[128.61764,37.15289],[128.61815,37.15205],[128.61762,37.1511],[128.61844,37.15045],[128.61889,37.14966],[128.61967,37.1489],[128.62083,37.14881],[128.62254,37.14814],[128.6236,37.14821],[128.62433,37.14805],[128.62473,37.14763],[128.6262,37.14751],[128.62772,37.1468],[128.62984,37.14619],[128.63056,37.14495],[128.63064,37.1441],[128.63129,37.14343],[128.63184,37.14244],[128.63233,37.13965],[128.63182,37.1387],[128.63192,37.13792],[128.63144,37.13661],[128.63049,37.13574],[128.63023,37.1348],[128.63098,37.13411],[128.6311,37.13341],[128.63106,37.1331],[128.6315,37.13227],[128.63266,37.13281],[128.6329,37.13328],[128.63317,37.13396],[128.63348,37.13429],[128.63385,37.13449],[128.63467,37.13463],[128.63507,37.13519],[128.63605,37.13535],[128.63625,37.13551],[128.63754,37.13555],[128.63857,37.13562],[128.63967,37.13597],[128.63959,37.13608],[128.64047,37.13714],[128.64089,37.13734],[128.64206,37.13768],[128.64421,37.13691],[128.64464,37.13706],[128.64568,37.13687],[128.64629,37.13622],[128.6468,37.13586],[128.64803,37.13587],[128.64872,37.13642],[128.64983,37.13695],[128.65091,37.13734],[128.65152,37.1381],[128.65242,37.13828],[128.65251,37.13883],[128.65467,37.13969],[128.65625,37.14011],[128.6582,37.14036],[128.6604,37.14028],[128.66496,37.14237],[128.66665,37.14242],[128.66849,37.14216],[128.67141,37.14061],[128.67252,37.14028],[128.67301,37.14004],[128.67381,37.13978],[128.67396,37.13966],[128.67409,37.13924],[128.67297,37.13711],[128.67205,37.13556],[128.67362,37.13453],[128.67421,37.13431],[128.6763,37.13341],[128.67735,37.13288],[128.6781,37.13223],[128.67956,37.13066],[128.68017,37.12955],[128.68043,37.12901],[128.68085,37.12851],[128.68087,37.12769],[128.68126,37.12669],[128.68112,37.12605],[128.68093,37.12459],[128.68213,37.12413],[128.68326,37.12376],[128.68474,37.12381],[128.68544,37.12329],[128.6854,37.12284],[128.68577,37.12268],[128.68629,37.12256],[128.68734,37.12245],[128.68816,37.12171],[128.68828,37.12116],[128.68921,37.1199],[128.68949,37.12004],[128.69098,37.12002],[128.69311,37.12022],[128.69373,37.12033],[128.69459,37.12007],[128.69627,37.11992],[128.69673,37.12014],[128.698,37.11955],[128.69904,37.11933],[128.69948,37.11916],[128.70051,37.11849],[128.70093,37.11775],[128.70155,37.11729],[128.70251,37.11729],[128.70457,37.11735],[128.7051,37.11703],[128.70564,37.11695],[128.70615,37.11701],[128.7065,37.11722],[128.70705,37.11732],[128.70742,37.11724],[128.70829,37.1169],[128.70848,37.11692],[128.70918,37.11715],[128.70978,37.1175],[128.71012,37.11756],[128.71059,37.11748],[128.711,37.11795],[128.71117,37.11796],[128.71207,37.11874],[128.71245,37.11923],[128.71332,37.11936],[128.71394,37.11958],[128.71415,37.11984],[128.71471,37.1199],[128.71531,37.11963],[128.7157,37.11958],[128.71691,37.12029],[128.7172,37.12014],[128.71794,37.12038],[128.71873,37.12053],[128.71938,37.12028],[128.72021,37.12094],[128.72114,37.12145],[128.72139,37.12191],[128.72174,37.12211],[128.7225,37.12335],[128.72299,37.12384],[128.72347,37.12414],[128.72389,37.12517],[128.72459,37.12636],[128.72493,37.12666],[128.72552,37.12704],[128.72589,37.12703],[128.72602,37.12737],[128.72629,37.12735],[128.72619,37.12667],[128.72626,37.12585],[128.7264,37.12532],[128.72694,37.12484],[128.72764,37.12447],[128.7283,37.12399],[128.72848,37.12346],[128.72866,37.12322],[128.72922,37.12313],[128.73001,37.12317],[128.7308,37.12376],[128.73035,37.12375],[128.73028,37.12397],[128.72945,37.12424],[128.72856,37.12479],[128.72814,37.12549],[128.72787,37.12607],[128.72923,37.1266],[128.73001,37.12653],[128.73028,37.1276],[128.73057,37.12783],[128.73101,37.12794],[128.73135,37.12818],[128.73209,37.12905],[128.73298,37.12992],[128.73375,37.1302],[128.73559,37.13128],[128.73752,37.13189],[128.73847,37.13179],[128.73999,37.13277],[128.74018,37.13362],[128.73984,37.13547],[128.7396,37.13622],[128.73972,37.13657],[128.73969,37.13694],[128.73996,37.13808],[128.74074,37.13859],[128.74092,37.13902],[128.74097,37.13987],[128.74088,37.14093],[128.74105,37.14152],[128.74167,37.14249],[128.74175,37.14362],[128.74173,37.14585],[128.74186,37.14659],[128.74142,37.14756],[128.74188,37.14884],[128.74238,37.1487],[128.7426,37.14889],[128.74355,37.14911],[128.74378,37.14926],[128.74414,37.1492],[128.74427,37.14932],[128.7449,37.14915],[128.74547,37.14944],[128.74645,37.14972],[128.7468,37.14954],[128.74736,37.14959],[128.74854,37.1496],[128.74971,37.14973],[128.75047,37.15026],[128.75218,37.15045],[128.75454,37.15007],[128.75497,37.14992],[128.7557,37.15007],[128.75691,37.15074],[128.75794,37.15071],[128.75827,37.15088],[128.75941,37.15068],[128.75978,37.1505],[128.76095,37.15048],[128.7615,37.15042],[128.7628,37.15078],[128.76319,37.15057],[128.76549,37.15095],[128.76729,37.14977],[128.76903,37.14888],[128.76997,37.1485],[128.77137,37.1473],[128.77144,37.14676],[128.77135,37.14484],[128.77183,37.14443],[128.77387,37.14426],[128.77447,37.1441],[128.77485,37.14439],[128.77549,37.1452],[128.77604,37.14561],[128.77777,37.1475],[128.77892,37.1484],[128.78009,37.14982],[128.78179,37.14938],[128.78274,37.14948],[128.78347,37.14943],[128.7842,37.1495],[128.78496,37.15199],[128.7853,37.15272],[128.78491,37.15407],[128.78445,37.15432],[128.78407,37.15593],[128.78453,37.15628],[128.78554,37.15718],[128.78608,37.15836],[128.7853,37.15954],[128.78527,37.15976],[128.78555,37.16],[128.7863,37.16046],[128.78759,37.16085],[128.78874,37.16147],[128.7888,37.16195],[128.7894,37.1623],[128.79018,37.16364],[128.79084,37.16373],[128.7914,37.16431],[128.79272,37.16475],[128.79291,37.16562],[128.79365,37.16598],[128.79465,37.16771],[128.79536,37.16801],[128.79593,37.16856],[128.79669,37.16912],[128.79746,37.1705],[128.79786,37.17142],[128.79918,37.17202],[128.79979,37.17175],[128.80119,37.17161],[128.80191,37.1717],[128.80254,37.17197],[128.80361,37.17193],[128.8041,37.1717],[128.80469,37.17182],[128.80598,37.17232],[128.80683,37.17208],[128.80784,37.17335],[128.80834,37.17372],[128.81004,37.1748],[128.81068,37.17548],[128.81177,37.17448],[128.81311,37.17455],[128.81477,37.17468],[128.81679,37.17429],[128.8182,37.17521],[128.82018,37.17631],[128.82025,37.17628],[128.81958,37.1773],[128.81874,37.1788],[128.81817,37.1796],[128.81777,37.18073],[128.81691,37.18216],[128.81656,37.18292],[128.81652,37.18317],[128.816,37.18364],[128.81514,37.18492],[128.81516,37.18525],[128.81205,37.1862],[128.81145,37.18665],[128.80972,37.18922],[128.80936,37.19059],[128.80836,37.1906],[128.80752,37.19085],[128.80648,37.19001],[128.80584,37.19038],[128.80571,37.19082],[128.80456,37.19112],[128.80449,37.19138],[128.80239,37.1922],[128.80174,37.19266],[128.80127,37.19321],[128.80065,37.1941],[128.79997,37.1942],[128.7985,37.19463],[128.79772,37.19508],[128.79694,37.19537],[128.79703,37.19601],[128.7959,37.19629],[128.79533,37.19654],[128.7944,37.19672],[128.79389,37.19659],[128.79269,37.19704],[128.79209,37.19692],[128.79117,37.19721],[128.79103,37.19745],[128.7907,37.19765],[128.78888,37.19788],[128.78743,37.19768],[128.78531,37.19786],[128.78456,37.19815],[128.78349,37.19975],[128.78345,37.20004],[128.78305,37.2006],[128.78267,37.20066],[128.78046,37.20033],[128.77978,37.20017],[128.77915,37.20071],[128.77885,37.20067],[128.77649,37.20151],[128.77569,37.20157],[128.77457,37.2019],[128.77423,37.20256],[128.77275,37.20245],[128.77173,37.20219],[128.77054,37.20259],[128.77022,37.20285],[128.76883,37.20325],[128.76829,37.20316],[128.76775,37.20336],[128.76741,37.20381],[128.76633,37.20446],[128.76577,37.20515],[128.76516,37.20536],[128.76477,37.20598],[128.76357,37.20634],[128.75923,37.2079],[128.75856,37.20882],[128.75431,37.21158],[128.7516,37.21142],[128.75061,37.21183],[128.74876,37.21195],[128.74789,37.21116],[128.74675,37.21084]]]},"properties":{"code":"32530410","name":"산솔면"}}],"profileId":"gangwon","schemaVersion":2,"dataVersion":"gangwon-2022-563a6bb6162048a7"}
