{"type":"FeatureCollection","features":[{"type":"Feature","geometry":{"type":"Polygon","coordinates":[[[128.50632,37.41822],[128.50621,37.41815],[128.50458,37.41986],[128.50368,37.42014],[128.50233,37.42027],[128.50094,37.42057],[128.49989,37.42089],[128.49822,37.42107],[128.49741,37.42102],[128.49621,37.42207],[128.49466,37.42256],[128.49455,37.42278],[128.49216,37.42406],[128.49025,37.42464],[128.48633,37.42495],[128.48427,37.42545],[128.48318,37.42663],[128.48233,37.4268],[128.48107,37.42753],[128.47954,37.42856],[128.47763,37.42815],[128.47691,37.4271],[128.47473,37.42612],[128.47324,37.4266],[128.47262,37.42695],[128.4713,37.42692],[128.47038,37.42694],[128.46897,37.42672],[128.46844,37.42694],[128.46707,37.42617],[128.46639,37.4259],[128.46457,37.42508],[128.46351,37.42552],[128.46176,37.42648],[128.46002,37.42678],[128.45627,37.42594],[128.45284,37.42765],[128.45042,37.4277],[128.44804,37.42805],[128.44683,37.42686],[128.44605,37.42646],[128.44551,37.42627],[128.44465,37.42625],[128.44398,37.42594],[128.44325,37.42509],[128.44286,37.42416],[128.44267,37.42299],[128.44202,37.42139],[128.44199,37.42079],[128.44088,37.41896],[128.43992,37.41747],[128.43964,37.41719],[128.43918,37.41569],[128.43863,37.41461],[128.43793,37.41338],[128.43774,37.41282],[128.43446,37.4141],[128.43388,37.41422],[128.43194,37.41601],[128.43077,37.41684],[128.43018,37.41699],[128.42928,37.4179],[128.42671,37.4186],[128.42323,37.41943],[128.42093,37.41978],[128.42038,37.41982],[128.4205,37.42031],[128.42014,37.42028],[128.41893,37.42036],[128.41765,37.42031],[128.41676,37.42062],[128.41524,37.42097],[128.4149,37.42043],[128.41391,37.42013],[128.41285,37.41999],[128.41213,37.41913],[128.41189,37.41891],[128.40972,37.41663],[128.40891,37.41654],[128.40811,37.41595],[128.40614,37.41619],[128.40523,37.41621],[128.40399,37.41479],[128.40288,37.41476],[128.40246,37.41458],[128.40138,37.41468],[128.40079,37.41441],[128.39976,37.41407],[128.39871,37.41495],[128.39788,37.41553],[128.3976,37.41584],[128.39675,37.41594],[128.39637,37.41628],[128.39621,37.41688],[128.39594,37.41706],[128.39554,37.4171],[128.39426,37.41809],[128.39429,37.41859],[128.39407,37.41948],[128.39348,37.41988],[128.39272,37.41993],[128.39181,37.42022],[128.39075,37.4208],[128.38997,37.42116],[128.3885,37.42092],[128.38902,37.41983],[128.38952,37.4194],[128.3894,37.41856],[128.38857,37.41774],[128.38813,37.41754],[128.38597,37.41805],[128.38514,37.41788],[128.38451,37.41763],[128.38325,37.41797],[128.38316,37.41793],[128.38046,37.4182],[128.37989,37.41875],[128.37838,37.42006],[128.37725,37.42091],[128.37715,37.4213],[128.37706,37.42223],[128.3773,37.42547],[128.3768,37.42556],[128.3727,37.42725],[128.3726,37.42742],[128.3703,37.42831],[128.36885,37.42797],[128.36649,37.42727],[128.36356,37.42679],[128.3612,37.42644],[128.3587,37.42546],[128.35675,37.42611],[128.35602,37.42603],[128.35405,37.42651],[128.35347,37.42638],[128.35079,37.42623],[128.34883,37.4256],[128.34803,37.42528],[128.34702,37.42504],[128.34577,37.42525],[128.34432,37.42537],[128.34375,37.42509],[128.34312,37.42492],[128.34208,37.42502],[128.34014,37.42473],[128.3384,37.42421],[128.33707,37.42415],[128.33583,37.42348],[128.33554,37.42304],[128.33488,37.42283],[128.333,37.42196],[128.33185,37.42066],[128.33111,37.41872],[128.32972,37.41751],[128.32931,37.41726],[128.32955,37.41662],[128.33018,37.41562],[128.33076,37.41499],[128.33162,37.41315],[128.33011,37.41323],[128.32918,37.4128],[128.32674,37.41284],[128.32564,37.41315],[128.32482,37.41269],[128.32409,37.41251],[128.32359,37.41215],[128.32283,37.4122],[128.32193,37.41199],[128.32123,37.41162],[128.32009,37.41123],[128.31884,37.4116],[128.31848,37.41166],[128.3179,37.41145],[128.31758,37.41141],[128.31668,37.41178],[128.31546,37.41199],[128.31378,37.41149],[128.31303,37.41097],[128.31227,37.41063],[128.31137,37.41041],[128.31115,37.41005],[128.3108,37.4099],[128.30893,37.40801],[128.30804,37.40789],[128.30566,37.40728],[128.30514,37.40645],[128.30487,37.40617],[128.30429,37.40581],[128.30382,37.40544],[128.3026,37.4048],[128.30165,37.40394],[128.30116,37.40326],[128.3009,37.40247],[128.30038,37.40223],[128.29935,37.40229],[128.29896,37.4022],[128.29794,37.40242],[128.29764,37.4024],[128.29694,37.40263],[128.29661,37.40254],[128.29578,37.40168],[128.29552,37.40162],[128.29503,37.40106],[128.29433,37.40101],[128.29402,37.40054],[128.29402,37.40019],[128.29381,37.39991],[128.29403,37.39837],[128.29383,37.39773],[128.29365,37.39748],[128.29367,37.39726],[128.29341,37.39678],[128.29379,37.39603],[128.29405,37.39512],[128.29463,37.39426],[128.29454,37.39394],[128.29542,37.39293],[128.2959,37.39207],[128.29665,37.39124],[128.29688,37.39018],[128.29705,37.38978],[128.29751,37.3887],[128.29822,37.38857],[128.30003,37.38875],[128.30151,37.38847],[128.30284,37.38847],[128.30342,37.38818],[128.30474,37.38731],[128.30701,37.38683],[128.30796,37.38524],[128.30832,37.38501],[128.30879,37.38389],[128.30995,37.38384],[128.31056,37.38356],[128.31106,37.38359],[128.31187,37.38329],[128.31262,37.38256],[128.31281,37.38212],[128.31341,37.38191],[128.31365,37.38128],[128.31434,37.38091],[128.31438,37.38043],[128.31527,37.37986],[128.31531,37.37931],[128.31589,37.37907],[128.31639,37.37849],[128.31676,37.37826],[128.31685,37.37792],[128.31728,37.37844],[128.31789,37.37869],[128.31841,37.37933],[128.31867,37.37946],[128.31942,37.37965],[128.31997,37.37939],[128.32022,37.37914],[128.32076,37.37894],[128.32121,37.37854],[128.32165,37.37866],[128.32223,37.37854],[128.32271,37.37861],[128.32371,37.37832],[128.32431,37.37823],[128.32594,37.37807],[128.32656,37.37706],[128.32721,37.37611],[128.32711,37.37565],[128.32636,37.37483],[128.32564,37.37455],[128.32499,37.37396],[128.32409,37.37265],[128.32419,37.37236],[128.32398,37.37215],[128.3239,37.37174],[128.32365,37.37167],[128.32342,37.37132],[128.32379,37.37052],[128.32356,37.3701],[128.32326,37.36984],[128.32284,37.36911],[128.32193,37.36853],[128.32174,37.36809],[128.32142,37.36773],[128.3207,37.36754],[128.32025,37.36666],[128.32062,37.36634],[128.32073,37.36596],[128.3207,37.36554],[128.32048,37.36516],[128.31951,37.36434],[128.31947,37.3638],[128.31976,37.36334],[128.31966,37.36305],[128.31973,37.36264],[128.3196,37.36228],[128.31986,37.36194],[128.31969,37.36163],[128.31977,37.36122],[128.31942,37.3608],[128.31929,37.36012],[128.31835,37.35953],[128.31773,37.35928],[128.31773,37.35846],[128.31749,37.35823],[128.31745,37.35776],[128.3173,37.35679],[128.31722,37.35572],[128.31678,37.35525],[128.31672,37.35458],[128.31648,37.35349],[128.31657,37.35297],[128.31688,37.35228],[128.31738,37.35208],[128.31772,37.35131],[128.3181,37.35111],[128.31829,37.35061],[128.31855,37.35056],[128.31911,37.34955],[128.31979,37.34895],[128.32024,37.34891],[128.32098,37.34824],[128.32165,37.34736],[128.3215,37.34719],[128.32166,37.34666],[128.32205,37.34633],[128.32194,37.34509],[128.32215,37.34461],[128.32277,37.34374],[128.32205,37.34281],[128.32174,37.34223],[128.32198,37.34041],[128.32115,37.33921],[128.32167,37.33744],[128.3216,37.33691],[128.32193,37.33652],[128.32209,37.33601],[128.32196,37.33553],[128.32257,37.33498],[128.32352,37.33372],[128.32326,37.33312],[128.32342,37.33216],[128.32385,37.33178],[128.324,37.331],[128.32401,37.33034],[128.32428,37.32945],[128.32408,37.32852],[128.32407,37.32749],[128.32426,37.32704],[128.32387,37.32574],[128.32365,37.32389],[128.32409,37.32268],[128.32448,37.32137],[128.32482,37.32087],[128.32548,37.32148],[128.32791,37.32204],[128.32914,37.32258],[128.33003,37.32242],[128.33038,37.32261],[128.33136,37.32181],[128.33174,37.32137],[128.33231,37.32123],[128.33323,37.3207],[128.3337,37.32035],[128.33451,37.32012],[128.33552,37.31848],[128.33686,37.31678],[128.33902,37.31473],[128.34177,37.31258],[128.34313,37.31171],[128.3449,37.3111],[128.34635,37.31065],[128.34904,37.30993],[128.352,37.30925],[128.354,37.30921],[128.35631,37.30895],[128.35759,37.30857],[128.35814,37.3071],[128.35763,37.30594],[128.35901,37.3057],[128.3592,37.30556],[128.36044,37.30518],[128.36137,37.30409],[128.36177,37.30335],[128.36227,37.30268],[128.36272,37.30197],[128.36301,37.30172],[128.36302,37.30119],[128.36294,37.30108],[128.36316,37.30073],[128.36349,37.30041],[128.36348,37.30021],[128.36372,37.2997],[128.36382,37.29911],[128.36411,37.29882],[128.36456,37.29861],[128.3647,37.29846],[128.36546,37.29791],[128.36594,37.29774],[128.36646,37.29737],[128.36726,37.29711],[128.3678,37.29676],[128.36897,37.2963],[128.36903,37.29585],[128.36946,37.29517],[128.37107,37.29438],[128.3713,37.29373],[128.37165,37.29335],[128.37153,37.29324],[128.37124,37.29245],[128.3711,37.29232],[128.37121,37.29162],[128.37134,37.29154],[128.37187,37.29124],[128.37358,37.29071],[128.37372,37.29046],[128.37502,37.29028],[128.37555,37.28992],[128.37608,37.29002],[128.37669,37.28993],[128.37716,37.28939],[128.3787,37.28906],[128.37949,37.28881],[128.38091,37.28869],[128.38271,37.28895],[128.38345,37.28962],[128.38633,37.29124],[128.38779,37.2911],[128.38878,37.29134],[128.38876,37.29185],[128.39021,37.29308],[128.39113,37.29336],[128.39144,37.29389],[128.39296,37.29445],[128.39349,37.29516],[128.39446,37.29594],[128.39639,37.29679],[128.39715,37.29727],[128.39817,37.29733],[128.40015,37.29707],[128.40095,37.29603],[128.40196,37.29567],[128.40268,37.29515],[128.40393,37.2952],[128.40511,37.29445],[128.40609,37.29401],[128.40695,37.29453],[128.40846,37.29429],[128.40885,37.29466],[128.40913,37.29515],[128.40935,37.29606],[128.40877,37.29733],[128.40862,37.29823],[128.4081,37.29941],[128.40733,37.2997],[128.40638,37.30095],[128.40566,37.3016],[128.40606,37.30267],[128.40603,37.30357],[128.40703,37.30494],[128.40663,37.30542],[128.40702,37.30555],[128.40897,37.30649],[128.41044,37.30757],[128.41068,37.30824],[128.41076,37.30873],[128.4097,37.3092],[128.4093,37.30978],[128.40822,37.31087],[128.40735,37.3113],[128.40727,37.31202],[128.40698,37.31255],[128.40707,37.31346],[128.40674,37.31445],[128.40638,37.31485],[128.406,37.31608],[128.40531,37.31662],[128.40513,37.31751],[128.40518,37.31835],[128.40464,37.31966],[128.40469,37.32085],[128.40537,37.32132],[128.40575,37.32211],[128.4067,37.32278],[128.40596,37.32379],[128.40664,37.32491],[128.40735,37.32554],[128.40833,37.32635],[128.40874,37.32713],[128.4099,37.32809],[128.40992,37.32854],[128.41144,37.3295],[128.41145,37.32981],[128.41196,37.33038],[128.41169,37.33144],[128.41121,37.33409],[128.41287,37.33702],[128.41172,37.33857],[128.41304,37.33922],[128.41396,37.33939],[128.41526,37.34054],[128.41726,37.34181],[128.41808,37.34282],[128.41899,37.34337],[128.42059,37.34366],[128.42169,37.34319],[128.42504,37.34295],[128.42575,37.34277],[128.42617,37.34242],[128.42717,37.34221],[128.42971,37.33982],[128.43069,37.3397],[128.43249,37.33973],[128.43309,37.33919],[128.43561,37.33956],[128.43622,37.33925],[128.43679,37.33931],[128.43727,37.33905],[128.43834,37.3389],[128.43965,37.33825],[128.43997,37.33804],[128.4404,37.338],[128.44071,37.33811],[128.44113,37.33809],[128.44203,37.33748],[128.44276,37.33738],[128.44402,37.33693],[128.44557,37.33714],[128.44565,37.3373],[128.4472,37.33766],[128.4487,37.33762],[128.44931,37.33736],[128.45,37.33674],[128.45029,37.33638],[128.45198,37.33566],[128.45282,37.33569],[128.4536,37.33619],[128.45418,37.33686],[128.45503,37.33814],[128.45565,37.34018],[128.45559,37.34091],[128.45646,37.34225],[128.45715,37.34275],[128.45739,37.3432],[128.4583,37.34447],[128.45952,37.34647],[128.46154,37.34712],[128.46352,37.34812],[128.4638,37.35078],[128.46331,37.35092],[128.46296,37.35284],[128.46284,37.35311],[128.46185,37.35326],[128.46165,37.35372],[128.46169,37.35477],[128.46113,37.35584],[128.46129,37.35738],[128.46097,37.35769],[128.46183,37.36024],[128.46153,37.36119],[128.46224,37.36232],[128.46275,37.36273],[128.46321,37.36326],[128.46313,37.36342],[128.46395,37.36406],[128.46397,37.36432],[128.46438,37.36478],[128.46408,37.3655],[128.46351,37.36602],[128.46364,37.36672],[128.46391,37.36739],[128.46395,37.36793],[128.46471,37.36839],[128.4656,37.36985],[128.46618,37.36986],[128.46684,37.37088],[128.46699,37.3716],[128.46671,37.37268],[128.46827,37.3733],[128.46862,37.37356],[128.46804,37.37442],[128.46753,37.37499],[128.46765,37.37637],[128.46797,37.37749],[128.46774,37.37761],[128.46803,37.37861],[128.46759,37.37955],[128.46762,37.3814],[128.46683,37.38184],[128.46651,37.38288],[128.46681,37.38452],[128.4665,37.3847],[128.46607,37.3851],[128.46594,37.386],[128.46697,37.38648],[128.46792,37.38713],[128.46822,37.38773],[128.4687,37.38846],[128.46957,37.38937],[128.46944,37.38992],[128.46976,37.3907],[128.47043,37.39102],[128.47144,37.39167],[128.47213,37.39191],[128.47219,37.39239],[128.47242,37.39273],[128.47305,37.39324],[128.47352,37.39347],[128.47398,37.39476],[128.47394,37.39548],[128.47412,37.39591],[128.47455,37.39596],[128.4754,37.39572],[128.4761,37.39568],[128.47657,37.3958],[128.47665,37.39612],[128.47802,37.39588],[128.47879,37.39749],[128.48158,37.4004],[128.48252,37.40146],[128.48402,37.40298],[128.48632,37.40366],[128.48686,37.40399],[128.48717,37.40451],[128.48883,37.40519],[128.48999,37.40521],[128.49133,37.40567],[128.49147,37.40538],[128.4936,37.40464],[128.49441,37.40452],[128.49539,37.40384],[128.49631,37.40356],[128.4969,37.40388],[128.49829,37.40416],[128.49931,37.40541],[128.49969,37.40555],[128.50179,37.40739],[128.50178,37.40768],[128.50244,37.40818],[128.50296,37.40821],[128.5042,37.40948],[128.5059,37.41032],[128.50838,37.41029],[128.50844,37.41051],[128.50809,37.4109],[128.5083,37.41118],[128.50833,37.41158],[128.50805,37.41199],[128.50796,37.41229],[128.50826,37.41346],[128.50806,37.41478],[128.50791,37.41488],[128.50781,37.41535],[128.50597,37.41656],[128.50625,37.41704],[128.50632,37.41822]]]},"properties":{"code":"32540110","name":"평창읍"}},{"type":"Feature","geometry":{"type":"Polygon","coordinates":[[[128.50838,37.41029],[128.5059,37.41032],[128.5042,37.40948],[128.50296,37.40821],[128.50244,37.40818],[128.50178,37.40768],[128.50179,37.40739],[128.49969,37.40555],[128.49931,37.40541],[128.49829,37.40416],[128.4969,37.40388],[128.49631,37.40356],[128.49539,37.40384],[128.49441,37.40452],[128.4936,37.40464],[128.49147,37.40538],[128.49133,37.40567],[128.48999,37.40521],[128.48883,37.40519],[128.48717,37.40451],[128.48686,37.40399],[128.48632,37.40366],[128.48402,37.40298],[128.48252,37.40146],[128.48158,37.4004],[128.47879,37.39749],[128.47802,37.39588],[128.47665,37.39612],[128.47657,37.3958],[128.4761,37.39568],[128.4754,37.39572],[128.47455,37.39596],[128.47412,37.39591],[128.47394,37.39548],[128.47398,37.39476],[128.47352,37.39347],[128.47305,37.39324],[128.47242,37.39273],[128.47219,37.39239],[128.47213,37.39191],[128.47144,37.39167],[128.47043,37.39102],[128.46976,37.3907],[128.46944,37.38992],[128.46957,37.38937],[128.4687,37.38846],[128.46822,37.38773],[128.46792,37.38713],[128.46697,37.38648],[128.46594,37.386],[128.46607,37.3851],[128.4665,37.3847],[128.46681,37.38452],[128.46651,37.38288],[128.46683,37.38184],[128.46762,37.3814],[128.46759,37.37955],[128.46803,37.37861],[128.46774,37.37761],[128.46797,37.37749],[128.46765,37.37637],[128.46753,37.37499],[128.46804,37.37442],[128.46862,37.37356],[128.46827,37.3733],[128.46671,37.37268],[128.46699,37.3716],[128.46684,37.37088],[128.46618,37.36986],[128.4656,37.36985],[128.46471,37.36839],[128.46395,37.36793],[128.46391,37.36739],[128.46364,37.36672],[128.46351,37.36602],[128.46408,37.3655],[128.46438,37.36478],[128.46397,37.36432],[128.46395,37.36406],[128.46313,37.36342],[128.46321,37.36326],[128.46275,37.36273],[128.46224,37.36232],[128.46153,37.36119],[128.46183,37.36024],[128.46097,37.35769],[128.46129,37.35738],[128.46113,37.35584],[128.46169,37.35477],[128.46165,37.35372],[128.46185,37.35326],[128.46284,37.35311],[128.46296,37.35284],[128.46331,37.35092],[128.4638,37.35078],[128.46352,37.34812],[128.46154,37.34712],[128.45952,37.34647],[128.4583,37.34447],[128.45739,37.3432],[128.45715,37.34275],[128.45646,37.34225],[128.45559,37.34091],[128.45565,37.34018],[128.45503,37.33814],[128.45418,37.33686],[128.4536,37.33619],[128.45282,37.33569],[128.45397,37.33374],[128.45374,37.33287],[128.45401,37.3321],[128.45606,37.33071],[128.45778,37.32866],[128.45855,37.32807],[128.45904,37.32744],[128.45938,37.32721],[128.45966,37.3261],[128.4603,37.32576],[128.46303,37.32418],[128.4634,37.32276],[128.46377,37.32225],[128.46391,37.32153],[128.46366,37.32098],[128.46471,37.31935],[128.46417,37.31888],[128.46331,37.31834],[128.46382,37.31768],[128.46397,37.31736],[128.46439,37.31703],[128.46443,37.31654],[128.46273,37.31533],[128.46218,37.31443],[128.46129,37.31265],[128.46115,37.31126],[128.46145,37.31091],[128.46174,37.30993],[128.46208,37.30956],[128.46247,37.30849],[128.46309,37.30823],[128.46354,37.3076],[128.46401,37.30743],[128.46471,37.30668],[128.46513,37.30672],[128.46604,37.30655],[128.46825,37.30686],[128.46903,37.3071],[128.46985,37.30703],[128.4706,37.30691],[128.47122,37.30674],[128.47233,37.30622],[128.47307,37.30623],[128.47614,37.30427],[128.47717,37.30423],[128.47893,37.30354],[128.47993,37.30287],[128.48135,37.30259],[128.48314,37.30247],[128.48402,37.30252],[128.48475,37.30281],[128.48536,37.30292],[128.48735,37.30257],[128.48847,37.30275],[128.48926,37.30266],[128.48973,37.30244],[128.49297,37.30232],[128.49346,37.30249],[128.49482,37.3027],[128.49522,37.30306],[128.49669,37.3034],[128.49712,37.30315],[128.49725,37.30266],[128.49753,37.30216],[128.49774,37.3012],[128.49758,37.30029],[128.49771,37.29995],[128.49808,37.29951],[128.49826,37.29895],[128.49815,37.29817],[128.49917,37.29714],[128.49956,37.29632],[128.50008,37.29579],[128.50023,37.2952],[128.50012,37.29477],[128.50024,37.29437],[128.50019,37.29373],[128.50023,37.29324],[128.50087,37.29299],[128.50057,37.29225],[128.50073,37.29192],[128.50053,37.29157],[128.50048,37.29082],[128.50088,37.28929],[128.50096,37.2893],[128.50214,37.28951],[128.50254,37.28927],[128.50295,37.2892],[128.50355,37.28895],[128.50401,37.28892],[128.50502,37.28875],[128.50553,37.28887],[128.50678,37.28873],[128.50878,37.28878],[128.50893,37.28927],[128.5097,37.28953],[128.51016,37.28937],[128.51075,37.28894],[128.51099,37.28836],[128.51198,37.28821],[128.51293,37.2874],[128.51354,37.28739],[128.51549,37.28764],[128.51758,37.28758],[128.51843,37.28802],[128.51885,37.2878],[128.51935,37.28799],[128.51982,37.28762],[128.52025,37.28777],[128.52073,37.28781],[128.52117,37.28797],[128.52136,37.28867],[128.52251,37.28985],[128.52284,37.2897],[128.52553,37.28991],[128.52599,37.28981],[128.52653,37.29008],[128.5272,37.29027],[128.52733,37.29052],[128.52766,37.29066],[128.52846,37.29212],[128.52902,37.29248],[128.52967,37.29188],[128.53036,37.29154],[128.5316,37.29052],[128.5327,37.28955],[128.5333,37.2883],[128.53447,37.28579],[128.53593,37.28388],[128.53695,37.28478],[128.5377,37.28495],[128.53805,37.28472],[128.53994,37.28529],[128.54134,37.28648],[128.54323,37.28562],[128.54426,37.2869],[128.54497,37.2874],[128.54785,37.28866],[128.54939,37.28916],[128.55253,37.28919],[128.55643,37.28852],[128.55942,37.2861],[128.56179,37.28311],[128.56237,37.28177],[128.56332,37.28053],[128.56453,37.27927],[128.56535,37.27903],[128.5665,37.27882],[128.56723,37.279],[128.56811,37.27944],[128.57083,37.28063],[128.57213,37.28073],[128.57365,37.28035],[128.57474,37.27972],[128.57541,37.27882],[128.57587,37.27761],[128.57606,37.27645],[128.57647,37.2751],[128.57709,37.27438],[128.57728,37.27468],[128.57827,37.27321],[128.579,37.27116],[128.57773,37.26885],[128.57602,37.26828],[128.57591,37.26712],[128.57683,37.26698],[128.5772,37.26706],[128.5779,37.26696],[128.57864,37.26691],[128.57924,37.26702],[128.57956,37.2669],[128.58096,37.26663],[128.58203,37.26672],[128.58182,37.26763],[128.58145,37.26781],[128.58184,37.26871],[128.58239,37.26976],[128.5821,37.27067],[128.58215,37.27084],[128.58296,37.27151],[128.58304,37.27188],[128.58338,37.27234],[128.58409,37.27309],[128.58427,37.27421],[128.58485,37.27469],[128.58508,37.2751],[128.58546,37.27526],[128.58613,37.27511],[128.58709,37.27548],[128.58713,37.27584],[128.58782,37.276],[128.58833,37.27623],[128.58889,37.27679],[128.58918,37.2774],[128.59018,37.27791],[128.59031,37.27816],[128.59072,37.27827],[128.59132,37.27821],[128.59202,37.27831],[128.59241,37.27874],[128.59281,37.27908],[128.59341,37.27947],[128.59427,37.27977],[128.59503,37.27982],[128.5961,37.28008],[128.59631,37.28109],[128.59624,37.28221],[128.59635,37.28262],[128.59514,37.28452],[128.59413,37.28512],[128.59325,37.28665],[128.59251,37.28736],[128.59092,37.28754],[128.58941,37.28952],[128.58941,37.29044],[128.58859,37.29146],[128.58637,37.29337],[128.58509,37.29399],[128.58303,37.29395],[128.58293,37.29493],[128.58129,37.29684],[128.58108,37.29745],[128.58063,37.29783],[128.58027,37.29856],[128.58,37.29878],[128.57969,37.29873],[128.5803,37.3004],[128.58123,37.30146],[128.58145,37.30156],[128.58218,37.3023],[128.58288,37.30358],[128.58315,37.30425],[128.58339,37.3046],[128.58421,37.30492],[128.58461,37.30656],[128.58396,37.3082],[128.58322,37.30861],[128.58348,37.30933],[128.5839,37.31004],[128.58396,37.3106],[128.58325,37.31074],[128.58314,37.31089],[128.58259,37.31095],[128.58162,37.31138],[128.58117,37.31143],[128.58069,37.31172],[128.58059,37.31193],[128.5801,37.31256],[128.5798,37.31319],[128.5797,37.31383],[128.57929,37.31423],[128.57873,37.31451],[128.57851,37.31493],[128.57786,37.31551],[128.57756,37.31663],[128.57725,37.31662],[128.57702,37.31686],[128.57673,37.31789],[128.57617,37.31869],[128.57623,37.31899],[128.57575,37.31972],[128.57592,37.32044],[128.57564,37.32081],[128.5752,37.32123],[128.57517,37.32147],[128.57482,37.32191],[128.57461,37.32233],[128.57389,37.32297],[128.5735,37.3241],[128.57359,37.32438],[128.57207,37.32497],[128.57096,37.3252],[128.57078,37.32568],[128.57107,37.32658],[128.57075,37.32741],[128.57028,37.32764],[128.57,37.32855],[128.5699,37.3287],[128.57003,37.32906],[128.57,37.32973],[128.56985,37.33011],[128.5694,37.33066],[128.56915,37.33121],[128.5691,37.33179],[128.56895,37.33261],[128.56908,37.33286],[128.56907,37.33348],[128.5686,37.33451],[128.56862,37.33477],[128.56926,37.3351],[128.56991,37.33587],[128.56969,37.33628],[128.56937,37.33662],[128.56861,37.33721],[128.56802,37.33789],[128.56785,37.33792],[128.56756,37.3384],[128.56659,37.33958],[128.56646,37.3402],[128.56624,37.34051],[128.56626,37.34116],[128.56607,37.34154],[128.56624,37.3418],[128.56621,37.34303],[128.56589,37.34455],[128.56621,37.34531],[128.56546,37.34606],[128.56536,37.34629],[128.56486,37.34654],[128.56443,37.34723],[128.56344,37.34748],[128.56227,37.34859],[128.5611,37.34897],[128.56022,37.35058],[128.55853,37.3509],[128.55832,37.35099],[128.55837,37.35142],[128.55753,37.35227],[128.5567,37.35283],[128.55606,37.35285],[128.55485,37.3532],[128.554,37.35374],[128.55275,37.35381],[128.55197,37.35414],[128.55182,37.35446],[128.55011,37.35476],[128.54823,37.35452],[128.54721,37.3549],[128.54844,37.35739],[128.54832,37.35787],[128.54886,37.35846],[128.54899,37.35904],[128.54945,37.35935],[128.55095,37.35978],[128.55106,37.36008],[128.55252,37.36105],[128.55233,37.36252],[128.55354,37.36417],[128.55339,37.36463],[128.55337,37.36709],[128.55347,37.36726],[128.55308,37.36966],[128.55328,37.37025],[128.5537,37.37053],[128.55315,37.37073],[128.55212,37.37133],[128.55119,37.37261],[128.55094,37.37309],[128.55035,37.37392],[128.5498,37.376],[128.54819,37.37735],[128.54805,37.37831],[128.54726,37.37886],[128.5467,37.379],[128.54651,37.37933],[128.54559,37.37978],[128.54536,37.38034],[128.54528,37.38083],[128.5447,37.38193],[128.54459,37.38251],[128.54481,37.38273],[128.54478,37.38444],[128.54531,37.38601],[128.54441,37.38668],[128.54429,37.38708],[128.54315,37.38755],[128.54253,37.38748],[128.5424,37.38852],[128.54259,37.38884],[128.5427,37.3894],[128.54181,37.39052],[128.54133,37.39091],[128.54096,37.39136],[128.54057,37.39221],[128.54012,37.39274],[128.5405,37.39475],[128.54061,37.39591],[128.54043,37.39683],[128.53983,37.39721],[128.53883,37.39861],[128.53879,37.39921],[128.53889,37.39969],[128.53668,37.40014],[128.53589,37.40027],[128.53532,37.40044],[128.53462,37.40055],[128.53361,37.40051],[128.53279,37.40019],[128.53208,37.40015],[128.52993,37.39966],[128.52924,37.4004],[128.52849,37.40064],[128.52737,37.40135],[128.5272,37.40133],[128.52658,37.40174],[128.52612,37.40164],[128.52476,37.40233],[128.52339,37.4027],[128.52238,37.4025],[128.52143,37.40276],[128.52091,37.40336],[128.51972,37.40374],[128.51834,37.40384],[128.51794,37.40368],[128.5159,37.40354],[128.51552,37.40347],[128.51393,37.40411],[128.51319,37.40499],[128.51239,37.40587],[128.5119,37.40693],[128.51065,37.40893],[128.50929,37.40933],[128.50917,37.40976],[128.50838,37.41029]]]},"properties":{"code":"32540310","name":"미탄면"}},{"type":"Feature","geometry":{"type":"Polygon","coordinates":[[[128.29736,37.51181],[128.29635,37.51168],[128.29454,37.51182],[128.2931,37.51149],[128.29281,37.51164],[128.29202,37.51134],[128.29099,37.51124],[128.29078,37.51102],[128.29067,37.51039],[128.28973,37.50972],[128.2898,37.5086],[128.29006,37.50739],[128.28982,37.507],[128.28872,37.50682],[128.28799,37.50705],[128.28667,37.50706],[128.2857,37.50733],[128.28571,37.50703],[128.28461,37.5054],[128.28357,37.50473],[128.28287,37.50391],[128.28175,37.50411],[128.28009,37.5031],[128.27868,37.50257],[128.27682,37.50252],[128.27738,37.50165],[128.27699,37.50124],[128.27651,37.501],[128.27627,37.50054],[128.27603,37.50035],[128.27571,37.49964],[128.27537,37.49917],[128.27493,37.49843],[128.2748,37.49758],[128.2745,37.49748],[128.27324,37.49768],[128.2727,37.49703],[128.27241,37.4964],[128.27182,37.49611],[128.27215,37.49546],[128.27137,37.49533],[128.27071,37.4948],[128.27053,37.49426],[128.27009,37.49403],[128.27004,37.49348],[128.26967,37.49325],[128.26965,37.49306],[128.26904,37.4927],[128.26843,37.4926],[128.26821,37.49228],[128.268,37.49159],[128.26805,37.49074],[128.2683,37.49015],[128.26786,37.48985],[128.26713,37.48874],[128.26708,37.48828],[128.26695,37.48808],[128.26699,37.48732],[128.26666,37.48678],[128.26589,37.48666],[128.2652,37.48637],[128.26488,37.48614],[128.26487,37.48542],[128.26386,37.48463],[128.26269,37.48475],[128.26159,37.48452],[128.2601,37.48412],[128.25913,37.4837],[128.25876,37.48345],[128.25812,37.48351],[128.25766,37.48333],[128.25725,37.48297],[128.25537,37.48186],[128.25481,37.48178],[128.25434,37.48161],[128.25346,37.4814],[128.25286,37.4812],[128.25256,37.48132],[128.25077,37.48102],[128.25008,37.48112],[128.24908,37.48073],[128.24833,37.48069],[128.2478,37.4806],[128.24694,37.48066],[128.24617,37.48032],[128.24509,37.48009],[128.24449,37.48029],[128.2443,37.48012],[128.24363,37.47998],[128.24353,37.47972],[128.24388,37.47911],[128.24386,37.47879],[128.24409,37.47795],[128.24448,37.47785],[128.24496,37.47746],[128.24482,37.47725],[128.24487,37.47647],[128.2446,37.47631],[128.24482,37.47568],[128.24481,37.47498],[128.24462,37.47446],[128.24496,37.47386],[128.24495,37.47366],[128.24467,37.47348],[128.24485,37.47331],[128.24498,37.47168],[128.24484,37.47124],[128.2447,37.47037],[128.24475,37.47012],[128.24458,37.46919],[128.24466,37.46885],[128.24355,37.46835],[128.24458,37.46773],[128.24471,37.46741],[128.24509,37.46709],[128.24601,37.46675],[128.24667,37.46622],[128.24655,37.46608],[128.24659,37.46521],[128.24628,37.46505],[128.24648,37.46446],[128.24644,37.46377],[128.24624,37.46327],[128.24659,37.46268],[128.24657,37.46243],[128.24629,37.46224],[128.24644,37.46208],[128.24655,37.46051],[128.24642,37.46028],[128.24582,37.45803],[128.24559,37.45806],[128.2454,37.45787],[128.24504,37.4572],[128.24508,37.45666],[128.24489,37.45588],[128.24506,37.45525],[128.24475,37.45453],[128.24496,37.45396],[128.24579,37.45347],[128.24607,37.45324],[128.2457,37.45226],[128.24542,37.45173],[128.24562,37.45125],[128.24588,37.451],[128.24598,37.4502],[128.24651,37.44877],[128.24658,37.44787],[128.24672,37.44696],[128.24628,37.44599],[128.24657,37.44525],[128.24707,37.44495],[128.24728,37.44351],[128.24756,37.44307],[128.24779,37.44233],[128.24767,37.44201],[128.24816,37.44167],[128.24865,37.44103],[128.24898,37.44083],[128.24966,37.44079],[128.2506,37.44091],[128.25132,37.4409],[128.25195,37.44112],[128.25243,37.44108],[128.25347,37.44077],[128.25426,37.44069],[128.25574,37.43993],[128.25691,37.43928],[128.25719,37.43882],[128.25773,37.4385],[128.25778,37.43813],[128.2576,37.43756],[128.25742,37.43656],[128.25701,37.43598],[128.25716,37.43557],[128.25676,37.43484],[128.25657,37.43388],[128.25603,37.43352],[128.2559,37.43241],[128.25633,37.43178],[128.25625,37.43074],[128.25599,37.4303],[128.25613,37.43005],[128.2562,37.42958],[128.25514,37.4295],[128.25487,37.42918],[128.25435,37.4288],[128.25413,37.42828],[128.25409,37.42796],[128.25429,37.42786],[128.25464,37.42747],[128.25501,37.42676],[128.25562,37.42629],[128.25577,37.42623],[128.25608,37.42585],[128.2569,37.42452],[128.25788,37.42403],[128.25831,37.42319],[128.25798,37.4228],[128.25815,37.42243],[128.25784,37.42165],[128.25837,37.42095],[128.25867,37.42019],[128.2592,37.41688],[128.2607,37.41632],[128.26088,37.41574],[128.26107,37.41543],[128.26118,37.41489],[128.26169,37.41403],[128.26258,37.413],[128.26312,37.41166],[128.26347,37.41148],[128.26424,37.4109],[128.26429,37.41043],[128.26486,37.40963],[128.26503,37.40869],[128.26548,37.40844],[128.26664,37.40857],[128.26705,37.40877],[128.26787,37.40889],[128.26831,37.40867],[128.26907,37.40874],[128.26986,37.40867],[128.27096,37.40882],[128.27146,37.40896],[128.27225,37.40871],[128.27252,37.40846],[128.27343,37.4084],[128.27414,37.40785],[128.27483,37.40741],[128.27555,37.40746],[128.27596,37.40731],[128.27647,37.40724],[128.27679,37.40732],[128.27749,37.40695],[128.27844,37.40652],[128.27892,37.40654],[128.28011,37.40681],[128.28052,37.40666],[128.28141,37.40689],[128.28282,37.40666],[128.28311,37.40656],[128.28378,37.40619],[128.28417,37.40515],[128.28504,37.40474],[128.28593,37.40442],[128.28647,37.40415],[128.28708,37.40403],[128.28831,37.40354],[128.28854,37.40338],[128.28922,37.40315],[128.28998,37.403],[128.29105,37.40261],[128.29231,37.40205],[128.29327,37.40213],[128.29433,37.40101],[128.29503,37.40106],[128.29552,37.40162],[128.29578,37.40168],[128.29661,37.40254],[128.29694,37.40263],[128.29764,37.4024],[128.29794,37.40242],[128.29896,37.4022],[128.29935,37.40229],[128.30038,37.40223],[128.3009,37.40247],[128.30116,37.40326],[128.30165,37.40394],[128.3026,37.4048],[128.30382,37.40544],[128.30429,37.40581],[128.30487,37.40617],[128.30514,37.40645],[128.30566,37.40728],[128.30804,37.40789],[128.30893,37.40801],[128.3108,37.4099],[128.31115,37.41005],[128.31137,37.41041],[128.31227,37.41063],[128.31303,37.41097],[128.31378,37.41149],[128.31546,37.41199],[128.31668,37.41178],[128.31758,37.41141],[128.3179,37.41145],[128.31848,37.41166],[128.31884,37.4116],[128.32009,37.41123],[128.32123,37.41162],[128.32193,37.41199],[128.32283,37.4122],[128.32359,37.41215],[128.32409,37.41251],[128.32482,37.41269],[128.32564,37.41315],[128.32674,37.41284],[128.32918,37.4128],[128.33011,37.41323],[128.33162,37.41315],[128.33076,37.41499],[128.33018,37.41562],[128.32955,37.41662],[128.32931,37.41726],[128.32972,37.41751],[128.33111,37.41872],[128.33185,37.42066],[128.333,37.42196],[128.33488,37.42283],[128.33554,37.42304],[128.33583,37.42348],[128.33707,37.42415],[128.3384,37.42421],[128.34014,37.42473],[128.34208,37.42502],[128.34312,37.42492],[128.34375,37.42509],[128.34432,37.42537],[128.34577,37.42525],[128.34702,37.42504],[128.34803,37.42528],[128.34883,37.4256],[128.35079,37.42623],[128.35347,37.42638],[128.35405,37.42651],[128.35602,37.42603],[128.35675,37.42611],[128.3587,37.42546],[128.3612,37.42644],[128.36356,37.42679],[128.36649,37.42727],[128.36885,37.42797],[128.3703,37.42831],[128.3726,37.42742],[128.3727,37.42725],[128.3768,37.42556],[128.3773,37.42547],[128.37706,37.42223],[128.37715,37.4213],[128.37725,37.42091],[128.37838,37.42006],[128.37989,37.41875],[128.38046,37.4182],[128.38316,37.41793],[128.38325,37.41797],[128.38451,37.41763],[128.38514,37.41788],[128.38597,37.41805],[128.38813,37.41754],[128.38857,37.41774],[128.3894,37.41856],[128.38952,37.4194],[128.38902,37.41983],[128.3885,37.42092],[128.38997,37.42116],[128.39075,37.4208],[128.39181,37.42022],[128.39272,37.41993],[128.39348,37.41988],[128.39407,37.41948],[128.39429,37.41859],[128.39426,37.41809],[128.39554,37.4171],[128.39594,37.41706],[128.39621,37.41688],[128.39637,37.41628],[128.39675,37.41594],[128.3976,37.41584],[128.39788,37.41553],[128.39871,37.41495],[128.39976,37.41407],[128.40079,37.41441],[128.40138,37.41468],[128.40246,37.41458],[128.40288,37.41476],[128.40399,37.41479],[128.40523,37.41621],[128.40614,37.41619],[128.40811,37.41595],[128.40891,37.41654],[128.40972,37.41663],[128.41189,37.41891],[128.41213,37.41913],[128.41285,37.41999],[128.41391,37.42013],[128.4149,37.42043],[128.41524,37.42097],[128.41676,37.42062],[128.41765,37.42031],[128.41893,37.42036],[128.42014,37.42028],[128.4205,37.42031],[128.42038,37.41982],[128.42093,37.41978],[128.42323,37.41943],[128.42671,37.4186],[128.42928,37.4179],[128.43018,37.41699],[128.43077,37.41684],[128.43194,37.41601],[128.43388,37.41422],[128.43446,37.4141],[128.43774,37.41282],[128.43793,37.41338],[128.43863,37.41461],[128.43918,37.41569],[128.43964,37.41719],[128.43992,37.41747],[128.44088,37.41896],[128.44199,37.42079],[128.44202,37.42139],[128.44267,37.42299],[128.44286,37.42416],[128.44325,37.42509],[128.44398,37.42594],[128.44465,37.42625],[128.44551,37.42627],[128.44605,37.42646],[128.44683,37.42686],[128.44804,37.42805],[128.44772,37.42926],[128.44708,37.42993],[128.44673,37.4307],[128.44653,37.43274],[128.44593,37.43494],[128.44608,37.43734],[128.44626,37.43793],[128.44577,37.43982],[128.44556,37.44082],[128.44524,37.44146],[128.4457,37.44239],[128.44617,37.44277],[128.44565,37.44405],[128.44567,37.44422],[128.44524,37.44449],[128.44481,37.44535],[128.44444,37.44553],[128.44423,37.44664],[128.44318,37.44741],[128.44245,37.44766],[128.44219,37.44806],[128.4417,37.44814],[128.44068,37.44799],[128.43986,37.44813],[128.43939,37.44832],[128.43949,37.44867],[128.43938,37.44895],[128.43903,37.44904],[128.43819,37.44899],[128.43643,37.44894],[128.43443,37.44894],[128.43259,37.45037],[128.43111,37.4515],[128.43029,37.45229],[128.42966,37.45274],[128.42864,37.45363],[128.4285,37.4541],[128.42846,37.45451],[128.42706,37.45399],[128.42568,37.45318],[128.42408,37.45272],[128.42317,37.45273],[128.4215,37.45294],[128.42103,37.45322],[128.41915,37.45269],[128.41901,37.45174],[128.41905,37.45154],[128.41804,37.45082],[128.41632,37.44943],[128.41664,37.44867],[128.41644,37.4482],[128.41509,37.44733],[128.41358,37.4465],[128.41326,37.44638],[128.41244,37.44629],[128.4105,37.44658],[128.40953,37.44718],[128.40727,37.44822],[128.40579,37.44942],[128.40451,37.44988],[128.40402,37.45001],[128.40134,37.45084],[128.40087,37.45123],[128.39999,37.45167],[128.39805,37.45198],[128.39743,37.45164],[128.39637,37.45081],[128.39462,37.45153],[128.39426,37.4519],[128.3927,37.45191],[128.39168,37.4525],[128.38997,37.453],[128.38899,37.45313],[128.38917,37.45393],[128.3887,37.45461],[128.38768,37.4554],[128.38748,37.45578],[128.38669,37.45625],[128.38625,37.45664],[128.38542,37.45671],[128.38452,37.4566],[128.38301,37.45687],[128.38085,37.45679],[128.37993,37.45695],[128.37743,37.45838],[128.37615,37.45848],[128.37571,37.45824],[128.37451,37.45693],[128.37365,37.45663],[128.37234,37.45712],[128.37193,37.45869],[128.37124,37.45943],[128.36957,37.45991],[128.3678,37.46216],[128.36725,37.46241],[128.36711,37.4629],[128.36711,37.46325],[128.3664,37.46404],[128.36568,37.46497],[128.36388,37.46489],[128.36339,37.46543],[128.36246,37.46566],[128.36219,37.46567],[128.36143,37.46651],[128.36054,37.46707],[128.36005,37.46754],[128.36046,37.46805],[128.36068,37.46918],[128.36106,37.46949],[128.36106,37.47008],[128.36137,37.47126],[128.36159,37.47161],[128.36134,37.47299],[128.36112,37.47323],[128.36059,37.47411],[128.36081,37.4746],[128.36069,37.47486],[128.36053,37.47591],[128.35957,37.47639],[128.35833,37.47633],[128.35756,37.4769],[128.35612,37.47696],[128.35591,37.47795],[128.35549,37.47824],[128.3557,37.47915],[128.3558,37.47931],[128.35538,37.47973],[128.35537,37.48029],[128.35487,37.48122],[128.35443,37.4823],[128.35324,37.4833],[128.3532,37.48375],[128.35349,37.48506],[128.35313,37.48576],[128.35345,37.48629],[128.35333,37.48687],[128.3536,37.48808],[128.35361,37.48876],[128.35429,37.48927],[128.35424,37.49023],[128.35213,37.49006],[128.35165,37.48984],[128.35094,37.48988],[128.35056,37.4904],[128.35018,37.49049],[128.3497,37.49035],[128.34907,37.49063],[128.34832,37.49047],[128.34697,37.49108],[128.34498,37.49157],[128.34421,37.49287],[128.3438,37.49341],[128.34361,37.49349],[128.34296,37.4944],[128.34245,37.49573],[128.34224,37.49639],[128.34232,37.49773],[128.34219,37.49855],[128.3416,37.49965],[128.34012,37.49949],[128.3394,37.4998],[128.339,37.50008],[128.33855,37.50004],[128.33684,37.50008],[128.3364,37.5004],[128.33542,37.50052],[128.3345,37.5014],[128.33415,37.50224],[128.33356,37.50234],[128.33328,37.50249],[128.33258,37.50231],[128.33161,37.50271],[128.33086,37.50282],[128.33,37.5031],[128.32895,37.50313],[128.32791,37.50358],[128.32579,37.50346],[128.32532,37.50371],[128.32494,37.50408],[128.32479,37.50435],[128.32256,37.50531],[128.32175,37.50539],[128.32038,37.50517],[128.31973,37.50531],[128.31868,37.50523],[128.31821,37.50542],[128.31774,37.50596],[128.31775,37.50632],[128.31727,37.50658],[128.31721,37.5071],[128.31688,37.50735],[128.31596,37.50792],[128.31545,37.50829],[128.31512,37.50869],[128.31429,37.50888],[128.31345,37.50963],[128.31311,37.50955],[128.31279,37.50962],[128.31205,37.50998],[128.31134,37.51046],[128.31043,37.51062],[128.30975,37.51061],[128.30755,37.51157],[128.30683,37.51136],[128.30606,37.51133],[128.30501,37.51119],[128.30424,37.51095],[128.30269,37.5109],[128.30174,37.51137],[128.30053,37.51134],[128.29948,37.51104],[128.29919,37.51118],[128.29736,37.51181]]]},"properties":{"code":"32540320","name":"방림면"}},{"type":"Feature","geometry":{"type":"Polygon","coordinates":[[[128.5238,37.46359],[128.5236,37.46362],[128.52211,37.46528],[128.52154,37.46702],[128.52163,37.46733],[128.52115,37.4689],[128.52004,37.47005],[128.5194,37.47043],[128.51872,37.47117],[128.51561,37.47031],[128.51359,37.47013],[128.51232,37.47048],[128.51136,37.47029],[128.51074,37.47061],[128.50889,37.47079],[128.50794,37.47075],[128.50717,37.47092],[128.50661,37.47173],[128.50532,37.47215],[128.50401,37.4734],[128.50348,37.47462],[128.50281,37.47456],[128.50181,37.47535],[128.50126,37.47682],[128.50054,37.47775],[128.50062,37.47875],[128.50003,37.47995],[128.49957,37.48043],[128.49861,37.48078],[128.49636,37.48121],[128.4937,37.48293],[128.49431,37.48733],[128.49488,37.48865],[128.49451,37.48941],[128.49565,37.49108],[128.49786,37.49289],[128.49822,37.49518],[128.49808,37.49654],[128.49853,37.49787],[128.49805,37.49937],[128.4989,37.5003],[128.49897,37.5011],[128.49992,37.50217],[128.50012,37.50398],[128.5004,37.50426],[128.50051,37.5048],[128.50265,37.5052],[128.5038,37.50553],[128.50415,37.50585],[128.50466,37.50662],[128.50597,37.50756],[128.50605,37.50796],[128.50975,37.50971],[128.5103,37.51016],[128.50985,37.51113],[128.50927,37.51145],[128.50779,37.51348],[128.50782,37.51405],[128.50585,37.51635],[128.50569,37.51684],[128.50568,37.51851],[128.50558,37.5189],[128.50498,37.51998],[128.50519,37.52026],[128.50588,37.52073],[128.50733,37.52207],[128.5078,37.52384],[128.50828,37.52423],[128.50916,37.52571],[128.51001,37.52769],[128.51123,37.52852],[128.51134,37.52895],[128.51194,37.52939],[128.51221,37.52995],[128.51301,37.53053],[128.51345,37.53139],[128.51415,37.53183],[128.51489,37.53376],[128.51519,37.53531],[128.51503,37.5366],[128.51466,37.53707],[128.51487,37.53785],[128.51527,37.53841],[128.51573,37.53974],[128.51517,37.54034],[128.51469,37.54049],[128.51441,37.54101],[128.51441,37.54133],[128.51411,37.54153],[128.51314,37.54354],[128.51191,37.54536],[128.51084,37.54669],[128.50966,37.54866],[128.50912,37.54997],[128.50846,37.55214],[128.50884,37.5535],[128.5088,37.55456],[128.50911,37.55493],[128.50912,37.5554],[128.50986,37.55685],[128.51001,37.55748],[128.51031,37.55797],[128.51023,37.55851],[128.5095,37.55922],[128.50771,37.56039],[128.50706,37.56192],[128.50687,37.56263],[128.50607,37.56373],[128.50583,37.5654],[128.50575,37.56697],[128.50537,37.56742],[128.50418,37.56896],[128.50413,37.56978],[128.50341,37.57105],[128.50471,37.57263],[128.50345,37.57377],[128.50284,37.57564],[128.50264,37.57588],[128.50134,37.57643],[128.50112,37.57696],[128.4997,37.5784],[128.49999,37.57913],[128.49889,37.58127],[128.49914,37.58197],[128.49969,37.58244],[128.50133,37.58286],[128.50169,37.58357],[128.50239,37.58535],[128.50238,37.58606],[128.50171,37.58637],[128.50114,37.58715],[128.50122,37.58777],[128.50078,37.58844],[128.50084,37.58898],[128.49923,37.58983],[128.49749,37.59065],[128.4956,37.59066],[128.49292,37.59138],[128.49221,37.59133],[128.49002,37.58956],[128.48918,37.58934],[128.48846,37.5888],[128.48644,37.58829],[128.48123,37.58547],[128.47972,37.58407],[128.47927,37.58392],[128.47868,37.58298],[128.47871,37.58242],[128.47757,37.58087],[128.47767,37.5804],[128.47593,37.58009],[128.47527,37.58012],[128.47283,37.58079],[128.47157,37.58078],[128.47057,37.58107],[128.46979,37.5809],[128.46888,37.58132],[128.46826,37.58149],[128.4673,37.58166],[128.46577,37.58226],[128.46463,37.58224],[128.46309,37.58177],[128.46146,37.58265],[128.45922,37.58179],[128.45832,37.58057],[128.45884,37.57973],[128.45869,37.57916],[128.45935,37.57738],[128.45919,37.5765],[128.45951,37.57608],[128.45959,37.57566],[128.45932,37.57492],[128.45924,37.57432],[128.45856,37.57336],[128.45856,37.57247],[128.45883,37.57118],[128.45823,37.56998],[128.459,37.56852],[128.45875,37.56785],[128.45898,37.56659],[128.45763,37.56539],[128.45706,37.565],[128.45487,37.56183],[128.45462,37.56112],[128.45424,37.56047],[128.45417,37.55958],[128.45369,37.55895],[128.45253,37.55875],[128.45139,37.55921],[128.45106,37.55778],[128.45031,37.55672],[128.44933,37.55722],[128.44847,37.55738],[128.44761,37.55759],[128.44648,37.55773],[128.44665,37.55717],[128.44627,37.55648],[128.44626,37.55621],[128.44486,37.55576],[128.44396,37.55565],[128.44325,37.55538],[128.44284,37.55547],[128.44178,37.55531],[128.4415,37.55533],[128.441,37.55509],[128.44023,37.55539],[128.43958,37.55552],[128.43857,37.55545],[128.43789,37.55573],[128.43756,37.55564],[128.43719,37.5557],[128.43708,37.55586],[128.4368,37.55586],[128.43589,37.55545],[128.4352,37.55554],[128.43491,37.5553],[128.43475,37.55559],[128.43447,37.55586],[128.43404,37.55566],[128.43366,37.55521],[128.43349,37.55523],[128.43307,37.55478],[128.43229,37.55441],[128.4318,37.5543],[128.43127,37.55458],[128.43078,37.5544],[128.43027,37.55453],[128.42974,37.55433],[128.42906,37.5542],[128.42867,37.55431],[128.42757,37.55445],[128.42673,37.55446],[128.42646,37.5543],[128.42611,37.55446],[128.42587,37.55469],[128.42486,37.55455],[128.42453,37.55402],[128.42417,37.55418],[128.42445,37.55476],[128.42479,37.55522],[128.42424,37.55532],[128.42379,37.555],[128.42358,37.5545],[128.42312,37.55474],[128.42296,37.55507],[128.42222,37.55516],[128.42196,37.55531],[128.42096,37.55527],[128.42019,37.55512],[128.41957,37.55512],[128.41247,37.55455],[128.41486,37.54137],[128.41795,37.54003],[128.42389,37.52756],[128.42342,37.52501],[128.42377,37.52428],[128.42371,37.5237],[128.42338,37.52307],[128.42349,37.52267],[128.42313,37.52237],[128.42287,37.52178],[128.42289,37.52154],[128.42237,37.52109],[128.42212,37.52051],[128.42152,37.51997],[128.42092,37.51998],[128.42017,37.51978],[128.41919,37.51966],[128.41822,37.51976],[128.41612,37.51956],[128.41521,37.51958],[128.41332,37.51995],[128.41162,37.52043],[128.41029,37.52075],[128.409,37.52157],[128.40855,37.52222],[128.40755,37.52254],[128.40701,37.52322],[128.4062,37.52332],[128.40545,37.52312],[128.40398,37.52339],[128.40113,37.52437],[128.40031,37.52458],[128.39701,37.52435],[128.39756,37.52368],[128.39763,37.52346],[128.39764,37.52247],[128.39735,37.52167],[128.39556,37.52065],[128.39484,37.52051],[128.39304,37.51974],[128.39145,37.51936],[128.38885,37.51905],[128.38628,37.51895],[128.38569,37.51885],[128.38492,37.51928],[128.3831,37.51966],[128.38213,37.51978],[128.38129,37.51964],[128.38043,37.51966],[128.38005,37.52006],[128.37969,37.52026],[128.37933,37.52009],[128.37771,37.51999],[128.37744,37.51991],[128.37635,37.52004],[128.3757,37.52035],[128.37522,37.52033],[128.37489,37.52045],[128.37356,37.5202],[128.37318,37.52033],[128.37237,37.52038],[128.37153,37.52007],[128.37044,37.52057],[128.36895,37.52059],[128.36804,37.52066],[128.36783,37.52106],[128.3672,37.52146],[128.36645,37.52199],[128.36617,37.5219],[128.36567,37.52192],[128.36545,37.52181],[128.36488,37.5217],[128.36392,37.52168],[128.36288,37.52137],[128.36042,37.52084],[128.3596,37.5201],[128.35908,37.52001],[128.35856,37.51967],[128.35759,37.51948],[128.35717,37.51945],[128.35683,37.51933],[128.35634,37.5196],[128.3556,37.51937],[128.35454,37.51942],[128.35335,37.51959],[128.35183,37.51926],[128.35099,37.51875],[128.35032,37.51865],[128.34962,37.51768],[128.34887,37.51746],[128.34831,37.51685],[128.34693,37.51592],[128.3468,37.51569],[128.34585,37.51528],[128.3452,37.5147],[128.34471,37.51393],[128.34497,37.5133],[128.34463,37.51236],[128.34504,37.51175],[128.34506,37.5106],[128.3452,37.51012],[128.34507,37.50926],[128.34534,37.50871],[128.34531,37.50804],[128.34626,37.50686],[128.34802,37.50516],[128.34863,37.50387],[128.34921,37.50293],[128.34778,37.50135],[128.34664,37.50145],[128.34644,37.50123],[128.34546,37.50095],[128.3448,37.50086],[128.3443,37.5006],[128.34335,37.50074],[128.34278,37.50053],[128.3416,37.49965],[128.34219,37.49855],[128.34232,37.49773],[128.34224,37.49639],[128.34245,37.49573],[128.34296,37.4944],[128.34361,37.49349],[128.3438,37.49341],[128.34421,37.49287],[128.34498,37.49157],[128.34697,37.49108],[128.34832,37.49047],[128.34907,37.49063],[128.3497,37.49035],[128.35018,37.49049],[128.35056,37.4904],[128.35094,37.48988],[128.35165,37.48984],[128.35213,37.49006],[128.35424,37.49023],[128.35429,37.48927],[128.35361,37.48876],[128.3536,37.48808],[128.35333,37.48687],[128.35345,37.48629],[128.35313,37.48576],[128.35349,37.48506],[128.3532,37.48375],[128.35324,37.4833],[128.35443,37.4823],[128.35487,37.48122],[128.35537,37.48029],[128.35538,37.47973],[128.3558,37.47931],[128.3557,37.47915],[128.35549,37.47824],[128.35591,37.47795],[128.35612,37.47696],[128.35756,37.4769],[128.35833,37.47633],[128.35957,37.47639],[128.36053,37.47591],[128.36069,37.47486],[128.36081,37.4746],[128.36059,37.47411],[128.36112,37.47323],[128.36134,37.47299],[128.36159,37.47161],[128.36137,37.47126],[128.36106,37.47008],[128.36106,37.46949],[128.36068,37.46918],[128.36046,37.46805],[128.36005,37.46754],[128.36054,37.46707],[128.36143,37.46651],[128.36219,37.46567],[128.36246,37.46566],[128.36339,37.46543],[128.36388,37.46489],[128.36568,37.46497],[128.3664,37.46404],[128.36711,37.46325],[128.36711,37.4629],[128.36725,37.46241],[128.3678,37.46216],[128.36957,37.45991],[128.37124,37.45943],[128.37193,37.45869],[128.37234,37.45712],[128.37365,37.45663],[128.37451,37.45693],[128.37571,37.45824],[128.37615,37.45848],[128.37743,37.45838],[128.37993,37.45695],[128.38085,37.45679],[128.38301,37.45687],[128.38452,37.4566],[128.38542,37.45671],[128.38625,37.45664],[128.38669,37.45625],[128.38748,37.45578],[128.38768,37.4554],[128.3887,37.45461],[128.38917,37.45393],[128.38899,37.45313],[128.38997,37.453],[128.39168,37.4525],[128.3927,37.45191],[128.39426,37.4519],[128.39462,37.45153],[128.39637,37.45081],[128.39743,37.45164],[128.39805,37.45198],[128.39999,37.45167],[128.40087,37.45123],[128.40134,37.45084],[128.40402,37.45001],[128.40451,37.44988],[128.40579,37.44942],[128.40727,37.44822],[128.40953,37.44718],[128.4105,37.44658],[128.41244,37.44629],[128.41326,37.44638],[128.41358,37.4465],[128.41509,37.44733],[128.41644,37.4482],[128.41664,37.44867],[128.41632,37.44943],[128.41804,37.45082],[128.41905,37.45154],[128.41901,37.45174],[128.41915,37.45269],[128.42103,37.45322],[128.4215,37.45294],[128.42317,37.45273],[128.42408,37.45272],[128.42568,37.45318],[128.42706,37.45399],[128.42846,37.45451],[128.4285,37.4541],[128.42864,37.45363],[128.42966,37.45274],[128.43029,37.45229],[128.43111,37.4515],[128.43259,37.45037],[128.43443,37.44894],[128.43643,37.44894],[128.43819,37.44899],[128.43903,37.44904],[128.43938,37.44895],[128.43949,37.44867],[128.43939,37.44832],[128.43986,37.44813],[128.44068,37.44799],[128.4417,37.44814],[128.44219,37.44806],[128.44245,37.44766],[128.44318,37.44741],[128.44423,37.44664],[128.44444,37.44553],[128.44481,37.44535],[128.44524,37.44449],[128.44567,37.44422],[128.44565,37.44405],[128.44617,37.44277],[128.4457,37.44239],[128.44524,37.44146],[128.44556,37.44082],[128.44577,37.43982],[128.44626,37.43793],[128.44608,37.43734],[128.44593,37.43494],[128.44653,37.43274],[128.44673,37.4307],[128.44708,37.42993],[128.44772,37.42926],[128.44804,37.42805],[128.45042,37.4277],[128.45284,37.42765],[128.45627,37.42594],[128.46002,37.42678],[128.46176,37.42648],[128.46351,37.42552],[128.46457,37.42508],[128.46639,37.4259],[128.46707,37.42617],[128.46844,37.42694],[128.46897,37.42672],[128.47038,37.42694],[128.4713,37.42692],[128.47262,37.42695],[128.47324,37.4266],[128.47473,37.42612],[128.47691,37.4271],[128.47763,37.42815],[128.47954,37.42856],[128.48107,37.42753],[128.48233,37.4268],[128.48318,37.42663],[128.48427,37.42545],[128.48633,37.42495],[128.49025,37.42464],[128.49216,37.42406],[128.49455,37.42278],[128.49466,37.42256],[128.49621,37.42207],[128.49741,37.42102],[128.49822,37.42107],[128.49989,37.42089],[128.50094,37.42057],[128.50233,37.42027],[128.50368,37.42014],[128.50458,37.41986],[128.50621,37.41815],[128.50632,37.41822],[128.50671,37.41873],[128.50862,37.41946],[128.51014,37.42028],[128.51133,37.42105],[128.51161,37.42143],[128.51353,37.42284],[128.51319,37.42513],[128.51328,37.42666],[128.51376,37.42729],[128.5139,37.42828],[128.51456,37.42902],[128.51604,37.43038],[128.51687,37.43164],[128.51761,37.43229],[128.51842,37.43284],[128.51899,37.43445],[128.51863,37.43537],[128.51817,37.43593],[128.51807,37.43699],[128.51816,37.43736],[128.51803,37.43779],[128.51777,37.43985],[128.51786,37.44055],[128.51704,37.44123],[128.51678,37.4416],[128.51628,37.44181],[128.51579,37.44237],[128.51527,37.44342],[128.51537,37.4451],[128.51516,37.44535],[128.51509,37.44611],[128.51413,37.44696],[128.51337,37.44879],[128.51343,37.44916],[128.51311,37.44963],[128.51303,37.44997],[128.51329,37.45107],[128.51324,37.45171],[128.51331,37.45228],[128.51317,37.45324],[128.51325,37.45346],[128.5132,37.45406],[128.5134,37.45448],[128.51318,37.45465],[128.51321,37.4551],[128.51367,37.45574],[128.51493,37.45701],[128.51571,37.45722],[128.51639,37.45727],[128.517,37.45767],[128.51771,37.45794],[128.51845,37.45838],[128.51851,37.45883],[128.52021,37.45979],[128.52141,37.46025],[128.52201,37.4603],[128.52277,37.46132],[128.52292,37.46169],[128.52322,37.46189],[128.52348,37.4626],[128.52346,37.46282],[128.52367,37.46307],[128.5238,37.46359]]]},"properties":{"code":"32540330","name":"대화면"}},{"type":"Feature","geometry":{"type":"Polygon","coordinates":[[[128.43523,37.69239],[128.43481,37.69236],[128.43307,37.69198],[128.43204,37.69224],[128.4317,37.69217],[128.43122,37.6924],[128.42932,37.6914],[128.427,37.69138],[128.42647,37.69159],[128.42596,37.69144],[128.42527,37.69134],[128.42486,37.69141],[128.4234,37.69077],[128.423,37.69048],[128.42219,37.68953],[128.42064,37.68911],[128.41963,37.68918],[128.41895,37.68893],[128.41709,37.68861],[128.41647,37.68835],[128.41577,37.68815],[128.41549,37.68798],[128.414,37.68836],[128.41289,37.68849],[128.41206,37.68887],[128.41128,37.68961],[128.41013,37.69014],[128.40852,37.69079],[128.40684,37.68995],[128.40539,37.68892],[128.40443,37.68833],[128.40309,37.68855],[128.40043,37.6897],[128.39925,37.68967],[128.39854,37.68997],[128.39804,37.69042],[128.39709,37.69092],[128.39644,37.69109],[128.39552,37.69181],[128.39471,37.69134],[128.39421,37.69131],[128.39381,37.69139],[128.39279,37.6913],[128.39226,37.69137],[128.39078,37.69193],[128.39004,37.69185],[128.38909,37.69194],[128.38811,37.69169],[128.38767,37.69146],[128.38733,37.69154],[128.38592,37.6913],[128.38586,37.69141],[128.38506,37.69189],[128.3847,37.69229],[128.3834,37.69213],[128.38256,37.69187],[128.38221,37.69191],[128.38135,37.6918],[128.38034,37.69179],[128.37936,37.69143],[128.37902,37.69163],[128.37849,37.69173],[128.37811,37.69165],[128.37781,37.69169],[128.37672,37.69149],[128.37608,37.69161],[128.37557,37.69195],[128.37432,37.69234],[128.37385,37.69291],[128.37237,37.69329],[128.37134,37.69342],[128.36915,37.6939],[128.36833,37.69484],[128.36808,37.69487],[128.36706,37.69579],[128.36624,37.69615],[128.36567,37.69663],[128.36498,37.69779],[128.3642,37.69785],[128.36334,37.69818],[128.36045,37.69855],[128.35989,37.69935],[128.35878,37.699],[128.35848,37.69904],[128.35804,37.69938],[128.35748,37.69919],[128.35634,37.69788],[128.35536,37.69761],[128.35449,37.69757],[128.35427,37.69764],[128.35293,37.69763],[128.35164,37.69777],[128.35088,37.69748],[128.35066,37.69718],[128.34964,37.69661],[128.34902,37.69654],[128.34779,37.69621],[128.34711,37.69613],[128.34616,37.6956],[128.34446,37.69605],[128.34387,37.69583],[128.34337,37.69579],[128.34232,37.69618],[128.34162,37.69603],[128.34064,37.6956],[128.33962,37.69566],[128.33814,37.69561],[128.33752,37.69549],[128.3369,37.69555],[128.3354,37.69479],[128.33514,37.6946],[128.335,37.69424],[128.33448,37.69398],[128.33299,37.69377],[128.33204,37.6932],[128.33158,37.69275],[128.33096,37.69263],[128.33051,37.69281],[128.32966,37.69242],[128.32867,37.69239],[128.32765,37.69169],[128.32677,37.69162],[128.32648,37.69151],[128.3258,37.69087],[128.32527,37.6909],[128.32476,37.69076],[128.32392,37.69036],[128.32337,37.69004],[128.32271,37.69049],[128.32213,37.69059],[128.32139,37.69082],[128.32128,37.69117],[128.32034,37.69209],[128.32035,37.69242],[128.32,37.69289],[128.31988,37.69331],[128.32009,37.69362],[128.32011,37.69389],[128.31932,37.69455],[128.31881,37.69542],[128.31758,37.69674],[128.31758,37.69786],[128.31733,37.69836],[128.31703,37.69867],[128.31674,37.69938],[128.31671,37.69972],[128.31636,37.7001],[128.31586,37.70006],[128.31556,37.70044],[128.31486,37.70077],[128.31453,37.70099],[128.31426,37.7017],[128.31392,37.70219],[128.31334,37.70316],[128.31232,37.70329],[128.31246,37.7032],[128.31255,37.70272],[128.31164,37.70221],[128.3112,37.70158],[128.31018,37.70185],[128.30977,37.70138],[128.3096,37.70054],[128.30926,37.69972],[128.30885,37.69928],[128.30895,37.69898],[128.30838,37.69831],[128.30784,37.69696],[128.307,37.69635],[128.30722,37.69565],[128.30639,37.69436],[128.30522,37.69334],[128.30505,37.69242],[128.30437,37.69187],[128.30445,37.6912],[128.30272,37.69048],[128.30252,37.68991],[128.30204,37.68961],[128.30135,37.68944],[128.30069,37.68897],[128.2993,37.68873],[128.29889,37.68812],[128.29865,37.68796],[128.2978,37.68763],[128.29717,37.68708],[128.2968,37.68581],[128.29643,37.68562],[128.29577,37.68446],[128.29507,37.6835],[128.29336,37.68301],[128.29218,37.68299],[128.29078,37.68164],[128.2895,37.68062],[128.28876,37.68013],[128.28827,37.67925],[128.28749,37.67875],[128.28719,37.67802],[128.28604,37.67677],[128.28586,37.67628],[128.28534,37.67583],[128.28508,37.67525],[128.28444,37.67452],[128.28399,37.67462],[128.28335,37.67456],[128.2826,37.67408],[128.28194,37.67382],[128.28158,37.67342],[128.28038,37.67304],[128.27988,37.67212],[128.27978,37.67101],[128.27955,37.67042],[128.27907,37.66983],[128.27775,37.66925],[128.27658,37.66888],[128.27718,37.66815],[128.27731,37.66681],[128.27805,37.66603],[128.27813,37.66526],[128.27883,37.66396],[128.27797,37.662],[128.27827,37.66144],[128.27781,37.65977],[128.27715,37.65917],[128.27641,37.65828],[128.27626,37.65777],[128.27483,37.65678],[128.27458,37.65657],[128.27429,37.65655],[128.27386,37.65601],[128.27366,37.6552],[128.27445,37.65417],[128.27385,37.65352],[128.27373,37.65326],[128.27311,37.65254],[128.27318,37.65194],[128.27354,37.65012],[128.27329,37.64843],[128.27344,37.64808],[128.27325,37.64705],[128.27339,37.64627],[128.27392,37.64524],[128.27371,37.64428],[128.27421,37.64325],[128.27426,37.64216],[128.27457,37.64121],[128.27503,37.64025],[128.27574,37.63967],[128.27551,37.63916],[128.27341,37.6386],[128.27241,37.63792],[128.27231,37.63753],[128.27151,37.6369],[128.27118,37.63511],[128.27085,37.63456],[128.27034,37.63266],[128.26921,37.63315],[128.26799,37.63335],[128.267,37.63358],[128.26631,37.63353],[128.2646,37.6324],[128.26405,37.63237],[128.26323,37.63251],[128.26249,37.63202],[128.25529,37.62836],[128.25434,37.62834],[128.2539,37.62737],[128.25467,37.6269],[128.25635,37.62657],[128.25809,37.62547],[128.25927,37.62551],[128.26115,37.62545],[128.26233,37.62509],[128.26333,37.62503],[128.26553,37.62458],[128.26677,37.624],[128.26748,37.62387],[128.26908,37.62297],[128.2726,37.62132],[128.27407,37.62095],[128.27449,37.62078],[128.278,37.6201],[128.27872,37.62009],[128.28098,37.62042],[128.28168,37.62033],[128.28304,37.62056],[128.28367,37.61897],[128.28309,37.6179],[128.28084,37.61531],[128.28028,37.61491],[128.28004,37.61467],[128.27952,37.61249],[128.27943,37.61192],[128.27966,37.61102],[128.27938,37.61054],[128.27979,37.60982],[128.2803,37.60926],[128.28081,37.60541],[128.28234,37.60456],[128.28351,37.60415],[128.28467,37.60358],[128.28509,37.60325],[128.28546,37.60258],[128.28599,37.60187],[128.28525,37.60123],[128.28511,37.60083],[128.28455,37.60047],[128.28257,37.59978],[128.28189,37.59924],[128.28146,37.59881],[128.28011,37.59854],[128.27971,37.59749],[128.27978,37.59702],[128.27944,37.59663],[128.27935,37.59615],[128.27902,37.59578],[128.27899,37.59562],[128.27934,37.5948],[128.27954,37.59374],[128.2794,37.59289],[128.27929,37.59187],[128.27987,37.59128],[128.28036,37.59002],[128.28167,37.58648],[128.28345,37.58569],[128.28476,37.58541],[128.28491,37.58498],[128.28471,37.58421],[128.28543,37.58329],[128.28536,37.58282],[128.28407,37.57985],[128.28433,37.57831],[128.28516,37.5773],[128.28712,37.57683],[128.28926,37.57472],[128.29007,37.57387],[128.29089,37.57308],[128.29099,37.57278],[128.29127,37.57156],[128.29233,37.57009],[128.29366,37.56949],[128.29492,37.5688],[128.294,37.56811],[128.29486,37.56563],[128.29517,37.56528],[128.29482,37.56326],[128.29524,37.5626],[128.29527,37.562],[128.29523,37.56091],[128.29537,37.55922],[128.29565,37.55797],[128.29631,37.55709],[128.29689,37.55651],[128.29786,37.555],[128.2972,37.5539],[128.29602,37.55295],[128.29633,37.55207],[128.29579,37.55082],[128.29469,37.55038],[128.29522,37.54982],[128.29535,37.54905],[128.29505,37.54883],[128.29474,37.54761],[128.29431,37.54676],[128.29389,37.545],[128.29431,37.54397],[128.29592,37.54254],[128.29693,37.54152],[128.29865,37.54055],[128.29885,37.54026],[128.30019,37.53915],[128.30133,37.53841],[128.30227,37.53796],[128.30164,37.53708],[128.30028,37.53575],[128.29958,37.5344],[128.30008,37.53385],[128.30008,37.53318],[128.301,37.53244],[128.30175,37.53189],[128.30199,37.53037],[128.30128,37.52936],[128.30114,37.52733],[128.30084,37.52509],[128.30082,37.52409],[128.29996,37.52295],[128.29879,37.52229],[128.29822,37.5199],[128.29714,37.5192],[128.29632,37.51784],[128.29635,37.51699],[128.29688,37.51604],[128.29687,37.5156],[128.29705,37.5148],[128.29714,37.51397],[128.29735,37.51342],[128.29762,37.5132],[128.29777,37.51253],[128.29756,37.51183],[128.29736,37.51181],[128.29919,37.51118],[128.29948,37.51104],[128.30053,37.51134],[128.30174,37.51137],[128.30269,37.5109],[128.30424,37.51095],[128.30501,37.51119],[128.30606,37.51133],[128.30683,37.51136],[128.30755,37.51157],[128.30975,37.51061],[128.31043,37.51062],[128.31134,37.51046],[128.31205,37.50998],[128.31279,37.50962],[128.31311,37.50955],[128.31345,37.50963],[128.31429,37.50888],[128.31512,37.50869],[128.31545,37.50829],[128.31596,37.50792],[128.31688,37.50735],[128.31721,37.5071],[128.31727,37.50658],[128.31775,37.50632],[128.31774,37.50596],[128.31821,37.50542],[128.31868,37.50523],[128.31973,37.50531],[128.32038,37.50517],[128.32175,37.50539],[128.32256,37.50531],[128.32479,37.50435],[128.32494,37.50408],[128.32532,37.50371],[128.32579,37.50346],[128.32791,37.50358],[128.32895,37.50313],[128.33,37.5031],[128.33086,37.50282],[128.33161,37.50271],[128.33258,37.50231],[128.33328,37.50249],[128.33356,37.50234],[128.33415,37.50224],[128.3345,37.5014],[128.33542,37.50052],[128.3364,37.5004],[128.33684,37.50008],[128.33855,37.50004],[128.339,37.50008],[128.3394,37.4998],[128.34012,37.49949],[128.3416,37.49965],[128.34278,37.50053],[128.34335,37.50074],[128.3443,37.5006],[128.3448,37.50086],[128.34546,37.50095],[128.34644,37.50123],[128.34664,37.50145],[128.34778,37.50135],[128.34921,37.50293],[128.34863,37.50387],[128.34802,37.50516],[128.34626,37.50686],[128.34531,37.50804],[128.34534,37.50871],[128.34507,37.50926],[128.3452,37.51012],[128.34506,37.5106],[128.34504,37.51175],[128.34463,37.51236],[128.34497,37.5133],[128.34471,37.51393],[128.3452,37.5147],[128.34585,37.51528],[128.3468,37.51569],[128.34693,37.51592],[128.34831,37.51685],[128.34887,37.51746],[128.34962,37.51768],[128.35032,37.51865],[128.35099,37.51875],[128.35183,37.51926],[128.35335,37.51959],[128.35454,37.51942],[128.3556,37.51937],[128.35634,37.5196],[128.35683,37.51933],[128.35717,37.51945],[128.35759,37.51948],[128.35856,37.51967],[128.35908,37.52001],[128.3596,37.5201],[128.36042,37.52084],[128.36288,37.52137],[128.36392,37.52168],[128.36488,37.5217],[128.36545,37.52181],[128.36567,37.52192],[128.36617,37.5219],[128.36645,37.52199],[128.3672,37.52146],[128.36783,37.52106],[128.36804,37.52066],[128.36895,37.52059],[128.37044,37.52057],[128.37153,37.52007],[128.37237,37.52038],[128.37318,37.52033],[128.37356,37.5202],[128.37489,37.52045],[128.37522,37.52033],[128.3757,37.52035],[128.37635,37.52004],[128.37744,37.51991],[128.37771,37.51999],[128.37933,37.52009],[128.37969,37.52026],[128.38005,37.52006],[128.38043,37.51966],[128.38129,37.51964],[128.38213,37.51978],[128.3831,37.51966],[128.38492,37.51928],[128.38569,37.51885],[128.38628,37.51895],[128.38885,37.51905],[128.39145,37.51936],[128.39304,37.51974],[128.39484,37.52051],[128.39556,37.52065],[128.39735,37.52167],[128.39764,37.52247],[128.39763,37.52346],[128.39756,37.52368],[128.39701,37.52435],[128.3967,37.52465],[128.39591,37.52527],[128.39581,37.52564],[128.39584,37.52628],[128.39613,37.5267],[128.39659,37.52688],[128.39723,37.52697],[128.39878,37.527],[128.39984,37.5271],[128.40011,37.52732],[128.40028,37.52767],[128.40034,37.52863],[128.40017,37.52912],[128.3996,37.52978],[128.39894,37.53071],[128.39849,37.53142],[128.39806,37.53186],[128.39702,37.53271],[128.39639,37.53346],[128.39651,37.53394],[128.39673,37.53443],[128.39732,37.53508],[128.39809,37.53575],[128.39862,37.53634],[128.39894,37.53688],[128.39949,37.53816],[128.39965,37.53881],[128.39949,37.54013],[128.39888,37.54035],[128.3978,37.54039],[128.39691,37.54029],[128.39651,37.54015],[128.39593,37.54013],[128.39473,37.54099],[128.39394,37.54186],[128.39355,37.54235],[128.39278,37.54351],[128.39206,37.54437],[128.39123,37.5455],[128.39121,37.54635],[128.39252,37.54735],[128.39279,37.54767],[128.39356,37.55025],[128.39371,37.55057],[128.39433,37.5511],[128.39478,37.5516],[128.39609,37.55327],[128.39652,37.55434],[128.39676,37.55571],[128.39696,37.55647],[128.39733,37.55733],[128.39814,37.55913],[128.39856,37.56001],[128.39914,37.56155],[128.39933,37.56235],[128.39886,37.5625],[128.39785,37.56313],[128.39751,37.5636],[128.39709,37.56391],[128.39606,37.56379],[128.39533,37.56352],[128.39505,37.56392],[128.39481,37.56401],[128.39415,37.56392],[128.39355,37.5636],[128.39294,37.56302],[128.39268,37.56286],[128.39238,37.56351],[128.39181,37.56397],[128.3915,37.56499],[128.39093,37.56507],[128.39046,37.56596],[128.39066,37.56672],[128.39018,37.56712],[128.38932,37.56762],[128.38855,37.56839],[128.38834,37.56881],[128.38824,37.5692],[128.38802,37.56941],[128.38784,37.56994],[128.38699,37.57044],[128.38615,37.5704],[128.38539,37.57065],[128.38487,37.57099],[128.38529,37.572],[128.38518,37.57244],[128.38499,37.57254],[128.38471,37.57288],[128.38468,37.57333],[128.38439,37.57428],[128.38356,37.57455],[128.38337,37.57473],[128.38267,37.57494],[128.38206,37.5755],[128.38144,37.57589],[128.38076,37.576],[128.38018,37.5759],[128.37902,37.5761],[128.3782,37.57617],[128.37787,37.57658],[128.37785,37.57702],[128.37702,37.57706],[128.37635,37.57723],[128.37552,37.57728],[128.37498,37.57736],[128.37461,37.57757],[128.37412,37.57759],[128.37381,37.57778],[128.37356,37.57832],[128.37363,37.57876],[128.37277,37.57909],[128.37352,37.57983],[128.3737,37.58039],[128.37391,37.58072],[128.37463,37.58127],[128.37517,37.58133],[128.37544,37.5815],[128.37661,37.58132],[128.37748,37.58146],[128.37799,37.58216],[128.37862,37.5823],[128.37895,37.58227],[128.37953,37.5825],[128.37974,37.5834],[128.3795,37.58384],[128.37945,37.5844],[128.37967,37.58472],[128.38026,37.58578],[128.38059,37.58601],[128.38085,37.58646],[128.38096,37.58714],[128.3815,37.58773],[128.38146,37.58871],[128.38206,37.58965],[128.38283,37.58958],[128.38292,37.59074],[128.38285,37.59093],[128.38322,37.59114],[128.38375,37.59128],[128.38406,37.59081],[128.38538,37.59112],[128.38572,37.59258],[128.386,37.59304],[128.38664,37.59336],[128.38693,37.59337],[128.38738,37.59383],[128.38743,37.59417],[128.38823,37.59452],[128.38856,37.59496],[128.38915,37.59492],[128.38956,37.59481],[128.39024,37.59492],[128.39159,37.59496],[128.39255,37.59514],[128.39339,37.59489],[128.39417,37.59475],[128.3962,37.59525],[128.39703,37.59509],[128.39752,37.59566],[128.39837,37.59621],[128.39827,37.59662],[128.39862,37.59685],[128.39941,37.59824],[128.39889,37.59861],[128.39968,37.60048],[128.39972,37.6013],[128.40027,37.60198],[128.40078,37.60225],[128.40135,37.60241],[128.40148,37.60272],[128.40188,37.60334],[128.40238,37.60339],[128.40295,37.6037],[128.40326,37.60418],[128.40366,37.6044],[128.40369,37.60478],[128.40398,37.60491],[128.40405,37.6054],[128.40478,37.60649],[128.40556,37.60653],[128.40574,37.60749],[128.40636,37.60796],[128.40693,37.60801],[128.40728,37.6082],[128.40736,37.60849],[128.40767,37.60856],[128.40835,37.60925],[128.40895,37.60938],[128.40927,37.60927],[128.40965,37.60935],[128.4098,37.60963],[128.40991,37.61018],[128.41041,37.61073],[128.41054,37.61122],[128.41047,37.61158],[128.41077,37.6124],[128.41101,37.61233],[128.41173,37.61236],[128.41168,37.61274],[128.41148,37.61301],[128.41191,37.61384],[128.41235,37.6142],[128.41261,37.61399],[128.4131,37.61383],[128.41359,37.61398],[128.41389,37.61421],[128.41419,37.61506],[128.41386,37.61536],[128.4144,37.6159],[128.41493,37.61676],[128.4154,37.61725],[128.41535,37.61769],[128.41739,37.61798],[128.41881,37.61918],[128.41882,37.62007],[128.41953,37.62063],[128.41954,37.6214],[128.41969,37.62203],[128.42015,37.62307],[128.42117,37.6231],[128.42134,37.62345],[128.42115,37.62395],[128.42116,37.62469],[128.42138,37.62498],[128.42133,37.62529],[128.42148,37.62552],[128.42195,37.62584],[128.42206,37.62609],[128.42206,37.62655],[128.42167,37.62745],[128.42185,37.62786],[128.42175,37.62833],[128.42176,37.62873],[128.42152,37.62911],[128.42152,37.62937],[128.42132,37.62981],[128.42078,37.63048],[128.42031,37.63058],[128.42,37.63098],[128.41939,37.63148],[128.41864,37.63154],[128.41863,37.63271],[128.41902,37.63309],[128.41896,37.63409],[128.41914,37.63442],[128.41887,37.63485],[128.41904,37.63533],[128.41893,37.63584],[128.41856,37.6362],[128.41763,37.63637],[128.41744,37.63694],[128.41666,37.63797],[128.41546,37.63841],[128.41508,37.63899],[128.41424,37.63969],[128.41352,37.6401],[128.41314,37.64059],[128.41276,37.64083],[128.41276,37.64109],[128.41355,37.64165],[128.41384,37.64171],[128.41406,37.64194],[128.41406,37.64228],[128.41449,37.6425],[128.41476,37.64295],[128.41542,37.64291],[128.41625,37.64333],[128.41671,37.64425],[128.41721,37.64443],[128.41736,37.64477],[128.41802,37.64519],[128.41831,37.64564],[128.41838,37.64604],[128.41926,37.64642],[128.41941,37.64665],[128.42031,37.64705],[128.42053,37.64721],[128.42193,37.64756],[128.42232,37.64877],[128.42299,37.65013],[128.42381,37.65058],[128.42425,37.65111],[128.42468,37.65136],[128.42521,37.65198],[128.42441,37.65242],[128.42314,37.65338],[128.42319,37.65401],[128.42296,37.65448],[128.4231,37.65489],[128.4229,37.6551],[128.42278,37.65551],[128.42257,37.65571],[128.42244,37.65617],[128.4219,37.65682],[128.42184,37.65713],[128.42202,37.65746],[128.42191,37.65782],[128.4215,37.65847],[128.42293,37.65985],[128.42326,37.65991],[128.42344,37.66024],[128.42477,37.66074],[128.42506,37.66109],[128.42594,37.66165],[128.42626,37.66168],[128.42656,37.66186],[128.42712,37.66239],[128.42757,37.66224],[128.42827,37.66241],[128.42865,37.66268],[128.43117,37.66368],[128.43119,37.66427],[128.43199,37.66443],[128.43215,37.66463],[128.43322,37.66464],[128.43349,37.66474],[128.43361,37.66549],[128.43392,37.66585],[128.43405,37.66653],[128.43473,37.66704],[128.43508,37.66752],[128.43572,37.66797],[128.43557,37.66857],[128.43602,37.66947],[128.43616,37.67006],[128.43711,37.67062],[128.43779,37.67159],[128.43814,37.67173],[128.43905,37.67184],[128.43975,37.67284],[128.43994,37.67304],[128.44052,37.67313],[128.44057,37.67432],[128.44093,37.67446],[128.44134,37.67565],[128.44179,37.67593],[128.44166,37.67649],[128.44175,37.67675],[128.44117,37.67737],[128.44022,37.67869],[128.44104,37.68012],[128.44068,37.68185],[128.44101,37.68268],[128.44139,37.6828],[128.44174,37.68338],[128.44182,37.68376],[128.44209,37.68415],[128.44156,37.68549],[128.44149,37.68593],[128.44026,37.6873],[128.44025,37.68794],[128.44003,37.68882],[128.43939,37.68957],[128.43799,37.69041],[128.43768,37.69072],[128.43704,37.69102],[128.43664,37.69158],[128.43523,37.69239]]]},"properties":{"code":"32540340","name":"봉평면"}},{"type":"Feature","geometry":{"type":"Polygon","coordinates":[[[128.48833,37.73364],[128.48624,37.73409],[128.48401,37.73414],[128.48175,37.73346],[128.48034,37.7336],[128.4787,37.73466],[128.47595,37.73375],[128.47319,37.73286],[128.47261,37.73287],[128.47195,37.7331],[128.47113,37.73279],[128.46905,37.73101],[128.46856,37.7303],[128.46822,37.72944],[128.46746,37.72913],[128.46619,37.72849],[128.46555,37.72844],[128.46364,37.72845],[128.46288,37.72835],[128.46229,37.72854],[128.46066,37.7296],[128.4605,37.73003],[128.46006,37.73027],[128.45948,37.7303],[128.45897,37.73057],[128.45781,37.73081],[128.45667,37.72995],[128.45573,37.72937],[128.45484,37.72915],[128.45438,37.72887],[128.4534,37.72796],[128.45304,37.7274],[128.4525,37.72707],[128.45261,37.72605],[128.45134,37.72513],[128.45096,37.72458],[128.44989,37.72391],[128.44978,37.72361],[128.44944,37.72335],[128.44854,37.72221],[128.44837,37.7215],[128.44806,37.7212],[128.44723,37.71913],[128.44628,37.71906],[128.44542,37.71793],[128.44492,37.71766],[128.4448,37.71733],[128.44496,37.71659],[128.44459,37.71588],[128.44486,37.71547],[128.44512,37.7146],[128.44555,37.71427],[128.44564,37.71386],[128.44587,37.71347],[128.44577,37.71298],[128.44614,37.71249],[128.44578,37.71165],[128.44614,37.71099],[128.44606,37.71063],[128.4458,37.71039],[128.44545,37.70954],[128.4449,37.70915],[128.44466,37.70886],[128.44464,37.70845],[128.44485,37.70821],[128.44461,37.70781],[128.44432,37.70678],[128.44425,37.70606],[128.44445,37.70559],[128.4443,37.70513],[128.4443,37.70477],[128.44401,37.70416],[128.44398,37.70365],[128.44414,37.70338],[128.44398,37.70266],[128.44401,37.70222],[128.44369,37.70167],[128.44367,37.70111],[128.44395,37.70073],[128.44367,37.70048],[128.44321,37.70031],[128.44274,37.69984],[128.44238,37.69973],[128.44227,37.6995],[128.44159,37.69915],[128.44096,37.69864],[128.43988,37.69802],[128.43972,37.69748],[128.43934,37.69731],[128.43759,37.69665],[128.43593,37.69527],[128.43571,37.69474],[128.43578,37.69397],[128.43523,37.69239],[128.43664,37.69158],[128.43704,37.69102],[128.43768,37.69072],[128.43799,37.69041],[128.43939,37.68957],[128.44003,37.68882],[128.44025,37.68794],[128.44026,37.6873],[128.44149,37.68593],[128.44156,37.68549],[128.44209,37.68415],[128.44182,37.68376],[128.44174,37.68338],[128.44139,37.6828],[128.44101,37.68268],[128.44068,37.68185],[128.44104,37.68012],[128.44022,37.67869],[128.44117,37.67737],[128.44175,37.67675],[128.44166,37.67649],[128.44179,37.67593],[128.44134,37.67565],[128.44093,37.67446],[128.44057,37.67432],[128.44052,37.67313],[128.43994,37.67304],[128.43975,37.67284],[128.43905,37.67184],[128.43814,37.67173],[128.43779,37.67159],[128.43711,37.67062],[128.43616,37.67006],[128.43602,37.66947],[128.43557,37.66857],[128.43572,37.66797],[128.43508,37.66752],[128.43473,37.66704],[128.43405,37.66653],[128.43392,37.66585],[128.43361,37.66549],[128.43349,37.66474],[128.43322,37.66464],[128.43215,37.66463],[128.43199,37.66443],[128.43119,37.66427],[128.43117,37.66368],[128.42865,37.66268],[128.42827,37.66241],[128.42757,37.66224],[128.42712,37.66239],[128.42656,37.66186],[128.42626,37.66168],[128.42594,37.66165],[128.42506,37.66109],[128.42477,37.66074],[128.42344,37.66024],[128.42326,37.65991],[128.42293,37.65985],[128.4215,37.65847],[128.42191,37.65782],[128.42202,37.65746],[128.42184,37.65713],[128.4219,37.65682],[128.42244,37.65617],[128.42257,37.65571],[128.42278,37.65551],[128.4229,37.6551],[128.4231,37.65489],[128.42296,37.65448],[128.42319,37.65401],[128.42314,37.65338],[128.42441,37.65242],[128.42521,37.65198],[128.42468,37.65136],[128.42425,37.65111],[128.42381,37.65058],[128.42299,37.65013],[128.42232,37.64877],[128.42193,37.64756],[128.42053,37.64721],[128.42031,37.64705],[128.41941,37.64665],[128.41926,37.64642],[128.41838,37.64604],[128.41831,37.64564],[128.41802,37.64519],[128.41736,37.64477],[128.41721,37.64443],[128.41671,37.64425],[128.41625,37.64333],[128.41542,37.64291],[128.41476,37.64295],[128.41449,37.6425],[128.41406,37.64228],[128.41406,37.64194],[128.41384,37.64171],[128.41355,37.64165],[128.41276,37.64109],[128.41276,37.64083],[128.41314,37.64059],[128.41352,37.6401],[128.41424,37.63969],[128.41508,37.63899],[128.41546,37.63841],[128.41666,37.63797],[128.41744,37.63694],[128.41763,37.63637],[128.41856,37.6362],[128.41893,37.63584],[128.41904,37.63533],[128.41887,37.63485],[128.41914,37.63442],[128.41896,37.63409],[128.41902,37.63309],[128.41863,37.63271],[128.41864,37.63154],[128.41939,37.63148],[128.42,37.63098],[128.42031,37.63058],[128.42078,37.63048],[128.42132,37.62981],[128.42152,37.62937],[128.42152,37.62911],[128.42176,37.62873],[128.42175,37.62833],[128.42185,37.62786],[128.42167,37.62745],[128.42206,37.62655],[128.42206,37.62609],[128.42195,37.62584],[128.42148,37.62552],[128.42133,37.62529],[128.42138,37.62498],[128.42116,37.62469],[128.42115,37.62395],[128.42134,37.62345],[128.42117,37.6231],[128.42015,37.62307],[128.41969,37.62203],[128.41954,37.6214],[128.41953,37.62063],[128.41882,37.62007],[128.41881,37.61918],[128.41739,37.61798],[128.41535,37.61769],[128.4154,37.61725],[128.41493,37.61676],[128.4144,37.6159],[128.41386,37.61536],[128.41419,37.61506],[128.41389,37.61421],[128.41359,37.61398],[128.4131,37.61383],[128.41261,37.61399],[128.41235,37.6142],[128.41191,37.61384],[128.41148,37.61301],[128.41168,37.61274],[128.41173,37.61236],[128.41101,37.61233],[128.41077,37.6124],[128.41047,37.61158],[128.41054,37.61122],[128.41041,37.61073],[128.40991,37.61018],[128.4098,37.60963],[128.40965,37.60935],[128.40927,37.60927],[128.40895,37.60938],[128.40835,37.60925],[128.40767,37.60856],[128.40736,37.60849],[128.40728,37.6082],[128.40693,37.60801],[128.40636,37.60796],[128.40574,37.60749],[128.40556,37.60653],[128.40478,37.60649],[128.40405,37.6054],[128.40398,37.60491],[128.40369,37.60478],[128.40366,37.6044],[128.40326,37.60418],[128.40295,37.6037],[128.40238,37.60339],[128.40188,37.60334],[128.40148,37.60272],[128.40135,37.60241],[128.40078,37.60225],[128.40027,37.60198],[128.39972,37.6013],[128.39968,37.60048],[128.39889,37.59861],[128.39941,37.59824],[128.39862,37.59685],[128.39827,37.59662],[128.39837,37.59621],[128.39752,37.59566],[128.39703,37.59509],[128.3962,37.59525],[128.39417,37.59475],[128.39339,37.59489],[128.39255,37.59514],[128.39159,37.59496],[128.39024,37.59492],[128.38956,37.59481],[128.38915,37.59492],[128.38856,37.59496],[128.38823,37.59452],[128.38743,37.59417],[128.38738,37.59383],[128.38693,37.59337],[128.38664,37.59336],[128.386,37.59304],[128.38572,37.59258],[128.38538,37.59112],[128.38406,37.59081],[128.38375,37.59128],[128.38322,37.59114],[128.38285,37.59093],[128.38292,37.59074],[128.38283,37.58958],[128.38206,37.58965],[128.38146,37.58871],[128.3815,37.58773],[128.38096,37.58714],[128.38085,37.58646],[128.38059,37.58601],[128.38026,37.58578],[128.37967,37.58472],[128.37945,37.5844],[128.3795,37.58384],[128.37974,37.5834],[128.37953,37.5825],[128.37895,37.58227],[128.37862,37.5823],[128.37799,37.58216],[128.37748,37.58146],[128.37661,37.58132],[128.37544,37.5815],[128.37517,37.58133],[128.37463,37.58127],[128.37391,37.58072],[128.3737,37.58039],[128.37352,37.57983],[128.37277,37.57909],[128.37363,37.57876],[128.37356,37.57832],[128.37381,37.57778],[128.37412,37.57759],[128.37461,37.57757],[128.37498,37.57736],[128.37552,37.57728],[128.37635,37.57723],[128.37702,37.57706],[128.37785,37.57702],[128.37787,37.57658],[128.3782,37.57617],[128.37902,37.5761],[128.38018,37.5759],[128.38076,37.576],[128.38144,37.57589],[128.38206,37.5755],[128.38267,37.57494],[128.38337,37.57473],[128.38356,37.57455],[128.38439,37.57428],[128.38468,37.57333],[128.38471,37.57288],[128.38499,37.57254],[128.38518,37.57244],[128.38529,37.572],[128.38487,37.57099],[128.38539,37.57065],[128.38615,37.5704],[128.38699,37.57044],[128.38784,37.56994],[128.38802,37.56941],[128.38824,37.5692],[128.38834,37.56881],[128.38855,37.56839],[128.38932,37.56762],[128.39018,37.56712],[128.39066,37.56672],[128.39046,37.56596],[128.39093,37.56507],[128.3915,37.56499],[128.39181,37.56397],[128.39238,37.56351],[128.39268,37.56286],[128.39294,37.56302],[128.39355,37.5636],[128.39415,37.56392],[128.39481,37.56401],[128.39505,37.56392],[128.39533,37.56352],[128.39606,37.56379],[128.39709,37.56391],[128.39751,37.5636],[128.39785,37.56313],[128.39886,37.5625],[128.39933,37.56235],[128.39914,37.56155],[128.39856,37.56001],[128.39814,37.55913],[128.39733,37.55733],[128.39696,37.55647],[128.39676,37.55571],[128.39652,37.55434],[128.39609,37.55327],[128.39478,37.5516],[128.39433,37.5511],[128.39371,37.55057],[128.39356,37.55025],[128.39279,37.54767],[128.39252,37.54735],[128.39121,37.54635],[128.39123,37.5455],[128.39206,37.54437],[128.39278,37.54351],[128.39355,37.54235],[128.39394,37.54186],[128.39473,37.54099],[128.39593,37.54013],[128.39651,37.54015],[128.39691,37.54029],[128.3978,37.54039],[128.39888,37.54035],[128.39949,37.54013],[128.39965,37.53881],[128.39949,37.53816],[128.39894,37.53688],[128.39862,37.53634],[128.39809,37.53575],[128.39732,37.53508],[128.39673,37.53443],[128.39651,37.53394],[128.39639,37.53346],[128.39702,37.53271],[128.39806,37.53186],[128.39849,37.53142],[128.39894,37.53071],[128.3996,37.52978],[128.40017,37.52912],[128.40034,37.52863],[128.40028,37.52767],[128.40011,37.52732],[128.39984,37.5271],[128.39878,37.527],[128.39723,37.52697],[128.39659,37.52688],[128.39613,37.5267],[128.39584,37.52628],[128.39581,37.52564],[128.39591,37.52527],[128.3967,37.52465],[128.39701,37.52435],[128.40031,37.52458],[128.40113,37.52437],[128.40398,37.52339],[128.40545,37.52312],[128.4062,37.52332],[128.40701,37.52322],[128.40755,37.52254],[128.40855,37.52222],[128.409,37.52157],[128.41029,37.52075],[128.41162,37.52043],[128.41332,37.51995],[128.41521,37.51958],[128.41612,37.51956],[128.41822,37.51976],[128.41919,37.51966],[128.42017,37.51978],[128.42092,37.51998],[128.42152,37.51997],[128.42212,37.52051],[128.42237,37.52109],[128.42289,37.52154],[128.42287,37.52178],[128.42313,37.52237],[128.42349,37.52267],[128.42338,37.52307],[128.42371,37.5237],[128.42377,37.52428],[128.42342,37.52501],[128.42389,37.52756],[128.41795,37.54003],[128.41486,37.54137],[128.41247,37.55455],[128.41957,37.55512],[128.42019,37.55512],[128.42096,37.55527],[128.42196,37.55531],[128.42222,37.55516],[128.42296,37.55507],[128.42312,37.55474],[128.42358,37.5545],[128.42379,37.555],[128.42424,37.55532],[128.42479,37.55522],[128.42445,37.55476],[128.42417,37.55418],[128.42453,37.55402],[128.42486,37.55455],[128.42587,37.55469],[128.42611,37.55446],[128.42646,37.5543],[128.42673,37.55446],[128.42757,37.55445],[128.42867,37.55431],[128.42906,37.5542],[128.42974,37.55433],[128.43027,37.55453],[128.43078,37.5544],[128.43127,37.55458],[128.4318,37.5543],[128.43229,37.55441],[128.43307,37.55478],[128.43349,37.55523],[128.43366,37.55521],[128.43404,37.55566],[128.43447,37.55586],[128.43475,37.55559],[128.43491,37.5553],[128.4352,37.55554],[128.43589,37.55545],[128.4368,37.55586],[128.43708,37.55586],[128.43719,37.5557],[128.43756,37.55564],[128.43789,37.55573],[128.43857,37.55545],[128.43958,37.55552],[128.44023,37.55539],[128.441,37.55509],[128.4415,37.55533],[128.44178,37.55531],[128.44284,37.55547],[128.44325,37.55538],[128.44396,37.55565],[128.44486,37.55576],[128.44626,37.55621],[128.44627,37.55648],[128.44665,37.55717],[128.44648,37.55773],[128.44761,37.55759],[128.44847,37.55738],[128.44933,37.55722],[128.45031,37.55672],[128.45106,37.55778],[128.45139,37.55921],[128.45253,37.55875],[128.45369,37.55895],[128.45417,37.55958],[128.45424,37.56047],[128.45462,37.56112],[128.45487,37.56183],[128.45706,37.565],[128.45763,37.56539],[128.45898,37.56659],[128.45875,37.56785],[128.459,37.56852],[128.45823,37.56998],[128.45883,37.57118],[128.45856,37.57247],[128.45856,37.57336],[128.45924,37.57432],[128.45932,37.57492],[128.45959,37.57566],[128.45951,37.57608],[128.45919,37.5765],[128.45935,37.57738],[128.45869,37.57916],[128.45884,37.57973],[128.45832,37.58057],[128.45922,37.58179],[128.46146,37.58265],[128.46309,37.58177],[128.46463,37.58224],[128.46577,37.58226],[128.4673,37.58166],[128.46826,37.58149],[128.46888,37.58132],[128.46979,37.5809],[128.47057,37.58107],[128.47157,37.58078],[128.47283,37.58079],[128.47527,37.58012],[128.47593,37.58009],[128.47767,37.5804],[128.47757,37.58087],[128.47871,37.58242],[128.47868,37.58298],[128.47927,37.58392],[128.47972,37.58407],[128.48123,37.58547],[128.48644,37.58829],[128.48846,37.5888],[128.48918,37.58934],[128.49002,37.58956],[128.49221,37.59133],[128.49276,37.59333],[128.49246,37.594],[128.49143,37.59462],[128.49167,37.59554],[128.49085,37.5965],[128.4908,37.59788],[128.49102,37.59884],[128.4908,37.60085],[128.49022,37.60133],[128.48988,37.60198],[128.49003,37.60316],[128.48987,37.60505],[128.48864,37.60525],[128.48842,37.60652],[128.48776,37.60788],[128.48676,37.60892],[128.48678,37.60972],[128.48776,37.61151],[128.48884,37.61252],[128.48934,37.61361],[128.49047,37.61452],[128.49102,37.61557],[128.49155,37.61578],[128.49227,37.61706],[128.49357,37.61782],[128.49455,37.61843],[128.49478,37.61931],[128.49524,37.61987],[128.49559,37.62161],[128.49629,37.62291],[128.49716,37.62333],[128.4974,37.62397],[128.49788,37.62444],[128.49832,37.62452],[128.49849,37.62469],[128.4985,37.62527],[128.49891,37.6258],[128.49937,37.62584],[128.49987,37.62618],[128.50038,37.62637],[128.50059,37.6267],[128.50076,37.62759],[128.5009,37.62779],[128.50091,37.62826],[128.50178,37.62849],[128.50221,37.6287],[128.50287,37.62876],[128.50312,37.62913],[128.50332,37.62914],[128.50391,37.62963],[128.50402,37.63038],[128.50421,37.63105],[128.50452,37.63147],[128.5051,37.63197],[128.50602,37.6321],[128.50645,37.63247],[128.50699,37.63247],[128.50799,37.6327],[128.50862,37.63262],[128.50923,37.63264],[128.50994,37.63332],[128.51047,37.63416],[128.51128,37.63494],[128.51184,37.635],[128.51172,37.63537],[128.51082,37.6363],[128.5107,37.63752],[128.51139,37.63758],[128.51182,37.63799],[128.51245,37.6383],[128.51306,37.63887],[128.51309,37.63911],[128.51353,37.63996],[128.51351,37.64031],[128.51401,37.64119],[128.51451,37.64141],[128.51519,37.64198],[128.51534,37.64228],[128.51525,37.64266],[128.51588,37.64344],[128.51607,37.64396],[128.51679,37.64431],[128.51694,37.64519],[128.516,37.64609],[128.51623,37.64641],[128.51702,37.64678],[128.51734,37.64713],[128.51678,37.64742],[128.51599,37.64877],[128.5157,37.64885],[128.51506,37.64936],[128.51437,37.64942],[128.51399,37.65071],[128.51358,37.65149],[128.51285,37.65189],[128.51234,37.65176],[128.51112,37.65222],[128.51059,37.6523],[128.51013,37.65299],[128.50977,37.65312],[128.50922,37.6538],[128.50835,37.65416],[128.50738,37.65446],[128.50728,37.6552],[128.50677,37.65585],[128.50712,37.65625],[128.50824,37.65714],[128.50814,37.65813],[128.50824,37.65862],[128.50797,37.65943],[128.50766,37.65989],[128.50848,37.66152],[128.50828,37.66193],[128.50839,37.66267],[128.50828,37.66291],[128.50845,37.66402],[128.50852,37.66425],[128.51006,37.66518],[128.51031,37.66528],[128.51065,37.6657],[128.5108,37.6662],[128.51029,37.66635],[128.51003,37.66658],[128.50994,37.66759],[128.5102,37.66776],[128.51009,37.66837],[128.51034,37.66864],[128.51017,37.66893],[128.51035,37.6693],[128.51042,37.66986],[128.51021,37.67019],[128.51087,37.67103],[128.5096,37.67243],[128.51002,37.6739],[128.50964,37.67528],[128.50969,37.6758],[128.51021,37.67658],[128.50983,37.67797],[128.50918,37.67845],[128.50924,37.67976],[128.50942,37.68012],[128.50929,37.68059],[128.5094,37.68137],[128.5098,37.68157],[128.51042,37.68324],[128.51074,37.68375],[128.51068,37.68411],[128.51023,37.685],[128.50963,37.6852],[128.50961,37.68553],[128.50877,37.68575],[128.50776,37.68583],[128.50724,37.68595],[128.50659,37.68655],[128.50518,37.68646],[128.50365,37.68661],[128.50326,37.68723],[128.50277,37.68761],[128.50163,37.68742],[128.5011,37.68771],[128.50089,37.68749],[128.50002,37.68774],[128.49902,37.68758],[128.4979,37.68804],[128.49725,37.68801],[128.49682,37.68816],[128.49597,37.68904],[128.4955,37.68939],[128.49512,37.69027],[128.49454,37.69067],[128.49406,37.69119],[128.49399,37.69151],[128.49286,37.692],[128.49271,37.69282],[128.49234,37.69386],[128.49274,37.6945],[128.49209,37.69529],[128.49234,37.69772],[128.49229,37.69852],[128.49319,37.6991],[128.49352,37.69957],[128.49346,37.70052],[128.4931,37.70324],[128.4929,37.70367],[128.49306,37.70434],[128.49274,37.70487],[128.49268,37.70583],[128.49308,37.70681],[128.49308,37.70704],[128.49356,37.70753],[128.49434,37.70812],[128.49545,37.70854],[128.49583,37.70882],[128.49753,37.70911],[128.49784,37.71019],[128.49816,37.71079],[128.49792,37.71159],[128.49794,37.71285],[128.49815,37.71306],[128.49876,37.71435],[128.49862,37.71494],[128.49815,37.71553],[128.49853,37.71598],[128.49845,37.71696],[128.49866,37.71726],[128.49877,37.71802],[128.49896,37.71817],[128.49903,37.71849],[128.4988,37.7195],[128.49898,37.72012],[128.49944,37.72085],[128.49903,37.7221],[128.49867,37.72268],[128.49846,37.7241],[128.49736,37.72523],[128.49689,37.72546],[128.49626,37.72618],[128.49598,37.727],[128.49525,37.72747],[128.49412,37.72888],[128.49273,37.72923],[128.49244,37.72949],[128.49164,37.72984],[128.49144,37.73014],[128.4908,37.73038],[128.49004,37.73051],[128.48906,37.73132],[128.48833,37.73364]]]},"properties":{"code":"32540350","name":"용평면"}},{"type":"Feature","geometry":{"type":"Polygon","coordinates":[[[128.5988,37.77448],[128.59879,37.7745],[128.59911,37.77726],[128.6,37.77934],[128.60099,37.78011],[128.60085,37.78104],[128.60141,37.78133],[128.6013,37.78241],[128.60111,37.78334],[128.60103,37.78717],[128.60064,37.78806],[128.59999,37.78872],[128.60028,37.78961],[128.59998,37.79048],[128.59979,37.79161],[128.60047,37.79213],[128.60112,37.79279],[128.60159,37.79377],[128.60089,37.79545],[128.60095,37.79643],[128.60125,37.7979],[128.60068,37.79957],[128.60095,37.80054],[128.60094,37.80174],[128.60061,37.80235],[128.59974,37.80289],[128.59881,37.80304],[128.59837,37.80351],[128.59815,37.80438],[128.59863,37.80574],[128.59927,37.80631],[128.59996,37.80882],[128.5989,37.80927],[128.59795,37.81003],[128.597,37.81157],[128.5956,37.81252],[128.5944,37.81384],[128.59192,37.81604],[128.5896,37.81672],[128.58767,37.81762],[128.5855,37.81854],[128.58484,37.81917],[128.58413,37.82016],[128.58274,37.82139],[128.58199,37.82076],[128.58054,37.81982],[128.57961,37.81909],[128.57818,37.81816],[128.57697,37.81706],[128.57592,37.81574],[128.57575,37.81415],[128.57429,37.81311],[128.57333,37.81178],[128.57266,37.811],[128.57155,37.8099],[128.57066,37.8086],[128.57057,37.80839],[128.57084,37.808],[128.57024,37.80783],[128.56966,37.80741],[128.56916,37.80748],[128.56806,37.80805],[128.56689,37.80799],[128.56577,37.80828],[128.56483,37.80832],[128.56413,37.80842],[128.56336,37.80863],[128.56229,37.8086],[128.56174,37.80864],[128.56024,37.80892],[128.55763,37.80916],[128.55638,37.80946],[128.55547,37.80911],[128.5535,37.80731],[128.55269,37.80652],[128.55233,37.80636],[128.55201,37.80582],[128.55157,37.80453],[128.55126,37.80428],[128.55096,37.80417],[128.55039,37.80372],[128.55014,37.80373],[128.54956,37.80359],[128.54915,37.80361],[128.54866,37.80353],[128.54736,37.80276],[128.54595,37.80169],[128.54437,37.8009],[128.54376,37.80023],[128.54345,37.7982],[128.54326,37.79715],[128.54397,37.79534],[128.54258,37.79345],[128.54235,37.79228],[128.54287,37.79159],[128.54293,37.78958],[128.54252,37.78834],[128.54141,37.78649],[128.54034,37.78453],[128.53959,37.78322],[128.53822,37.78224],[128.53548,37.78108],[128.53436,37.78008],[128.5332,37.77979],[128.53339,37.77886],[128.53288,37.7774],[128.53305,37.7766],[128.53366,37.77592],[128.53308,37.77399],[128.53301,37.77307],[128.53325,37.77219],[128.53323,37.77096],[128.53165,37.76972],[128.53004,37.76886],[128.52902,37.76767],[128.52811,37.76713],[128.52652,37.76495],[128.52553,37.76463],[128.52523,37.76423],[128.52395,37.76401],[128.52406,37.75535],[128.52603,37.75429],[128.52711,37.75281],[128.52695,37.75227],[128.52697,37.75172],[128.52672,37.75125],[128.52684,37.75058],[128.52626,37.74954],[128.52599,37.74878],[128.52645,37.74774],[128.52498,37.74529],[128.52511,37.74484],[128.52514,37.74421],[128.52406,37.74263],[128.52448,37.741],[128.52531,37.74005],[128.52517,37.73882],[128.52569,37.73801],[128.52698,37.73748],[128.5277,37.73652],[128.5275,37.73407],[128.52811,37.73351],[128.528,37.73297],[128.52643,37.73156],[128.52583,37.73145],[128.52437,37.73085],[128.52351,37.73023],[128.52254,37.73002],[128.52222,37.72971],[128.52171,37.73018],[128.52057,37.73109],[128.5192,37.73146],[128.51795,37.73192],[128.51606,37.73221],[128.51495,37.73194],[128.51447,37.73142],[128.51396,37.73131],[128.51307,37.73037],[128.51231,37.73057],[128.51093,37.73052],[128.50962,37.73055],[128.50799,37.73104],[128.50673,37.7312],[128.5053,37.73119],[128.50474,37.73104],[128.50439,37.73144],[128.50413,37.73164],[128.50333,37.7319],[128.50222,37.73175],[128.50183,37.73183],[128.50128,37.73164],[128.49983,37.73192],[128.49917,37.73195],[128.49871,37.73209],[128.49829,37.73242],[128.49775,37.73236],[128.49708,37.73269],[128.49604,37.73289],[128.49535,37.7327],[128.49464,37.73269],[128.49334,37.73297],[128.49269,37.73281],[128.49213,37.73317],[128.49083,37.7331],[128.48833,37.73364],[128.48906,37.73132],[128.49004,37.73051],[128.4908,37.73038],[128.49144,37.73014],[128.49164,37.72984],[128.49244,37.72949],[128.49273,37.72923],[128.49412,37.72888],[128.49525,37.72747],[128.49598,37.727],[128.49626,37.72618],[128.49689,37.72546],[128.49736,37.72523],[128.49846,37.7241],[128.49867,37.72268],[128.49903,37.7221],[128.49944,37.72085],[128.49898,37.72012],[128.4988,37.7195],[128.49903,37.71849],[128.49896,37.71817],[128.49877,37.71802],[128.49866,37.71726],[128.49845,37.71696],[128.49853,37.71598],[128.49815,37.71553],[128.49862,37.71494],[128.49876,37.71435],[128.49815,37.71306],[128.49794,37.71285],[128.49792,37.71159],[128.49816,37.71079],[128.49784,37.71019],[128.49753,37.70911],[128.49583,37.70882],[128.49545,37.70854],[128.49434,37.70812],[128.49356,37.70753],[128.49308,37.70704],[128.49308,37.70681],[128.49268,37.70583],[128.49274,37.70487],[128.49306,37.70434],[128.4929,37.70367],[128.4931,37.70324],[128.49346,37.70052],[128.49352,37.69957],[128.49319,37.6991],[128.49229,37.69852],[128.49234,37.69772],[128.49209,37.69529],[128.49274,37.6945],[128.49234,37.69386],[128.49271,37.69282],[128.49286,37.692],[128.49399,37.69151],[128.49406,37.69119],[128.49454,37.69067],[128.49512,37.69027],[128.4955,37.68939],[128.49597,37.68904],[128.49682,37.68816],[128.49725,37.68801],[128.4979,37.68804],[128.49902,37.68758],[128.50002,37.68774],[128.50089,37.68749],[128.5011,37.68771],[128.50163,37.68742],[128.50277,37.68761],[128.50326,37.68723],[128.50365,37.68661],[128.50518,37.68646],[128.50659,37.68655],[128.50724,37.68595],[128.50776,37.68583],[128.50877,37.68575],[128.50961,37.68553],[128.50963,37.6852],[128.51023,37.685],[128.51068,37.68411],[128.51074,37.68375],[128.51042,37.68324],[128.5098,37.68157],[128.5094,37.68137],[128.50929,37.68059],[128.50942,37.68012],[128.50924,37.67976],[128.50918,37.67845],[128.50983,37.67797],[128.51021,37.67658],[128.50969,37.6758],[128.50964,37.67528],[128.51002,37.6739],[128.5096,37.67243],[128.51087,37.67103],[128.51021,37.67019],[128.51042,37.66986],[128.51035,37.6693],[128.51017,37.66893],[128.51034,37.66864],[128.51009,37.66837],[128.5102,37.66776],[128.50994,37.66759],[128.51003,37.66658],[128.51029,37.66635],[128.5108,37.6662],[128.51065,37.6657],[128.51031,37.66528],[128.51006,37.66518],[128.50852,37.66425],[128.50845,37.66402],[128.50828,37.66291],[128.50839,37.66267],[128.50828,37.66193],[128.50848,37.66152],[128.50766,37.65989],[128.50797,37.65943],[128.50824,37.65862],[128.50814,37.65813],[128.50824,37.65714],[128.50712,37.65625],[128.50677,37.65585],[128.50728,37.6552],[128.50738,37.65446],[128.50835,37.65416],[128.50922,37.6538],[128.50977,37.65312],[128.51013,37.65299],[128.51059,37.6523],[128.51112,37.65222],[128.51234,37.65176],[128.51285,37.65189],[128.51358,37.65149],[128.51399,37.65071],[128.51437,37.64942],[128.51506,37.64936],[128.5157,37.64885],[128.51599,37.64877],[128.51678,37.64742],[128.51734,37.64713],[128.51702,37.64678],[128.51623,37.64641],[128.516,37.64609],[128.51694,37.64519],[128.51679,37.64431],[128.51607,37.64396],[128.51588,37.64344],[128.51525,37.64266],[128.51534,37.64228],[128.51519,37.64198],[128.51451,37.64141],[128.51401,37.64119],[128.51351,37.64031],[128.51353,37.63996],[128.51309,37.63911],[128.51306,37.63887],[128.51245,37.6383],[128.51182,37.63799],[128.51139,37.63758],[128.5107,37.63752],[128.51082,37.6363],[128.51172,37.63537],[128.51184,37.635],[128.51128,37.63494],[128.51047,37.63416],[128.50994,37.63332],[128.50923,37.63264],[128.50862,37.63262],[128.50799,37.6327],[128.50699,37.63247],[128.50645,37.63247],[128.50602,37.6321],[128.5051,37.63197],[128.50452,37.63147],[128.50421,37.63105],[128.50402,37.63038],[128.50391,37.62963],[128.50332,37.62914],[128.50312,37.62913],[128.50287,37.62876],[128.50221,37.6287],[128.50178,37.62849],[128.50091,37.62826],[128.5009,37.62779],[128.50076,37.62759],[128.50059,37.6267],[128.50038,37.62637],[128.49987,37.62618],[128.49937,37.62584],[128.49891,37.6258],[128.4985,37.62527],[128.49849,37.62469],[128.49832,37.62452],[128.49788,37.62444],[128.4974,37.62397],[128.49716,37.62333],[128.49629,37.62291],[128.49559,37.62161],[128.49524,37.61987],[128.49478,37.61931],[128.49455,37.61843],[128.49357,37.61782],[128.49227,37.61706],[128.49155,37.61578],[128.49102,37.61557],[128.49047,37.61452],[128.48934,37.61361],[128.48884,37.61252],[128.48776,37.61151],[128.48678,37.60972],[128.48676,37.60892],[128.48776,37.60788],[128.48842,37.60652],[128.48864,37.60525],[128.48987,37.60505],[128.49003,37.60316],[128.48988,37.60198],[128.49022,37.60133],[128.4908,37.60085],[128.49102,37.59884],[128.4908,37.59788],[128.49085,37.5965],[128.49167,37.59554],[128.49143,37.59462],[128.49246,37.594],[128.49276,37.59333],[128.49221,37.59133],[128.49292,37.59138],[128.4956,37.59066],[128.49749,37.59065],[128.49923,37.58983],[128.50084,37.58898],[128.50078,37.58844],[128.50122,37.58777],[128.50114,37.58715],[128.50171,37.58637],[128.50238,37.58606],[128.50239,37.58535],[128.50169,37.58357],[128.50133,37.58286],[128.49969,37.58244],[128.49914,37.58197],[128.49889,37.58127],[128.49999,37.57913],[128.4997,37.5784],[128.50112,37.57696],[128.50134,37.57643],[128.50264,37.57588],[128.50284,37.57564],[128.50345,37.57377],[128.50471,37.57263],[128.50341,37.57105],[128.50413,37.56978],[128.50418,37.56896],[128.50537,37.56742],[128.50575,37.56697],[128.50583,37.5654],[128.50607,37.56373],[128.50687,37.56263],[128.50706,37.56192],[128.50771,37.56039],[128.5095,37.55922],[128.51023,37.55851],[128.51031,37.55797],[128.51001,37.55748],[128.50986,37.55685],[128.50912,37.5554],[128.50911,37.55493],[128.5088,37.55456],[128.50884,37.5535],[128.50846,37.55214],[128.50912,37.54997],[128.50966,37.54866],[128.51084,37.54669],[128.51191,37.54536],[128.51314,37.54354],[128.51411,37.54153],[128.51441,37.54133],[128.51441,37.54101],[128.51469,37.54049],[128.51517,37.54034],[128.51573,37.53974],[128.51527,37.53841],[128.51487,37.53785],[128.51466,37.53707],[128.51503,37.5366],[128.51519,37.53531],[128.51489,37.53376],[128.51415,37.53183],[128.51345,37.53139],[128.51301,37.53053],[128.51221,37.52995],[128.51194,37.52939],[128.51134,37.52895],[128.51123,37.52852],[128.51001,37.52769],[128.50916,37.52571],[128.50828,37.52423],[128.5078,37.52384],[128.50733,37.52207],[128.50588,37.52073],[128.50519,37.52026],[128.50498,37.51998],[128.50558,37.5189],[128.50568,37.51851],[128.50569,37.51684],[128.50585,37.51635],[128.50782,37.51405],[128.50779,37.51348],[128.50927,37.51145],[128.50985,37.51113],[128.5103,37.51016],[128.50975,37.50971],[128.50605,37.50796],[128.50597,37.50756],[128.50466,37.50662],[128.50415,37.50585],[128.5038,37.50553],[128.50265,37.5052],[128.50051,37.5048],[128.5004,37.50426],[128.50012,37.50398],[128.49992,37.50217],[128.49897,37.5011],[128.4989,37.5003],[128.49805,37.49937],[128.49853,37.49787],[128.49808,37.49654],[128.49822,37.49518],[128.49786,37.49289],[128.49565,37.49108],[128.49451,37.48941],[128.49488,37.48865],[128.49431,37.48733],[128.4937,37.48293],[128.49636,37.48121],[128.49861,37.48078],[128.49957,37.48043],[128.50003,37.47995],[128.50062,37.47875],[128.50054,37.47775],[128.50126,37.47682],[128.50181,37.47535],[128.50281,37.47456],[128.50348,37.47462],[128.50401,37.4734],[128.50532,37.47215],[128.50661,37.47173],[128.50717,37.47092],[128.50794,37.47075],[128.50889,37.47079],[128.51074,37.47061],[128.51136,37.47029],[128.51232,37.47048],[128.51359,37.47013],[128.51561,37.47031],[128.51872,37.47117],[128.5194,37.47043],[128.52004,37.47005],[128.52115,37.4689],[128.52163,37.46733],[128.52154,37.46702],[128.52211,37.46528],[128.5236,37.46362],[128.5238,37.46359],[128.5238,37.46362],[128.52573,37.46357],[128.52787,37.46292],[128.52909,37.46304],[128.53022,37.46261],[128.53081,37.46255],[128.53196,37.46168],[128.53253,37.46144],[128.53381,37.46157],[128.53541,37.46146],[128.53615,37.46114],[128.53689,37.46114],[128.53758,37.46084],[128.53873,37.46063],[128.54121,37.45988],[128.54225,37.45941],[128.5428,37.45945],[128.54387,37.45986],[128.54432,37.45977],[128.54485,37.45951],[128.54628,37.4594],[128.54724,37.4591],[128.54748,37.45879],[128.54804,37.45862],[128.54824,37.45831],[128.5488,37.45833],[128.54971,37.45784],[128.5505,37.4576],[128.55219,37.45645],[128.55341,37.45676],[128.55376,37.45698],[128.55434,37.45705],[128.55464,37.45744],[128.55489,37.45752],[128.55562,37.45814],[128.55691,37.45827],[128.55771,37.45862],[128.55851,37.45874],[128.55891,37.45899],[128.55992,37.45948],[128.56057,37.4599],[128.56166,37.46036],[128.56201,37.46069],[128.56343,37.46137],[128.56313,37.46352],[128.56282,37.46385],[128.56258,37.46448],[128.5621,37.46482],[128.5618,37.46541],[128.56168,37.46585],[128.56128,37.46618],[128.56138,37.46685],[128.56161,37.46764],[128.56141,37.46789],[128.56183,37.46893],[128.56172,37.46972],[128.56153,37.47046],[128.56149,37.47201],[128.56154,37.47288],[128.56151,37.47333],[128.56131,37.47347],[128.56139,37.47368],[128.5612,37.47403],[128.56105,37.47518],[128.56047,37.47579],[128.56045,37.47619],[128.5602,37.4769],[128.56046,37.47743],[128.56001,37.47783],[128.55991,37.47845],[128.55958,37.47914],[128.55885,37.4797],[128.55794,37.4811],[128.55754,37.48324],[128.5571,37.48402],[128.55659,37.48573],[128.55673,37.48676],[128.55678,37.48818],[128.55659,37.48903],[128.55744,37.48942],[128.55796,37.48977],[128.55811,37.49018],[128.5581,37.49047],[128.55921,37.49231],[128.55971,37.49277],[128.55982,37.49368],[128.56023,37.49464],[128.5607,37.49488],[128.56137,37.49488],[128.5617,37.49574],[128.56173,37.49612],[128.5616,37.49636],[128.56309,37.49846],[128.56379,37.49877],[128.56429,37.49945],[128.56447,37.49995],[128.56487,37.50063],[128.56491,37.50151],[128.56507,37.50241],[128.56554,37.50244],[128.5655,37.50035],[128.57005,37.4977],[128.57016,37.49711],[128.57099,37.49235],[128.57211,37.49023],[128.57352,37.48926],[128.57534,37.48919],[128.57675,37.48952],[128.57904,37.4899],[128.57938,37.49007],[128.58008,37.49027],[128.58068,37.49025],[128.58128,37.49009],[128.58187,37.48943],[128.58224,37.48909],[128.58313,37.4881],[128.58384,37.4875],[128.58446,37.4873],[128.58472,37.4882],[128.58445,37.48813],[128.58455,37.48912],[128.58335,37.49086],[128.58201,37.49115],[128.58156,37.49092],[128.57971,37.4919],[128.57902,37.4924],[128.57751,37.49266],[128.57729,37.49289],[128.57684,37.49314],[128.576,37.49316],[128.57564,37.49338],[128.57533,37.49375],[128.57559,37.49432],[128.57589,37.49482],[128.57635,37.49538],[128.57662,37.49596],[128.57649,37.49654],[128.57723,37.49808],[128.57717,37.49831],[128.57733,37.49883],[128.57712,37.49909],[128.57722,37.4993],[128.57711,37.50053],[128.57742,37.50119],[128.57689,37.5017],[128.57649,37.50254],[128.57641,37.50295],[128.5769,37.50411],[128.57715,37.50501],[128.57713,37.50623],[128.57722,37.50739],[128.57742,37.50811],[128.57742,37.50874],[128.57712,37.51009],[128.57717,37.51113],[128.57798,37.51242],[128.57805,37.51315],[128.57827,37.51328],[128.57822,37.51509],[128.57949,37.51738],[128.57991,37.51938],[128.57954,37.52061],[128.5797,37.52157],[128.5803,37.52207],[128.5808,37.5234],[128.58091,37.52485],[128.58123,37.52649],[128.58102,37.52686],[128.58117,37.52804],[128.58198,37.52935],[128.58195,37.52967],[128.58214,37.53004],[128.58274,37.53029],[128.5834,37.53046],[128.58337,37.53186],[128.58252,37.53293],[128.58327,37.53503],[128.58318,37.5358],[128.58368,37.5361],[128.58451,37.53722],[128.58558,37.53751],[128.58763,37.53783],[128.58865,37.53878],[128.58923,37.54026],[128.58939,37.54049],[128.58912,37.5423],[128.58871,37.54357],[128.58876,37.54424],[128.58836,37.54462],[128.58789,37.54596],[128.58758,37.54632],[128.58701,37.54803],[128.58723,37.54884],[128.58843,37.54963],[128.58848,37.5511],[128.58821,37.55187],[128.58859,37.55294],[128.58896,37.55365],[128.58874,37.55392],[128.58851,37.55451],[128.58838,37.55505],[128.58851,37.5556],[128.58804,37.55638],[128.58836,37.55724],[128.58864,37.55754],[128.58901,37.55853],[128.5896,37.56028],[128.59068,37.56073],[128.59122,37.56114],[128.59166,37.56137],[128.59246,37.56161],[128.59309,37.56237],[128.59378,37.56283],[128.59444,37.56357],[128.59563,37.56433],[128.59622,37.56499],[128.5972,37.56588],[128.59792,37.56608],[128.59849,37.56675],[128.59864,37.56722],[128.59954,37.56839],[128.60038,37.56906],[128.60091,37.56959],[128.60122,37.56968],[128.60227,37.57017],[128.60263,37.5704],[128.60315,37.57044],[128.60423,37.57098],[128.60439,37.5712],[128.60611,37.57193],[128.60789,37.5725],[128.60858,37.57265],[128.61007,37.5727],[128.61081,37.57309],[128.61097,37.57325],[128.61163,37.57332],[128.61222,37.57358],[128.61236,37.574],[128.61262,37.57418],[128.61366,37.57454],[128.61547,37.57551],[128.61698,37.57474],[128.61901,37.57429],[128.61999,37.57468],[128.6206,37.57439],[128.6217,37.5741],[128.6222,37.57378],[128.62385,37.57331],[128.62448,37.57341],[128.62517,37.57317],[128.62571,37.57266],[128.62553,37.57221],[128.62532,37.56981],[128.62514,37.56921],[128.62452,37.56764],[128.62483,37.56555],[128.62568,37.5646],[128.62626,37.5638],[128.62638,37.56353],[128.62628,37.56307],[128.62658,37.56239],[128.62656,37.56187],[128.62672,37.561],[128.62692,37.55927],[128.62692,37.55889],[128.62714,37.55764],[128.62718,37.55702],[128.62714,37.5566],[128.62675,37.55563],[128.62688,37.55506],[128.62794,37.55375],[128.62843,37.55371],[128.62926,37.55312],[128.6302,37.55257],[128.63037,37.55177],[128.63053,37.55162],[128.63053,37.55101],[128.63073,37.55085],[128.63117,37.55068],[128.63174,37.55025],[128.63179,37.54951],[128.63207,37.54894],[128.632,37.54809],[128.63172,37.54676],[128.63187,37.54635],[128.63184,37.5451],[128.63161,37.54462],[128.63208,37.5434],[128.63244,37.54256],[128.63323,37.5416],[128.63377,37.54114],[128.63395,37.54075],[128.63462,37.53971],[128.63544,37.53968],[128.63698,37.53996],[128.63877,37.5405],[128.6396,37.54051],[128.64037,37.54069],[128.64114,37.54123],[128.6419,37.54149],[128.64131,37.54305],[128.6416,37.54519],[128.64249,37.54724],[128.64288,37.54853],[128.64353,37.54981],[128.64435,37.55113],[128.64458,37.55179],[128.64453,37.55226],[128.64511,37.55313],[128.64612,37.5533],[128.64762,37.5541],[128.649,37.55446],[128.65058,37.55514],[128.65089,37.55499],[128.65168,37.55508],[128.65235,37.55508],[128.65274,37.5552],[128.65341,37.5555],[128.65348,37.55569],[128.6539,37.55571],[128.65442,37.55585],[128.65505,37.55574],[128.65592,37.55535],[128.65617,37.5553],[128.6571,37.55559],[128.65791,37.55562],[128.65843,37.55583],[128.65903,37.5559],[128.66011,37.55564],[128.66115,37.55588],[128.66192,37.55599],[128.66226,37.55629],[128.66249,37.55634],[128.66341,37.5563],[128.66372,37.55636],[128.66418,37.55662],[128.66545,37.55673],[128.666,37.55688],[128.66634,37.55688],[128.66755,37.55719],[128.66819,37.55752],[128.66999,37.55757],[128.67212,37.55694],[128.67263,37.55675],[128.67242,37.55662],[128.67387,37.55592],[128.67372,37.55658],[128.67342,37.55742],[128.67349,37.55793],[128.67335,37.55822],[128.67325,37.55911],[128.67299,37.55961],[128.67254,37.55996],[128.67194,37.56006],[128.67121,37.55983],[128.67002,37.55987],[128.66956,37.56001],[128.66955,37.56019],[128.66892,37.56045],[128.6682,37.56083],[128.66787,37.56135],[128.66809,37.56231],[128.66806,37.56261],[128.66837,37.56361],[128.6681,37.56506],[128.66808,37.56594],[128.6682,37.56759],[128.66732,37.56873],[128.66754,37.56907],[128.66818,37.56952],[128.66845,37.56962],[128.66926,37.5694],[128.66958,37.56945],[128.67031,37.56937],[128.67145,37.56958],[128.67324,37.57003],[128.67439,37.5705],[128.67504,37.57037],[128.67648,37.57061],[128.67686,37.57039],[128.67896,37.56986],[128.67918,37.57044],[128.67967,37.57084],[128.68036,37.57188],[128.68032,37.57229],[128.6807,37.57338],[128.68144,37.57383],[128.68136,37.57479],[128.68163,37.57535],[128.68179,37.57594],[128.68179,37.57627],[128.68142,37.5766],[128.68161,37.57725],[128.6818,37.5775],[128.68155,37.57823],[128.68149,37.57896],[128.68155,37.57916],[128.68153,37.57976],[128.68172,37.58054],[128.68199,37.58115],[128.68268,37.58201],[128.68242,37.58271],[128.68265,37.58343],[128.68274,37.58453],[128.6829,37.58491],[128.68281,37.58552],[128.68306,37.58614],[128.68315,37.58688],[128.68345,37.58793],[128.68335,37.58842],[128.6836,37.58865],[128.68382,37.58942],[128.68407,37.59004],[128.68427,37.59114],[128.68406,37.59198],[128.68372,37.59222],[128.68396,37.59385],[128.684,37.59384],[128.68401,37.59392],[128.68318,37.59475],[128.68184,37.59531],[128.68085,37.59605],[128.67863,37.59679],[128.67787,37.59759],[128.67617,37.59905],[128.6738,37.60012],[128.67355,37.60073],[128.6711,37.60279],[128.67094,37.60332],[128.66957,37.60474],[128.66834,37.60425],[128.66783,37.60427],[128.66665,37.60362],[128.666,37.6031],[128.66471,37.60283],[128.66336,37.60289],[128.663,37.60347],[128.66207,37.60408],[128.66017,37.6046],[128.65944,37.60462],[128.65848,37.60511],[128.65743,37.60545],[128.65719,37.60528],[128.65544,37.60535],[128.65417,37.60564],[128.65303,37.60565],[128.65225,37.60531],[128.65142,37.60556],[128.65003,37.60577],[128.64882,37.6063],[128.64841,37.60624],[128.64761,37.60686],[128.64717,37.60699],[128.64642,37.60743],[128.64599,37.60714],[128.64473,37.60685],[128.64483,37.60576],[128.64093,37.60463],[128.64053,37.60428],[128.63898,37.60448],[128.63793,37.60443],[128.63735,37.60468],[128.63649,37.60474],[128.63591,37.60493],[128.63507,37.60574],[128.63461,37.6058],[128.63375,37.60619],[128.63387,37.60785],[128.63446,37.60899],[128.63453,37.60946],[128.63396,37.61078],[128.63382,37.61254],[128.63173,37.61226],[128.63113,37.61235],[128.6298,37.61344],[128.62962,37.61402],[128.62949,37.61535],[128.62881,37.61635],[128.62737,37.61771],[128.62672,37.61887],[128.6256,37.61929],[128.6237,37.61843],[128.62279,37.61842],[128.62238,37.61836],[128.62216,37.61849],[128.6209,37.61867],[128.61945,37.61791],[128.6177,37.61964],[128.61715,37.62007],[128.61626,37.6203],[128.61511,37.62096],[128.61338,37.62169],[128.61316,37.62231],[128.61327,37.62245],[128.61296,37.62353],[128.61308,37.62406],[128.61453,37.62575],[128.61453,37.62817],[128.61492,37.62855],[128.61504,37.62904],[128.61573,37.62976],[128.61517,37.63044],[128.61547,37.63267],[128.61574,37.63342],[128.61586,37.63606],[128.6174,37.63709],[128.61757,37.63835],[128.61491,37.63996],[128.61457,37.64044],[128.61402,37.64075],[128.61353,37.64181],[128.61354,37.64281],[128.61318,37.6435],[128.61162,37.64389],[128.61173,37.64466],[128.61145,37.64517],[128.61153,37.64603],[128.61128,37.64669],[128.61206,37.64711],[128.61253,37.64757],[128.6125,37.64786],[128.61343,37.64895],[128.61447,37.64965],[128.61432,37.65005],[128.61517,37.65163],[128.61516,37.65343],[128.61465,37.65514],[128.61299,37.65482],[128.61137,37.65556],[128.61077,37.65743],[128.61,37.65815],[128.60884,37.65875],[128.60819,37.65863],[128.60763,37.65947],[128.6068,37.65953],[128.60627,37.65979],[128.6059,37.66045],[128.60306,37.6604],[128.60268,37.66013],[128.60243,37.65839],[128.60137,37.65784],[128.59972,37.65775],[128.59912,37.65755],[128.59852,37.65749],[128.59801,37.6571],[128.59726,37.65739],[128.59631,37.65791],[128.59495,37.65756],[128.59306,37.65799],[128.59206,37.6583],[128.59027,37.65809],[128.59042,37.65905],[128.5905,37.65987],[128.59037,37.66135],[128.59,37.66266],[128.59081,37.66293],[128.59125,37.66321],[128.59198,37.66385],[128.59259,37.66395],[128.59329,37.66418],[128.5941,37.66459],[128.59428,37.66489],[128.59423,37.66538],[128.59445,37.66581],[128.59473,37.66609],[128.59493,37.6666],[128.59492,37.66716],[128.59553,37.66812],[128.59524,37.66844],[128.5954,37.66901],[128.59562,37.66914],[128.59591,37.66963],[128.59675,37.66973],[128.59717,37.66993],[128.59756,37.6704],[128.59755,37.6707],[128.59774,37.67092],[128.59813,37.67105],[128.59864,37.67153],[128.59902,37.67202],[128.59929,37.67216],[128.59971,37.67314],[128.60025,37.67324],[128.60067,37.67388],[128.60146,37.67416],[128.60177,37.67439],[128.60212,37.67488],[128.60202,37.67539],[128.60179,37.67571],[128.6016,37.6758],[128.60166,37.6762],[128.60181,37.67642],[128.60265,37.67676],[128.60323,37.67692],[128.6039,37.67756],[128.60489,37.67806],[128.60533,37.67841],[128.60651,37.67954],[128.60718,37.68054],[128.60732,37.68092],[128.60741,37.68152],[128.60698,37.68211],[128.60638,37.68245],[128.60617,37.68294],[128.60703,37.68445],[128.60731,37.68553],[128.60764,37.68589],[128.60814,37.68606],[128.60849,37.68629],[128.60842,37.68665],[128.60859,37.68697],[128.60916,37.68706],[128.60966,37.68686],[128.6102,37.68709],[128.6106,37.68747],[128.61129,37.68783],[128.61275,37.68758],[128.61312,37.68768],[128.61388,37.68863],[128.61396,37.68905],[128.61429,37.68961],[128.61498,37.69002],[128.61427,37.69103],[128.61375,37.69147],[128.61322,37.69205],[128.61311,37.69257],[128.61286,37.69288],[128.61201,37.69347],[128.61066,37.69397],[128.61,37.69443],[128.60936,37.69448],[128.6088,37.69462],[128.6086,37.69473],[128.60851,37.69522],[128.60863,37.69557],[128.60794,37.69651],[128.60758,37.69682],[128.60776,37.69787],[128.60773,37.69816],[128.60732,37.69863],[128.60741,37.69909],[128.60711,37.69959],[128.60583,37.70012],[128.60523,37.70021],[128.60489,37.70103],[128.60489,37.70155],[128.60497,37.70181],[128.60458,37.70247],[128.60436,37.70298],[128.60428,37.7035],[128.60394,37.70461],[128.604,37.7052],[128.60434,37.70566],[128.60529,37.70625],[128.60515,37.70655],[128.60523,37.70703],[128.60557,37.70735],[128.60595,37.708],[128.60575,37.70837],[128.60588,37.70892],[128.60578,37.7091],[128.60592,37.70954],[128.60601,37.71049],[128.60581,37.71079],[128.60604,37.71123],[128.60616,37.71176],[128.60586,37.71225],[128.60581,37.7139],[128.60564,37.71456],[128.60535,37.71517],[128.60545,37.71582],[128.60601,37.71657],[128.60671,37.71889],[128.60638,37.7199],[128.60681,37.72118],[128.60648,37.72213],[128.60642,37.72343],[128.60595,37.72431],[128.6064,37.72479],[128.60701,37.7253],[128.60705,37.72593],[128.60805,37.72689],[128.60872,37.72779],[128.60858,37.72852],[128.60754,37.73032],[128.60745,37.73082],[128.60796,37.73177],[128.60778,37.73241],[128.60824,37.73442],[128.60894,37.73541],[128.60901,37.73608],[128.60888,37.73678],[128.60902,37.73806],[128.60976,37.73995],[128.61105,37.74101],[128.61056,37.74155],[128.61029,37.74221],[128.60965,37.7427],[128.60937,37.74345],[128.60857,37.7447],[128.60762,37.74524],[128.6068,37.74601],[128.60678,37.7466],[128.60652,37.74715],[128.60639,37.74782],[128.60649,37.74862],[128.60575,37.7496],[128.60454,37.74983],[128.60316,37.7503],[128.60213,37.75052],[128.60121,37.75044],[128.59981,37.75069],[128.59906,37.75106],[128.59866,37.75183],[128.59864,37.75254],[128.59749,37.75357],[128.59732,37.75423],[128.5973,37.75539],[128.59675,37.75639],[128.5967,37.75725],[128.59724,37.75857],[128.59697,37.7593],[128.59731,37.7618],[128.59746,37.76272],[128.59791,37.76397],[128.59762,37.76454],[128.59709,37.76504],[128.59657,37.76571],[128.5967,37.76697],[128.59707,37.76796],[128.59693,37.76899],[128.59674,37.76984],[128.59665,37.77072],[128.59706,37.77161],[128.5988,37.77448]]]},"properties":{"code":"32540360","name":"진부면"}},{"type":"Feature","geometry":{"type":"Polygon","coordinates":[[[128.71358,37.76253],[128.71209,37.76314],[128.7101,37.76373],[128.71053,37.76473],[128.71153,37.76505],[128.71061,37.76651],[128.71002,37.7668],[128.7089,37.76805],[128.70611,37.76878],[128.70407,37.76838],[128.70327,37.76893],[128.70323,37.76994],[128.70025,37.77054],[128.69837,37.77133],[128.6973,37.77003],[128.69676,37.76984],[128.69597,37.77082],[128.69528,37.77035],[128.69458,37.77024],[128.69304,37.77019],[128.69097,37.76972],[128.68956,37.77083],[128.68822,37.771],[128.68722,37.77234],[128.68485,37.77305],[128.68399,37.77269],[128.68268,37.77287],[128.68199,37.77252],[128.67984,37.77303],[128.67926,37.7729],[128.67875,37.77247],[128.67871,37.77215],[128.67852,37.77197],[128.67722,37.77127],[128.67697,37.77095],[128.67618,37.77104],[128.67513,37.77043],[128.67363,37.76985],[128.67362,37.76948],[128.67244,37.76855],[128.67135,37.76785],[128.67085,37.76688],[128.66985,37.76751],[128.66938,37.76808],[128.66926,37.76832],[128.66738,37.76979],[128.66606,37.77026],[128.66578,37.7703],[128.66296,37.77034],[128.66063,37.77052],[128.65981,37.77116],[128.65844,37.77199],[128.65748,37.7713],[128.6557,37.77143],[128.65378,37.77271],[128.65309,37.77268],[128.65286,37.77308],[128.65142,37.77378],[128.65039,37.77379],[128.64982,37.77458],[128.64769,37.77621],[128.64506,37.77711],[128.64333,37.77719],[128.64309,37.77732],[128.64237,37.77864],[128.64092,37.77909],[128.63947,37.78021],[128.63898,37.78202],[128.63898,37.78244],[128.63734,37.78246],[128.63669,37.78226],[128.63642,37.78176],[128.63496,37.78128],[128.63386,37.78027],[128.63324,37.7794],[128.63314,37.77835],[128.63178,37.77654],[128.63144,37.77436],[128.6307,37.77381],[128.63047,37.77295],[128.62959,37.77256],[128.62749,37.7729],[128.62706,37.77274],[128.62562,37.77055],[128.62363,37.76959],[128.62261,37.77045],[128.6196,37.76928],[128.61811,37.76973],[128.61612,37.76937],[128.6152,37.76985],[128.6147,37.77058],[128.61403,37.77054],[128.613,37.76954],[128.61175,37.76768],[128.61075,37.76721],[128.61056,37.76686],[128.6104,37.76621],[128.60928,37.76632],[128.608,37.767],[128.60758,37.76787],[128.60669,37.76837],[128.60563,37.7686],[128.60394,37.76917],[128.60244,37.76935],[128.60167,37.76993],[128.60103,37.77067],[128.60021,37.77188],[128.5988,37.77448],[128.59706,37.77161],[128.59665,37.77072],[128.59674,37.76984],[128.59693,37.76899],[128.59707,37.76796],[128.5967,37.76697],[128.59657,37.76571],[128.59709,37.76504],[128.59762,37.76454],[128.59791,37.76397],[128.59746,37.76272],[128.59731,37.7618],[128.59697,37.7593],[128.59724,37.75857],[128.5967,37.75725],[128.59675,37.75639],[128.5973,37.75539],[128.59732,37.75423],[128.59749,37.75357],[128.59864,37.75254],[128.59866,37.75183],[128.59906,37.75106],[128.59981,37.75069],[128.60121,37.75044],[128.60213,37.75052],[128.60316,37.7503],[128.60454,37.74983],[128.60575,37.7496],[128.60649,37.74862],[128.60639,37.74782],[128.60652,37.74715],[128.60678,37.7466],[128.6068,37.74601],[128.60762,37.74524],[128.60857,37.7447],[128.60937,37.74345],[128.60965,37.7427],[128.61029,37.74221],[128.61056,37.74155],[128.61105,37.74101],[128.60976,37.73995],[128.60902,37.73806],[128.60888,37.73678],[128.60901,37.73608],[128.60894,37.73541],[128.60824,37.73442],[128.60778,37.73241],[128.60796,37.73177],[128.60745,37.73082],[128.60754,37.73032],[128.60858,37.72852],[128.60872,37.72779],[128.60805,37.72689],[128.60705,37.72593],[128.60701,37.7253],[128.6064,37.72479],[128.60595,37.72431],[128.60642,37.72343],[128.60648,37.72213],[128.60681,37.72118],[128.60638,37.7199],[128.60671,37.71889],[128.60601,37.71657],[128.60545,37.71582],[128.60535,37.71517],[128.60564,37.71456],[128.60581,37.7139],[128.60586,37.71225],[128.60616,37.71176],[128.60604,37.71123],[128.60581,37.71079],[128.60601,37.71049],[128.60592,37.70954],[128.60578,37.7091],[128.60588,37.70892],[128.60575,37.70837],[128.60595,37.708],[128.60557,37.70735],[128.60523,37.70703],[128.60515,37.70655],[128.60529,37.70625],[128.60434,37.70566],[128.604,37.7052],[128.60394,37.70461],[128.60428,37.7035],[128.60436,37.70298],[128.60458,37.70247],[128.60497,37.70181],[128.60489,37.70155],[128.60489,37.70103],[128.60523,37.70021],[128.60583,37.70012],[128.60711,37.69959],[128.60741,37.69909],[128.60732,37.69863],[128.60773,37.69816],[128.60776,37.69787],[128.60758,37.69682],[128.60794,37.69651],[128.60863,37.69557],[128.60851,37.69522],[128.6086,37.69473],[128.6088,37.69462],[128.60936,37.69448],[128.61,37.69443],[128.61066,37.69397],[128.61201,37.69347],[128.61286,37.69288],[128.61311,37.69257],[128.61322,37.69205],[128.61375,37.69147],[128.61427,37.69103],[128.61498,37.69002],[128.61429,37.68961],[128.61396,37.68905],[128.61388,37.68863],[128.61312,37.68768],[128.61275,37.68758],[128.61129,37.68783],[128.6106,37.68747],[128.6102,37.68709],[128.60966,37.68686],[128.60916,37.68706],[128.60859,37.68697],[128.60842,37.68665],[128.60849,37.68629],[128.60814,37.68606],[128.60764,37.68589],[128.60731,37.68553],[128.60703,37.68445],[128.60617,37.68294],[128.60638,37.68245],[128.60698,37.68211],[128.60741,37.68152],[128.60732,37.68092],[128.60718,37.68054],[128.60651,37.67954],[128.60533,37.67841],[128.60489,37.67806],[128.6039,37.67756],[128.60323,37.67692],[128.60265,37.67676],[128.60181,37.67642],[128.60166,37.6762],[128.6016,37.6758],[128.60179,37.67571],[128.60202,37.67539],[128.60212,37.67488],[128.60177,37.67439],[128.60146,37.67416],[128.60067,37.67388],[128.60025,37.67324],[128.59971,37.67314],[128.59929,37.67216],[128.59902,37.67202],[128.59864,37.67153],[128.59813,37.67105],[128.59774,37.67092],[128.59755,37.6707],[128.59756,37.6704],[128.59717,37.66993],[128.59675,37.66973],[128.59591,37.66963],[128.59562,37.66914],[128.5954,37.66901],[128.59524,37.66844],[128.59553,37.66812],[128.59492,37.66716],[128.59493,37.6666],[128.59473,37.66609],[128.59445,37.66581],[128.59423,37.66538],[128.59428,37.66489],[128.5941,37.66459],[128.59329,37.66418],[128.59259,37.66395],[128.59198,37.66385],[128.59125,37.66321],[128.59081,37.66293],[128.59,37.66266],[128.59037,37.66135],[128.5905,37.65987],[128.59042,37.65905],[128.59027,37.65809],[128.59206,37.6583],[128.59306,37.65799],[128.59495,37.65756],[128.59631,37.65791],[128.59726,37.65739],[128.59801,37.6571],[128.59852,37.65749],[128.59912,37.65755],[128.59972,37.65775],[128.60137,37.65784],[128.60243,37.65839],[128.60268,37.66013],[128.60306,37.6604],[128.6059,37.66045],[128.60627,37.65979],[128.6068,37.65953],[128.60763,37.65947],[128.60819,37.65863],[128.60884,37.65875],[128.61,37.65815],[128.61077,37.65743],[128.61137,37.65556],[128.61299,37.65482],[128.61465,37.65514],[128.61516,37.65343],[128.61517,37.65163],[128.61432,37.65005],[128.61447,37.64965],[128.61343,37.64895],[128.6125,37.64786],[128.61253,37.64757],[128.61206,37.64711],[128.61128,37.64669],[128.61153,37.64603],[128.61145,37.64517],[128.61173,37.64466],[128.61162,37.64389],[128.61318,37.6435],[128.61354,37.64281],[128.61353,37.64181],[128.61402,37.64075],[128.61457,37.64044],[128.61491,37.63996],[128.61757,37.63835],[128.6174,37.63709],[128.61586,37.63606],[128.61574,37.63342],[128.61547,37.63267],[128.61517,37.63044],[128.61573,37.62976],[128.61504,37.62904],[128.61492,37.62855],[128.61453,37.62817],[128.61453,37.62575],[128.61308,37.62406],[128.61296,37.62353],[128.61327,37.62245],[128.61316,37.62231],[128.61338,37.62169],[128.61511,37.62096],[128.61626,37.6203],[128.61715,37.62007],[128.6177,37.61964],[128.61945,37.61791],[128.6209,37.61867],[128.62216,37.61849],[128.62238,37.61836],[128.62279,37.61842],[128.6237,37.61843],[128.6256,37.61929],[128.62672,37.61887],[128.62737,37.61771],[128.62881,37.61635],[128.62949,37.61535],[128.62962,37.61402],[128.6298,37.61344],[128.63113,37.61235],[128.63173,37.61226],[128.63382,37.61254],[128.63396,37.61078],[128.63453,37.60946],[128.63446,37.60899],[128.63387,37.60785],[128.63375,37.60619],[128.63461,37.6058],[128.63507,37.60574],[128.63591,37.60493],[128.63649,37.60474],[128.63735,37.60468],[128.63793,37.60443],[128.63898,37.60448],[128.64053,37.60428],[128.64093,37.60463],[128.64483,37.60576],[128.64473,37.60685],[128.64599,37.60714],[128.64642,37.60743],[128.64717,37.60699],[128.64761,37.60686],[128.64841,37.60624],[128.64882,37.6063],[128.65003,37.60577],[128.65142,37.60556],[128.65225,37.60531],[128.65303,37.60565],[128.65417,37.60564],[128.65544,37.60535],[128.65719,37.60528],[128.65743,37.60545],[128.65848,37.60511],[128.65944,37.60462],[128.66017,37.6046],[128.66207,37.60408],[128.663,37.60347],[128.66336,37.60289],[128.66471,37.60283],[128.666,37.6031],[128.66665,37.60362],[128.66783,37.60427],[128.66834,37.60425],[128.66957,37.60474],[128.67094,37.60332],[128.6711,37.60279],[128.67355,37.60073],[128.6738,37.60012],[128.67617,37.59905],[128.67787,37.59759],[128.67863,37.59679],[128.68085,37.59605],[128.68184,37.59531],[128.68318,37.59475],[128.68401,37.59392],[128.684,37.59384],[128.68491,37.59371],[128.68632,37.59313],[128.68711,37.59301],[128.68795,37.59269],[128.68923,37.5928],[128.68952,37.59276],[128.69035,37.59239],[128.69126,37.59217],[128.69197,37.59204],[128.69267,37.59219],[128.69318,37.5925],[128.6943,37.59242],[128.69501,37.59225],[128.69533,37.59211],[128.69694,37.59259],[128.69733,37.59263],[128.69855,37.59342],[128.69892,37.59352],[128.69991,37.59298],[128.70056,37.59244],[128.70146,37.59202],[128.70179,37.59198],[128.70187,37.59183],[128.70278,37.59112],[128.70328,37.59082],[128.70316,37.59067],[128.70344,37.59],[128.70443,37.58977],[128.70537,37.5894],[128.7062,37.58919],[128.707,37.58892],[128.70833,37.58863],[128.70905,37.58854],[128.71058,37.58843],[128.7113,37.58861],[128.71207,37.58864],[128.71204,37.58921],[128.71194,37.58975],[128.71207,37.59087],[128.71249,37.59131],[128.71312,37.59185],[128.7143,37.59242],[128.7154,37.59286],[128.71588,37.59317],[128.71635,37.59338],[128.71635,37.59507],[128.71628,37.59548],[128.71643,37.59723],[128.71657,37.59776],[128.7166,37.59826],[128.71672,37.59885],[128.71663,37.59958],[128.71675,37.60094],[128.71666,37.60229],[128.71665,37.60427],[128.71697,37.60493],[128.71736,37.60555],[128.71838,37.6068],[128.71906,37.60745],[128.71953,37.60778],[128.71977,37.60825],[128.72021,37.60886],[128.72094,37.60938],[128.7214,37.60963],[128.72233,37.61033],[128.72302,37.61132],[128.7234,37.61125],[128.7242,37.61069],[128.72449,37.61037],[128.72542,37.61042],[128.72644,37.61035],[128.72735,37.60996],[128.72834,37.61008],[128.72906,37.60994],[128.7305,37.60952],[128.73113,37.60941],[128.73224,37.60927],[128.73324,37.6092],[128.73397,37.60906],[128.73552,37.60909],[128.73597,37.60957],[128.73656,37.60975],[128.73666,37.61023],[128.73635,37.61113],[128.73642,37.6115],[128.73592,37.61222],[128.73627,37.6126],[128.73624,37.61282],[128.73655,37.61354],[128.7371,37.61402],[128.737,37.61492],[128.73678,37.61539],[128.73682,37.61677],[128.73632,37.61754],[128.7362,37.61804],[128.7365,37.61863],[128.73642,37.61928],[128.73595,37.61976],[128.73606,37.62046],[128.73601,37.62265],[128.73622,37.62315],[128.7361,37.6238],[128.73608,37.62478],[128.7363,37.62574],[128.73619,37.6263],[128.73565,37.62653],[128.73589,37.62754],[128.73602,37.62768],[128.73583,37.6287],[128.73539,37.6295],[128.73524,37.62998],[128.7346,37.63062],[128.73455,37.63093],[128.73393,37.63139],[128.73343,37.63201],[128.73293,37.63281],[128.7324,37.63318],[128.73172,37.63406],[128.73007,37.63449],[128.72923,37.63632],[128.7287,37.6368],[128.72863,37.63793],[128.72898,37.6387],[128.72959,37.63955],[128.72994,37.6398],[128.73027,37.63993],[128.73064,37.64034],[128.73063,37.64195],[128.73106,37.64331],[128.7313,37.64355],[128.73226,37.64531],[128.73377,37.64684],[128.7323,37.64893],[128.73177,37.64978],[128.73292,37.65201],[128.73312,37.65278],[128.73294,37.65348],[128.73347,37.65454],[128.73347,37.6549],[128.73424,37.65516],[128.73475,37.65544],[128.73587,37.65625],[128.73668,37.65664],[128.73737,37.65676],[128.7393,37.65748],[128.74141,37.65758],[128.74273,37.65845],[128.74367,37.65883],[128.74378,37.65947],[128.74365,37.66029],[128.74413,37.66135],[128.74466,37.66172],[128.74479,37.66291],[128.74529,37.66316],[128.74598,37.66362],[128.74614,37.66455],[128.74576,37.66503],[128.74727,37.66649],[128.74786,37.66644],[128.74949,37.66658],[128.74984,37.66684],[128.7506,37.66687],[128.75189,37.66758],[128.75186,37.66821],[128.75206,37.66856],[128.75247,37.66978],[128.75302,37.66979],[128.75527,37.67037],[128.75613,37.67033],[128.75707,37.67084],[128.7584,37.67139],[128.75925,37.6714],[128.76062,37.67128],[128.76178,37.67183],[128.76238,37.6724],[128.76442,37.67258],[128.76503,37.67292],[128.76511,37.67352],[128.76475,37.67395],[128.76476,37.67454],[128.76427,37.67603],[128.76418,37.6767],[128.76392,37.67717],[128.7634,37.67793],[128.7633,37.67895],[128.76351,37.68003],[128.76395,37.6807],[128.762,37.68171],[128.76071,37.68284],[128.76076,37.68399],[128.76112,37.68492],[128.76119,37.6859],[128.761,37.68639],[128.75943,37.68627],[128.75927,37.68654],[128.7593,37.68694],[128.75917,37.68788],[128.75928,37.6882],[128.75931,37.6897],[128.75864,37.69139],[128.75873,37.69191],[128.7589,37.69233],[128.75913,37.69266],[128.75878,37.69334],[128.75858,37.69417],[128.75828,37.69448],[128.75776,37.69437],[128.75723,37.69476],[128.7556,37.69777],[128.75497,37.69883],[128.75456,37.69965],[128.75439,37.70086],[128.75468,37.70213],[128.75525,37.70367],[128.75509,37.70409],[128.75393,37.7054],[128.75399,37.70684],[128.75494,37.70755],[128.75338,37.7086],[128.75318,37.71071],[128.75215,37.71142],[128.75051,37.71224],[128.74889,37.71296],[128.74783,37.7141],[128.74798,37.71447],[128.74746,37.71542],[128.74716,37.71705],[128.74698,37.7178],[128.74691,37.71835],[128.74848,37.71995],[128.74794,37.72028],[128.74524,37.72232],[128.74455,37.72344],[128.74479,37.72489],[128.74567,37.72677],[128.74465,37.72779],[128.74403,37.72879],[128.74401,37.73003],[128.74486,37.73116],[128.745,37.73176],[128.74478,37.73405],[128.74417,37.73563],[128.74425,37.73914],[128.7438,37.74143],[128.74177,37.74203],[128.73966,37.74163],[128.73807,37.74251],[128.73596,37.7443],[128.73586,37.74506],[128.73411,37.74571],[128.73374,37.7463],[128.73188,37.7477],[128.7303,37.74795],[128.72787,37.74862],[128.72536,37.7495],[128.72491,37.75004],[128.72415,37.75038],[128.72313,37.75132],[128.72332,37.75246],[128.72278,37.75311],[128.72337,37.75389],[128.72236,37.75513],[128.72138,37.75565],[128.72077,37.7556],[128.72023,37.75596],[128.7187,37.75614],[128.71806,37.75607],[128.71758,37.75752],[128.71596,37.75894],[128.71517,37.75995],[128.71517,37.76043],[128.71359,37.76169],[128.71358,37.76253]]]},"properties":{"code":"32540370","name":"대관령면"}}],"profileId":"gangwon","schemaVersion":2,"dataVersion":"gangwon-2022-563a6bb6162048a7"}
