{"type":"FeatureCollection","features":[{"type":"Feature","geometry":{"type":"Polygon","coordinates":[[[128.56343,37.46137],[128.56201,37.46069],[128.56166,37.46036],[128.56057,37.4599],[128.55992,37.45948],[128.55891,37.45899],[128.55851,37.45874],[128.55771,37.45862],[128.55691,37.45827],[128.55562,37.45814],[128.55489,37.45752],[128.55464,37.45744],[128.55434,37.45705],[128.55376,37.45698],[128.55341,37.45676],[128.55219,37.45645],[128.5505,37.4576],[128.54971,37.45784],[128.5488,37.45833],[128.54824,37.45831],[128.54804,37.45862],[128.54748,37.45879],[128.54724,37.4591],[128.54628,37.4594],[128.54485,37.45951],[128.54432,37.45977],[128.54387,37.45986],[128.5428,37.45945],[128.54225,37.45941],[128.54121,37.45988],[128.53873,37.46063],[128.53758,37.46084],[128.53689,37.46114],[128.53615,37.46114],[128.53541,37.46146],[128.53381,37.46157],[128.53253,37.46144],[128.53196,37.46168],[128.53081,37.46255],[128.53022,37.46261],[128.52909,37.46304],[128.52787,37.46292],[128.52573,37.46357],[128.5238,37.46362],[128.5238,37.46359],[128.52367,37.46307],[128.52346,37.46282],[128.52348,37.4626],[128.52322,37.46189],[128.52292,37.46169],[128.52277,37.46132],[128.52201,37.4603],[128.52141,37.46025],[128.52021,37.45979],[128.51851,37.45883],[128.51845,37.45838],[128.51771,37.45794],[128.517,37.45767],[128.51639,37.45727],[128.51571,37.45722],[128.51493,37.45701],[128.51367,37.45574],[128.51321,37.4551],[128.51318,37.45465],[128.5134,37.45448],[128.5132,37.45406],[128.51325,37.45346],[128.51317,37.45324],[128.51331,37.45228],[128.51324,37.45171],[128.51329,37.45107],[128.51303,37.44997],[128.51311,37.44963],[128.51343,37.44916],[128.51337,37.44879],[128.51413,37.44696],[128.51509,37.44611],[128.51516,37.44535],[128.51537,37.4451],[128.51527,37.44342],[128.51579,37.44237],[128.51628,37.44181],[128.51678,37.4416],[128.51704,37.44123],[128.51786,37.44055],[128.51777,37.43985],[128.51803,37.43779],[128.51816,37.43736],[128.51807,37.43699],[128.51817,37.43593],[128.51863,37.43537],[128.51899,37.43445],[128.51842,37.43284],[128.51761,37.43229],[128.51687,37.43164],[128.51604,37.43038],[128.51456,37.42902],[128.5139,37.42828],[128.51376,37.42729],[128.51328,37.42666],[128.51319,37.42513],[128.51353,37.42284],[128.51161,37.42143],[128.51133,37.42105],[128.51014,37.42028],[128.50862,37.41946],[128.50671,37.41873],[128.50632,37.41822],[128.50625,37.41704],[128.50597,37.41656],[128.50781,37.41535],[128.50791,37.41488],[128.50806,37.41478],[128.50826,37.41346],[128.50796,37.41229],[128.50805,37.41199],[128.50833,37.41158],[128.5083,37.41118],[128.50809,37.4109],[128.50844,37.41051],[128.50838,37.41029],[128.50917,37.40976],[128.50929,37.40933],[128.51065,37.40893],[128.5119,37.40693],[128.51239,37.40587],[128.51319,37.40499],[128.51393,37.40411],[128.51552,37.40347],[128.5159,37.40354],[128.51794,37.40368],[128.51834,37.40384],[128.51972,37.40374],[128.52091,37.40336],[128.52143,37.40276],[128.52238,37.4025],[128.52339,37.4027],[128.52476,37.40233],[128.52612,37.40164],[128.52658,37.40174],[128.5272,37.40133],[128.52737,37.40135],[128.52849,37.40064],[128.52924,37.4004],[128.52993,37.39966],[128.53208,37.40015],[128.53279,37.40019],[128.53361,37.40051],[128.53462,37.40055],[128.53532,37.40044],[128.53589,37.40027],[128.53668,37.40014],[128.53889,37.39969],[128.53879,37.39921],[128.53883,37.39861],[128.53983,37.39721],[128.54043,37.39683],[128.54061,37.39591],[128.5405,37.39475],[128.54012,37.39274],[128.54057,37.39221],[128.54096,37.39136],[128.54133,37.39091],[128.54181,37.39052],[128.5427,37.3894],[128.54259,37.38884],[128.5424,37.38852],[128.54253,37.38748],[128.54315,37.38755],[128.54429,37.38708],[128.54441,37.38668],[128.54531,37.38601],[128.54478,37.38444],[128.54481,37.38273],[128.54459,37.38251],[128.5447,37.38193],[128.54528,37.38083],[128.54536,37.38034],[128.54559,37.37978],[128.54651,37.37933],[128.5467,37.379],[128.54726,37.37886],[128.54805,37.37831],[128.54819,37.37735],[128.5498,37.376],[128.55035,37.37392],[128.55094,37.37309],[128.55119,37.37261],[128.55212,37.37133],[128.55315,37.37073],[128.5537,37.37053],[128.55328,37.37025],[128.55308,37.36966],[128.55347,37.36726],[128.55337,37.36709],[128.55339,37.36463],[128.55354,37.36417],[128.55233,37.36252],[128.55252,37.36105],[128.55106,37.36008],[128.55095,37.35978],[128.54945,37.35935],[128.54899,37.35904],[128.54886,37.35846],[128.54832,37.35787],[128.54844,37.35739],[128.54721,37.3549],[128.54823,37.35452],[128.55011,37.35476],[128.55182,37.35446],[128.55197,37.35414],[128.55275,37.35381],[128.554,37.35374],[128.55485,37.3532],[128.55606,37.35285],[128.5567,37.35283],[128.55753,37.35227],[128.55837,37.35142],[128.55832,37.35099],[128.55853,37.3509],[128.56022,37.35058],[128.5611,37.34897],[128.56227,37.34859],[128.56344,37.34748],[128.56443,37.34723],[128.56486,37.34654],[128.56536,37.34629],[128.56546,37.34606],[128.56621,37.34531],[128.56589,37.34455],[128.56621,37.34303],[128.56624,37.3418],[128.56607,37.34154],[128.56626,37.34116],[128.56624,37.34051],[128.56646,37.3402],[128.56659,37.33958],[128.56756,37.3384],[128.56785,37.33792],[128.56802,37.33789],[128.56861,37.33721],[128.56937,37.33662],[128.56969,37.33628],[128.56991,37.33587],[128.56926,37.3351],[128.56862,37.33477],[128.5686,37.33451],[128.56907,37.33348],[128.56908,37.33286],[128.56895,37.33261],[128.5691,37.33179],[128.56915,37.33121],[128.5694,37.33066],[128.56985,37.33011],[128.57,37.32973],[128.57003,37.32906],[128.5699,37.3287],[128.57,37.32855],[128.57028,37.32764],[128.57075,37.32741],[128.57107,37.32658],[128.57078,37.32568],[128.57096,37.3252],[128.57207,37.32497],[128.57359,37.32438],[128.5735,37.3241],[128.57389,37.32297],[128.57461,37.32233],[128.57482,37.32191],[128.57517,37.32147],[128.5752,37.32123],[128.57564,37.32081],[128.57592,37.32044],[128.57575,37.31972],[128.57623,37.31899],[128.57617,37.31869],[128.57673,37.31789],[128.57702,37.31686],[128.57725,37.31662],[128.57756,37.31663],[128.57786,37.31551],[128.57851,37.31493],[128.57873,37.31451],[128.57929,37.31423],[128.5797,37.31383],[128.5798,37.31319],[128.5801,37.31256],[128.58059,37.31193],[128.58069,37.31172],[128.58117,37.31143],[128.58162,37.31138],[128.58259,37.31095],[128.58314,37.31089],[128.58325,37.31074],[128.58396,37.3106],[128.5839,37.31004],[128.58348,37.30933],[128.58322,37.30861],[128.58396,37.3082],[128.58461,37.30656],[128.58778,37.30698],[128.58876,37.30687],[128.59001,37.30655],[128.59099,37.30603],[128.59151,37.30584],[128.59274,37.30486],[128.59365,37.3046],[128.59416,37.3048],[128.59447,37.30535],[128.59491,37.30545],[128.59536,37.30505],[128.59583,37.30482],[128.59643,37.30412],[128.59701,37.30291],[128.59907,37.30253],[128.59953,37.30227],[128.60005,37.30209],[128.60119,37.30156],[128.60169,37.30124],[128.60231,37.30128],[128.60245,37.3011],[128.60324,37.30067],[128.60401,37.30083],[128.60424,37.30074],[128.60509,37.30002],[128.6059,37.29967],[128.60604,37.29938],[128.60614,37.29844],[128.60662,37.29757],[128.60832,37.29704],[128.60873,37.2967],[128.60895,37.29681],[128.60923,37.29652],[128.60971,37.29687],[128.60965,37.2987],[128.60949,37.29987],[128.60969,37.30047],[128.61,37.30076],[128.61096,37.30127],[128.61155,37.30152],[128.6118,37.30152],[128.61418,37.30118],[128.61549,37.30038],[128.61608,37.29995],[128.61776,37.29899],[128.61915,37.29813],[128.62152,37.2967],[128.62214,37.29629],[128.62279,37.29577],[128.62581,37.29396],[128.62707,37.29307],[128.62845,37.29224],[128.62897,37.29198],[128.62936,37.29161],[128.63044,37.29043],[128.63283,37.28747],[128.63411,37.28708],[128.63587,37.28696],[128.63703,37.28753],[128.63738,37.28804],[128.63758,37.28863],[128.63758,37.28912],[128.63766,37.28938],[128.63796,37.28945],[128.63902,37.28948],[128.63974,37.28968],[128.64034,37.28969],[128.6407,37.28944],[128.64159,37.2891],[128.64181,37.28886],[128.64175,37.28859],[128.64242,37.28815],[128.64264,37.28784],[128.6426,37.28744],[128.6424,37.28695],[128.64252,37.28654],[128.64216,37.28593],[128.64243,37.28564],[128.64296,37.28534],[128.64352,37.2853],[128.64396,37.28502],[128.64431,37.28449],[128.64476,37.28427],[128.64596,37.28434],[128.64618,37.28389],[128.64625,37.283],[128.64658,37.28254],[128.64705,37.2818],[128.64742,37.28144],[128.64819,37.28136],[128.64914,37.28113],[128.64988,37.2811],[128.65095,37.28077],[128.65136,37.28019],[128.65196,37.27953],[128.6531,37.27882],[128.65405,37.27871],[128.6551,37.27788],[128.65637,37.27739],[128.65679,37.27772],[128.65693,37.27826],[128.65669,37.27921],[128.65757,37.28047],[128.65759,37.2808],[128.65778,37.28108],[128.65768,37.28218],[128.65739,37.28288],[128.65822,37.28362],[128.65858,37.28373],[128.65912,37.28446],[128.65946,37.28466],[128.66079,37.2848],[128.66079,37.28513],[128.66024,37.28576],[128.6601,37.28625],[128.65977,37.28667],[128.65965,37.28718],[128.65971,37.28746],[128.65927,37.28829],[128.65905,37.28908],[128.6587,37.28972],[128.65795,37.29027],[128.65822,37.29113],[128.65811,37.29211],[128.65834,37.29325],[128.65862,37.29403],[128.6585,37.29519],[128.65731,37.29596],[128.65708,37.29642],[128.65609,37.29705],[128.65541,37.298],[128.65579,37.29969],[128.65599,37.30118],[128.6557,37.30193],[128.65523,37.30276],[128.65526,37.30345],[128.65403,37.3043],[128.65351,37.30469],[128.65248,37.3064],[128.65192,37.30688],[128.65184,37.30734],[128.6517,37.3075],[128.65054,37.30774],[128.64918,37.30862],[128.64872,37.30885],[128.64816,37.30941],[128.6476,37.3098],[128.64736,37.31071],[128.64677,37.31142],[128.64654,37.31281],[128.64613,37.31329],[128.64563,37.31345],[128.64505,37.31399],[128.64503,37.31421],[128.64457,37.3143],[128.64452,37.31467],[128.64419,37.31492],[128.64358,37.31578],[128.64352,37.31614],[128.6437,37.31659],[128.64369,37.31692],[128.644,37.31727],[128.64408,37.31748],[128.64332,37.31902],[128.64199,37.32131],[128.64175,37.3227],[128.64066,37.3235],[128.64045,37.32455],[128.64043,37.32524],[128.64029,37.32528],[128.64049,37.32592],[128.6403,37.32749],[128.63972,37.32778],[128.63946,37.32858],[128.63913,37.32927],[128.63921,37.32952],[128.63911,37.32979],[128.63916,37.33066],[128.63889,37.33137],[128.63888,37.33218],[128.63866,37.33286],[128.63854,37.33405],[128.63855,37.33492],[128.63846,37.33523],[128.63844,37.3357],[128.63817,37.33642],[128.63823,37.33698],[128.63793,37.33772],[128.63803,37.33837],[128.63798,37.339],[128.63955,37.33784],[128.64066,37.33729],[128.64076,37.33773],[128.64231,37.34009],[128.6438,37.34056],[128.64482,37.34041],[128.64576,37.34016],[128.64618,37.33998],[128.6477,37.33949],[128.64796,37.33969],[128.64897,37.3398],[128.65021,37.33988],[128.65149,37.34007],[128.65176,37.33998],[128.65261,37.33878],[128.65396,37.33952],[128.65519,37.33977],[128.65569,37.33982],[128.65676,37.34028],[128.65767,37.34045],[128.6586,37.34083],[128.65971,37.34107],[128.66063,37.3409],[128.6609,37.34066],[128.66124,37.34065],[128.66176,37.34095],[128.66188,37.3411],[128.66243,37.34109],[128.66277,37.34123],[128.6635,37.34101],[128.66397,37.34118],[128.66465,37.34159],[128.66632,37.34221],[128.66673,37.34273],[128.66759,37.34323],[128.66876,37.34312],[128.66903,37.34286],[128.66963,37.34201],[128.66993,37.34132],[128.67087,37.34067],[128.67168,37.34004],[128.67232,37.34043],[128.67286,37.34051],[128.67321,37.34045],[128.67386,37.3402],[128.67484,37.33994],[128.67562,37.33932],[128.67629,37.33925],[128.67667,37.33927],[128.67762,37.33986],[128.67825,37.3398],[128.67846,37.33945],[128.67922,37.33901],[128.68005,37.3386],[128.68072,37.33875],[128.68137,37.3387],[128.68305,37.33887],[128.68357,37.33872],[128.68419,37.33825],[128.68617,37.33867],[128.68662,37.3391],[128.68733,37.33906],[128.688,37.3395],[128.6883,37.33916],[128.68936,37.33832],[128.68989,37.33776],[128.691,37.33751],[128.69136,37.3372],[128.69231,37.33738],[128.69263,37.33804],[128.69303,37.33817],[128.69379,37.33858],[128.69417,37.33859],[128.69528,37.33882],[128.69568,37.33919],[128.69667,37.33924],[128.69723,37.33933],[128.69777,37.33964],[128.69848,37.33966],[128.69935,37.33953],[128.70059,37.33969],[128.70226,37.33949],[128.70295,37.33966],[128.70402,37.33967],[128.70447,37.33981],[128.70515,37.34019],[128.70607,37.3402],[128.70698,37.33939],[128.70751,37.33872],[128.70768,37.33865],[128.70807,37.33786],[128.7086,37.33754],[128.70895,37.3372],[128.70923,37.33717],[128.7096,37.33685],[128.71059,37.33669],[128.71103,37.33657],[128.71162,37.33619],[128.71221,37.33607],[128.7126,37.33621],[128.7142,37.33636],[128.71441,37.33625],[128.71566,37.3363],[128.71592,37.33705],[128.71665,37.3381],[128.71674,37.33881],[128.71704,37.33936],[128.71745,37.33979],[128.71726,37.3408],[128.71751,37.34109],[128.71763,37.34166],[128.71762,37.34218],[128.7167,37.34351],[128.71649,37.34417],[128.71657,37.34451],[128.71697,37.34501],[128.71756,37.34633],[128.71753,37.3469],[128.71788,37.3476],[128.7183,37.34828],[128.71823,37.34916],[128.71824,37.35042],[128.71901,37.35079],[128.71932,37.35103],[128.71977,37.3511],[128.72054,37.35137],[128.72086,37.35195],[128.72125,37.35188],[128.72075,37.35326],[128.72076,37.35397],[128.72133,37.35424],[128.72161,37.3545],[128.72218,37.35435],[128.72202,37.35546],[128.72175,37.35599],[128.72147,37.35637],[128.72131,37.35693],[128.72187,37.35785],[128.72251,37.35835],[128.72301,37.35884],[128.72332,37.35923],[128.72423,37.36019],[128.72523,37.36065],[128.7263,37.36047],[128.72693,37.36052],[128.72788,37.36106],[128.72841,37.36119],[128.7288,37.3614],[128.72941,37.36199],[128.73056,37.3617],[128.73144,37.36163],[128.73212,37.36161],[128.73308,37.36138],[128.73425,37.36148],[128.73482,37.36076],[128.73521,37.36044],[128.73558,37.36033],[128.73665,37.36021],[128.73717,37.36031],[128.73852,37.36034],[128.73932,37.36023],[128.74043,37.36049],[128.74169,37.36042],[128.74264,37.36057],[128.74362,37.36043],[128.74484,37.3609],[128.74663,37.36173],[128.74797,37.3615],[128.74862,37.36149],[128.75114,37.36289],[128.75163,37.36304],[128.75252,37.36346],[128.75289,37.36353],[128.75373,37.36319],[128.7542,37.36437],[128.7545,37.36546],[128.75514,37.36668],[128.75511,37.36689],[128.7552,37.36795],[128.75493,37.36873],[128.75501,37.36899],[128.75492,37.36922],[128.75498,37.36977],[128.75492,37.37008],[128.75505,37.37032],[128.75504,37.37068],[128.75484,37.37102],[128.75503,37.37134],[128.75513,37.37172],[128.75515,37.37218],[128.75564,37.37241],[128.75547,37.37276],[128.7551,37.37319],[128.75487,37.37355],[128.75466,37.37442],[128.7549,37.37473],[128.75574,37.37562],[128.75635,37.37634],[128.75729,37.37684],[128.75731,37.37726],[128.75753,37.37767],[128.75818,37.37811],[128.75809,37.37856],[128.75813,37.37982],[128.75803,37.37991],[128.75721,37.38126],[128.75766,37.38225],[128.7579,37.38348],[128.75789,37.3842],[128.75804,37.38489],[128.75803,37.38555],[128.75758,37.38622],[128.7576,37.38673],[128.75778,37.38744],[128.75748,37.38831],[128.75669,37.38859],[128.75636,37.38948],[128.75539,37.38981],[128.7548,37.39024],[128.75403,37.39098],[128.75367,37.39119],[128.75325,37.39165],[128.75266,37.39203],[128.75192,37.39261],[128.75048,37.3932],[128.75002,37.39326],[128.74762,37.39372],[128.74728,37.39384],[128.74624,37.39453],[128.74536,37.39429],[128.74502,37.39471],[128.74536,37.39546],[128.74538,37.39571],[128.74574,37.39599],[128.74629,37.39672],[128.74716,37.39733],[128.7471,37.39791],[128.74695,37.39826],[128.74722,37.39867],[128.7472,37.39909],[128.74668,37.4001],[128.74773,37.40153],[128.74784,37.40236],[128.74794,37.40255],[128.74758,37.40288],[128.74681,37.40394],[128.74648,37.40422],[128.74642,37.40449],[128.74584,37.40477],[128.74529,37.40555],[128.74401,37.40563],[128.74295,37.40623],[128.74101,37.40671],[128.73963,37.40737],[128.73823,37.40718],[128.7372,37.40758],[128.73572,37.40767],[128.73436,37.40816],[128.7329,37.40802],[128.73091,37.40851],[128.73031,37.40882],[128.73017,37.40922],[128.73036,37.40996],[128.72951,37.41102],[128.72898,37.41113],[128.72834,37.4117],[128.72831,37.41294],[128.72672,37.41247],[128.72547,37.41167],[128.72492,37.41023],[128.72348,37.40929],[128.72197,37.40868],[128.7202,37.40763],[128.71891,37.40757],[128.71835,37.40682],[128.71738,37.40588],[128.71584,37.40615],[128.71434,37.40577],[128.71289,37.40572],[128.7113,37.40697],[128.71,37.40709],[128.70957,37.40732],[128.7089,37.4073],[128.70705,37.40814],[128.70741,37.40866],[128.70762,37.40927],[128.70755,37.40997],[128.70725,37.41039],[128.70631,37.4113],[128.70442,37.4124],[128.70235,37.41328],[128.70051,37.41377],[128.69898,37.4141],[128.69709,37.41441],[128.69646,37.41441],[128.69454,37.41432],[128.69343,37.41425],[128.69238,37.41408],[128.69086,37.4137],[128.68915,37.41353],[128.68648,37.41215],[128.68547,37.4113],[128.68495,37.41074],[128.68434,37.41032],[128.68294,37.40926],[128.68205,37.40889],[128.68073,37.40875],[128.67945,37.40879],[128.67871,37.40909],[128.67796,37.40961],[128.67758,37.41015],[128.67715,37.4109],[128.67684,37.41128],[128.67579,37.4124],[128.67497,37.41333],[128.67468,37.41344],[128.67375,37.41434],[128.6728,37.41487],[128.67219,37.4156],[128.67159,37.41621],[128.67097,37.41668],[128.6699,37.41777],[128.66944,37.41796],[128.66849,37.41846],[128.66736,37.41913],[128.66581,37.41962],[128.66499,37.41984],[128.66504,37.42041],[128.66358,37.42044],[128.66252,37.42066],[128.66172,37.42103],[128.66054,37.42109],[128.6584,37.42139],[128.65817,37.41989],[128.65842,37.4191],[128.6586,37.41827],[128.65857,37.41768],[128.65876,37.41736],[128.65877,37.41653],[128.65895,37.41607],[128.65896,37.41573],[128.65925,37.4153],[128.65972,37.41423],[128.65971,37.41266],[128.65896,37.41162],[128.65881,37.41075],[128.65864,37.41059],[128.65814,37.40977],[128.65753,37.4093],[128.65704,37.40872],[128.65667,37.40788],[128.6556,37.40783],[128.65432,37.40757],[128.65389,37.40732],[128.65257,37.40724],[128.65146,37.40749],[128.65034,37.40788],[128.64956,37.40826],[128.64869,37.40817],[128.64809,37.40854],[128.6477,37.40903],[128.64716,37.40915],[128.6464,37.40944],[128.6455,37.40925],[128.64491,37.40867],[128.64386,37.4085],[128.64356,37.40818],[128.64298,37.40835],[128.64254,37.40792],[128.64215,37.40687],[128.64017,37.4059],[128.63909,37.40621],[128.63824,37.407],[128.63807,37.40711],[128.63807,37.40782],[128.63819,37.40826],[128.63803,37.40874],[128.63774,37.40912],[128.63667,37.41014],[128.63586,37.41069],[128.63509,37.4111],[128.63486,37.4115],[128.63457,37.41242],[128.63452,37.41308],[128.6343,37.4133],[128.63412,37.41411],[128.63489,37.4155],[128.63525,37.41629],[128.63543,37.41764],[128.63529,37.41838],[128.63472,37.42008],[128.63312,37.4229],[128.63201,37.4237],[128.63135,37.4247],[128.63113,37.42606],[128.62996,37.42731],[128.629,37.42771],[128.62806,37.42841],[128.62687,37.42902],[128.62618,37.42959],[128.62566,37.43049],[128.62565,37.43105],[128.6241,37.43171],[128.6231,37.43234],[128.62205,37.43257],[128.62053,37.43313],[128.62021,37.43351],[128.61935,37.43407],[128.61824,37.43334],[128.61743,37.43304],[128.61516,37.43272],[128.61353,37.4329],[128.61248,37.4331],[128.61185,37.43312],[128.61008,37.43381],[128.60904,37.43353],[128.60743,37.43388],[128.60604,37.43388],[128.60453,37.43475],[128.60352,37.43492],[128.603,37.43512],[128.60242,37.43513],[128.60196,37.43535],[128.60028,37.43559],[128.59905,37.43597],[128.59907,37.43631],[128.59859,37.43737],[128.59854,37.43855],[128.59837,37.43881],[128.59841,37.43918],[128.59815,37.43942],[128.59853,37.44021],[128.59941,37.44086],[128.59946,37.44138],[128.59937,37.44197],[128.59842,37.44312],[128.59821,37.44371],[128.59784,37.44431],[128.59755,37.44466],[128.5962,37.44532],[128.59486,37.44661],[128.59404,37.44679],[128.59267,37.44736],[128.59121,37.44781],[128.58946,37.44916],[128.58821,37.44918],[128.58434,37.44983],[128.58199,37.45041],[128.58103,37.4516],[128.5793,37.45259],[128.57863,37.45289],[128.57804,37.45303],[128.57758,37.45331],[128.57684,37.45338],[128.57656,37.45331],[128.57577,37.45341],[128.57543,37.45372],[128.57225,37.45431],[128.57196,37.45497],[128.57177,37.45509],[128.57117,37.45574],[128.57083,37.45601],[128.57087,37.45624],[128.57055,37.4569],[128.57024,37.4571],[128.56989,37.45753],[128.56966,37.45808],[128.56923,37.45857],[128.56875,37.45899],[128.56744,37.46001],[128.56688,37.46029],[128.56622,37.46032],[128.56598,37.46027],[128.56495,37.46036],[128.56343,37.46137]]]},"properties":{"code":"32550110","name":"정선읍"}},{"type":"Feature","geometry":{"type":"Polygon","coordinates":[[[128.88295,37.22648],[128.88134,37.22714],[128.87935,37.22761],[128.87896,37.22755],[128.87744,37.22833],[128.87582,37.22827],[128.87483,37.22828],[128.8743,37.22861],[128.87405,37.22866],[128.87295,37.2287],[128.87236,37.22885],[128.87202,37.22874],[128.87151,37.22899],[128.87088,37.22908],[128.8688,37.22872],[128.86797,37.22844],[128.86718,37.22802],[128.86634,37.22787],[128.86566,37.22735],[128.86467,37.22756],[128.86369,37.22691],[128.86316,37.22616],[128.86298,37.22549],[128.8623,37.22484],[128.86139,37.22467],[128.85945,37.22513],[128.85889,37.22503],[128.85794,37.2254],[128.85676,37.22492],[128.85671,37.22462],[128.85571,37.22419],[128.8555,37.22395],[128.85463,37.22385],[128.85427,37.22429],[128.8529,37.22451],[128.85209,37.22508],[128.85056,37.22544],[128.84961,37.22578],[128.84899,37.22596],[128.84834,37.22474],[128.84756,37.22445],[128.84625,37.22427],[128.84553,37.22403],[128.84508,37.22302],[128.84358,37.22304],[128.84175,37.22292],[128.84073,37.22297],[128.83981,37.22314],[128.83922,37.22312],[128.83807,37.22335],[128.83602,37.22394],[128.83554,37.22421],[128.83404,37.22434],[128.83347,37.2243],[128.83307,37.22391],[128.83232,37.22258],[128.83157,37.22195],[128.83083,37.22116],[128.83052,37.22038],[128.83173,37.21978],[128.83244,37.21952],[128.83271,37.21968],[128.83336,37.21903],[128.83344,37.21876],[128.83196,37.21725],[128.83158,37.21698],[128.82997,37.21623],[128.82918,37.2158],[128.82771,37.21544],[128.82747,37.21514],[128.82599,37.21485],[128.82475,37.21481],[128.82526,37.21389],[128.82574,37.21344],[128.82586,37.21291],[128.82625,37.21184],[128.82649,37.2114],[128.82109,37.20648],[128.82276,37.20313],[128.82137,37.19898],[128.82065,37.19844],[128.82035,37.19816],[128.8203,37.19655],[128.82035,37.19649],[128.81774,37.19314],[128.81804,37.19159],[128.8181,37.19052],[128.81737,37.18579],[128.81643,37.18357],[128.81652,37.18317],[128.81656,37.18292],[128.81691,37.18216],[128.81777,37.18073],[128.81817,37.1796],[128.81874,37.1788],[128.81958,37.1773],[128.82025,37.17628],[128.82034,37.17616],[128.82147,37.17564],[128.82278,37.17565],[128.82459,37.17546],[128.82542,37.1749],[128.82642,37.17471],[128.8273,37.17487],[128.82809,37.17488],[128.82914,37.17538],[128.82966,37.17558],[128.83011,37.176],[128.83112,37.17592],[128.83253,37.17594],[128.83349,37.17573],[128.83406,37.17528],[128.83482,37.1744],[128.83556,37.17302],[128.83562,37.17274],[128.83712,37.17166],[128.83739,37.17066],[128.83823,37.17061],[128.83936,37.16953],[128.84001,37.16857],[128.84011,37.16748],[128.84153,37.16774],[128.84155,37.1671],[128.84283,37.16716],[128.84396,37.16672],[128.84469,37.16677],[128.8455,37.16648],[128.84598,37.16703],[128.84757,37.16718],[128.84896,37.16681],[128.85039,37.16689],[128.85087,37.16731],[128.85267,37.16772],[128.85413,37.16764],[128.8554,37.16782],[128.85673,37.16785],[128.85727,37.16798],[128.85768,37.16793],[128.85901,37.1682],[128.85954,37.1685],[128.85987,37.16845],[128.86046,37.16822],[128.86133,37.16856],[128.86235,37.16834],[128.86328,37.16846],[128.86345,37.16869],[128.86486,37.16922],[128.86521,37.16953],[128.86642,37.16925],[128.86706,37.16937],[128.86843,37.16836],[128.8701,37.16812],[128.87202,37.16731],[128.87403,37.16747],[128.87634,37.16768],[128.87867,37.16784],[128.88031,37.16866],[128.88148,37.16859],[128.8823,37.16836],[128.88372,37.16892],[128.88485,37.16884],[128.88564,37.16847],[128.88649,37.16784],[128.88654,37.16675],[128.8863,37.16641],[128.88668,37.16531],[128.88816,37.16442],[128.88859,37.16349],[128.88899,37.16289],[128.88957,37.1628],[128.89079,37.16227],[128.89123,37.16177],[128.89188,37.16059],[128.89241,37.15886],[128.89217,37.15872],[128.89202,37.15688],[128.89253,37.15606],[128.89244,37.15536],[128.89248,37.15481],[128.89304,37.15379],[128.89317,37.15209],[128.89431,37.15161],[128.89503,37.15136],[128.89563,37.15133],[128.897,37.15109],[128.89756,37.15085],[128.89832,37.15019],[128.89825,37.14912],[128.89858,37.14895],[128.89909,37.14853],[128.89955,37.14774],[128.90053,37.14708],[128.90117,37.14739],[128.90182,37.14777],[128.9027,37.14781],[128.90365,37.14791],[128.90459,37.14819],[128.90501,37.14839],[128.90606,37.14817],[128.90638,37.14802],[128.90708,37.14787],[128.90814,37.14794],[128.90917,37.14792],[128.91089,37.14886],[128.91194,37.14926],[128.91255,37.15003],[128.91285,37.15074],[128.9142,37.15339],[128.91448,37.15365],[128.91493,37.15392],[128.91571,37.15538],[128.91597,37.15643],[128.91632,37.15715],[128.91674,37.15747],[128.91695,37.15792],[128.9168,37.15939],[128.91728,37.16069],[128.9176,37.16116],[128.91775,37.16233],[128.91758,37.16317],[128.91697,37.16465],[128.91689,37.16639],[128.91652,37.16726],[128.91645,37.16803],[128.91606,37.16878],[128.91592,37.16939],[128.91551,37.16985],[128.91503,37.17061],[128.91497,37.171],[128.91424,37.17114],[128.91404,37.17127],[128.91358,37.17181],[128.9131,37.17267],[128.91269,37.17368],[128.91271,37.17409],[128.91247,37.17456],[128.91235,37.17544],[128.91247,37.17614],[128.91225,37.17678],[128.91185,37.17726],[128.912,37.17758],[128.91286,37.17836],[128.91331,37.17862],[128.91367,37.17899],[128.91378,37.17942],[128.91401,37.17992],[128.91486,37.18078],[128.91453,37.1817],[128.91417,37.18305],[128.914,37.18412],[128.91377,37.18502],[128.91281,37.18574],[128.91275,37.18611],[128.91291,37.18713],[128.91272,37.1884],[128.91283,37.18935],[128.91305,37.18987],[128.9131,37.19094],[128.91333,37.1911],[128.91309,37.19164],[128.9126,37.1922],[128.91208,37.19348],[128.9128,37.19442],[128.91299,37.19483],[128.91202,37.19596],[128.91151,37.19689],[128.91174,37.19806],[128.91289,37.20004],[128.9143,37.20189],[128.91474,37.2033],[128.91555,37.20462],[128.9156,37.20583],[128.91608,37.20669],[128.91586,37.20848],[128.91551,37.21021],[128.91607,37.21185],[128.91165,37.21322],[128.91157,37.21355],[128.91098,37.21515],[128.9092,37.21581],[128.90797,37.21655],[128.90719,37.21665],[128.9067,37.2172],[128.90602,37.21771],[128.90488,37.21727],[128.90429,37.21691],[128.90358,37.21671],[128.90192,37.21616],[128.90132,37.21601],[128.89987,37.21637],[128.89974,37.21603],[128.89789,37.21536],[128.89621,37.21535],[128.89567,37.21544],[128.89468,37.21633],[128.89284,37.21776],[128.89272,37.21845],[128.89153,37.21873],[128.89124,37.21882],[128.89078,37.2188],[128.8902,37.21893],[128.88975,37.21893],[128.88912,37.21883],[128.88873,37.21892],[128.88826,37.21922],[128.88725,37.21945],[128.8865,37.21966],[128.88664,37.22004],[128.88652,37.22038],[128.88508,37.22082],[128.88463,37.2211],[128.88419,37.22149],[128.88405,37.22197],[128.88402,37.22289],[128.88389,37.22363],[128.88376,37.22478],[128.88311,37.22551],[128.88304,37.22613],[128.88295,37.22648]]]},"properties":{"code":"32550120","name":"고한읍"}},{"type":"Feature","geometry":{"type":"Polygon","coordinates":[[[128.88295,37.22648],[128.88326,37.22776],[128.88339,37.22863],[128.88259,37.22938],[128.88259,37.23018],[128.88243,37.23049],[128.88252,37.23263],[128.88279,37.2328],[128.88307,37.23397],[128.8828,37.2342],[128.88268,37.23466],[128.88235,37.23506],[128.88196,37.2364],[128.88251,37.23747],[128.88241,37.23906],[128.88263,37.24016],[128.88241,37.24046],[128.88216,37.24155],[128.88205,37.24227],[128.88176,37.24259],[128.8817,37.24297],[128.88174,37.24435],[128.88159,37.24461],[128.88165,37.24624],[128.88109,37.24653],[128.88078,37.24698],[128.88022,37.24751],[128.87864,37.24774],[128.87763,37.24799],[128.87689,37.24807],[128.87614,37.24845],[128.87512,37.24789],[128.87456,37.24744],[128.87386,37.2478],[128.87314,37.24835],[128.87252,37.24863],[128.87092,37.24895],[128.86979,37.24938],[128.86925,37.24975],[128.86885,37.25022],[128.86788,37.25044],[128.86718,37.25078],[128.86571,37.25141],[128.86442,37.25138],[128.86399,37.25125],[128.86259,37.25121],[128.86219,37.25106],[128.86144,37.25048],[128.86054,37.25093],[128.85865,37.25228],[128.85742,37.25229],[128.85641,37.25176],[128.85526,37.25186],[128.85452,37.25206],[128.8533,37.25299],[128.85183,37.25324],[128.851,37.25405],[128.84834,37.25632],[128.84794,37.25662],[128.84705,37.25749],[128.84612,37.25797],[128.84536,37.25895],[128.84452,37.25976],[128.84474,37.26211],[128.844,37.26312],[128.84353,37.26467],[128.84267,37.26497],[128.84256,37.26572],[128.84238,37.26657],[128.8424,37.26765],[128.84293,37.26839],[128.84258,37.26889],[128.84183,37.27037],[128.84157,37.27106],[128.84139,37.2712],[128.84051,37.27274],[128.84046,37.27367],[128.83974,37.2742],[128.83927,37.27472],[128.83912,37.27599],[128.8388,37.27637],[128.83776,37.27841],[128.83715,37.27899],[128.83627,37.27922],[128.83608,37.27997],[128.8354,37.28058],[128.83456,37.28114],[128.83415,37.28154],[128.83342,37.28206],[128.83299,37.28219],[128.83251,37.28212],[128.83242,37.28257],[128.8318,37.28297],[128.8315,37.28343],[128.83118,37.28429],[128.83103,37.28499],[128.83054,37.28524],[128.82964,37.28559],[128.82877,37.28582],[128.82842,37.28611],[128.82771,37.28646],[128.82613,37.2867],[128.82544,37.28688],[128.82457,37.28642],[128.82374,37.28628],[128.82257,37.28639],[128.82193,37.28628],[128.82107,37.28634],[128.81989,37.28633],[128.81891,37.28526],[128.81835,37.28489],[128.81731,37.28442],[128.8165,37.28359],[128.8161,37.28276],[128.81437,37.28276],[128.81348,37.28254],[128.8131,37.28272],[128.81156,37.28235],[128.81167,37.28204],[128.81142,37.28147],[128.81097,37.28089],[128.81047,37.27953],[128.81003,37.2795],[128.80905,37.27821],[128.80929,37.27754],[128.80885,37.27723],[128.80887,37.27599],[128.80922,37.27537],[128.8098,37.2752],[128.80988,37.27477],[128.81079,37.27374],[128.81157,37.27381],[128.81221,37.2733],[128.81283,37.27322],[128.81284,37.27186],[128.81338,37.27063],[128.81342,37.26999],[128.81361,37.2694],[128.81448,37.26896],[128.8145,37.2685],[128.81443,37.2679],[128.81467,37.26746],[128.81395,37.26625],[128.81397,37.26572],[128.81386,37.26435],[128.81419,37.26353],[128.81433,37.26269],[128.81421,37.26228],[128.81436,37.26177],[128.81457,37.26161],[128.81502,37.26075],[128.81531,37.26059],[128.81572,37.25891],[128.81534,37.25862],[128.81524,37.25813],[128.81527,37.25751],[128.81502,37.25662],[128.8149,37.25586],[128.81448,37.25581],[128.81387,37.25474],[128.81359,37.2544],[128.81294,37.25399],[128.81188,37.25395],[128.81093,37.25339],[128.81007,37.25257],[128.80927,37.25233],[128.80831,37.2516],[128.80746,37.25077],[128.80796,37.24991],[128.80774,37.24894],[128.80658,37.24839],[128.80562,37.24787],[128.8055,37.24748],[128.80505,37.24746],[128.80444,37.24732],[128.8032,37.24662],[128.80277,37.24664],[128.80277,37.24601],[128.80304,37.24541],[128.80305,37.24518],[128.80279,37.24445],[128.80279,37.24325],[128.80283,37.24213],[128.80295,37.24151],[128.80339,37.24082],[128.80313,37.23924],[128.80417,37.23834],[128.80528,37.23768],[128.80595,37.2369],[128.80636,37.23648],[128.80559,37.23604],[128.805,37.23581],[128.80443,37.23496],[128.80435,37.23427],[128.80402,37.234],[128.80411,37.23385],[128.80379,37.23323],[128.80302,37.23258],[128.80293,37.23236],[128.80245,37.23194],[128.80204,37.23176],[128.80151,37.23144],[128.80098,37.23103],[128.80047,37.23054],[128.79985,37.23025],[128.79916,37.22975],[128.79909,37.22943],[128.798,37.22891],[128.79661,37.22881],[128.79666,37.22856],[128.79534,37.2278],[128.79472,37.2274],[128.79385,37.22737],[128.79289,37.22793],[128.79302,37.22895],[128.79262,37.22999],[128.7916,37.23006],[128.7907,37.22981],[128.7896,37.23015],[128.7893,37.22928],[128.78929,37.22886],[128.78917,37.22816],[128.7892,37.22754],[128.7894,37.22663],[128.7894,37.22587],[128.7888,37.22572],[128.78839,37.2255],[128.78638,37.2248],[128.78557,37.2246],[128.78491,37.22456],[128.78352,37.22513],[128.78319,37.22511],[128.78267,37.22553],[128.77995,37.22517],[128.77881,37.22446],[128.77832,37.22394],[128.77748,37.2235],[128.77694,37.22275],[128.77632,37.22238],[128.77547,37.22209],[128.77396,37.2212],[128.77252,37.22107],[128.77166,37.22056],[128.7714,37.2201],[128.77077,37.21919],[128.77074,37.219],[128.76958,37.21765],[128.76946,37.21708],[128.76877,37.21676],[128.76771,37.21584],[128.76736,37.21525],[128.76685,37.21509],[128.76624,37.21469],[128.76533,37.21334],[128.76503,37.21308],[128.76459,37.21216],[128.76424,37.21119],[128.76436,37.21067],[128.76367,37.20976],[128.76362,37.20954],[128.76308,37.20892],[128.76289,37.20844],[128.76357,37.20749],[128.76357,37.20634],[128.76477,37.20598],[128.76516,37.20536],[128.76577,37.20515],[128.76633,37.20446],[128.76741,37.20381],[128.76775,37.20336],[128.76829,37.20316],[128.76883,37.20325],[128.77022,37.20285],[128.77054,37.20259],[128.77173,37.20219],[128.77275,37.20245],[128.77423,37.20256],[128.77457,37.2019],[128.77569,37.20157],[128.77649,37.20151],[128.77885,37.20067],[128.77915,37.20071],[128.77978,37.20017],[128.78046,37.20033],[128.78267,37.20066],[128.78305,37.2006],[128.78345,37.20004],[128.78349,37.19975],[128.78456,37.19815],[128.78531,37.19786],[128.78743,37.19768],[128.78888,37.19788],[128.7907,37.19765],[128.79103,37.19745],[128.79117,37.19721],[128.79209,37.19692],[128.79269,37.19704],[128.79389,37.19659],[128.7944,37.19672],[128.79533,37.19654],[128.7959,37.19629],[128.79703,37.19601],[128.79694,37.19537],[128.79772,37.19508],[128.7985,37.19463],[128.79997,37.1942],[128.80065,37.1941],[128.80127,37.19321],[128.80174,37.19266],[128.80239,37.1922],[128.80449,37.19138],[128.80456,37.19112],[128.80571,37.19082],[128.80584,37.19038],[128.80648,37.19001],[128.80752,37.19085],[128.80836,37.1906],[128.80936,37.19059],[128.80972,37.18922],[128.81145,37.18665],[128.81205,37.1862],[128.81516,37.18525],[128.81514,37.18492],[128.816,37.18364],[128.81652,37.18317],[128.81643,37.18357],[128.81737,37.18579],[128.8181,37.19052],[128.81804,37.19159],[128.81774,37.19314],[128.82035,37.19649],[128.8203,37.19655],[128.82035,37.19816],[128.82065,37.19844],[128.82137,37.19898],[128.82276,37.20313],[128.82109,37.20648],[128.82649,37.2114],[128.82625,37.21184],[128.82586,37.21291],[128.82574,37.21344],[128.82526,37.21389],[128.82475,37.21481],[128.82599,37.21485],[128.82747,37.21514],[128.82771,37.21544],[128.82918,37.2158],[128.82997,37.21623],[128.83158,37.21698],[128.83196,37.21725],[128.83344,37.21876],[128.83336,37.21903],[128.83271,37.21968],[128.83244,37.21952],[128.83173,37.21978],[128.83052,37.22038],[128.83083,37.22116],[128.83157,37.22195],[128.83232,37.22258],[128.83307,37.22391],[128.83347,37.2243],[128.83404,37.22434],[128.83554,37.22421],[128.83602,37.22394],[128.83807,37.22335],[128.83922,37.22312],[128.83981,37.22314],[128.84073,37.22297],[128.84175,37.22292],[128.84358,37.22304],[128.84508,37.22302],[128.84553,37.22403],[128.84625,37.22427],[128.84756,37.22445],[128.84834,37.22474],[128.84899,37.22596],[128.84961,37.22578],[128.85056,37.22544],[128.85209,37.22508],[128.8529,37.22451],[128.85427,37.22429],[128.85463,37.22385],[128.8555,37.22395],[128.85571,37.22419],[128.85671,37.22462],[128.85676,37.22492],[128.85794,37.2254],[128.85889,37.22503],[128.85945,37.22513],[128.86139,37.22467],[128.8623,37.22484],[128.86298,37.22549],[128.86316,37.22616],[128.86369,37.22691],[128.86467,37.22756],[128.86566,37.22735],[128.86634,37.22787],[128.86718,37.22802],[128.86797,37.22844],[128.8688,37.22872],[128.87088,37.22908],[128.87151,37.22899],[128.87202,37.22874],[128.87236,37.22885],[128.87295,37.2287],[128.87405,37.22866],[128.8743,37.22861],[128.87483,37.22828],[128.87582,37.22827],[128.87744,37.22833],[128.87896,37.22755],[128.87935,37.22761],[128.88134,37.22714],[128.88295,37.22648]]]},"properties":{"code":"32550130","name":"사북읍"}},{"type":"Feature","geometry":{"type":"Polygon","coordinates":[[[128.65637,37.27739],[128.6551,37.27788],[128.65405,37.27871],[128.6531,37.27882],[128.65196,37.27953],[128.65136,37.28019],[128.65095,37.28077],[128.64988,37.2811],[128.64914,37.28113],[128.64819,37.28136],[128.64742,37.28144],[128.64705,37.2818],[128.64658,37.28254],[128.64625,37.283],[128.64618,37.28389],[128.64596,37.28434],[128.64476,37.28427],[128.64431,37.28449],[128.64396,37.28502],[128.64352,37.2853],[128.64296,37.28534],[128.64243,37.28564],[128.64216,37.28593],[128.64252,37.28654],[128.6424,37.28695],[128.6426,37.28744],[128.64264,37.28784],[128.64242,37.28815],[128.64175,37.28859],[128.64181,37.28886],[128.64159,37.2891],[128.6407,37.28944],[128.64034,37.28969],[128.63974,37.28968],[128.63902,37.28948],[128.63796,37.28945],[128.63766,37.28938],[128.63758,37.28912],[128.63758,37.28863],[128.63738,37.28804],[128.63703,37.28753],[128.63587,37.28696],[128.63411,37.28708],[128.63283,37.28747],[128.63044,37.29043],[128.62936,37.29161],[128.62897,37.29198],[128.62845,37.29224],[128.62707,37.29307],[128.62581,37.29396],[128.62279,37.29577],[128.62214,37.29629],[128.62152,37.2967],[128.61915,37.29813],[128.61776,37.29899],[128.61608,37.29995],[128.61549,37.30038],[128.61418,37.30118],[128.6118,37.30152],[128.61155,37.30152],[128.61096,37.30127],[128.61,37.30076],[128.60969,37.30047],[128.60949,37.29987],[128.60965,37.2987],[128.60971,37.29687],[128.60923,37.29652],[128.60895,37.29681],[128.60873,37.2967],[128.60832,37.29704],[128.60662,37.29757],[128.60614,37.29844],[128.60604,37.29938],[128.6059,37.29967],[128.60509,37.30002],[128.60424,37.30074],[128.60401,37.30083],[128.60324,37.30067],[128.60245,37.3011],[128.60231,37.30128],[128.60169,37.30124],[128.60119,37.30156],[128.60005,37.30209],[128.59953,37.30227],[128.59907,37.30253],[128.59701,37.30291],[128.59643,37.30412],[128.59583,37.30482],[128.59536,37.30505],[128.59491,37.30545],[128.59447,37.30535],[128.59416,37.3048],[128.59365,37.3046],[128.59274,37.30486],[128.59151,37.30584],[128.59099,37.30603],[128.59001,37.30655],[128.58876,37.30687],[128.58778,37.30698],[128.58461,37.30656],[128.58421,37.30492],[128.58339,37.3046],[128.58315,37.30425],[128.58288,37.30358],[128.58218,37.3023],[128.58145,37.30156],[128.58123,37.30146],[128.5803,37.3004],[128.57969,37.29873],[128.58,37.29878],[128.58027,37.29856],[128.58063,37.29783],[128.58108,37.29745],[128.58129,37.29684],[128.58293,37.29493],[128.58303,37.29395],[128.58509,37.29399],[128.58637,37.29337],[128.58859,37.29146],[128.58941,37.29044],[128.58941,37.28952],[128.59092,37.28754],[128.59251,37.28736],[128.59325,37.28665],[128.59413,37.28512],[128.59514,37.28452],[128.59635,37.28262],[128.59624,37.28221],[128.59631,37.28109],[128.5961,37.28008],[128.59503,37.27982],[128.59427,37.27977],[128.59341,37.27947],[128.59281,37.27908],[128.59241,37.27874],[128.59202,37.27831],[128.59132,37.27821],[128.59072,37.27827],[128.59031,37.27816],[128.59018,37.27791],[128.58918,37.2774],[128.58889,37.27679],[128.58833,37.27623],[128.58782,37.276],[128.58713,37.27584],[128.58709,37.27548],[128.58613,37.27511],[128.58546,37.27526],[128.58508,37.2751],[128.58485,37.27469],[128.58427,37.27421],[128.58409,37.27309],[128.58338,37.27234],[128.58304,37.27188],[128.58296,37.27151],[128.58215,37.27084],[128.5821,37.27067],[128.58239,37.26976],[128.58184,37.26871],[128.58145,37.26781],[128.58182,37.26763],[128.58203,37.26672],[128.58096,37.26663],[128.57956,37.2669],[128.57924,37.26702],[128.57864,37.26691],[128.5779,37.26696],[128.5772,37.26706],[128.57683,37.26698],[128.57591,37.26712],[128.57602,37.26828],[128.57579,37.26887],[128.57499,37.26863],[128.57391,37.26921],[128.57269,37.26982],[128.57065,37.27104],[128.56938,37.27108],[128.56826,37.27088],[128.56813,37.27037],[128.56756,37.26962],[128.56706,37.26865],[128.56596,37.26671],[128.56573,37.26365],[128.56547,37.26265],[128.5653,37.26225],[128.56492,37.26061],[128.56484,37.25955],[128.56488,37.25808],[128.56496,37.25701],[128.56517,37.25595],[128.56588,37.25326],[128.56665,37.25314],[128.56765,37.25235],[128.56764,37.25182],[128.56809,37.25159],[128.56907,37.24986],[128.56956,37.24927],[128.57014,37.24887],[128.57062,37.24861],[128.57104,37.24826],[128.57173,37.24798],[128.57243,37.24781],[128.57296,37.24755],[128.57395,37.24692],[128.5747,37.24663],[128.57529,37.2463],[128.57582,37.24589],[128.57638,37.24555],[128.57674,37.24511],[128.57686,37.24463],[128.57657,37.2433],[128.57668,37.24226],[128.57637,37.24145],[128.57619,37.24018],[128.57618,37.23968],[128.57625,37.23889],[128.57669,37.23781],[128.57633,37.23718],[128.57582,37.23651],[128.57561,37.23576],[128.57565,37.23515],[128.576,37.23436],[128.576,37.23372],[128.57625,37.23322],[128.57598,37.23272],[128.57621,37.23208],[128.5762,37.23146],[128.57643,37.23114],[128.57639,37.23062],[128.57662,37.22989],[128.57682,37.22953],[128.57663,37.22895],[128.57683,37.22857],[128.57683,37.22798],[128.57704,37.22751],[128.57803,37.22672],[128.57815,37.22514],[128.57761,37.22426],[128.57758,37.22357],[128.57735,37.22227],[128.5779,37.22195],[128.57854,37.22081],[128.57852,37.22063],[128.57884,37.22018],[128.57922,37.22003],[128.58053,37.22076],[128.58228,37.22141],[128.58266,37.22134],[128.58396,37.22127],[128.58465,37.2215],[128.58491,37.22147],[128.58621,37.22115],[128.58678,37.22077],[128.5875,37.22046],[128.58807,37.22004],[128.5883,37.22006],[128.58889,37.21929],[128.58959,37.21871],[128.5907,37.21843],[128.59097,37.21808],[128.59161,37.21766],[128.59214,37.2176],[128.59293,37.21718],[128.5936,37.21704],[128.59416,37.21668],[128.59531,37.21628],[128.5958,37.21602],[128.59634,37.21585],[128.59673,37.21563],[128.59715,37.21559],[128.59776,37.21522],[128.59833,37.21458],[128.59859,37.21443],[128.59885,37.21405],[128.5992,37.21372],[128.5998,37.21305],[128.60023,37.21278],[128.60039,37.21316],[128.60116,37.21416],[128.60184,37.21417],[128.60267,37.21456],[128.60285,37.21547],[128.60337,37.21586],[128.60342,37.21656],[128.60378,37.21695],[128.6038,37.21762],[128.60437,37.21828],[128.60619,37.2176],[128.60706,37.21788],[128.60844,37.2182],[128.60951,37.21864],[128.61037,37.2186],[128.61055,37.2184],[128.61122,37.21822],[128.61156,37.21825],[128.61232,37.21815],[128.61356,37.21829],[128.61475,37.21818],[128.61495,37.21811],[128.61535,37.21754],[128.61612,37.21696],[128.61716,37.21746],[128.61807,37.21783],[128.61926,37.21863],[128.61937,37.21845],[128.6197,37.21829],[128.62059,37.21739],[128.62073,37.21649],[128.62053,37.21598],[128.62057,37.2156],[128.62172,37.21484],[128.62237,37.21451],[128.62252,37.21339],[128.6221,37.21262],[128.62207,37.21173],[128.62143,37.21101],[128.62117,37.2106],[128.61987,37.21003],[128.61967,37.20943],[128.61914,37.20894],[128.61876,37.20822],[128.61871,37.2075],[128.61851,37.20715],[128.61844,37.20682],[128.61827,37.20656],[128.6176,37.20628],[128.61754,37.20599],[128.61897,37.20577],[128.62019,37.20539],[128.62063,37.20443],[128.62226,37.20422],[128.62227,37.20324],[128.62247,37.2019],[128.62261,37.20135],[128.62279,37.20095],[128.62298,37.20081],[128.62365,37.20061],[128.62403,37.20058],[128.6244,37.20026],[128.62442,37.20002],[128.6253,37.19985],[128.62639,37.19925],[128.62667,37.19867],[128.62694,37.1986],[128.62715,37.19838],[128.62763,37.19858],[128.62848,37.19725],[128.62914,37.19604],[128.62908,37.19576],[128.6301,37.19629],[128.63087,37.19724],[128.63122,37.19742],[128.63165,37.19747],[128.63233,37.19729],[128.63289,37.19709],[128.63348,37.19662],[128.63379,37.19574],[128.63397,37.19507],[128.63382,37.19425],[128.63398,37.19401],[128.63462,37.19348],[128.63505,37.19295],[128.63533,37.19209],[128.63574,37.1916],[128.63558,37.19069],[128.63563,37.19009],[128.63552,37.18908],[128.63542,37.18866],[128.63552,37.18778],[128.63593,37.18753],[128.63628,37.18711],[128.63701,37.18666],[128.63768,37.18659],[128.63855,37.18602],[128.63914,37.18469],[128.64008,37.18421],[128.64047,37.18367],[128.64121,37.18322],[128.64207,37.1824],[128.64312,37.18233],[128.64361,37.18218],[128.64413,37.18212],[128.64487,37.1822],[128.64576,37.18207],[128.6465,37.18183],[128.64686,37.18197],[128.64726,37.18224],[128.64794,37.18244],[128.64848,37.18252],[128.64982,37.1831],[128.65054,37.18323],[128.65149,37.18353],[128.65237,37.18397],[128.65437,37.18528],[128.65528,37.18585],[128.65712,37.1863],[128.65777,37.18635],[128.65905,37.18656],[128.65952,37.18654],[128.6603,37.18677],[128.66115,37.18669],[128.66221,37.18633],[128.66296,37.18615],[128.66506,37.18632],[128.66639,37.18686],[128.66767,37.18561],[128.66817,37.18552],[128.66969,37.18612],[128.67089,37.18623],[128.67098,37.18653],[128.67168,37.18722],[128.6727,37.18706],[128.67376,37.1863],[128.67437,37.18628],[128.67447,37.18658],[128.67581,37.18695],[128.67676,37.18707],[128.67896,37.18633],[128.68032,37.18633],[128.68088,37.18612],[128.6813,37.18586],[128.68172,37.18517],[128.68251,37.18492],[128.68384,37.18544],[128.68507,37.18561],[128.68613,37.18519],[128.68775,37.18486],[128.68799,37.18435],[128.6887,37.18439],[128.68968,37.18493],[128.69076,37.18514],[128.69274,37.18476],[128.69305,37.18451],[128.69439,37.18457],[128.69623,37.18589],[128.69698,37.18617],[128.69756,37.1877],[128.6989,37.18841],[128.69915,37.18958],[128.69918,37.19001],[128.7014,37.19072],[128.70225,37.1907],[128.70362,37.19056],[128.70471,37.19078],[128.70662,37.19058],[128.70875,37.19084],[128.70968,37.19079],[128.70992,37.191],[128.71055,37.19202],[128.71155,37.19243],[128.71248,37.19243],[128.71304,37.1931],[128.7141,37.19408],[128.71505,37.19502],[128.71603,37.1956],[128.71723,37.19584],[128.71811,37.19573],[128.7187,37.19557],[128.72098,37.19645],[128.72228,37.1969],[128.72274,37.19702],[128.72383,37.19763],[128.72457,37.19826],[128.72528,37.19845],[128.72575,37.19842],[128.72752,37.19753],[128.72903,37.19729],[128.73012,37.19769],[128.73038,37.19758],[128.73114,37.19754],[128.73189,37.19766],[128.73324,37.19865],[128.73337,37.20029],[128.7344,37.20138],[128.73543,37.20164],[128.7359,37.20228],[128.73653,37.20324],[128.73797,37.20455],[128.73857,37.20493],[128.73979,37.20605],[128.74127,37.20699],[128.74212,37.2073],[128.74246,37.20762],[128.74384,37.2078],[128.74556,37.20906],[128.74638,37.21037],[128.74675,37.21084],[128.74603,37.21059],[128.74507,37.21091],[128.74428,37.21113],[128.74285,37.21167],[128.74216,37.21185],[128.74078,37.21228],[128.73931,37.2132],[128.73843,37.21338],[128.737,37.21406],[128.7348,37.21439],[128.73438,37.21462],[128.73417,37.21587],[128.73341,37.21693],[128.73346,37.2176],[128.73327,37.21791],[128.73232,37.21835],[128.73113,37.21907],[128.73052,37.2198],[128.72991,37.21998],[128.72948,37.22042],[128.7289,37.22075],[128.72763,37.22175],[128.7253,37.22301],[128.72439,37.22306],[128.72315,37.22386],[128.72278,37.22404],[128.72232,37.22507],[128.72203,37.22531],[128.72116,37.22615],[128.72063,37.22632],[128.72042,37.22667],[128.72002,37.22689],[128.71849,37.22878],[128.71972,37.22953],[128.72102,37.23069],[128.72131,37.23111],[128.7215,37.2316],[128.72107,37.23302],[128.72187,37.23388],[128.72237,37.23496],[128.72301,37.23535],[128.72365,37.23673],[128.72312,37.2379],[128.72235,37.23838],[128.7222,37.23924],[128.72198,37.23947],[128.72209,37.24064],[128.72231,37.24182],[128.72239,37.2424],[128.72145,37.24315],[128.72216,37.2437],[128.72334,37.24478],[128.72356,37.24607],[128.72294,37.24644],[128.72146,37.24651],[128.72084,37.24676],[128.72032,37.24689],[128.7185,37.24873],[128.71773,37.2493],[128.71706,37.24992],[128.71696,37.25023],[128.71611,37.2506],[128.71558,37.25088],[128.71365,37.25109],[128.71319,37.25132],[128.71291,37.25131],[128.71254,37.25149],[128.71191,37.25203],[128.71119,37.2529],[128.71032,37.2532],[128.70998,37.25316],[128.70968,37.25292],[128.70923,37.25294],[128.70846,37.25285],[128.70731,37.25277],[128.70614,37.25297],[128.70547,37.25395],[128.70489,37.25447],[128.70341,37.25372],[128.70193,37.25312],[128.70147,37.25331],[128.70129,37.25357],[128.70061,37.25354],[128.69979,37.25344],[128.69891,37.25371],[128.69798,37.25363],[128.69731,37.2534],[128.69658,37.25389],[128.69627,37.25389],[128.69513,37.25415],[128.69496,37.25404],[128.69419,37.25405],[128.69364,37.25383],[128.6931,37.25398],[128.69247,37.25382],[128.69234,37.25368],[128.69155,37.25368],[128.69063,37.25402],[128.69025,37.25383],[128.68919,37.25347],[128.68818,37.25383],[128.68764,37.25384],[128.68667,37.2537],[128.68586,37.25346],[128.68531,37.25319],[128.68466,37.2536],[128.68435,37.25396],[128.68398,37.25407],[128.6838,37.25521],[128.68352,37.2555],[128.68338,37.2562],[128.68338,37.25655],[128.6838,37.25707],[128.68409,37.25763],[128.68484,37.25822],[128.68465,37.25965],[128.68445,37.26003],[128.68392,37.2603],[128.68366,37.2603],[128.68308,37.26056],[128.68282,37.26061],[128.68237,37.26085],[128.68181,37.26349],[128.68152,37.26397],[128.68093,37.26441],[128.68061,37.26451],[128.67992,37.26512],[128.67923,37.26548],[128.67849,37.26597],[128.67777,37.26672],[128.67701,37.26711],[128.67617,37.2679],[128.6763,37.26816],[128.67665,37.26851],[128.67725,37.26896],[128.6768,37.26922],[128.67726,37.26968],[128.67701,37.26988],[128.67707,37.27035],[128.67681,37.27061],[128.67653,37.27116],[128.67683,37.27157],[128.67697,37.27235],[128.67664,37.27393],[128.67541,37.27333],[128.67397,37.27361],[128.67359,37.27331],[128.67225,37.27302],[128.67179,37.27269],[128.67162,37.27272],[128.67136,37.27327],[128.67145,37.2736],[128.67124,37.27367],[128.67005,37.27357],[128.66952,37.2734],[128.66894,37.27334],[128.66804,37.27296],[128.6671,37.27307],[128.66542,37.27275],[128.66375,37.27257],[128.66318,37.27208],[128.66274,37.2715],[128.66135,37.27149],[128.66042,37.27108],[128.65966,37.27054],[128.65853,37.27005],[128.65774,37.27001],[128.65709,37.27031],[128.65623,37.27027],[128.65528,37.27028],[128.65461,37.27099],[128.65355,37.27187],[128.65347,37.27227],[128.65288,37.27258],[128.65366,37.27395],[128.65401,37.27413],[128.65443,37.2746],[128.65538,37.27516],[128.6556,37.27542],[128.65637,37.27739]]]},"properties":{"code":"32550140","name":"신동읍"}},{"type":"Feature","geometry":{"type":"Polygon","coordinates":[[[128.71566,37.3363],[128.71441,37.33625],[128.7142,37.33636],[128.7126,37.33621],[128.71221,37.33607],[128.71162,37.33619],[128.71103,37.33657],[128.71059,37.33669],[128.7096,37.33685],[128.70923,37.33717],[128.70895,37.3372],[128.7086,37.33754],[128.70807,37.33786],[128.70768,37.33865],[128.70751,37.33872],[128.70698,37.33939],[128.70607,37.3402],[128.70515,37.34019],[128.70447,37.33981],[128.70402,37.33967],[128.70295,37.33966],[128.70226,37.33949],[128.70059,37.33969],[128.69935,37.33953],[128.69848,37.33966],[128.69777,37.33964],[128.69723,37.33933],[128.69667,37.33924],[128.69568,37.33919],[128.69528,37.33882],[128.69417,37.33859],[128.69379,37.33858],[128.69303,37.33817],[128.69263,37.33804],[128.69231,37.33738],[128.69136,37.3372],[128.691,37.33751],[128.68989,37.33776],[128.68936,37.33832],[128.6883,37.33916],[128.688,37.3395],[128.68733,37.33906],[128.68662,37.3391],[128.68617,37.33867],[128.68419,37.33825],[128.68357,37.33872],[128.68305,37.33887],[128.68137,37.3387],[128.68072,37.33875],[128.68005,37.3386],[128.67922,37.33901],[128.67846,37.33945],[128.67825,37.3398],[128.67762,37.33986],[128.67667,37.33927],[128.67629,37.33925],[128.67562,37.33932],[128.67484,37.33994],[128.67386,37.3402],[128.67321,37.34045],[128.67286,37.34051],[128.67232,37.34043],[128.67168,37.34004],[128.67087,37.34067],[128.66993,37.34132],[128.66963,37.34201],[128.66903,37.34286],[128.66876,37.34312],[128.66759,37.34323],[128.66673,37.34273],[128.66632,37.34221],[128.66465,37.34159],[128.66397,37.34118],[128.6635,37.34101],[128.66277,37.34123],[128.66243,37.34109],[128.66188,37.3411],[128.66176,37.34095],[128.66124,37.34065],[128.6609,37.34066],[128.66063,37.3409],[128.65971,37.34107],[128.6586,37.34083],[128.65767,37.34045],[128.65676,37.34028],[128.65569,37.33982],[128.65519,37.33977],[128.65396,37.33952],[128.65261,37.33878],[128.65176,37.33998],[128.65149,37.34007],[128.65021,37.33988],[128.64897,37.3398],[128.64796,37.33969],[128.6477,37.33949],[128.64618,37.33998],[128.64576,37.34016],[128.64482,37.34041],[128.6438,37.34056],[128.64231,37.34009],[128.64076,37.33773],[128.64066,37.33729],[128.63955,37.33784],[128.63798,37.339],[128.63803,37.33837],[128.63793,37.33772],[128.63823,37.33698],[128.63817,37.33642],[128.63844,37.3357],[128.63846,37.33523],[128.63855,37.33492],[128.63854,37.33405],[128.63866,37.33286],[128.63888,37.33218],[128.63889,37.33137],[128.63916,37.33066],[128.63911,37.32979],[128.63921,37.32952],[128.63913,37.32927],[128.63946,37.32858],[128.63972,37.32778],[128.6403,37.32749],[128.64049,37.32592],[128.64029,37.32528],[128.64043,37.32524],[128.64045,37.32455],[128.64066,37.3235],[128.64175,37.3227],[128.64199,37.32131],[128.64332,37.31902],[128.64408,37.31748],[128.644,37.31727],[128.64369,37.31692],[128.6437,37.31659],[128.64352,37.31614],[128.64358,37.31578],[128.64419,37.31492],[128.64452,37.31467],[128.64457,37.3143],[128.64503,37.31421],[128.64505,37.31399],[128.64563,37.31345],[128.64613,37.31329],[128.64654,37.31281],[128.64677,37.31142],[128.64736,37.31071],[128.6476,37.3098],[128.64816,37.30941],[128.64872,37.30885],[128.64918,37.30862],[128.65054,37.30774],[128.6517,37.3075],[128.65184,37.30734],[128.65192,37.30688],[128.65248,37.3064],[128.65351,37.30469],[128.65403,37.3043],[128.65526,37.30345],[128.65523,37.30276],[128.6557,37.30193],[128.65599,37.30118],[128.65579,37.29969],[128.65541,37.298],[128.65609,37.29705],[128.65708,37.29642],[128.65731,37.29596],[128.6585,37.29519],[128.65862,37.29403],[128.65834,37.29325],[128.65811,37.29211],[128.65822,37.29113],[128.65795,37.29027],[128.6587,37.28972],[128.65905,37.28908],[128.65927,37.28829],[128.65971,37.28746],[128.65965,37.28718],[128.65977,37.28667],[128.6601,37.28625],[128.66024,37.28576],[128.66079,37.28513],[128.66079,37.2848],[128.65946,37.28466],[128.65912,37.28446],[128.65858,37.28373],[128.65822,37.28362],[128.65739,37.28288],[128.65768,37.28218],[128.65778,37.28108],[128.65759,37.2808],[128.65757,37.28047],[128.65669,37.27921],[128.65693,37.27826],[128.65679,37.27772],[128.65637,37.27739],[128.6556,37.27542],[128.65538,37.27516],[128.65443,37.2746],[128.65401,37.27413],[128.65366,37.27395],[128.65288,37.27258],[128.65347,37.27227],[128.65355,37.27187],[128.65461,37.27099],[128.65528,37.27028],[128.65623,37.27027],[128.65709,37.27031],[128.65774,37.27001],[128.65853,37.27005],[128.65966,37.27054],[128.66042,37.27108],[128.66135,37.27149],[128.66274,37.2715],[128.66318,37.27208],[128.66375,37.27257],[128.66542,37.27275],[128.6671,37.27307],[128.66804,37.27296],[128.66894,37.27334],[128.66952,37.2734],[128.67005,37.27357],[128.67124,37.27367],[128.67145,37.2736],[128.67136,37.27327],[128.67162,37.27272],[128.67179,37.27269],[128.67225,37.27302],[128.67359,37.27331],[128.67397,37.27361],[128.67541,37.27333],[128.67664,37.27393],[128.67697,37.27235],[128.67683,37.27157],[128.67653,37.27116],[128.67681,37.27061],[128.67707,37.27035],[128.67701,37.26988],[128.67726,37.26968],[128.6768,37.26922],[128.67725,37.26896],[128.67665,37.26851],[128.6763,37.26816],[128.67617,37.2679],[128.67701,37.26711],[128.67777,37.26672],[128.67849,37.26597],[128.67923,37.26548],[128.67992,37.26512],[128.68061,37.26451],[128.68093,37.26441],[128.68152,37.26397],[128.68181,37.26349],[128.68237,37.26085],[128.68282,37.26061],[128.68308,37.26056],[128.68366,37.2603],[128.68392,37.2603],[128.68445,37.26003],[128.68465,37.25965],[128.68484,37.25822],[128.68409,37.25763],[128.6838,37.25707],[128.68338,37.25655],[128.68338,37.2562],[128.68352,37.2555],[128.6838,37.25521],[128.68398,37.25407],[128.68435,37.25396],[128.68466,37.2536],[128.68531,37.25319],[128.68586,37.25346],[128.68667,37.2537],[128.68764,37.25384],[128.68818,37.25383],[128.68919,37.25347],[128.69025,37.25383],[128.69063,37.25402],[128.69155,37.25368],[128.69234,37.25368],[128.69247,37.25382],[128.6931,37.25398],[128.69364,37.25383],[128.69419,37.25405],[128.69496,37.25404],[128.69513,37.25415],[128.69627,37.25389],[128.69658,37.25389],[128.69731,37.2534],[128.69798,37.25363],[128.69891,37.25371],[128.69979,37.25344],[128.70061,37.25354],[128.70129,37.25357],[128.70147,37.25331],[128.70193,37.25312],[128.70341,37.25372],[128.70489,37.25447],[128.70547,37.25395],[128.70614,37.25297],[128.70731,37.25277],[128.70846,37.25285],[128.70923,37.25294],[128.70968,37.25292],[128.70998,37.25316],[128.71032,37.2532],[128.71119,37.2529],[128.71191,37.25203],[128.71254,37.25149],[128.71291,37.25131],[128.71319,37.25132],[128.71365,37.25109],[128.71558,37.25088],[128.71611,37.2506],[128.71696,37.25023],[128.71706,37.24992],[128.71773,37.2493],[128.7185,37.24873],[128.72032,37.24689],[128.72084,37.24676],[128.72146,37.24651],[128.72294,37.24644],[128.72356,37.24607],[128.72334,37.24478],[128.72216,37.2437],[128.72145,37.24315],[128.72239,37.2424],[128.72231,37.24182],[128.72209,37.24064],[128.72198,37.23947],[128.7222,37.23924],[128.72235,37.23838],[128.72312,37.2379],[128.72365,37.23673],[128.72301,37.23535],[128.72237,37.23496],[128.72187,37.23388],[128.72107,37.23302],[128.7215,37.2316],[128.72131,37.23111],[128.72102,37.23069],[128.71972,37.22953],[128.71849,37.22878],[128.72002,37.22689],[128.72042,37.22667],[128.72063,37.22632],[128.72116,37.22615],[128.72203,37.22531],[128.72232,37.22507],[128.72278,37.22404],[128.72315,37.22386],[128.72439,37.22306],[128.7253,37.22301],[128.72763,37.22175],[128.7289,37.22075],[128.72948,37.22042],[128.72991,37.21998],[128.73052,37.2198],[128.73113,37.21907],[128.73232,37.21835],[128.73327,37.21791],[128.73346,37.2176],[128.73341,37.21693],[128.73417,37.21587],[128.73438,37.21462],[128.7348,37.21439],[128.737,37.21406],[128.73843,37.21338],[128.73931,37.2132],[128.74078,37.21228],[128.74216,37.21185],[128.74285,37.21167],[128.74428,37.21113],[128.74507,37.21091],[128.74603,37.21059],[128.74675,37.21084],[128.74789,37.21116],[128.74876,37.21195],[128.75061,37.21183],[128.7516,37.21142],[128.75431,37.21158],[128.75856,37.20882],[128.75923,37.2079],[128.76357,37.20634],[128.76357,37.20749],[128.76289,37.20844],[128.76308,37.20892],[128.76362,37.20954],[128.76367,37.20976],[128.76436,37.21067],[128.76424,37.21119],[128.76459,37.21216],[128.76503,37.21308],[128.76533,37.21334],[128.76624,37.21469],[128.76685,37.21509],[128.76736,37.21525],[128.76771,37.21584],[128.76877,37.21676],[128.76946,37.21708],[128.76958,37.21765],[128.77074,37.219],[128.77077,37.21919],[128.7714,37.2201],[128.77166,37.22056],[128.77252,37.22107],[128.77396,37.2212],[128.77547,37.22209],[128.77632,37.22238],[128.77694,37.22275],[128.77748,37.2235],[128.77832,37.22394],[128.77881,37.22446],[128.77995,37.22517],[128.78267,37.22553],[128.78319,37.22511],[128.78352,37.22513],[128.78491,37.22456],[128.78557,37.2246],[128.78638,37.2248],[128.78839,37.2255],[128.7888,37.22572],[128.7894,37.22587],[128.7894,37.22663],[128.7892,37.22754],[128.78917,37.22816],[128.78929,37.22886],[128.7893,37.22928],[128.7896,37.23015],[128.7907,37.22981],[128.7916,37.23006],[128.79262,37.22999],[128.79302,37.22895],[128.79289,37.22793],[128.79385,37.22737],[128.79472,37.2274],[128.79534,37.2278],[128.79666,37.22856],[128.79661,37.22881],[128.798,37.22891],[128.79909,37.22943],[128.79916,37.22975],[128.79985,37.23025],[128.80047,37.23054],[128.80098,37.23103],[128.80151,37.23144],[128.80204,37.23176],[128.80245,37.23194],[128.80293,37.23236],[128.80302,37.23258],[128.80379,37.23323],[128.80411,37.23385],[128.80402,37.234],[128.80435,37.23427],[128.80443,37.23496],[128.805,37.23581],[128.80559,37.23604],[128.80636,37.23648],[128.80595,37.2369],[128.80528,37.23768],[128.80417,37.23834],[128.80313,37.23924],[128.80339,37.24082],[128.80295,37.24151],[128.80283,37.24213],[128.80279,37.24325],[128.80279,37.24445],[128.80305,37.24518],[128.80304,37.24541],[128.80277,37.24601],[128.80277,37.24664],[128.8032,37.24662],[128.80444,37.24732],[128.80505,37.24746],[128.8055,37.24748],[128.80562,37.24787],[128.80658,37.24839],[128.80774,37.24894],[128.80796,37.24991],[128.80746,37.25077],[128.80831,37.2516],[128.80927,37.25233],[128.81007,37.25257],[128.81093,37.25339],[128.81188,37.25395],[128.81294,37.25399],[128.81359,37.2544],[128.81387,37.25474],[128.81448,37.25581],[128.8149,37.25586],[128.81502,37.25662],[128.81527,37.25751],[128.81524,37.25813],[128.81534,37.25862],[128.81572,37.25891],[128.81531,37.26059],[128.81502,37.26075],[128.81457,37.26161],[128.81436,37.26177],[128.81421,37.26228],[128.81433,37.26269],[128.81419,37.26353],[128.81386,37.26435],[128.81397,37.26572],[128.81395,37.26625],[128.81467,37.26746],[128.81443,37.2679],[128.8145,37.2685],[128.81448,37.26896],[128.81361,37.2694],[128.81342,37.26999],[128.81338,37.27063],[128.81284,37.27186],[128.81283,37.27322],[128.81221,37.2733],[128.81157,37.27381],[128.81079,37.27374],[128.80988,37.27477],[128.8098,37.2752],[128.80922,37.27537],[128.80887,37.27599],[128.80885,37.27723],[128.80929,37.27754],[128.80905,37.27821],[128.81003,37.2795],[128.81047,37.27953],[128.81097,37.28089],[128.81142,37.28147],[128.81167,37.28204],[128.81156,37.28235],[128.81054,37.28363],[128.81081,37.28474],[128.81041,37.28541],[128.81011,37.28562],[128.81003,37.28635],[128.8099,37.2866],[128.80914,37.28692],[128.80844,37.28748],[128.80701,37.28867],[128.8054,37.28952],[128.80453,37.28973],[128.80433,37.28987],[128.80303,37.28999],[128.80233,37.29012],[128.80181,37.29036],[128.80099,37.29119],[128.8009,37.29154],[128.80008,37.29167],[128.79985,37.29208],[128.79934,37.29214],[128.79787,37.29174],[128.79761,37.29177],[128.79701,37.29135],[128.79624,37.29157],[128.7954,37.29167],[128.79451,37.29159],[128.79395,37.29167],[128.79331,37.29196],[128.79206,37.29142],[128.79177,37.29126],[128.79111,37.29126],[128.79028,37.29045],[128.78956,37.28999],[128.7877,37.29],[128.78699,37.28987],[128.78381,37.29036],[128.78287,37.29061],[128.78185,37.29096],[128.77995,37.29121],[128.77984,37.29166],[128.77844,37.29326],[128.77796,37.29404],[128.77774,37.29579],[128.77709,37.29802],[128.77737,37.29895],[128.77793,37.3001],[128.77752,37.30144],[128.77585,37.30197],[128.77548,37.30232],[128.7751,37.30294],[128.77473,37.30335],[128.77295,37.30437],[128.77248,37.30452],[128.77167,37.30502],[128.77122,37.30513],[128.77079,37.30558],[128.76894,37.30484],[128.76854,37.30463],[128.76748,37.30477],[128.76511,37.30539],[128.76376,37.30489],[128.76318,37.30473],[128.76202,37.30455],[128.76149,37.30441],[128.76142,37.30503],[128.761,37.30627],[128.75952,37.3072],[128.75918,37.30909],[128.75878,37.3092],[128.75794,37.30908],[128.75688,37.30948],[128.75588,37.30939],[128.75556,37.31009],[128.75444,37.31076],[128.75388,37.31091],[128.75333,37.31157],[128.75235,37.31158],[128.75163,37.31154],[128.75133,37.31142],[128.75112,37.31262],[128.75075,37.31307],[128.74941,37.31381],[128.74878,37.31401],[128.74797,37.31452],[128.74776,37.31516],[128.74679,37.31512],[128.74605,37.31516],[128.74576,37.31493],[128.74388,37.31534],[128.74337,37.31585],[128.74303,37.31641],[128.74326,37.31699],[128.74327,37.31791],[128.74201,37.31902],[128.74189,37.31931],[128.7422,37.32002],[128.74216,37.32075],[128.74262,37.32209],[128.7421,37.32263],[128.74174,37.32362],[128.74123,37.32423],[128.74144,37.32535],[128.74026,37.32629],[128.74019,37.32708],[128.73992,37.32737],[128.73952,37.32765],[128.73907,37.32838],[128.73884,37.32861],[128.73866,37.3292],[128.73807,37.3297],[128.73773,37.33034],[128.73711,37.33069],[128.73685,37.3312],[128.73618,37.33205],[128.7356,37.33263],[128.73491,37.33365],[128.73352,37.33314],[128.7328,37.33248],[128.73127,37.33194],[128.73048,37.33142],[128.72939,37.33114],[128.72716,37.33031],[128.72624,37.33134],[128.72481,37.33181],[128.72455,37.33212],[128.72365,37.33235],[128.72344,37.33258],[128.72286,37.33277],[128.72245,37.33319],[128.72152,37.3336],[128.72074,37.3335],[128.71954,37.33453],[128.71921,37.33465],[128.71861,37.33465],[128.71792,37.33476],[128.71777,37.33497],[128.71707,37.33551],[128.71642,37.33589],[128.7162,37.33587],[128.71566,37.3363]]]},"properties":{"code":"32550320","name":"남면"}},{"type":"Feature","geometry":{"type":"Polygon","coordinates":[[[128.63462,37.53971],[128.63395,37.54075],[128.63377,37.54114],[128.63323,37.5416],[128.63244,37.54256],[128.63208,37.5434],[128.63161,37.54462],[128.63184,37.5451],[128.63187,37.54635],[128.63172,37.54676],[128.632,37.54809],[128.63207,37.54894],[128.63179,37.54951],[128.63174,37.55025],[128.63117,37.55068],[128.63073,37.55085],[128.63053,37.55101],[128.63053,37.55162],[128.63037,37.55177],[128.6302,37.55257],[128.62926,37.55312],[128.62843,37.55371],[128.62794,37.55375],[128.62688,37.55506],[128.62675,37.55563],[128.62714,37.5566],[128.62718,37.55702],[128.62714,37.55764],[128.62692,37.55889],[128.62692,37.55927],[128.62672,37.561],[128.62656,37.56187],[128.62658,37.56239],[128.62628,37.56307],[128.62638,37.56353],[128.62626,37.5638],[128.62568,37.5646],[128.62483,37.56555],[128.62452,37.56764],[128.62514,37.56921],[128.62532,37.56981],[128.62553,37.57221],[128.62571,37.57266],[128.62517,37.57317],[128.62448,37.57341],[128.62385,37.57331],[128.6222,37.57378],[128.6217,37.5741],[128.6206,37.57439],[128.61999,37.57468],[128.61901,37.57429],[128.61698,37.57474],[128.61547,37.57551],[128.61366,37.57454],[128.61262,37.57418],[128.61236,37.574],[128.61222,37.57358],[128.61163,37.57332],[128.61097,37.57325],[128.61081,37.57309],[128.61007,37.5727],[128.60858,37.57265],[128.60789,37.5725],[128.60611,37.57193],[128.60439,37.5712],[128.60423,37.57098],[128.60315,37.57044],[128.60263,37.5704],[128.60227,37.57017],[128.60122,37.56968],[128.60091,37.56959],[128.60038,37.56906],[128.59954,37.56839],[128.59864,37.56722],[128.59849,37.56675],[128.59792,37.56608],[128.5972,37.56588],[128.59622,37.56499],[128.59563,37.56433],[128.59444,37.56357],[128.59378,37.56283],[128.59309,37.56237],[128.59246,37.56161],[128.59166,37.56137],[128.59122,37.56114],[128.59068,37.56073],[128.5896,37.56028],[128.58901,37.55853],[128.58864,37.55754],[128.58836,37.55724],[128.58804,37.55638],[128.58851,37.5556],[128.58838,37.55505],[128.58851,37.55451],[128.58874,37.55392],[128.58896,37.55365],[128.58859,37.55294],[128.58821,37.55187],[128.58848,37.5511],[128.58843,37.54963],[128.58723,37.54884],[128.58701,37.54803],[128.58758,37.54632],[128.58789,37.54596],[128.58836,37.54462],[128.58876,37.54424],[128.58871,37.54357],[128.58912,37.5423],[128.58939,37.54049],[128.58923,37.54026],[128.58865,37.53878],[128.58763,37.53783],[128.58558,37.53751],[128.58451,37.53722],[128.58368,37.5361],[128.58318,37.5358],[128.58327,37.53503],[128.58252,37.53293],[128.58337,37.53186],[128.5834,37.53046],[128.58274,37.53029],[128.58214,37.53004],[128.58195,37.52967],[128.58198,37.52935],[128.58117,37.52804],[128.58102,37.52686],[128.58123,37.52649],[128.58091,37.52485],[128.5808,37.5234],[128.5803,37.52207],[128.5797,37.52157],[128.57954,37.52061],[128.57991,37.51938],[128.57949,37.51738],[128.57822,37.51509],[128.57827,37.51328],[128.57805,37.51315],[128.57798,37.51242],[128.57717,37.51113],[128.57712,37.51009],[128.57742,37.50874],[128.57742,37.50811],[128.57722,37.50739],[128.57713,37.50623],[128.57715,37.50501],[128.5769,37.50411],[128.57641,37.50295],[128.57649,37.50254],[128.57689,37.5017],[128.57742,37.50119],[128.57711,37.50053],[128.57722,37.4993],[128.57712,37.49909],[128.57733,37.49883],[128.57717,37.49831],[128.57723,37.49808],[128.57649,37.49654],[128.57662,37.49596],[128.57635,37.49538],[128.57589,37.49482],[128.57559,37.49432],[128.57533,37.49375],[128.57564,37.49338],[128.576,37.49316],[128.57684,37.49314],[128.57729,37.49289],[128.57751,37.49266],[128.57902,37.4924],[128.57971,37.4919],[128.58156,37.49092],[128.58201,37.49115],[128.58335,37.49086],[128.58455,37.48912],[128.58445,37.48813],[128.58472,37.4882],[128.58446,37.4873],[128.58384,37.4875],[128.58313,37.4881],[128.58224,37.48909],[128.58187,37.48943],[128.58128,37.49009],[128.58068,37.49025],[128.58008,37.49027],[128.57938,37.49007],[128.57904,37.4899],[128.57675,37.48952],[128.57534,37.48919],[128.57352,37.48926],[128.57211,37.49023],[128.57099,37.49235],[128.57016,37.49711],[128.57005,37.4977],[128.5655,37.50035],[128.56554,37.50244],[128.56507,37.50241],[128.56491,37.50151],[128.56487,37.50063],[128.56447,37.49995],[128.56429,37.49945],[128.56379,37.49877],[128.56309,37.49846],[128.5616,37.49636],[128.56173,37.49612],[128.5617,37.49574],[128.56137,37.49488],[128.5607,37.49488],[128.56023,37.49464],[128.55982,37.49368],[128.55971,37.49277],[128.55921,37.49231],[128.5581,37.49047],[128.55811,37.49018],[128.55796,37.48977],[128.55744,37.48942],[128.55659,37.48903],[128.55678,37.48818],[128.55673,37.48676],[128.55659,37.48573],[128.5571,37.48402],[128.55754,37.48324],[128.55794,37.4811],[128.55885,37.4797],[128.55958,37.47914],[128.55991,37.47845],[128.56001,37.47783],[128.56046,37.47743],[128.5602,37.4769],[128.56045,37.47619],[128.56047,37.47579],[128.56105,37.47518],[128.5612,37.47403],[128.56139,37.47368],[128.56131,37.47347],[128.56151,37.47333],[128.56154,37.47288],[128.56149,37.47201],[128.56153,37.47046],[128.56172,37.46972],[128.56183,37.46893],[128.56141,37.46789],[128.56161,37.46764],[128.56138,37.46685],[128.56128,37.46618],[128.56168,37.46585],[128.5618,37.46541],[128.5621,37.46482],[128.56258,37.46448],[128.56282,37.46385],[128.56313,37.46352],[128.56343,37.46137],[128.56495,37.46036],[128.56598,37.46027],[128.56622,37.46032],[128.56688,37.46029],[128.56744,37.46001],[128.56875,37.45899],[128.56923,37.45857],[128.56966,37.45808],[128.56989,37.45753],[128.57024,37.4571],[128.57055,37.4569],[128.57087,37.45624],[128.57083,37.45601],[128.57117,37.45574],[128.57177,37.45509],[128.57196,37.45497],[128.57225,37.45431],[128.57543,37.45372],[128.57577,37.45341],[128.57656,37.45331],[128.57684,37.45338],[128.57758,37.45331],[128.57804,37.45303],[128.57863,37.45289],[128.5793,37.45259],[128.58103,37.4516],[128.58199,37.45041],[128.58434,37.44983],[128.58821,37.44918],[128.58946,37.44916],[128.59121,37.44781],[128.59267,37.44736],[128.59404,37.44679],[128.59486,37.44661],[128.5962,37.44532],[128.59755,37.44466],[128.59784,37.44431],[128.59821,37.44371],[128.59842,37.44312],[128.59937,37.44197],[128.59946,37.44138],[128.59941,37.44086],[128.59853,37.44021],[128.59815,37.43942],[128.59841,37.43918],[128.59837,37.43881],[128.59854,37.43855],[128.59859,37.43737],[128.59907,37.43631],[128.59905,37.43597],[128.60028,37.43559],[128.60196,37.43535],[128.60242,37.43513],[128.603,37.43512],[128.60352,37.43492],[128.60453,37.43475],[128.60604,37.43388],[128.60743,37.43388],[128.60904,37.43353],[128.61008,37.43381],[128.61185,37.43312],[128.61248,37.4331],[128.61353,37.4329],[128.61516,37.43272],[128.61743,37.43304],[128.61824,37.43334],[128.61935,37.43407],[128.62021,37.43351],[128.62053,37.43313],[128.62205,37.43257],[128.6231,37.43234],[128.6241,37.43171],[128.62565,37.43105],[128.62566,37.43049],[128.62618,37.42959],[128.62687,37.42902],[128.62806,37.42841],[128.629,37.42771],[128.62996,37.42731],[128.63113,37.42606],[128.63135,37.4247],[128.63201,37.4237],[128.63312,37.4229],[128.63472,37.42008],[128.63529,37.41838],[128.63543,37.41764],[128.63525,37.41629],[128.63489,37.4155],[128.63412,37.41411],[128.6343,37.4133],[128.63452,37.41308],[128.63457,37.41242],[128.63486,37.4115],[128.63509,37.4111],[128.63586,37.41069],[128.63667,37.41014],[128.63774,37.40912],[128.63803,37.40874],[128.63819,37.40826],[128.63807,37.40782],[128.63807,37.40711],[128.63824,37.407],[128.63909,37.40621],[128.64017,37.4059],[128.64215,37.40687],[128.64254,37.40792],[128.64298,37.40835],[128.64356,37.40818],[128.64386,37.4085],[128.64491,37.40867],[128.6455,37.40925],[128.6464,37.40944],[128.64716,37.40915],[128.6477,37.40903],[128.64809,37.40854],[128.64869,37.40817],[128.64956,37.40826],[128.65034,37.40788],[128.65146,37.40749],[128.65257,37.40724],[128.65389,37.40732],[128.65432,37.40757],[128.6556,37.40783],[128.65667,37.40788],[128.65704,37.40872],[128.65753,37.4093],[128.65814,37.40977],[128.65864,37.41059],[128.65881,37.41075],[128.65896,37.41162],[128.65971,37.41266],[128.65972,37.41423],[128.65925,37.4153],[128.65896,37.41573],[128.65895,37.41607],[128.65877,37.41653],[128.65876,37.41736],[128.65857,37.41768],[128.6586,37.41827],[128.65842,37.4191],[128.65817,37.41989],[128.6584,37.42139],[128.66054,37.42109],[128.66172,37.42103],[128.66252,37.42066],[128.66358,37.42044],[128.66504,37.42041],[128.66499,37.41984],[128.66581,37.41962],[128.66736,37.41913],[128.66849,37.41846],[128.66944,37.41796],[128.6699,37.41777],[128.67097,37.41668],[128.67159,37.41621],[128.67219,37.4156],[128.6728,37.41487],[128.67375,37.41434],[128.67468,37.41344],[128.67497,37.41333],[128.67579,37.4124],[128.67684,37.41128],[128.67715,37.4109],[128.67758,37.41015],[128.67796,37.40961],[128.67871,37.40909],[128.67945,37.40879],[128.68073,37.40875],[128.68205,37.40889],[128.68294,37.40926],[128.68434,37.41032],[128.68495,37.41074],[128.68547,37.4113],[128.68648,37.41215],[128.68915,37.41353],[128.69086,37.4137],[128.69238,37.41408],[128.69343,37.41425],[128.69454,37.41432],[128.69646,37.41441],[128.69709,37.41441],[128.69898,37.4141],[128.70051,37.41377],[128.70235,37.41328],[128.70442,37.4124],[128.70631,37.4113],[128.70725,37.41039],[128.70755,37.40997],[128.70762,37.40927],[128.70741,37.40866],[128.70705,37.40814],[128.7089,37.4073],[128.70957,37.40732],[128.71,37.40709],[128.7113,37.40697],[128.71289,37.40572],[128.71434,37.40577],[128.71584,37.40615],[128.71738,37.40588],[128.71835,37.40682],[128.71891,37.40757],[128.7202,37.40763],[128.72197,37.40868],[128.72348,37.40929],[128.72492,37.41023],[128.72547,37.41167],[128.72672,37.41247],[128.72831,37.41294],[128.72823,37.41361],[128.72701,37.41444],[128.72655,37.41521],[128.72633,37.41524],[128.72488,37.41651],[128.72454,37.41647],[128.7241,37.41668],[128.72418,37.41705],[128.7238,37.4174],[128.72344,37.41792],[128.72339,37.41908],[128.72299,37.41975],[128.72204,37.42],[128.72146,37.42033],[128.72136,37.4207],[128.72094,37.4215],[128.72059,37.4218],[128.7204,37.42212],[128.71983,37.42251],[128.71992,37.42333],[128.71963,37.42367],[128.71917,37.4238],[128.7186,37.42453],[128.71832,37.42463],[128.71799,37.42503],[128.71763,37.42576],[128.71728,37.42595],[128.71541,37.42568],[128.7151,37.42587],[128.71428,37.42588],[128.71334,37.42608],[128.71307,37.42626],[128.71248,37.42646],[128.71211,37.42688],[128.7109,37.42773],[128.71055,37.42813],[128.71064,37.42851],[128.7104,37.42885],[128.71035,37.4294],[128.71015,37.43021],[128.71043,37.43103],[128.71048,37.43158],[128.7093,37.43294],[128.70843,37.43318],[128.70753,37.43317],[128.70625,37.43397],[128.70586,37.43407],[128.70455,37.43399],[128.70408,37.43405],[128.70387,37.43394],[128.70287,37.43456],[128.70205,37.43476],[128.70167,37.43468],[128.70134,37.43494],[128.70099,37.43493],[128.70049,37.43526],[128.70011,37.43647],[128.69921,37.43686],[128.69836,37.43787],[128.69689,37.43889],[128.69686,37.44016],[128.69655,37.44097],[128.69657,37.4413],[128.6994,37.4439],[128.70049,37.44549],[128.70103,37.44614],[128.70185,37.44687],[128.7025,37.44692],[128.70298,37.44724],[128.70245,37.44876],[128.70252,37.45068],[128.7024,37.4511],[128.7019,37.45176],[128.70095,37.45343],[128.7,37.45466],[128.69909,37.45593],[128.69877,37.45653],[128.69811,37.45727],[128.69781,37.45817],[128.69727,37.45997],[128.69919,37.46043],[128.70022,37.46082],[128.70059,37.46101],[128.70259,37.4618],[128.70478,37.46304],[128.70644,37.46417],[128.70775,37.46493],[128.70889,37.46542],[128.70894,37.46663],[128.70916,37.46709],[128.70935,37.46793],[128.70944,37.46931],[128.70957,37.46988],[128.70862,37.47094],[128.70804,37.47178],[128.70726,37.47348],[128.70717,37.47432],[128.70718,37.47511],[128.7067,37.47603],[128.70672,37.47669],[128.70633,37.4765],[128.70563,37.47603],[128.70484,37.47615],[128.70321,37.47662],[128.7012,37.47777],[128.70067,37.47816],[128.6998,37.4785],[128.69942,37.47846],[128.69821,37.47892],[128.69694,37.47925],[128.69588,37.47981],[128.69525,37.48009],[128.69468,37.48013],[128.69451,37.4805],[128.69298,37.48114],[128.69234,37.48125],[128.69161,37.48151],[128.69011,37.48236],[128.68969,37.48246],[128.69035,37.48405],[128.69027,37.48435],[128.69001,37.48455],[128.68978,37.48498],[128.68967,37.48564],[128.68932,37.48593],[128.68942,37.48688],[128.68926,37.48732],[128.68943,37.48801],[128.69001,37.48891],[128.69018,37.48903],[128.69001,37.48944],[128.68966,37.48962],[128.68885,37.49031],[128.68885,37.49052],[128.68862,37.49083],[128.68879,37.4913],[128.68833,37.49217],[128.68726,37.49367],[128.68665,37.49393],[128.68649,37.49418],[128.68598,37.49471],[128.68356,37.4953],[128.6826,37.49583],[128.68123,37.49616],[128.68066,37.49735],[128.68062,37.49828],[128.68025,37.49933],[128.68013,37.50026],[128.67986,37.50086],[128.67989,37.50122],[128.67961,37.5019],[128.67973,37.5023],[128.67971,37.50314],[128.67959,37.50328],[128.67973,37.50363],[128.67945,37.50404],[128.67881,37.50433],[128.67845,37.50469],[128.67806,37.50572],[128.67731,37.50761],[128.67706,37.50782],[128.67683,37.50837],[128.67626,37.50851],[128.67579,37.5088],[128.67497,37.50906],[128.67476,37.50921],[128.67424,37.50941],[128.67399,37.50941],[128.67283,37.50999],[128.67117,37.51027],[128.67041,37.51029],[128.66848,37.51223],[128.66722,37.51234],[128.66622,37.51236],[128.66458,37.51258],[128.66318,37.51251],[128.66257,37.51269],[128.66163,37.51285],[128.66123,37.51309],[128.65933,37.51366],[128.65854,37.51364],[128.65819,37.5138],[128.65737,37.51344],[128.65529,37.51277],[128.65393,37.51239],[128.65312,37.5128],[128.6522,37.51315],[128.65167,37.51316],[128.65079,37.51338],[128.6503,37.51338],[128.64997,37.51355],[128.64968,37.51353],[128.64916,37.5139],[128.64873,37.51411],[128.64806,37.51428],[128.64723,37.51485],[128.64679,37.51536],[128.64576,37.51611],[128.64559,37.51663],[128.6456,37.51709],[128.64416,37.51941],[128.6436,37.52014],[128.64288,37.52093],[128.64231,37.5218],[128.64192,37.522],[128.64123,37.52299],[128.64073,37.52421],[128.64093,37.5245],[128.64093,37.52494],[128.64112,37.52574],[128.64082,37.52627],[128.63983,37.52652],[128.63898,37.52637],[128.63802,37.52675],[128.63772,37.52679],[128.63662,37.52728],[128.63535,37.52772],[128.63507,37.52758],[128.63471,37.52774],[128.63445,37.52803],[128.63382,37.52856],[128.63371,37.52889],[128.63333,37.52936],[128.63332,37.53004],[128.63219,37.5304],[128.63125,37.53247],[128.63119,37.53291],[128.63175,37.53321],[128.63216,37.53354],[128.63319,37.53426],[128.63321,37.53447],[128.63359,37.53472],[128.63351,37.53557],[128.63486,37.53779],[128.6345,37.53875],[128.63447,37.53914],[128.63462,37.53971]]]},"properties":{"code":"32550340","name":"북평면"}},{"type":"Feature","geometry":{"type":"Polygon","coordinates":[[[128.97338,37.53374],[128.97217,37.53526],[128.97221,37.53567],[128.97216,37.53635],[128.97119,37.53684],[128.97,37.53677],[128.96977,37.53694],[128.96829,37.53857],[128.96831,37.53962],[128.96643,37.54031],[128.96509,37.54185],[128.96504,37.54194],[128.96278,37.54316],[128.96207,37.54598],[128.96177,37.54775],[128.96123,37.54875],[128.96109,37.54869],[128.95954,37.5484],[128.95982,37.54719],[128.95973,37.54602],[128.95914,37.54551],[128.95839,37.54457],[128.95781,37.54458],[128.95761,37.54424],[128.95686,37.54382],[128.95724,37.54322],[128.95707,37.54302],[128.95513,37.54144],[128.95422,37.54139],[128.95341,37.54154],[128.95309,37.54138],[128.95173,37.54091],[128.95126,37.54092],[128.95084,37.54065],[128.95062,37.54062],[128.95017,37.53993],[128.94925,37.53967],[128.94593,37.54084],[128.94563,37.54122],[128.94463,37.54096],[128.94444,37.54078],[128.94394,37.54069],[128.94284,37.53956],[128.94282,37.53922],[128.94165,37.53854],[128.941,37.53856],[128.94046,37.53814],[128.93922,37.53811],[128.9389,37.538],[128.93797,37.53807],[128.93726,37.53777],[128.93529,37.53829],[128.93438,37.53814],[128.93372,37.53889],[128.93276,37.53885],[128.93198,37.53938],[128.93179,37.53967],[128.93197,37.54105],[128.93143,37.54188],[128.93141,37.54231],[128.93085,37.54278],[128.9297,37.5425],[128.9295,37.5427],[128.92806,37.54309],[128.9271,37.5443],[128.92635,37.54464],[128.92635,37.54505],[128.92575,37.54595],[128.92549,37.54611],[128.92549,37.54664],[128.92476,37.54724],[128.92395,37.54706],[128.92298,37.54728],[128.92203,37.54726],[128.92178,37.54744],[128.92148,37.54743],[128.91979,37.54767],[128.91907,37.5485],[128.91751,37.54883],[128.9171,37.5483],[128.91622,37.54801],[128.91506,37.54927],[128.91455,37.55027],[128.91484,37.5512],[128.91446,37.55193],[128.91372,37.55215],[128.91292,37.55285],[128.91151,37.55298],[128.91032,37.55292],[128.90867,37.55276],[128.90832,37.55286],[128.90765,37.5526],[128.90635,37.55259],[128.90574,37.55262],[128.90529,37.55348],[128.90503,37.5547],[128.90447,37.55547],[128.90521,37.55782],[128.9049,37.55985],[128.90545,37.56139],[128.90487,37.56299],[128.90482,37.56333],[128.90417,37.56356],[128.90446,37.56578],[128.90573,37.5671],[128.90521,37.56844],[128.90477,37.57037],[128.90407,37.57144],[128.9034,37.57139],[128.90139,37.5715],[128.90102,37.57189],[128.90123,37.57399],[128.90043,37.57485],[128.89975,37.57795],[128.89934,37.57925],[128.89955,37.5807],[128.89821,37.58181],[128.89869,37.584],[128.89752,37.58502],[128.89776,37.58669],[128.89594,37.58647],[128.89531,37.58676],[128.89445,37.58775],[128.89263,37.58841],[128.89116,37.5883],[128.89071,37.58835],[128.89025,37.58855],[128.88986,37.59007],[128.88937,37.59152],[128.88879,37.59223],[128.88555,37.59289],[128.88448,37.59292],[128.88393,37.59272],[128.88249,37.59244],[128.88186,37.59115],[128.88059,37.59055],[128.87934,37.59013],[128.87771,37.58849],[128.87684,37.58899],[128.87606,37.58931],[128.87354,37.58967],[128.87309,37.58808],[128.87227,37.58723],[128.872,37.58634],[128.87143,37.58583],[128.87184,37.58487],[128.8717,37.5846],[128.87093,37.58452],[128.87046,37.58316],[128.86994,37.58233],[128.8702,37.58198],[128.86996,37.5811],[128.86938,37.58011],[128.86875,37.57949],[128.86856,37.57907],[128.86754,37.57912],[128.86722,37.5787],[128.86663,37.57834],[128.86603,37.57728],[128.86588,37.57643],[128.8647,37.57592],[128.86379,37.57522],[128.86315,37.57368],[128.86257,37.57168],[128.86239,37.5714],[128.86195,37.57046],[128.86257,37.56845],[128.86271,37.56598],[128.8627,37.56507],[128.86255,37.56465],[128.86212,37.56421],[128.86127,37.56378],[128.86134,37.56349],[128.86119,37.56319],[128.86127,37.563],[128.85879,37.56122],[128.8589,37.56066],[128.85913,37.56024],[128.85914,37.5594],[128.85942,37.5594],[128.85931,37.55812],[128.85942,37.55706],[128.85918,37.5559],[128.85989,37.5553],[128.86177,37.55447],[128.86161,37.55425],[128.86203,37.55363],[128.86198,37.55307],[128.86176,37.5528],[128.86186,37.55225],[128.86173,37.55178],[128.86145,37.55151],[128.86157,37.55083],[128.86097,37.54983],[128.86078,37.54931],[128.86089,37.54902],[128.8605,37.54867],[128.86005,37.54813],[128.85916,37.54778],[128.85928,37.54704],[128.85909,37.54667],[128.85916,37.54571],[128.85952,37.54551],[128.85987,37.5451],[128.85966,37.54458],[128.86011,37.54398],[128.8598,37.54358],[128.85974,37.543],[128.85993,37.54242],[128.85934,37.54177],[128.85937,37.54127],[128.85958,37.54093],[128.8595,37.54073],[128.85914,37.54053],[128.85898,37.53973],[128.85856,37.5391],[128.85795,37.53902],[128.85751,37.53808],[128.85706,37.53805],[128.85689,37.53787],[128.85672,37.53725],[128.85593,37.53747],[128.85551,37.53729],[128.85524,37.53624],[128.85525,37.5351],[128.85539,37.53471],[128.85561,37.53466],[128.85542,37.53436],[128.85538,37.53394],[128.85565,37.53376],[128.85565,37.53336],[128.85589,37.53301],[128.85577,37.53271],[128.8553,37.53225],[128.85523,37.53191],[128.85493,37.5316],[128.85489,37.53138],[128.85451,37.53085],[128.85426,37.53073],[128.85418,37.53048],[128.85367,37.52989],[128.85372,37.52949],[128.85359,37.5293],[128.85367,37.52893],[128.85375,37.52805],[128.85355,37.52765],[128.85397,37.5267],[128.85475,37.52624],[128.85471,37.5256],[128.85451,37.52543],[128.85453,37.52491],[128.85426,37.5242],[128.85376,37.52421],[128.85333,37.52399],[128.85311,37.52349],[128.85266,37.52342],[128.85257,37.52318],[128.8517,37.523],[128.8513,37.52322],[128.85093,37.52299],[128.84954,37.52238],[128.84943,37.52223],[128.84838,37.5218],[128.84815,37.52144],[128.84946,37.52066],[128.84941,37.52048],[128.84966,37.52036],[128.85005,37.51997],[128.85012,37.51978],[128.84997,37.51925],[128.84957,37.51854],[128.84886,37.51749],[128.8485,37.51711],[128.84849,37.51644],[128.84897,37.51575],[128.84879,37.51544],[128.84837,37.5152],[128.84817,37.51493],[128.84705,37.51466],[128.84582,37.51384],[128.84311,37.51257],[128.84245,37.51285],[128.84203,37.51322],[128.84146,37.51278],[128.84101,37.51252],[128.84042,37.51203],[128.83972,37.51199],[128.83942,37.51203],[128.83873,37.51193],[128.83818,37.51211],[128.8365,37.51249],[128.83581,37.51285],[128.83396,37.51314],[128.83309,37.51277],[128.83291,37.51243],[128.83245,37.51238],[128.83196,37.51208],[128.83157,37.5117],[128.8314,37.511],[128.83049,37.51009],[128.82906,37.50965],[128.82826,37.50922],[128.82649,37.50863],[128.8261,37.50854],[128.82469,37.50834],[128.82288,37.50786],[128.82078,37.50713],[128.81927,37.50619],[128.81907,37.5059],[128.81872,37.50569],[128.818,37.50542],[128.8176,37.5051],[128.81725,37.50461],[128.81696,37.50431],[128.81663,37.50432],[128.81582,37.50409],[128.81516,37.50377],[128.81463,37.50377],[128.81439,37.50348],[128.81375,37.5033],[128.8136,37.50324],[128.81265,37.50362],[128.81221,37.50389],[128.81117,37.50427],[128.81081,37.50456],[128.80926,37.50538],[128.80918,37.50562],[128.80826,37.50577],[128.80692,37.50549],[128.80623,37.50554],[128.8047,37.50617],[128.80431,37.50657],[128.80378,37.50639],[128.80318,37.50641],[128.80264,37.50581],[128.80235,37.50562],[128.80233,37.50517],[128.8011,37.50499],[128.80041,37.50508],[128.79983,37.50533],[128.79885,37.50524],[128.79852,37.5055],[128.79797,37.50562],[128.79744,37.50591],[128.79565,37.50548],[128.79521,37.50515],[128.79494,37.50482],[128.79489,37.50452],[128.79499,37.50424],[128.79491,37.50388],[128.79473,37.50364],[128.79481,37.50337],[128.79463,37.50292],[128.79489,37.50269],[128.79475,37.50214],[128.79482,37.50077],[128.79519,37.50037],[128.7947,37.49979],[128.79442,37.49963],[128.79444,37.49939],[128.79414,37.49935],[128.79389,37.49912],[128.79355,37.49904],[128.79315,37.49921],[128.79283,37.49893],[128.79253,37.49856],[128.79203,37.49807],[128.78997,37.49697],[128.78902,37.4965],[128.7883,37.4964],[128.78755,37.49599],[128.78777,37.49504],[128.78813,37.49443],[128.78808,37.49396],[128.78826,37.49339],[128.78812,37.49223],[128.78795,37.49202],[128.78774,37.49131],[128.78696,37.49072],[128.78649,37.49064],[128.78547,37.4899],[128.78497,37.48914],[128.78468,37.48879],[128.7843,37.48812],[128.78429,37.48769],[128.784,37.48736],[128.78318,37.4871],[128.78209,37.48709],[128.78132,37.48713],[128.7806,37.48664],[128.78005,37.48615],[128.77944,37.48583],[128.77892,37.48576],[128.77892,37.48562],[128.77697,37.48556],[128.77537,37.48519],[128.77502,37.48518],[128.77454,37.48494],[128.77372,37.48477],[128.77301,37.48436],[128.77273,37.48401],[128.77136,37.48383],[128.77104,37.48389],[128.77071,37.48417],[128.76927,37.48429],[128.76877,37.48427],[128.76831,37.48414],[128.76751,37.48367],[128.7673,37.48336],[128.76673,37.48297],[128.76803,37.48288],[128.76891,37.48262],[128.76911,37.48205],[128.77005,37.48097],[128.77043,37.48066],[128.77093,37.47988],[128.77205,37.47902],[128.77224,37.47893],[128.77146,37.47792],[128.77174,37.47716],[128.77178,37.47622],[128.77273,37.47531],[128.77293,37.47385],[128.77349,37.4728],[128.77537,37.46995],[128.77649,37.46905],[128.7772,37.46819],[128.77784,37.46773],[128.77898,37.46733],[128.7794,37.46696],[128.78031,37.46695],[128.78105,37.46652],[128.78182,37.46644],[128.78315,37.46467],[128.78345,37.46332],[128.78338,37.46283],[128.78322,37.46268],[128.78358,37.46249],[128.78423,37.4624],[128.78462,37.46187],[128.78504,37.46173],[128.78536,37.46142],[128.78548,37.46075],[128.78509,37.45995],[128.78509,37.45964],[128.78466,37.45925],[128.78476,37.45876],[128.78516,37.45822],[128.78561,37.45806],[128.78692,37.45596],[128.78664,37.45464],[128.78674,37.45426],[128.78628,37.45354],[128.78614,37.45263],[128.78635,37.4519],[128.78611,37.4512],[128.78609,37.45046],[128.78579,37.4479],[128.78552,37.44658],[128.78562,37.44627],[128.78748,37.44566],[128.78613,37.44408],[128.78507,37.44103],[128.78563,37.43948],[128.78701,37.43861],[128.78715,37.43843],[128.78798,37.43784],[128.78813,37.4369],[128.78829,37.43669],[128.78828,37.43634],[128.78771,37.43574],[128.78728,37.4354],[128.78656,37.43439],[128.78569,37.43434],[128.78547,37.43421],[128.78481,37.4343],[128.78387,37.43355],[128.78265,37.43283],[128.78139,37.43273],[128.78054,37.43288],[128.77926,37.43245],[128.77801,37.43181],[128.77704,37.43106],[128.77631,37.43054],[128.77522,37.42992],[128.77494,37.42942],[128.77405,37.42809],[128.77371,37.42782],[128.77315,37.42668],[128.7733,37.42596],[128.77308,37.42526],[128.77337,37.42471],[128.77334,37.42404],[128.77259,37.42329],[128.77078,37.42059],[128.76991,37.41951],[128.7713,37.41698],[128.77293,37.41674],[128.77469,37.41495],[128.77611,37.41505],[128.77794,37.41444],[128.77865,37.41389],[128.77912,37.41378],[128.78034,37.41409],[128.78126,37.41342],[128.78147,37.41232],[128.78163,37.41194],[128.78173,37.41136],[128.78245,37.41082],[128.7827,37.41039],[128.78262,37.4101],[128.78357,37.40808],[128.78351,37.4073],[128.78374,37.40683],[128.78433,37.40595],[128.78426,37.40529],[128.7846,37.40497],[128.78457,37.40451],[128.78542,37.40379],[128.78595,37.40352],[128.78626,37.4029],[128.78777,37.40242],[128.78788,37.40193],[128.78902,37.40178],[128.78949,37.40158],[128.78985,37.40156],[128.79021,37.40141],[128.79219,37.40165],[128.79316,37.40182],[128.79367,37.40203],[128.79416,37.40206],[128.79468,37.4022],[128.79515,37.40246],[128.79537,37.40273],[128.79551,37.40337],[128.79545,37.40359],[128.7963,37.40381],[128.79679,37.40403],[128.79752,37.40415],[128.79805,37.4043],[128.79841,37.4045],[128.79884,37.40501],[128.80025,37.406],[128.80108,37.4056],[128.80137,37.40505],[128.80172,37.40484],[128.80394,37.40454],[128.80499,37.40473],[128.80609,37.40509],[128.80648,37.40498],[128.80681,37.40502],[128.80741,37.40529],[128.80834,37.40534],[128.80838,37.40527],[128.80928,37.40486],[128.80966,37.4046],[128.80999,37.40462],[128.81065,37.40401],[128.81166,37.40382],[128.81179,37.40364],[128.8123,37.40341],[128.81271,37.40262],[128.81306,37.40246],[128.81338,37.402],[128.81381,37.40164],[128.81382,37.40129],[128.814,37.40085],[128.81455,37.40048],[128.81539,37.40011],[128.81604,37.39881],[128.81628,37.39861],[128.81637,37.39827],[128.81792,37.39741],[128.81826,37.3974],[128.81884,37.39755],[128.82009,37.39751],[128.82057,37.39769],[128.82154,37.3979],[128.82237,37.39799],[128.8231,37.39829],[128.82407,37.39885],[128.82513,37.3994],[128.8258,37.39946],[128.82669,37.39932],[128.82761,37.39931],[128.82824,37.39896],[128.82785,37.39843],[128.82776,37.39811],[128.82752,37.39788],[128.82738,37.39747],[128.8268,37.3969],[128.82663,37.39656],[128.8266,37.39598],[128.82632,37.39565],[128.82629,37.39522],[128.82588,37.39465],[128.82603,37.39349],[128.82612,37.39258],[128.82606,37.39177],[128.82574,37.39123],[128.82613,37.39013],[128.82711,37.38909],[128.82665,37.38784],[128.82603,37.38725],[128.82516,37.38664],[128.82509,37.3862],[128.82316,37.38534],[128.82279,37.38475],[128.82219,37.38437],[128.82214,37.38303],[128.82352,37.38206],[128.82372,37.38125],[128.82443,37.37978],[128.82507,37.37899],[128.82446,37.37842],[128.82408,37.3778],[128.82399,37.37745],[128.82402,37.37633],[128.82357,37.37574],[128.82349,37.37514],[128.8231,37.37425],[128.82324,37.37382],[128.82307,37.37349],[128.82316,37.37325],[128.82209,37.37217],[128.82072,37.3707],[128.82016,37.37024],[128.81995,37.3699],[128.81988,37.36938],[128.81995,37.3688],[128.81983,37.36752],[128.8202,37.36641],[128.8199,37.36562],[128.8179,37.36467],[128.81708,37.36396],[128.81681,37.36341],[128.81848,37.36274],[128.82195,37.36196],[128.82373,37.36169],[128.82534,37.36085],[128.82558,37.36023],[128.82688,37.35878],[128.82912,37.3571],[128.8293,37.35646],[128.83082,37.35554],[128.83227,37.35464],[128.83245,37.35418],[128.83398,37.35296],[128.83473,37.35298],[128.83501,37.35268],[128.83602,37.35189],[128.83628,37.35074],[128.83672,37.35036],[128.83806,37.34939],[128.8382,37.34838],[128.8386,37.34783],[128.83861,37.34721],[128.83954,37.34638],[128.84035,37.34576],[128.84057,37.34543],[128.84118,37.34511],[128.84148,37.34467],[128.84161,37.34348],[128.84195,37.34254],[128.8414,37.3418],[128.8421,37.34137],[128.84266,37.34114],[128.84308,37.34086],[128.84337,37.3408],[128.8441,37.34031],[128.84446,37.34046],[128.8448,37.34033],[128.84581,37.3403],[128.84596,37.34039],[128.84595,37.34117],[128.84615,37.34219],[128.84648,37.34432],[128.84668,37.34452],[128.84708,37.34526],[128.84723,37.34577],[128.8475,37.34615],[128.84766,37.34687],[128.84792,37.34737],[128.84777,37.34772],[128.84782,37.34883],[128.84799,37.34918],[128.84845,37.34987],[128.84834,37.3504],[128.84852,37.35072],[128.84913,37.35113],[128.84942,37.35142],[128.84945,37.35163],[128.84905,37.35215],[128.84922,37.35267],[128.8492,37.35319],[128.84907,37.3536],[128.8492,37.3542],[128.849,37.35573],[128.84905,37.35607],[128.84978,37.35713],[128.84988,37.35786],[128.85029,37.35825],[128.85168,37.35853],[128.85192,37.35863],[128.85217,37.35949],[128.85207,37.35975],[128.85134,37.36115],[128.85168,37.36153],[128.85167,37.36177],[128.85128,37.3623],[128.8513,37.36261],[128.85183,37.36306],[128.85213,37.36341],[128.85229,37.36388],[128.85186,37.36466],[128.85158,37.36488],[128.85166,37.36511],[128.85157,37.36543],[128.85163,37.36564],[128.85209,37.36584],[128.85284,37.36597],[128.85343,37.36612],[128.85435,37.36657],[128.85447,37.3667],[128.85444,37.36729],[128.85389,37.36798],[128.85364,37.36853],[128.85385,37.36874],[128.85436,37.3688],[128.85465,37.36899],[128.85501,37.3697],[128.85497,37.37124],[128.85519,37.37183],[128.85553,37.37205],[128.85619,37.37226],[128.85636,37.37257],[128.85603,37.37316],[128.85597,37.3739],[128.85604,37.37421],[128.85659,37.37459],[128.85675,37.37497],[128.85672,37.3756],[128.85678,37.37599],[128.8571,37.37647],[128.85744,37.37665],[128.85786,37.37673],[128.85825,37.37689],[128.85839,37.37733],[128.85816,37.37812],[128.85798,37.37912],[128.85784,37.38035],[128.85791,37.38079],[128.8583,37.38136],[128.85872,37.38177],[128.86018,37.38166],[128.86058,37.38169],[128.86137,37.38202],[128.86157,37.38228],[128.86175,37.38353],[128.86221,37.38472],[128.8623,37.3851],[128.8626,37.38573],[128.86273,37.38586],[128.86354,37.38633],[128.86429,37.38708],[128.86443,37.38756],[128.8646,37.38862],[128.86515,37.39002],[128.86537,37.39035],[128.86628,37.39063],[128.86852,37.39102],[128.86896,37.39145],[128.86914,37.392],[128.86905,37.39277],[128.86885,37.39334],[128.86798,37.39437],[128.86933,37.39454],[128.86986,37.39466],[128.87038,37.39498],[128.87069,37.39543],[128.87068,37.39608],[128.87043,37.39672],[128.87,37.39748],[128.8698,37.39816],[128.8698,37.39875],[128.87037,37.39982],[128.87072,37.4003],[128.87244,37.40101],[128.87345,37.40123],[128.87391,37.40115],[128.87509,37.40154],[128.87532,37.4019],[128.8755,37.40197],[128.8775,37.40251],[128.87877,37.40304],[128.87924,37.40343],[128.88282,37.4044],[128.88335,37.40511],[128.88383,37.40553],[128.88455,37.40586],[128.88473,37.40625],[128.88589,37.40607],[128.88653,37.40579],[128.88752,37.40571],[128.88782,37.4055],[128.88954,37.40484],[128.88973,37.40529],[128.89034,37.40589],[128.89159,37.40666],[128.89185,37.40689],[128.89318,37.40763],[128.89366,37.4082],[128.89442,37.40882],[128.89455,37.40919],[128.89543,37.40956],[128.89603,37.41078],[128.89682,37.41166],[128.89707,37.4129],[128.89745,37.41371],[128.89741,37.41393],[128.8979,37.41512],[128.89773,37.41549],[128.89768,37.41633],[128.89743,37.4168],[128.89773,37.41786],[128.89769,37.41855],[128.89793,37.4196],[128.89774,37.42013],[128.89859,37.42104],[128.89861,37.42185],[128.89838,37.42396],[128.89713,37.42571],[128.89803,37.42736],[128.89783,37.42902],[128.89795,37.42916],[128.89786,37.43029],[128.89837,37.43095],[128.89841,37.43156],[128.89995,37.43265],[128.90005,37.43283],[128.90002,37.43352],[128.90132,37.43486],[128.90123,37.43554],[128.90279,37.43722],[128.9032,37.43759],[128.90407,37.43807],[128.90531,37.43767],[128.90606,37.43748],[128.90722,37.437],[128.9083,37.43687],[128.91061,37.43634],[128.91163,37.43721],[128.91228,37.43804],[128.91328,37.43829],[128.91449,37.43966],[128.91649,37.44066],[128.91874,37.44125],[128.91909,37.44185],[128.91972,37.44262],[128.91999,37.44341],[128.92118,37.44531],[128.92252,37.44627],[128.92383,37.44671],[128.92485,37.4468],[128.92521,37.44707],[128.92584,37.44723],[128.92712,37.4482],[128.92756,37.44856],[128.93087,37.44847],[128.93237,37.44776],[128.93429,37.4476],[128.93531,37.44867],[128.93547,37.44955],[128.93525,37.44988],[128.93562,37.45039],[128.93711,37.45109],[128.93872,37.45103],[128.94061,37.45006],[128.94385,37.4493],[128.94617,37.44954],[128.94687,37.44974],[128.95086,37.44945],[128.9521,37.44963],[128.95508,37.44942],[128.95668,37.44752],[128.95677,37.44722],[128.95738,37.44692],[128.95762,37.44664],[128.95871,37.44819],[128.95899,37.44886],[128.96,37.45019],[128.96,37.45111],[128.96233,37.45258],[128.96314,37.45353],[128.96434,37.45475],[128.96445,37.45653],[128.96454,37.45756],[128.96425,37.45777],[128.96416,37.45917],[128.96539,37.46042],[128.9662,37.46032],[128.96724,37.46039],[128.96858,37.46065],[128.96898,37.46076],[128.96936,37.46112],[128.97033,37.46161],[128.97116,37.46292],[128.97126,37.46325],[128.97197,37.46325],[128.97378,37.46339],[128.97393,37.4648],[128.97419,37.46538],[128.97465,37.46574],[128.97575,37.46735],[128.97737,37.46862],[128.97923,37.46901],[128.98083,37.4693],[128.98187,37.46961],[128.98332,37.46993],[128.98367,37.47015],[128.98471,37.47041],[128.98501,37.47154],[128.98636,37.47246],[128.98593,37.47299],[128.98595,37.47318],[128.987,37.47438],[128.98757,37.47533],[128.98698,37.47562],[128.98627,37.47638],[128.98671,37.4773],[128.9874,37.47801],[128.9881,37.47932],[128.98643,37.48142],[128.9857,37.48277],[128.98618,37.4837],[128.98762,37.48363],[128.9885,37.48334],[128.98919,37.4834],[128.98957,37.48377],[128.98966,37.48451],[128.98909,37.48571],[128.98923,37.48676],[128.9888,37.4868],[128.98864,37.48749],[128.98886,37.48792],[128.98828,37.49003],[128.98685,37.49123],[128.98653,37.49253],[128.98679,37.49312],[128.98596,37.49299],[128.98532,37.49307],[128.98456,37.49357],[128.98362,37.49305],[128.98314,37.49336],[128.9825,37.49317],[128.98172,37.49357],[128.98076,37.49372],[128.98046,37.49361],[128.97968,37.49431],[128.97914,37.49402],[128.97866,37.49346],[128.9781,37.49329],[128.97743,37.4932],[128.97626,37.49293],[128.97555,37.4931],[128.9745,37.49248],[128.97346,37.49226],[128.97307,37.49183],[128.97251,37.49164],[128.97179,37.49202],[128.97096,37.49266],[128.97014,37.49402],[128.97002,37.49473],[128.97115,37.49667],[128.9714,37.49793],[128.97193,37.49822],[128.97346,37.50002],[128.97351,37.50046],[128.97383,37.50181],[128.97468,37.50273],[128.97439,37.50344],[128.97326,37.50457],[128.97252,37.50572],[128.97187,37.50564],[128.97076,37.50603],[128.9698,37.50563],[128.96911,37.50563],[128.96817,37.50585],[128.96668,37.50543],[128.96649,37.50527],[128.96585,37.50516],[128.96514,37.50541],[128.96491,37.50614],[128.96467,37.50646],[128.96418,37.50769],[128.96297,37.50817],[128.96288,37.50852],[128.96185,37.50952],[128.96134,37.51174],[128.96098,37.51258],[128.96132,37.51321],[128.96232,37.51369],[128.96242,37.51443],[128.96339,37.51489],[128.96387,37.51716],[128.9643,37.51763],[128.96583,37.51846],[128.96707,37.51937],[128.96776,37.52057],[128.9682,37.52219],[128.96846,37.5227],[128.96823,37.5242],[128.96729,37.52598],[128.96772,37.52644],[128.96804,37.52705],[128.96821,37.52719],[128.96789,37.52776],[128.96863,37.52826],[128.96866,37.52874],[128.96887,37.52969],[128.96873,37.53023],[128.9692,37.53038],[128.96984,37.53104],[128.97122,37.53218],[128.97195,37.53232],[128.9725,37.53303],[128.97338,37.53374]]]},"properties":{"code":"32550350","name":"임계면"}},{"type":"Feature","geometry":{"type":"Polygon","coordinates":[[[128.84596,37.34039],[128.84581,37.3403],[128.8448,37.34033],[128.84446,37.34046],[128.8441,37.34031],[128.84337,37.3408],[128.84308,37.34086],[128.84266,37.34114],[128.8421,37.34137],[128.8414,37.3418],[128.84195,37.34254],[128.84161,37.34348],[128.84148,37.34467],[128.84118,37.34511],[128.84057,37.34543],[128.84035,37.34576],[128.83954,37.34638],[128.83861,37.34721],[128.8386,37.34783],[128.8382,37.34838],[128.83806,37.34939],[128.83672,37.35036],[128.83628,37.35074],[128.83602,37.35189],[128.83501,37.35268],[128.83473,37.35298],[128.83398,37.35296],[128.83245,37.35418],[128.83227,37.35464],[128.83082,37.35554],[128.8293,37.35646],[128.82912,37.3571],[128.82688,37.35878],[128.82558,37.36023],[128.82534,37.36085],[128.82373,37.36169],[128.82195,37.36196],[128.81848,37.36274],[128.81681,37.36341],[128.81708,37.36396],[128.8179,37.36467],[128.8199,37.36562],[128.8202,37.36641],[128.81983,37.36752],[128.81995,37.3688],[128.81988,37.36938],[128.81995,37.3699],[128.82016,37.37024],[128.82072,37.3707],[128.82209,37.37217],[128.82316,37.37325],[128.82307,37.37349],[128.82324,37.37382],[128.8231,37.37425],[128.82349,37.37514],[128.82357,37.37574],[128.82402,37.37633],[128.82399,37.37745],[128.82408,37.3778],[128.82446,37.37842],[128.82507,37.37899],[128.82443,37.37978],[128.82372,37.38125],[128.82352,37.38206],[128.82214,37.38303],[128.82219,37.38437],[128.82279,37.38475],[128.82316,37.38534],[128.82509,37.3862],[128.82516,37.38664],[128.82603,37.38725],[128.82665,37.38784],[128.82711,37.38909],[128.82613,37.39013],[128.82574,37.39123],[128.82606,37.39177],[128.82612,37.39258],[128.82603,37.39349],[128.82588,37.39465],[128.82629,37.39522],[128.82632,37.39565],[128.8266,37.39598],[128.82663,37.39656],[128.8268,37.3969],[128.82738,37.39747],[128.82752,37.39788],[128.82776,37.39811],[128.82785,37.39843],[128.82824,37.39896],[128.82761,37.39931],[128.82669,37.39932],[128.8258,37.39946],[128.82513,37.3994],[128.82407,37.39885],[128.8231,37.39829],[128.82237,37.39799],[128.82154,37.3979],[128.82057,37.39769],[128.82009,37.39751],[128.81884,37.39755],[128.81826,37.3974],[128.81792,37.39741],[128.81637,37.39827],[128.81628,37.39861],[128.81604,37.39881],[128.81539,37.40011],[128.81455,37.40048],[128.814,37.40085],[128.81382,37.40129],[128.81381,37.40164],[128.81338,37.402],[128.81306,37.40246],[128.81271,37.40262],[128.8123,37.40341],[128.81179,37.40364],[128.81166,37.40382],[128.81065,37.40401],[128.80999,37.40462],[128.80966,37.4046],[128.80928,37.40486],[128.80838,37.40527],[128.80834,37.40534],[128.80741,37.40529],[128.80681,37.40502],[128.80648,37.40498],[128.80609,37.40509],[128.80499,37.40473],[128.80394,37.40454],[128.80172,37.40484],[128.80137,37.40505],[128.80108,37.4056],[128.80025,37.406],[128.79884,37.40501],[128.79841,37.4045],[128.79805,37.4043],[128.79752,37.40415],[128.79679,37.40403],[128.7963,37.40381],[128.79545,37.40359],[128.79551,37.40337],[128.79537,37.40273],[128.79515,37.40246],[128.79468,37.4022],[128.79416,37.40206],[128.79367,37.40203],[128.79316,37.40182],[128.79219,37.40165],[128.79021,37.40141],[128.78985,37.40156],[128.78949,37.40158],[128.78902,37.40178],[128.78788,37.40193],[128.78777,37.40242],[128.78626,37.4029],[128.78595,37.40352],[128.78542,37.40379],[128.78457,37.40451],[128.7846,37.40497],[128.78426,37.40529],[128.78433,37.40595],[128.78374,37.40683],[128.78351,37.4073],[128.78357,37.40808],[128.78262,37.4101],[128.7827,37.41039],[128.78245,37.41082],[128.78173,37.41136],[128.78163,37.41194],[128.78147,37.41232],[128.78126,37.41342],[128.78034,37.41409],[128.77912,37.41378],[128.77865,37.41389],[128.77794,37.41444],[128.77611,37.41505],[128.77469,37.41495],[128.77293,37.41674],[128.7713,37.41698],[128.77043,37.41629],[128.76991,37.41558],[128.76971,37.41519],[128.76861,37.41472],[128.76796,37.41448],[128.76712,37.41407],[128.76601,37.41328],[128.76526,37.41299],[128.76441,37.41211],[128.76339,37.41173],[128.76318,37.41126],[128.7633,37.41092],[128.76317,37.41014],[128.76224,37.40958],[128.76186,37.40907],[128.76141,37.40891],[128.76054,37.40882],[128.75966,37.40862],[128.75838,37.40776],[128.75832,37.40765],[128.75759,37.40682],[128.75663,37.40675],[128.75528,37.40649],[128.75459,37.40615],[128.75349,37.40609],[128.75366,37.40531],[128.75201,37.40428],[128.75188,37.4038],[128.75068,37.40365],[128.74968,37.40311],[128.74794,37.40255],[128.74784,37.40236],[128.74773,37.40153],[128.74668,37.4001],[128.7472,37.39909],[128.74722,37.39867],[128.74695,37.39826],[128.7471,37.39791],[128.74716,37.39733],[128.74629,37.39672],[128.74574,37.39599],[128.74538,37.39571],[128.74536,37.39546],[128.74502,37.39471],[128.74536,37.39429],[128.74624,37.39453],[128.74728,37.39384],[128.74762,37.39372],[128.75002,37.39326],[128.75048,37.3932],[128.75192,37.39261],[128.75266,37.39203],[128.75325,37.39165],[128.75367,37.39119],[128.75403,37.39098],[128.7548,37.39024],[128.75539,37.38981],[128.75636,37.38948],[128.75669,37.38859],[128.75748,37.38831],[128.75778,37.38744],[128.7576,37.38673],[128.75758,37.38622],[128.75803,37.38555],[128.75804,37.38489],[128.75789,37.3842],[128.7579,37.38348],[128.75766,37.38225],[128.75721,37.38126],[128.75803,37.37991],[128.75813,37.37982],[128.75809,37.37856],[128.75818,37.37811],[128.75753,37.37767],[128.75731,37.37726],[128.75729,37.37684],[128.75635,37.37634],[128.75574,37.37562],[128.7549,37.37473],[128.75466,37.37442],[128.75487,37.37355],[128.7551,37.37319],[128.75547,37.37276],[128.75564,37.37241],[128.75515,37.37218],[128.75513,37.37172],[128.75503,37.37134],[128.75484,37.37102],[128.75504,37.37068],[128.75505,37.37032],[128.75492,37.37008],[128.75498,37.36977],[128.75492,37.36922],[128.75501,37.36899],[128.75493,37.36873],[128.7552,37.36795],[128.75511,37.36689],[128.75514,37.36668],[128.7545,37.36546],[128.7542,37.36437],[128.75373,37.36319],[128.75289,37.36353],[128.75252,37.36346],[128.75163,37.36304],[128.75114,37.36289],[128.74862,37.36149],[128.74797,37.3615],[128.74663,37.36173],[128.74484,37.3609],[128.74362,37.36043],[128.74264,37.36057],[128.74169,37.36042],[128.74043,37.36049],[128.73932,37.36023],[128.73852,37.36034],[128.73717,37.36031],[128.73665,37.36021],[128.73558,37.36033],[128.73521,37.36044],[128.73482,37.36076],[128.73425,37.36148],[128.73308,37.36138],[128.73212,37.36161],[128.73144,37.36163],[128.73056,37.3617],[128.72941,37.36199],[128.7288,37.3614],[128.72841,37.36119],[128.72788,37.36106],[128.72693,37.36052],[128.7263,37.36047],[128.72523,37.36065],[128.72423,37.36019],[128.72332,37.35923],[128.72301,37.35884],[128.72251,37.35835],[128.72187,37.35785],[128.72131,37.35693],[128.72147,37.35637],[128.72175,37.35599],[128.72202,37.35546],[128.72218,37.35435],[128.72161,37.3545],[128.72133,37.35424],[128.72076,37.35397],[128.72075,37.35326],[128.72125,37.35188],[128.72086,37.35195],[128.72054,37.35137],[128.71977,37.3511],[128.71932,37.35103],[128.71901,37.35079],[128.71824,37.35042],[128.71823,37.34916],[128.7183,37.34828],[128.71788,37.3476],[128.71753,37.3469],[128.71756,37.34633],[128.71697,37.34501],[128.71657,37.34451],[128.71649,37.34417],[128.7167,37.34351],[128.71762,37.34218],[128.71763,37.34166],[128.71751,37.34109],[128.71726,37.3408],[128.71745,37.33979],[128.71704,37.33936],[128.71674,37.33881],[128.71665,37.3381],[128.71592,37.33705],[128.71566,37.3363],[128.7162,37.33587],[128.71642,37.33589],[128.71707,37.33551],[128.71777,37.33497],[128.71792,37.33476],[128.71861,37.33465],[128.71921,37.33465],[128.71954,37.33453],[128.72074,37.3335],[128.72152,37.3336],[128.72245,37.33319],[128.72286,37.33277],[128.72344,37.33258],[128.72365,37.33235],[128.72455,37.33212],[128.72481,37.33181],[128.72624,37.33134],[128.72716,37.33031],[128.72939,37.33114],[128.73048,37.33142],[128.73127,37.33194],[128.7328,37.33248],[128.73352,37.33314],[128.73491,37.33365],[128.7356,37.33263],[128.73618,37.33205],[128.73685,37.3312],[128.73711,37.33069],[128.73773,37.33034],[128.73807,37.3297],[128.73866,37.3292],[128.73884,37.32861],[128.73907,37.32838],[128.73952,37.32765],[128.73992,37.32737],[128.74019,37.32708],[128.74026,37.32629],[128.74144,37.32535],[128.74123,37.32423],[128.74174,37.32362],[128.7421,37.32263],[128.74262,37.32209],[128.74216,37.32075],[128.7422,37.32002],[128.74189,37.31931],[128.74201,37.31902],[128.74327,37.31791],[128.74326,37.31699],[128.74303,37.31641],[128.74337,37.31585],[128.74388,37.31534],[128.74576,37.31493],[128.74605,37.31516],[128.74679,37.31512],[128.74776,37.31516],[128.74797,37.31452],[128.74878,37.31401],[128.74941,37.31381],[128.75075,37.31307],[128.75112,37.31262],[128.75133,37.31142],[128.75163,37.31154],[128.75235,37.31158],[128.75333,37.31157],[128.75388,37.31091],[128.75444,37.31076],[128.75556,37.31009],[128.75588,37.30939],[128.75688,37.30948],[128.75794,37.30908],[128.75878,37.3092],[128.75918,37.30909],[128.75952,37.3072],[128.761,37.30627],[128.76142,37.30503],[128.76149,37.30441],[128.76202,37.30455],[128.76318,37.30473],[128.76376,37.30489],[128.76511,37.30539],[128.76748,37.30477],[128.76854,37.30463],[128.76894,37.30484],[128.77079,37.30558],[128.77122,37.30513],[128.77167,37.30502],[128.77248,37.30452],[128.77295,37.30437],[128.77473,37.30335],[128.7751,37.30294],[128.77548,37.30232],[128.77585,37.30197],[128.77752,37.30144],[128.77793,37.3001],[128.77737,37.29895],[128.77709,37.29802],[128.77774,37.29579],[128.77796,37.29404],[128.77844,37.29326],[128.77984,37.29166],[128.77995,37.29121],[128.78185,37.29096],[128.78287,37.29061],[128.78381,37.29036],[128.78699,37.28987],[128.7877,37.29],[128.78956,37.28999],[128.79028,37.29045],[128.79111,37.29126],[128.79177,37.29126],[128.79206,37.29142],[128.79331,37.29196],[128.79395,37.29167],[128.79451,37.29159],[128.7954,37.29167],[128.79624,37.29157],[128.79701,37.29135],[128.79761,37.29177],[128.79787,37.29174],[128.79934,37.29214],[128.79985,37.29208],[128.80008,37.29167],[128.8009,37.29154],[128.80099,37.29119],[128.80181,37.29036],[128.80233,37.29012],[128.80303,37.28999],[128.80433,37.28987],[128.80453,37.28973],[128.8054,37.28952],[128.80701,37.28867],[128.80844,37.28748],[128.80914,37.28692],[128.8099,37.2866],[128.81003,37.28635],[128.81011,37.28562],[128.81041,37.28541],[128.81081,37.28474],[128.81054,37.28363],[128.81156,37.28235],[128.8131,37.28272],[128.81348,37.28254],[128.81437,37.28276],[128.8161,37.28276],[128.8165,37.28359],[128.81731,37.28442],[128.81835,37.28489],[128.81891,37.28526],[128.81989,37.28633],[128.82107,37.28634],[128.82193,37.28628],[128.82257,37.28639],[128.82374,37.28628],[128.82457,37.28642],[128.82544,37.28688],[128.82613,37.2867],[128.82771,37.28646],[128.82842,37.28611],[128.82877,37.28582],[128.82964,37.28559],[128.83054,37.28524],[128.83103,37.28499],[128.83118,37.28429],[128.8315,37.28343],[128.8318,37.28297],[128.83242,37.28257],[128.83251,37.28212],[128.83299,37.28219],[128.83342,37.28206],[128.83415,37.28154],[128.83456,37.28114],[128.8354,37.28058],[128.83608,37.27997],[128.83627,37.27922],[128.83715,37.27899],[128.83776,37.27841],[128.8388,37.27637],[128.83912,37.27599],[128.83927,37.27472],[128.83974,37.2742],[128.84046,37.27367],[128.84051,37.27274],[128.84139,37.2712],[128.84157,37.27106],[128.84183,37.27037],[128.84258,37.26889],[128.84293,37.26839],[128.8424,37.26765],[128.84238,37.26657],[128.84256,37.26572],[128.84267,37.26497],[128.84353,37.26467],[128.844,37.26312],[128.84474,37.26211],[128.84452,37.25976],[128.84536,37.25895],[128.84612,37.25797],[128.84705,37.25749],[128.84794,37.25662],[128.84834,37.25632],[128.851,37.25405],[128.85183,37.25324],[128.8533,37.25299],[128.85452,37.25206],[128.85526,37.25186],[128.85641,37.25176],[128.85742,37.25229],[128.85865,37.25228],[128.86054,37.25093],[128.86144,37.25048],[128.86219,37.25106],[128.86259,37.25121],[128.86399,37.25125],[128.86442,37.25138],[128.86571,37.25141],[128.86718,37.25078],[128.86788,37.25044],[128.86885,37.25022],[128.86925,37.24975],[128.86979,37.24938],[128.87092,37.24895],[128.87252,37.24863],[128.87314,37.24835],[128.87386,37.2478],[128.87456,37.24744],[128.87512,37.24789],[128.87614,37.24845],[128.87689,37.24807],[128.87763,37.24799],[128.87864,37.24774],[128.88022,37.24751],[128.88078,37.24698],[128.88109,37.24653],[128.88165,37.24624],[128.88159,37.24461],[128.88174,37.24435],[128.8817,37.24297],[128.88176,37.24259],[128.88205,37.24227],[128.88216,37.24155],[128.88241,37.24046],[128.88263,37.24016],[128.88241,37.23906],[128.88251,37.23747],[128.88196,37.2364],[128.88235,37.23506],[128.88268,37.23466],[128.8828,37.2342],[128.88307,37.23397],[128.88279,37.2328],[128.88252,37.23263],[128.88243,37.23049],[128.88259,37.23018],[128.88259,37.22938],[128.88339,37.22863],[128.88326,37.22776],[128.88295,37.22648],[128.88304,37.22613],[128.88311,37.22551],[128.88376,37.22478],[128.88389,37.22363],[128.88402,37.22289],[128.88405,37.22197],[128.88419,37.22149],[128.88463,37.2211],[128.88508,37.22082],[128.88652,37.22038],[128.88664,37.22004],[128.8865,37.21966],[128.88725,37.21945],[128.88826,37.21922],[128.88873,37.21892],[128.88912,37.21883],[128.88975,37.21893],[128.8902,37.21893],[128.89078,37.2188],[128.89124,37.21882],[128.89153,37.21873],[128.89272,37.21845],[128.89284,37.21776],[128.89468,37.21633],[128.89567,37.21544],[128.89621,37.21535],[128.89789,37.21536],[128.89974,37.21603],[128.89987,37.21637],[128.90132,37.21601],[128.90192,37.21616],[128.90358,37.21671],[128.90429,37.21691],[128.90488,37.21727],[128.90602,37.21771],[128.90546,37.21792],[128.9054,37.21946],[128.90492,37.22094],[128.90408,37.22234],[128.90381,37.224],[128.90355,37.22491],[128.90363,37.22569],[128.90439,37.22726],[128.9044,37.22784],[128.90394,37.22803],[128.90315,37.22869],[128.90241,37.23004],[128.90218,37.2304],[128.90168,37.23063],[128.90118,37.23077],[128.90098,37.23122],[128.90081,37.23265],[128.90017,37.23306],[128.9,37.23337],[128.90015,37.23403],[128.89986,37.23474],[128.89925,37.235],[128.89892,37.23542],[128.89865,37.23595],[128.8986,37.23647],[128.89886,37.23709],[128.89963,37.23819],[128.89966,37.23853],[128.89988,37.23904],[128.90067,37.2402],[128.90071,37.24187],[128.90081,37.24238],[128.9008,37.24291],[128.90068,37.24331],[128.90031,37.24392],[128.89975,37.24434],[128.89911,37.24519],[128.89849,37.24574],[128.89828,37.24639],[128.89803,37.24801],[128.89801,37.24848],[128.89775,37.24885],[128.89691,37.24914],[128.89668,37.24934],[128.89672,37.2497],[128.89691,37.24986],[128.89695,37.25028],[128.89648,37.25102],[128.89607,37.25119],[128.89528,37.25166],[128.895,37.2522],[128.89514,37.2527],[128.89498,37.25299],[128.89472,37.2531],[128.8947,37.25349],[128.89447,37.25365],[128.89417,37.25403],[128.8938,37.25429],[128.89353,37.25436],[128.89287,37.25432],[128.89257,37.25437],[128.89206,37.25461],[128.8917,37.25496],[128.89159,37.25519],[128.89145,37.25596],[128.8911,37.25636],[128.88986,37.25769],[128.88847,37.2589],[128.88821,37.25936],[128.88778,37.2599],[128.88714,37.26088],[128.88696,37.26153],[128.88681,37.26176],[128.8861,37.26207],[128.88524,37.2621],[128.88455,37.26196],[128.88349,37.26196],[128.88281,37.26243],[128.88175,37.26292],[128.88087,37.26391],[128.88025,37.26439],[128.88003,37.26463],[128.87992,37.26492],[128.88031,37.26571],[128.8804,37.26639],[128.88066,37.2675],[128.88096,37.26774],[128.88113,37.26824],[128.88121,37.26893],[128.88188,37.27095],[128.88216,37.27146],[128.88207,37.27185],[128.88254,37.27222],[128.88302,37.2723],[128.88396,37.27287],[128.88434,37.27282],[128.88481,37.27288],[128.88526,37.27315],[128.8857,37.27313],[128.88655,37.27294],[128.88717,37.27308],[128.88763,37.27306],[128.88822,37.27354],[128.88838,37.27394],[128.8883,37.27451],[128.88852,37.27511],[128.88874,37.27549],[128.88874,37.27593],[128.88798,37.27629],[128.88702,37.27655],[128.88634,37.27667],[128.8861,37.27665],[128.88545,37.27698],[128.8849,37.27699],[128.88446,37.2768],[128.88397,37.27668],[128.88296,37.27697],[128.88238,37.27783],[128.88175,37.27823],[128.88131,37.2784],[128.88021,37.2783],[128.87759,37.27869],[128.8771,37.27869],[128.87607,37.27965],[128.87572,37.28008],[128.87488,37.28075],[128.87453,37.2808],[128.87415,37.28111],[128.87389,37.2812],[128.87358,37.2816],[128.87314,37.28182],[128.87312,37.2824],[128.87292,37.28287],[128.87228,37.28369],[128.87206,37.28408],[128.87169,37.28445],[128.87167,37.28488],[128.87182,37.28592],[128.87176,37.28671],[128.87189,37.28707],[128.87221,37.2876],[128.87187,37.28814],[128.87228,37.289],[128.87243,37.28923],[128.87233,37.28962],[128.87234,37.29016],[128.87215,37.29042],[128.87126,37.29141],[128.87098,37.29182],[128.8698,37.29215],[128.86825,37.29304],[128.86775,37.29299],[128.86732,37.29322],[128.86664,37.29311],[128.86585,37.29322],[128.86537,37.29387],[128.86514,37.29401],[128.8645,37.29472],[128.86439,37.29513],[128.8642,37.29528],[128.86411,37.29558],[128.86373,37.29573],[128.86339,37.29613],[128.8628,37.29619],[128.86166,37.29647],[128.86138,37.29683],[128.86049,37.2977],[128.8598,37.29808],[128.85933,37.29899],[128.85922,37.29939],[128.85928,37.29979],[128.85916,37.30001],[128.85879,37.30017],[128.85861,37.3015],[128.85865,37.30287],[128.85847,37.30423],[128.85917,37.3048],[128.85957,37.30535],[128.85961,37.3066],[128.85973,37.30723],[128.86021,37.30775],[128.86103,37.30841],[128.86144,37.30905],[128.8621,37.30962],[128.86341,37.31048],[128.86476,37.31163],[128.86547,37.31192],[128.86752,37.31242],[128.86697,37.31464],[128.86702,37.31486],[128.8683,37.31617],[128.8694,37.31756],[128.87013,37.31901],[128.87157,37.31944],[128.87283,37.32081],[128.87326,37.3211],[128.87372,37.32119],[128.87405,37.32135],[128.87485,37.32195],[128.87648,37.32285],[128.87795,37.32381],[128.87836,37.32399],[128.87749,37.32441],[128.87623,37.32586],[128.87591,37.32589],[128.87493,37.32627],[128.87332,37.32694],[128.87146,37.32809],[128.87132,37.32849],[128.87077,37.32891],[128.87069,37.32905],[128.86998,37.3294],[128.86946,37.33068],[128.86951,37.33098],[128.86929,37.3316],[128.86939,37.33208],[128.86857,37.33345],[128.86859,37.33443],[128.86802,37.33541],[128.86798,37.33628],[128.86746,37.33718],[128.86685,37.33896],[128.86626,37.33903],[128.86516,37.33904],[128.8646,37.33901],[128.86346,37.33846],[128.86219,37.33894],[128.86115,37.33902],[128.86031,37.33961],[128.85895,37.34011],[128.8586,37.34028],[128.85827,37.34032],[128.85697,37.34067],[128.85669,37.34082],[128.8564,37.34083],[128.85554,37.34061],[128.85483,37.3409],[128.85381,37.34109],[128.85301,37.34133],[128.85176,37.34143],[128.84978,37.34131],[128.84915,37.34147],[128.84824,37.34087],[128.84753,37.34048],[128.84657,37.3399],[128.84603,37.33973],[128.84596,37.34039]]]},"properties":{"code":"32550360","name":"화암면"}},{"type":"Feature","geometry":{"type":"Polygon","coordinates":[[[128.67896,37.56986],[128.67686,37.57039],[128.67648,37.57061],[128.67504,37.57037],[128.67439,37.5705],[128.67324,37.57003],[128.67145,37.56958],[128.67031,37.56937],[128.66958,37.56945],[128.66926,37.5694],[128.66845,37.56962],[128.66818,37.56952],[128.66754,37.56907],[128.66732,37.56873],[128.6682,37.56759],[128.66808,37.56594],[128.6681,37.56506],[128.66837,37.56361],[128.66806,37.56261],[128.66809,37.56231],[128.66787,37.56135],[128.6682,37.56083],[128.66892,37.56045],[128.66955,37.56019],[128.66956,37.56001],[128.67002,37.55987],[128.67121,37.55983],[128.67194,37.56006],[128.67254,37.55996],[128.67299,37.55961],[128.67325,37.55911],[128.67335,37.55822],[128.67349,37.55793],[128.67342,37.55742],[128.67372,37.55658],[128.67387,37.55592],[128.67242,37.55662],[128.67263,37.55675],[128.67212,37.55694],[128.66999,37.55757],[128.66819,37.55752],[128.66755,37.55719],[128.66634,37.55688],[128.666,37.55688],[128.66545,37.55673],[128.66418,37.55662],[128.66372,37.55636],[128.66341,37.5563],[128.66249,37.55634],[128.66226,37.55629],[128.66192,37.55599],[128.66115,37.55588],[128.66011,37.55564],[128.65903,37.5559],[128.65843,37.55583],[128.65791,37.55562],[128.6571,37.55559],[128.65617,37.5553],[128.65592,37.55535],[128.65505,37.55574],[128.65442,37.55585],[128.6539,37.55571],[128.65348,37.55569],[128.65341,37.5555],[128.65274,37.5552],[128.65235,37.55508],[128.65168,37.55508],[128.65089,37.55499],[128.65058,37.55514],[128.649,37.55446],[128.64762,37.5541],[128.64612,37.5533],[128.64511,37.55313],[128.64453,37.55226],[128.64458,37.55179],[128.64435,37.55113],[128.64353,37.54981],[128.64288,37.54853],[128.64249,37.54724],[128.6416,37.54519],[128.64131,37.54305],[128.6419,37.54149],[128.64114,37.54123],[128.64037,37.54069],[128.6396,37.54051],[128.63877,37.5405],[128.63698,37.53996],[128.63544,37.53968],[128.63462,37.53971],[128.63447,37.53914],[128.6345,37.53875],[128.63486,37.53779],[128.63351,37.53557],[128.63359,37.53472],[128.63321,37.53447],[128.63319,37.53426],[128.63216,37.53354],[128.63175,37.53321],[128.63119,37.53291],[128.63125,37.53247],[128.63219,37.5304],[128.63332,37.53004],[128.63333,37.52936],[128.63371,37.52889],[128.63382,37.52856],[128.63445,37.52803],[128.63471,37.52774],[128.63507,37.52758],[128.63535,37.52772],[128.63662,37.52728],[128.63772,37.52679],[128.63802,37.52675],[128.63898,37.52637],[128.63983,37.52652],[128.64082,37.52627],[128.64112,37.52574],[128.64093,37.52494],[128.64093,37.5245],[128.64073,37.52421],[128.64123,37.52299],[128.64192,37.522],[128.64231,37.5218],[128.64288,37.52093],[128.6436,37.52014],[128.64416,37.51941],[128.6456,37.51709],[128.64559,37.51663],[128.64576,37.51611],[128.64679,37.51536],[128.64723,37.51485],[128.64806,37.51428],[128.64873,37.51411],[128.64916,37.5139],[128.64968,37.51353],[128.64997,37.51355],[128.6503,37.51338],[128.65079,37.51338],[128.65167,37.51316],[128.6522,37.51315],[128.65312,37.5128],[128.65393,37.51239],[128.65529,37.51277],[128.65737,37.51344],[128.65819,37.5138],[128.65854,37.51364],[128.65933,37.51366],[128.66123,37.51309],[128.66163,37.51285],[128.66257,37.51269],[128.66318,37.51251],[128.66458,37.51258],[128.66622,37.51236],[128.66722,37.51234],[128.66848,37.51223],[128.67041,37.51029],[128.67117,37.51027],[128.67283,37.50999],[128.67399,37.50941],[128.67424,37.50941],[128.67476,37.50921],[128.67497,37.50906],[128.67579,37.5088],[128.67626,37.50851],[128.67683,37.50837],[128.67706,37.50782],[128.67731,37.50761],[128.67806,37.50572],[128.67845,37.50469],[128.67881,37.50433],[128.67945,37.50404],[128.67973,37.50363],[128.67959,37.50328],[128.67971,37.50314],[128.67973,37.5023],[128.67961,37.5019],[128.67989,37.50122],[128.67986,37.50086],[128.68013,37.50026],[128.68025,37.49933],[128.68062,37.49828],[128.68066,37.49735],[128.68123,37.49616],[128.6826,37.49583],[128.68356,37.4953],[128.68598,37.49471],[128.68649,37.49418],[128.68665,37.49393],[128.68726,37.49367],[128.68833,37.49217],[128.68879,37.4913],[128.68862,37.49083],[128.68885,37.49052],[128.68885,37.49031],[128.68966,37.48962],[128.69001,37.48944],[128.69018,37.48903],[128.69001,37.48891],[128.68943,37.48801],[128.68926,37.48732],[128.68942,37.48688],[128.68932,37.48593],[128.68967,37.48564],[128.68978,37.48498],[128.69001,37.48455],[128.69027,37.48435],[128.69035,37.48405],[128.68969,37.48246],[128.69011,37.48236],[128.69161,37.48151],[128.69234,37.48125],[128.69298,37.48114],[128.69451,37.4805],[128.69468,37.48013],[128.69525,37.48009],[128.69588,37.47981],[128.69694,37.47925],[128.69821,37.47892],[128.69942,37.47846],[128.6998,37.4785],[128.70067,37.47816],[128.7012,37.47777],[128.70321,37.47662],[128.70484,37.47615],[128.70563,37.47603],[128.70633,37.4765],[128.70672,37.47669],[128.7067,37.47603],[128.70718,37.47511],[128.70717,37.47432],[128.70726,37.47348],[128.70804,37.47178],[128.70862,37.47094],[128.70957,37.46988],[128.70944,37.46931],[128.70935,37.46793],[128.70916,37.46709],[128.70894,37.46663],[128.70889,37.46542],[128.70775,37.46493],[128.70644,37.46417],[128.70478,37.46304],[128.70259,37.4618],[128.70059,37.46101],[128.70022,37.46082],[128.69919,37.46043],[128.69727,37.45997],[128.69781,37.45817],[128.69811,37.45727],[128.69877,37.45653],[128.69909,37.45593],[128.7,37.45466],[128.70095,37.45343],[128.7019,37.45176],[128.7024,37.4511],[128.70252,37.45068],[128.70245,37.44876],[128.70298,37.44724],[128.7025,37.44692],[128.70185,37.44687],[128.70103,37.44614],[128.70049,37.44549],[128.6994,37.4439],[128.69657,37.4413],[128.69655,37.44097],[128.69686,37.44016],[128.69689,37.43889],[128.69836,37.43787],[128.69921,37.43686],[128.70011,37.43647],[128.70049,37.43526],[128.70099,37.43493],[128.70134,37.43494],[128.70167,37.43468],[128.70205,37.43476],[128.70287,37.43456],[128.70387,37.43394],[128.70408,37.43405],[128.70455,37.43399],[128.70586,37.43407],[128.70625,37.43397],[128.70753,37.43317],[128.70843,37.43318],[128.7093,37.43294],[128.71048,37.43158],[128.71043,37.43103],[128.71015,37.43021],[128.71035,37.4294],[128.7104,37.42885],[128.71064,37.42851],[128.71055,37.42813],[128.7109,37.42773],[128.71211,37.42688],[128.71248,37.42646],[128.71307,37.42626],[128.71334,37.42608],[128.71428,37.42588],[128.7151,37.42587],[128.71541,37.42568],[128.71728,37.42595],[128.71763,37.42576],[128.71799,37.42503],[128.71832,37.42463],[128.7186,37.42453],[128.71917,37.4238],[128.71963,37.42367],[128.71992,37.42333],[128.71983,37.42251],[128.7204,37.42212],[128.72059,37.4218],[128.72094,37.4215],[128.72136,37.4207],[128.72146,37.42033],[128.72204,37.42],[128.72299,37.41975],[128.72339,37.41908],[128.72344,37.41792],[128.7238,37.4174],[128.72418,37.41705],[128.7241,37.41668],[128.72454,37.41647],[128.72488,37.41651],[128.72633,37.41524],[128.72655,37.41521],[128.72701,37.41444],[128.72823,37.41361],[128.72831,37.41294],[128.72834,37.4117],[128.72898,37.41113],[128.72951,37.41102],[128.73036,37.40996],[128.73017,37.40922],[128.73031,37.40882],[128.73091,37.40851],[128.7329,37.40802],[128.73436,37.40816],[128.73572,37.40767],[128.7372,37.40758],[128.73823,37.40718],[128.73963,37.40737],[128.74101,37.40671],[128.74295,37.40623],[128.74401,37.40563],[128.74529,37.40555],[128.74584,37.40477],[128.74642,37.40449],[128.74648,37.40422],[128.74681,37.40394],[128.74758,37.40288],[128.74794,37.40255],[128.74968,37.40311],[128.75068,37.40365],[128.75188,37.4038],[128.75201,37.40428],[128.75366,37.40531],[128.75349,37.40609],[128.75459,37.40615],[128.75528,37.40649],[128.75663,37.40675],[128.75759,37.40682],[128.75832,37.40765],[128.75838,37.40776],[128.75966,37.40862],[128.76054,37.40882],[128.76141,37.40891],[128.76186,37.40907],[128.76224,37.40958],[128.76317,37.41014],[128.7633,37.41092],[128.76318,37.41126],[128.76339,37.41173],[128.76441,37.41211],[128.76526,37.41299],[128.76601,37.41328],[128.76712,37.41407],[128.76796,37.41448],[128.76861,37.41472],[128.76971,37.41519],[128.76991,37.41558],[128.77043,37.41629],[128.7713,37.41698],[128.76991,37.41951],[128.77078,37.42059],[128.77259,37.42329],[128.77334,37.42404],[128.77337,37.42471],[128.77308,37.42526],[128.7733,37.42596],[128.77315,37.42668],[128.77371,37.42782],[128.77405,37.42809],[128.77494,37.42942],[128.77522,37.42992],[128.77631,37.43054],[128.77704,37.43106],[128.77801,37.43181],[128.77926,37.43245],[128.78054,37.43288],[128.78139,37.43273],[128.78265,37.43283],[128.78387,37.43355],[128.78481,37.4343],[128.78547,37.43421],[128.78569,37.43434],[128.78656,37.43439],[128.78728,37.4354],[128.78771,37.43574],[128.78828,37.43634],[128.78829,37.43669],[128.78813,37.4369],[128.78798,37.43784],[128.78715,37.43843],[128.78701,37.43861],[128.78563,37.43948],[128.78507,37.44103],[128.78613,37.44408],[128.78748,37.44566],[128.78562,37.44627],[128.78552,37.44658],[128.78579,37.4479],[128.78609,37.45046],[128.78611,37.4512],[128.78635,37.4519],[128.78614,37.45263],[128.78628,37.45354],[128.78674,37.45426],[128.78664,37.45464],[128.78692,37.45596],[128.78561,37.45806],[128.78516,37.45822],[128.78476,37.45876],[128.78466,37.45925],[128.78509,37.45964],[128.78509,37.45995],[128.78548,37.46075],[128.78536,37.46142],[128.78504,37.46173],[128.78462,37.46187],[128.78423,37.4624],[128.78358,37.46249],[128.78322,37.46268],[128.78338,37.46283],[128.78345,37.46332],[128.78315,37.46467],[128.78182,37.46644],[128.78105,37.46652],[128.78031,37.46695],[128.7794,37.46696],[128.77898,37.46733],[128.77784,37.46773],[128.7772,37.46819],[128.77649,37.46905],[128.77537,37.46995],[128.77349,37.4728],[128.77293,37.47385],[128.77273,37.47531],[128.77178,37.47622],[128.77174,37.47716],[128.77146,37.47792],[128.77224,37.47893],[128.77205,37.47902],[128.77093,37.47988],[128.77043,37.48066],[128.77005,37.48097],[128.76911,37.48205],[128.76891,37.48262],[128.76803,37.48288],[128.76673,37.48297],[128.7673,37.48336],[128.76751,37.48367],[128.76831,37.48414],[128.76877,37.48427],[128.76927,37.48429],[128.77071,37.48417],[128.77104,37.48389],[128.77136,37.48383],[128.77273,37.48401],[128.77301,37.48436],[128.77372,37.48477],[128.77454,37.48494],[128.77502,37.48518],[128.77537,37.48519],[128.77697,37.48556],[128.77892,37.48562],[128.77892,37.48576],[128.77944,37.48583],[128.78005,37.48615],[128.7806,37.48664],[128.78132,37.48713],[128.78209,37.48709],[128.78318,37.4871],[128.784,37.48736],[128.78429,37.48769],[128.7843,37.48812],[128.78468,37.48879],[128.78497,37.48914],[128.78547,37.4899],[128.78649,37.49064],[128.78696,37.49072],[128.78774,37.49131],[128.78795,37.49202],[128.78812,37.49223],[128.78826,37.49339],[128.78808,37.49396],[128.78813,37.49443],[128.78777,37.49504],[128.78755,37.49599],[128.7883,37.4964],[128.78902,37.4965],[128.78997,37.49697],[128.79203,37.49807],[128.79253,37.49856],[128.79283,37.49893],[128.79315,37.49921],[128.79355,37.49904],[128.79389,37.49912],[128.79414,37.49935],[128.79444,37.49939],[128.79442,37.49963],[128.7947,37.49979],[128.79519,37.50037],[128.79482,37.50077],[128.79475,37.50214],[128.79489,37.50269],[128.79463,37.50292],[128.79481,37.50337],[128.79473,37.50364],[128.79491,37.50388],[128.79499,37.50424],[128.79489,37.50452],[128.79494,37.50482],[128.79521,37.50515],[128.79565,37.50548],[128.79744,37.50591],[128.79797,37.50562],[128.79852,37.5055],[128.79885,37.50524],[128.79983,37.50533],[128.80041,37.50508],[128.8011,37.50499],[128.80233,37.50517],[128.80235,37.50562],[128.80264,37.50581],[128.80318,37.50641],[128.80378,37.50639],[128.80431,37.50657],[128.8047,37.50617],[128.80623,37.50554],[128.80692,37.50549],[128.80826,37.50577],[128.80918,37.50562],[128.80926,37.50538],[128.81081,37.50456],[128.81117,37.50427],[128.81221,37.50389],[128.81265,37.50362],[128.8136,37.50324],[128.81375,37.5033],[128.81431,37.50528],[128.81415,37.50555],[128.8145,37.50632],[128.81435,37.50658],[128.81366,37.50714],[128.81287,37.50748],[128.81266,37.50771],[128.81216,37.50799],[128.81201,37.50834],[128.81225,37.50882],[128.81223,37.50904],[128.81195,37.50966],[128.81169,37.50993],[128.81086,37.51001],[128.81049,37.51033],[128.81023,37.51082],[128.80858,37.51159],[128.80802,37.51214],[128.80801,37.51306],[128.80735,37.51342],[128.80652,37.5137],[128.80555,37.51384],[128.80382,37.51463],[128.80339,37.51486],[128.80259,37.51515],[128.80011,37.51643],[128.79955,37.51674],[128.79952,37.51692],[128.79921,37.51734],[128.79762,37.51845],[128.79779,37.5187],[128.79784,37.51967],[128.79814,37.52017],[128.79805,37.52053],[128.79824,37.52121],[128.79797,37.52141],[128.79757,37.52187],[128.79733,37.52237],[128.79723,37.52284],[128.79745,37.52352],[128.79749,37.52419],[128.7975,37.52526],[128.79762,37.52558],[128.7976,37.52587],[128.79714,37.52667],[128.79747,37.52693],[128.79775,37.52697],[128.79798,37.52717],[128.79813,37.52747],[128.79749,37.52771],[128.79721,37.52832],[128.79724,37.52867],[128.797,37.52896],[128.79607,37.52963],[128.79533,37.5296],[128.79422,37.52982],[128.7937,37.52978],[128.79333,37.53126],[128.79266,37.53207],[128.79239,37.53219],[128.79203,37.53276],[128.79205,37.53413],[128.79199,37.5353],[128.79274,37.53644],[128.79296,37.53717],[128.79221,37.53791],[128.7921,37.53824],[128.79166,37.53843],[128.79082,37.53922],[128.78983,37.53969],[128.78908,37.53995],[128.78823,37.53989],[128.78781,37.5401],[128.78702,37.54099],[128.78615,37.54088],[128.7855,37.54092],[128.78507,37.54144],[128.78437,37.54173],[128.78319,37.54239],[128.78093,37.54349],[128.78,37.54377],[128.77736,37.54417],[128.77414,37.54277],[128.77319,37.54301],[128.77201,37.54294],[128.77154,37.54298],[128.76964,37.54325],[128.76913,37.54319],[128.76824,37.54322],[128.76703,37.54363],[128.76647,37.54339],[128.76584,37.54323],[128.76543,37.54297],[128.76463,37.54277],[128.76341,37.54208],[128.76241,37.54182],[128.76201,37.5415],[128.76079,37.54187],[128.75995,37.54186],[128.75892,37.54226],[128.75828,37.54269],[128.75733,37.54312],[128.75666,37.54379],[128.75654,37.54421],[128.75616,37.54429],[128.7559,37.54416],[128.75431,37.54469],[128.75348,37.54506],[128.75314,37.54501],[128.75196,37.54525],[128.75179,37.54555],[128.7513,37.54567],[128.74979,37.54659],[128.74869,37.5469],[128.74783,37.54656],[128.74669,37.54676],[128.74598,37.54702],[128.74521,37.54685],[128.74451,37.54617],[128.74315,37.54586],[128.74237,37.54589],[128.7409,37.54657],[128.73973,37.54741],[128.73923,37.54767],[128.73765,37.54751],[128.73708,37.5473],[128.7367,37.54671],[128.7362,37.54627],[128.73606,37.54575],[128.73568,37.54547],[128.7356,37.54519],[128.73502,37.54491],[128.73494,37.54472],[128.73408,37.54438],[128.73354,37.54431],[128.73312,37.54408],[128.73241,37.54389],[128.73169,37.54305],[128.73149,37.54259],[128.73079,37.54224],[128.7303,37.54193],[128.72898,37.54009],[128.72773,37.53896],[128.72726,37.53784],[128.72437,37.53594],[128.72382,37.53544],[128.72289,37.53489],[128.72249,37.53414],[128.72271,37.533],[128.72237,37.53133],[128.72146,37.53001],[128.72086,37.52918],[128.71978,37.52871],[128.71878,37.52994],[128.71716,37.53101],[128.71618,37.53118],[128.71523,37.53122],[128.71413,37.53161],[128.7128,37.53161],[128.71184,37.53153],[128.71071,37.53159],[128.71007,37.53152],[128.70891,37.53181],[128.7071,37.53219],[128.70683,37.53246],[128.70589,37.53294],[128.70485,37.53415],[128.70425,37.53506],[128.7036,37.53525],[128.70243,37.53524],[128.70165,37.53537],[128.70084,37.53606],[128.70001,37.53629],[128.69978,37.53654],[128.69901,37.53665],[128.69833,37.53731],[128.69768,37.53778],[128.69673,37.53889],[128.696,37.54029],[128.6948,37.541],[128.69405,37.54125],[128.69357,37.54264],[128.69334,37.54292],[128.69269,37.54312],[128.69262,37.54401],[128.69192,37.54577],[128.69173,37.54608],[128.69136,37.54738],[128.68977,37.5493],[128.68973,37.54964],[128.6895,37.55055],[128.68946,37.55112],[128.68905,37.55255],[128.68855,37.55285],[128.68823,37.55332],[128.68815,37.5536],[128.68776,37.55432],[128.68671,37.55487],[128.68639,37.55496],[128.68595,37.55555],[128.68592,37.55576],[128.68503,37.55599],[128.68469,37.5562],[128.6835,37.55715],[128.68338,37.55825],[128.68339,37.55867],[128.68365,37.55933],[128.68391,37.5597],[128.68409,37.5609],[128.68417,37.5618],[128.68374,37.56278],[128.68358,37.56341],[128.68265,37.56417],[128.68186,37.56496],[128.67957,37.56617],[128.67888,37.56706],[128.67894,37.56767],[128.67918,37.56903],[128.67896,37.56986]]]},"properties":{"code":"32550370","name":"여량면"}}],"profileId":"gangwon","schemaVersion":2,"dataVersion":"gangwon-2022-563a6bb6162048a7"}
