{"type":"FeatureCollection","features":[{"type":"Feature","geometry":{"type":"Polygon","coordinates":[[[127.18924,38.18823],[127.19057,38.18899],[127.19034,38.18973],[127.19003,38.19023],[127.19214,38.19217],[127.19282,38.19381],[127.19275,38.1944],[127.19179,38.1964],[127.19169,38.19676],[127.19173,38.19772],[127.19134,38.19815],[127.19157,38.19871],[127.19131,38.19934],[127.19174,38.19985],[127.19196,38.20072],[127.19137,38.20139],[127.19136,38.20177],[127.1916,38.20259],[127.19251,38.20391],[127.19208,38.20633],[127.19159,38.20804],[127.19313,38.20912],[127.19348,38.2096],[127.19477,38.2106],[127.19575,38.21141],[127.19684,38.21188],[127.19702,38.21183],[127.19682,38.21145],[127.1969,38.21112],[127.19715,38.21104],[127.19795,38.21051],[127.1982,38.21066],[127.19901,38.21074],[127.19894,38.211],[127.20021,38.21068],[127.20057,38.21071],[127.20084,38.21062],[127.20132,38.21065],[127.20198,38.21115],[127.20231,38.21173],[127.20278,38.21104],[127.2031,38.21075],[127.20297,38.21064],[127.20315,38.21023],[127.20341,38.21028],[127.20371,38.20999],[127.20371,38.20984],[127.20443,38.20928],[127.20483,38.20862],[127.20555,38.20841],[127.20575,38.20869],[127.20673,38.20831],[127.20713,38.20827],[127.20755,38.20807],[127.20786,38.20816],[127.20825,38.20808],[127.20849,38.20792],[127.20926,38.20797],[127.20964,38.20838],[127.21031,38.20854],[127.21078,38.20848],[127.2111,38.20835],[127.21178,38.20837],[127.21203,38.20844],[127.21206,38.20866],[127.21246,38.20896],[127.21313,38.20918],[127.21368,38.20964],[127.21488,38.21033],[127.21539,38.21051],[127.21659,38.21081],[127.21733,38.21077],[127.21793,38.21087],[127.21838,38.21103],[127.21862,38.21093],[127.21919,38.21094],[127.2198,38.21115],[127.22089,38.21165],[127.22124,38.21171],[127.22224,38.21206],[127.22256,38.21209],[127.22195,38.21266],[127.22152,38.21293],[127.22126,38.2132],[127.22074,38.2133],[127.22033,38.2135],[127.22001,38.21385],[127.21962,38.21402],[127.21951,38.21455],[127.21958,38.21522],[127.21993,38.21545],[127.21985,38.21608],[127.21995,38.21647],[127.21981,38.21672],[127.21938,38.21714],[127.21928,38.2178],[127.21944,38.21822],[127.21897,38.21872],[127.21775,38.21908],[127.21739,38.21933],[127.2171,38.2199],[127.21712,38.22021],[127.21674,38.22056],[127.2166,38.2208],[127.21588,38.2215],[127.2157,38.22184],[127.21576,38.22255],[127.21537,38.22371],[127.2154,38.22441],[127.21526,38.2247],[127.21523,38.22524],[127.21559,38.22666],[127.21536,38.22686],[127.21475,38.22681],[127.21435,38.22658],[127.21414,38.22661],[127.21409,38.22694],[127.21384,38.22692],[127.21355,38.22714],[127.21351,38.2275],[127.21402,38.22766],[127.21448,38.22794],[127.2146,38.2285],[127.21493,38.22872],[127.21493,38.2289],[127.21537,38.22937],[127.21498,38.22971],[127.21517,38.23006],[127.21565,38.23035],[127.21609,38.23079],[127.21624,38.23115],[127.21666,38.23118],[127.21713,38.23135],[127.21776,38.23066],[127.21907,38.23137],[127.21777,38.23256],[127.21747,38.23318],[127.21747,38.23473],[127.21751,38.23517],[127.21831,38.23561],[127.21834,38.23585],[127.21811,38.23636],[127.21766,38.23678],[127.21728,38.23728],[127.2172,38.23751],[127.21725,38.23807],[127.21719,38.23868],[127.21693,38.23886],[127.21661,38.23893],[127.21633,38.23919],[127.21576,38.23916],[127.21569,38.23945],[127.21522,38.23981],[127.21456,38.24021],[127.21436,38.24094],[127.21425,38.24098],[127.21417,38.24146],[127.21385,38.24226],[127.21338,38.24307],[127.213,38.24346],[127.2126,38.24409],[127.21327,38.24457],[127.21368,38.24461],[127.2143,38.24456],[127.21457,38.24472],[127.21463,38.24525],[127.21507,38.2456],[127.21473,38.24618],[127.21497,38.24692],[127.21537,38.24789],[127.2157,38.24826],[127.21595,38.24872],[127.21636,38.24928],[127.21672,38.25002],[127.21669,38.25071],[127.21658,38.25113],[127.21635,38.25125],[127.21546,38.25238],[127.21532,38.25272],[127.21532,38.25337],[127.2152,38.25498],[127.21502,38.25538],[127.21437,38.2563],[127.2139,38.2568],[127.21348,38.25699],[127.21271,38.25765],[127.2119,38.25826],[127.21039,38.25912],[127.21025,38.25931],[127.21018,38.25991],[127.21031,38.26038],[127.21088,38.26113],[127.21126,38.26202],[127.21132,38.26291],[127.21162,38.26347],[127.21219,38.26409],[127.21285,38.26496],[127.21377,38.26562],[127.21417,38.26603],[127.21448,38.26657],[127.21455,38.26688],[127.21452,38.26733],[127.21438,38.26789],[127.2143,38.26867],[127.21463,38.2693],[127.21431,38.2696],[127.21465,38.26996],[127.21501,38.27015],[127.21569,38.27022],[127.21609,38.27051],[127.21665,38.27081],[127.21706,38.27087],[127.21748,38.27108],[127.2179,38.27165],[127.21836,38.27155],[127.21882,38.27196],[127.21977,38.27264],[127.2201,38.2734],[127.22063,38.27571],[127.22027,38.27609],[127.21942,38.27673],[127.21838,38.27737],[127.21808,38.27776],[127.21771,38.27858],[127.2174,38.27954],[127.21742,38.2797],[127.21783,38.28107],[127.21794,38.28216],[127.21837,38.28278],[127.2187,38.28305],[127.21913,38.28362],[127.21904,38.28393],[127.21791,38.28448],[127.21763,38.28488],[127.21754,38.28519],[127.21748,38.28598],[127.21782,38.28669],[127.21831,38.28696],[127.219,38.28719],[127.21931,38.28723],[127.2203,38.28754],[127.22085,38.2879],[127.221,38.28822],[127.22127,38.28909],[127.22124,38.28974],[127.22115,38.2902],[127.22111,38.29117],[127.22127,38.29159],[127.22192,38.29263],[127.22223,38.29298],[127.22243,38.29352],[127.22258,38.29443],[127.22307,38.29526],[127.22422,38.29702],[127.22424,38.29725],[127.22471,38.29803],[127.22466,38.29827],[127.2249,38.299],[127.22622,38.30044],[127.22622,38.3008],[127.22632,38.30121],[127.22638,38.30184],[127.22661,38.30242],[127.22667,38.30286],[127.22706,38.30344],[127.2271,38.30377],[127.22742,38.30436],[127.22753,38.30535],[127.22777,38.30594],[127.22848,38.30669],[127.2289,38.30672],[127.22905,38.30689],[127.22907,38.30721],[127.22947,38.30719],[127.22953,38.30751],[127.23021,38.30854],[127.23055,38.30889],[127.23069,38.30941],[127.23141,38.31019],[127.23239,38.31119],[127.2324,38.3113],[127.23153,38.31184],[127.23162,38.31219],[127.23191,38.31274],[127.23221,38.31312],[127.23254,38.31336],[127.2329,38.3138],[127.23313,38.31482],[127.23356,38.31508],[127.23374,38.31603],[127.23368,38.31646],[127.23384,38.31688],[127.234,38.31806],[127.23442,38.31934],[127.23451,38.31989],[127.23454,38.32054],[127.23466,38.32123],[127.23488,38.32186],[127.23502,38.32208],[127.2359,38.32272],[127.23627,38.32333],[127.23654,38.32364],[127.23682,38.3238],[127.23701,38.32408],[127.23707,38.32448],[127.23728,38.32525],[127.23727,38.3262],[127.23753,38.32724],[127.23759,38.32794],[127.23772,38.32841],[127.23771,38.3289],[127.23753,38.32939],[127.23767,38.32962],[127.23776,38.33019],[127.23776,38.33063],[127.23826,38.33075],[127.23845,38.33176],[127.23812,38.33172],[127.23754,38.3313],[127.23697,38.33103],[127.23679,38.33087],[127.23591,38.33065],[127.23519,38.33024],[127.23483,38.33012],[127.23479,38.33034],[127.23497,38.33095],[127.23523,38.33095],[127.23527,38.33121],[127.23487,38.3316],[127.23469,38.331],[127.23411,38.33066],[127.23376,38.33058],[127.2337,38.33098],[127.23342,38.33121],[127.23292,38.33113],[127.23322,38.33072],[127.23244,38.33072],[127.232,38.33046],[127.23158,38.33075],[127.2301,38.33061],[127.22986,38.33037],[127.22949,38.33029],[127.22942,38.33014],[127.22861,38.33027],[127.22831,38.32999],[127.22802,38.32946],[127.22783,38.32939],[127.22747,38.32969],[127.22704,38.32914],[127.22678,38.32843],[127.22633,38.32858],[127.22611,38.32851],[127.22506,38.32849],[127.22494,38.32834],[127.22437,38.32843],[127.22431,38.32814],[127.22392,38.32812],[127.22327,38.32756],[127.2232,38.32698],[127.22282,38.3269],[127.2226,38.32672],[127.22271,38.32627],[127.22291,38.32587],[127.22273,38.32543],[127.2226,38.3254],[127.22186,38.32585],[127.22162,38.32621],[127.22123,38.32644],[127.22077,38.32646],[127.2205,38.32633],[127.21989,38.32641],[127.21968,38.3266],[127.2189,38.32625],[127.21896,38.32594],[127.21865,38.3259],[127.21851,38.32515],[127.21877,38.32464],[127.21878,38.324],[127.21863,38.32401],[127.21824,38.32358],[127.21797,38.3236],[127.21779,38.3233],[127.21788,38.32245],[127.2173,38.32227],[127.21734,38.32208],[127.21692,38.32201],[127.21651,38.32163],[127.2174,38.3211],[127.21757,38.32081],[127.21758,38.32048],[127.21732,38.32013],[127.21696,38.32045],[127.21721,38.32061],[127.2166,38.32131],[127.21623,38.32137],[127.21642,38.3209],[127.2158,38.32086],[127.21588,38.32121],[127.21556,38.32116],[127.21503,38.32091],[127.21537,38.32083],[127.21623,38.32019],[127.216,38.32009],[127.21603,38.31968],[127.21565,38.31946],[127.21561,38.31976],[127.21572,38.32031],[127.21538,38.32031],[127.21481,38.3202],[127.21409,38.32023],[127.21423,38.31978],[127.21307,38.31981],[127.21303,38.32001],[127.21266,38.31999],[127.21244,38.31976],[127.21258,38.31951],[127.21177,38.31949],[127.21134,38.31939],[127.21069,38.319],[127.21034,38.31912],[127.21065,38.31956],[127.21016,38.31971],[127.2098,38.3195],[127.20966,38.32],[127.2098,38.32026],[127.20965,38.32054],[127.2094,38.32055],[127.20889,38.32035],[127.20853,38.32029],[127.20842,38.32013],[127.20867,38.31991],[127.20883,38.31906],[127.20801,38.31941],[127.20749,38.31934],[127.2071,38.31938],[127.20661,38.3199],[127.20615,38.31968],[127.20594,38.31904],[127.20653,38.31914],[127.20666,38.31875],[127.20724,38.31875],[127.20744,38.31867],[127.20715,38.31829],[127.20684,38.3183],[127.20641,38.31818],[127.20621,38.31789],[127.20594,38.31797],[127.20553,38.31758],[127.20521,38.31799],[127.20498,38.3185],[127.20402,38.31848],[127.20384,38.31796],[127.20398,38.31771],[127.20386,38.31751],[127.20339,38.3176],[127.20341,38.31786],[127.20279,38.31768],[127.20262,38.31752],[127.2023,38.31782],[127.20142,38.31739],[127.201,38.317],[127.20054,38.31722],[127.20009,38.31704],[127.19998,38.31673],[127.1997,38.31662],[127.1997,38.31637],[127.19934,38.31597],[127.19904,38.31616],[127.1987,38.31597],[127.1985,38.31605],[127.19828,38.31635],[127.19768,38.31635],[127.19763,38.31619],[127.19719,38.31621],[127.197,38.31598],[127.19707,38.3155],[127.197,38.31521],[127.19637,38.31513],[127.19586,38.31548],[127.19587,38.31582],[127.19617,38.31569],[127.19633,38.31614],[127.1959,38.31621],[127.19545,38.31571],[127.19488,38.31544],[127.19477,38.31524],[127.19435,38.3151],[127.19445,38.31486],[127.19326,38.31431],[127.19319,38.31421],[127.19249,38.31441],[127.19227,38.31433],[127.19123,38.31423],[127.19031,38.31446],[127.19019,38.31375],[127.18987,38.31364],[127.18978,38.31345],[127.18912,38.31327],[127.18796,38.31348],[127.18739,38.31286],[127.18686,38.31269],[127.18674,38.31274],[127.18601,38.31252],[127.18607,38.31224],[127.18593,38.31213],[127.18557,38.31238],[127.18561,38.31276],[127.18534,38.31282],[127.18319,38.31221],[127.18313,38.31195],[127.18245,38.31224],[127.1822,38.31195],[127.18173,38.31195],[127.18136,38.31187],[127.18091,38.31222],[127.18092,38.31167],[127.18071,38.31157],[127.18048,38.31181],[127.1803,38.3115],[127.18005,38.31152],[127.17974,38.31133],[127.17952,38.31138],[127.17891,38.31099],[127.17878,38.31071],[127.17824,38.31106],[127.1782,38.31054],[127.17768,38.31097],[127.17765,38.31152],[127.17738,38.31157],[127.177,38.31101],[127.17692,38.31039],[127.17696,38.30988],[127.17658,38.31038],[127.17602,38.31014],[127.17212,38.30903],[127.17209,38.30943],[127.17198,38.30954],[127.17125,38.30952],[127.17054,38.30858],[127.17022,38.30864],[127.1698,38.30898],[127.16968,38.30872],[127.16984,38.30838],[127.16787,38.30781],[127.1676,38.30777],[127.1669,38.30797],[127.16661,38.30819],[127.16688,38.3085],[127.16717,38.30858],[127.16694,38.30882],[127.16673,38.30863],[127.16643,38.30859],[127.16631,38.3083],[127.16607,38.3081],[127.16545,38.3079],[127.16553,38.3076],[127.16517,38.30726],[127.16508,38.30693],[127.16627,38.3068],[127.16582,38.30624],[127.16523,38.30634],[127.16493,38.30622],[127.16494,38.3066],[127.16478,38.30691],[127.16439,38.3069],[127.16399,38.30662],[127.16352,38.30685],[127.1632,38.30681],[127.16322,38.30657],[127.16288,38.30624],[127.16251,38.30617],[127.1622,38.30649],[127.16185,38.30655],[127.16157,38.3058],[127.16162,38.30557],[127.16099,38.30559],[127.16043,38.30572],[127.15999,38.30535],[127.15981,38.3053],[127.16032,38.30486],[127.16069,38.3044],[127.16123,38.30397],[127.16232,38.30369],[127.16255,38.30357],[127.16235,38.30323],[127.16167,38.30347],[127.1614,38.30334],[127.16089,38.30388],[127.16055,38.30407],[127.16031,38.30454],[127.16014,38.30444],[127.1599,38.30493],[127.15932,38.30515],[127.15875,38.30524],[127.15852,38.30478],[127.15821,38.30549],[127.158,38.30566],[127.15763,38.30564],[127.1573,38.30538],[127.15738,38.30522],[127.15698,38.30476],[127.15732,38.30476],[127.15754,38.30456],[127.15732,38.30425],[127.15655,38.30481],[127.15619,38.30437],[127.15576,38.30375],[127.15547,38.30403],[127.15499,38.30397],[127.15472,38.30405],[127.15435,38.30379],[127.15418,38.30403],[127.1537,38.30424],[127.15232,38.30444],[127.15168,38.30497],[127.15105,38.30597],[127.15039,38.30662],[127.15007,38.30705],[127.14949,38.30759],[127.14916,38.308],[127.14915,38.30826],[127.14897,38.30873],[127.14863,38.309],[127.14831,38.30943],[127.148,38.30956],[127.14754,38.3101],[127.14749,38.31062],[127.14687,38.31082],[127.14596,38.3113],[127.14568,38.3116],[127.14534,38.31171],[127.145,38.31195],[127.14447,38.31191],[127.14399,38.31207],[127.14364,38.3123],[127.14361,38.31259],[127.14306,38.31277],[127.14274,38.31323],[127.14262,38.31367],[127.14231,38.31372],[127.14116,38.31466],[127.14087,38.31518],[127.14019,38.31545],[127.14001,38.31567],[127.13923,38.31594],[127.13902,38.31574],[127.13915,38.31517],[127.139,38.31495],[127.13877,38.31497],[127.13671,38.31484],[127.13656,38.31495],[127.13618,38.31489],[127.13538,38.31464],[127.13429,38.31417],[127.13413,38.31396],[127.1338,38.31382],[127.13338,38.31376],[127.1336,38.31344],[127.13341,38.31331],[127.13299,38.31348],[127.13285,38.31378],[127.1324,38.31389],[127.13215,38.31372],[127.13226,38.31331],[127.13229,38.31236],[127.13218,38.3118],[127.13161,38.31083],[127.13133,38.31046],[127.13144,38.3103],[127.13134,38.30956],[127.13115,38.30925],[127.13091,38.30852],[127.13077,38.30781],[127.13045,38.30745],[127.13025,38.30702],[127.13014,38.30646],[127.12991,38.30618],[127.13,38.30597],[127.12985,38.30563],[127.12963,38.30551],[127.12965,38.30515],[127.12943,38.30489],[127.12936,38.30443],[127.12952,38.30412],[127.12944,38.30373],[127.12916,38.30336],[127.12872,38.30223],[127.12875,38.30166],[127.12888,38.3012],[127.12868,38.30071],[127.12817,38.30098],[127.12709,38.30101],[127.12714,38.30072],[127.12754,38.30013],[127.12753,38.3],[127.12786,38.29947],[127.12756,38.29925],[127.12747,38.29898],[127.12692,38.29885],[127.12625,38.29886],[127.12603,38.29879],[127.12559,38.29885],[127.12505,38.29905],[127.12455,38.29916],[127.12415,38.29915],[127.12351,38.29923],[127.12263,38.29919],[127.12203,38.29911],[127.12051,38.299],[127.11987,38.29889],[127.1189,38.29847],[127.11848,38.29842],[127.11784,38.29812],[127.1168,38.29783],[127.11597,38.29767],[127.11543,38.29752],[127.11469,38.29706],[127.11414,38.29686],[127.1134,38.29644],[127.11319,38.29624],[127.11251,38.29603],[127.11157,38.29589],[127.11107,38.29566],[127.11081,38.29536],[127.1108,38.29498],[127.11049,38.29497],[127.10889,38.29358],[127.10879,38.2934],[127.10798,38.29332],[127.10804,38.29305],[127.10863,38.29278],[127.10872,38.29265],[127.10797,38.29217],[127.10778,38.29219],[127.10733,38.292],[127.10728,38.29188],[127.10767,38.29161],[127.10746,38.29149],[127.10715,38.29152],[127.10666,38.29141],[127.10576,38.29093],[127.10548,38.29089],[127.10528,38.29063],[127.10532,38.28987],[127.10487,38.28972],[127.10471,38.28931],[127.10436,38.28923],[127.10419,38.28908],[127.10371,38.289],[127.10389,38.28859],[127.10361,38.28837],[127.10331,38.28828],[127.10296,38.28788],[127.10269,38.28732],[127.10192,38.2869],[127.10171,38.28672],[127.10056,38.28595],[127.09958,38.28579],[127.09917,38.28584],[127.09908,38.28566],[127.09877,38.28561],[127.09826,38.28595],[127.09783,38.28601],[127.09746,38.28528],[127.09659,38.28577],[127.0962,38.28473],[127.09595,38.2846],[127.0957,38.28387],[127.09577,38.28335],[127.09549,38.28273],[127.0956,38.28219],[127.09525,38.28175],[127.09513,38.28138],[127.09504,38.28108],[127.0954,38.281],[127.0961,38.28101],[127.09731,38.2811],[127.09793,38.28111],[127.09923,38.28104],[127.1006,38.28104],[127.10275,38.28081],[127.10321,38.28079],[127.10396,38.28038],[127.10432,38.27987],[127.10454,38.27943],[127.10452,38.27911],[127.10437,38.27873],[127.10395,38.27807],[127.10364,38.27774],[127.10222,38.27658],[127.10174,38.27632],[127.10102,38.2756],[127.10077,38.27502],[127.10081,38.27459],[127.10104,38.27418],[127.10168,38.27339],[127.10205,38.27315],[127.10363,38.2726],[127.10531,38.27219],[127.10686,38.27197],[127.10883,38.27177],[127.10965,38.27165],[127.11041,38.27135],[127.11073,38.27098],[127.11077,38.27079],[127.11066,38.27003],[127.11045,38.2698],[127.11055,38.26936],[127.10934,38.26936],[127.10885,38.26916],[127.10809,38.26841],[127.10827,38.26811],[127.10908,38.26733],[127.10933,38.26576],[127.10919,38.26324],[127.108,38.26113],[127.10807,38.2583],[127.10891,38.25611],[127.10929,38.25524],[127.10969,38.25456],[127.11025,38.2529],[127.11068,38.25266],[127.11097,38.25221],[127.11059,38.25187],[127.11027,38.25127],[127.1107,38.24895],[127.11118,38.24809],[127.11143,38.24776],[127.11157,38.24739],[127.11136,38.24672],[127.11001,38.24494],[127.10963,38.24477],[127.10967,38.24448],[127.10957,38.24419],[127.10967,38.24402],[127.10989,38.24305],[127.1099,38.24184],[127.11055,38.24157],[127.11081,38.24122],[127.11134,38.24104],[127.11188,38.24044],[127.11201,38.23962],[127.11249,38.23934],[127.11227,38.23843],[127.11235,38.23814],[127.11265,38.2378],[127.11311,38.23752],[127.1135,38.2371],[127.11357,38.23682],[127.11433,38.23652],[127.11442,38.23635],[127.1151,38.23657],[127.11573,38.23657],[127.1168,38.237],[127.11849,38.23578],[127.11931,38.23529],[127.11961,38.23495],[127.12072,38.23459],[127.12083,38.23389],[127.12215,38.2335],[127.12305,38.2328],[127.12479,38.2334],[127.1252,38.23333],[127.12534,38.23361],[127.12562,38.2337],[127.12572,38.23392],[127.12608,38.23386],[127.1267,38.23409],[127.12721,38.23389],[127.12738,38.23369],[127.12771,38.23366],[127.12796,38.23349],[127.12955,38.23355],[127.13005,38.23311],[127.13058,38.23275],[127.13116,38.23275],[127.13218,38.23325],[127.13259,38.23355],[127.13335,38.23356],[127.13453,38.23365],[127.13509,38.23413],[127.1349,38.23471],[127.13489,38.23511],[127.13476,38.23564],[127.13508,38.2365],[127.13573,38.23648],[127.13638,38.23628],[127.13692,38.23626],[127.13724,38.23609],[127.13778,38.23635],[127.13895,38.23658],[127.13935,38.23724],[127.14001,38.23771],[127.14053,38.23758],[127.14093,38.23769],[127.14207,38.23735],[127.14275,38.23661],[127.143,38.23665],[127.1433,38.23728],[127.14323,38.23768],[127.14358,38.2379],[127.1437,38.23816],[127.14444,38.23863],[127.14473,38.23908],[127.14543,38.23935],[127.14634,38.23933],[127.14729,38.24006],[127.14735,38.2406],[127.14766,38.2412],[127.14734,38.24165],[127.14892,38.24234],[127.15071,38.24227],[127.15134,38.24199],[127.15195,38.24199],[127.15324,38.24187],[127.15354,38.24119],[127.15358,38.24062],[127.15386,38.24031],[127.15509,38.23998],[127.15751,38.23901],[127.15779,38.23892],[127.15842,38.23919],[127.15902,38.23921],[127.16006,38.239],[127.16183,38.23889],[127.16329,38.23848],[127.16335,38.23833],[127.16273,38.237],[127.16149,38.23477],[127.1621,38.23395],[127.16248,38.23334],[127.16291,38.23244],[127.16222,38.23195],[127.16192,38.23008],[127.16175,38.22962],[127.16076,38.22835],[127.16013,38.22634],[127.16007,38.226],[127.1602,38.2254],[127.16184,38.22363],[127.1618,38.22275],[127.16134,38.2223],[127.16089,38.22103],[127.16043,38.22048],[127.16055,38.22022],[127.16027,38.2199],[127.15968,38.21982],[127.15971,38.21955],[127.16008,38.21919],[127.1607,38.21904],[127.16102,38.21826],[127.16243,38.2174],[127.16359,38.21656],[127.16446,38.21597],[127.1647,38.21566],[127.16643,38.2154],[127.16821,38.21456],[127.17006,38.21393],[127.17117,38.21349],[127.17205,38.21196],[127.17185,38.21152],[127.17212,38.20969],[127.17367,38.20779],[127.17514,38.20548],[127.17493,38.20507],[127.17423,38.20317],[127.17379,38.20294],[127.17346,38.20167],[127.1726,38.20128],[127.17059,38.19913],[127.16962,38.19812],[127.1697,38.19765],[127.1726,38.19537],[127.17394,38.1937],[127.17474,38.19227],[127.17556,38.19124],[127.17914,38.18741],[127.17995,38.18696],[127.18055,38.18613],[127.18139,38.18596],[127.1819,38.1858],[127.18334,38.1859],[127.18422,38.18641],[127.18497,38.18664],[127.18534,38.18756],[127.18703,38.1878],[127.18832,38.18776],[127.18921,38.1883],[127.18924,38.18823]]]},"properties":{"code":"32560110","name":"철원읍"}},{"type":"Feature","geometry":{"type":"Polygon","coordinates":[[[127.50172,38.30078],[127.50121,38.30078],[127.50102,38.30047],[127.50014,38.30032],[127.50047,38.30075],[127.50015,38.30078],[127.49949,38.30057],[127.49913,38.30032],[127.499,38.30038],[127.49831,38.29987],[127.49739,38.29969],[127.49736,38.29961],[127.49664,38.29967],[127.49724,38.29988],[127.49791,38.3002],[127.49759,38.30077],[127.49676,38.30065],[127.49647,38.301],[127.49595,38.30085],[127.49572,38.30087],[127.4954,38.30111],[127.4948,38.30116],[127.49421,38.30155],[127.49444,38.30186],[127.49426,38.30213],[127.49364,38.30269],[127.49345,38.30337],[127.49275,38.3032],[127.49199,38.30319],[127.49197,38.30347],[127.49153,38.30431],[127.49126,38.30423],[127.49132,38.30478],[127.49122,38.30492],[127.49086,38.3049],[127.49027,38.30506],[127.49014,38.305],[127.48932,38.3055],[127.48981,38.30588],[127.48921,38.30607],[127.48875,38.30602],[127.48865,38.30621],[127.48828,38.30655],[127.48833,38.30692],[127.48739,38.30715],[127.48708,38.30684],[127.48632,38.3068],[127.48531,38.30656],[127.48483,38.30627],[127.48456,38.30639],[127.48395,38.3064],[127.48337,38.30623],[127.48265,38.30637],[127.48196,38.30671],[127.48162,38.3068],[127.48136,38.30718],[127.48097,38.30801],[127.4806,38.30855],[127.48032,38.3092],[127.47983,38.30982],[127.47972,38.31012],[127.47947,38.31036],[127.47909,38.31102],[127.47907,38.31135],[127.47921,38.31168],[127.47903,38.31205],[127.4788,38.31219],[127.4781,38.31245],[127.47772,38.31294],[127.47713,38.31322],[127.47683,38.31352],[127.47668,38.31391],[127.47668,38.31423],[127.47657,38.3149],[127.47643,38.31536],[127.47623,38.31573],[127.47601,38.31587],[127.47546,38.31603],[127.47509,38.31644],[127.47448,38.31653],[127.47399,38.31667],[127.47324,38.31652],[127.47295,38.31655],[127.47278,38.3164],[127.47233,38.31627],[127.47165,38.31639],[127.47117,38.31657],[127.47084,38.31658],[127.47031,38.31702],[127.4699,38.31708],[127.46891,38.31732],[127.46842,38.31757],[127.46833,38.3177],[127.46864,38.31799],[127.46821,38.31831],[127.46789,38.31787],[127.46722,38.31761],[127.46637,38.31736],[127.46603,38.31709],[127.46535,38.31692],[127.46578,38.31744],[127.46582,38.31799],[127.46476,38.31864],[127.46477,38.31939],[127.46441,38.32026],[127.46439,38.32096],[127.46329,38.32149],[127.46203,38.32178],[127.46135,38.32256],[127.46089,38.32294],[127.46055,38.32361],[127.46048,38.32412],[127.4597,38.32433],[127.45954,38.32493],[127.45908,38.32538],[127.45875,38.32634],[127.45822,38.32665],[127.45766,38.32668],[127.45702,38.3268],[127.45625,38.32663],[127.45573,38.32631],[127.45516,38.32659],[127.45455,38.32712],[127.45337,38.32711],[127.45288,38.32676],[127.45156,38.32654],[127.45157,38.326],[127.45115,38.32556],[127.45114,38.32492],[127.45069,38.32437],[127.45118,38.32356],[127.45121,38.32299],[127.45099,38.3226],[127.45111,38.32218],[127.45216,38.32154],[127.45287,38.32061],[127.4535,38.32002],[127.45378,38.31938],[127.45394,38.31853],[127.45392,38.31821],[127.45319,38.31775],[127.45279,38.31772],[127.45274,38.31725],[127.45215,38.3167],[127.45182,38.31621],[127.45104,38.31554],[127.45059,38.3154],[127.45032,38.31498],[127.44955,38.31451],[127.44932,38.31425],[127.44892,38.31419],[127.44887,38.31393],[127.44836,38.31352],[127.44809,38.31322],[127.44773,38.31306],[127.44707,38.31258],[127.44622,38.31251],[127.44587,38.31238],[127.4452,38.31195],[127.44454,38.31162],[127.44392,38.3118],[127.44334,38.31179],[127.44273,38.31205],[127.44179,38.31229],[127.44118,38.31273],[127.44073,38.31279],[127.44028,38.31297],[127.44002,38.31328],[127.43965,38.31321],[127.43926,38.31243],[127.439,38.31203],[127.43906,38.31174],[127.43876,38.31137],[127.43864,38.31058],[127.43843,38.31044],[127.43821,38.30979],[127.43801,38.30968],[127.43751,38.30919],[127.43745,38.30752],[127.43734,38.30702],[127.4374,38.30588],[127.43758,38.30593],[127.43753,38.30541],[127.43728,38.30508],[127.43609,38.30372],[127.43594,38.30328],[127.43589,38.30225],[127.43509,38.30264],[127.43363,38.30312],[127.43208,38.30305],[127.43061,38.30242],[127.42988,38.30219],[127.42808,38.3014],[127.42814,38.3006],[127.42737,38.30043],[127.42643,38.29949],[127.42559,38.29836],[127.425,38.29768],[127.42508,38.29693],[127.42424,38.29617],[127.42358,38.29536],[127.42269,38.2952],[127.42214,38.29501],[127.42154,38.29509],[127.42042,38.295],[127.4199,38.29443],[127.41999,38.29386],[127.4196,38.29366],[127.41945,38.29334],[127.41946,38.29305],[127.41961,38.29274],[127.41953,38.2923],[127.4187,38.29145],[127.41833,38.29089],[127.41823,38.29005],[127.41811,38.28967],[127.41769,38.28934],[127.41744,38.28887],[127.41688,38.28868],[127.41608,38.28887],[127.41448,38.28966],[127.41393,38.29033],[127.41228,38.29099],[127.41204,38.29144],[127.41172,38.29181],[127.411,38.2923],[127.41057,38.29246],[127.41046,38.2919],[127.41084,38.29122],[127.41115,38.29083],[127.4111,38.29053],[127.41066,38.29028],[127.41004,38.29033],[127.40945,38.29018],[127.40888,38.28991],[127.40846,38.28933],[127.40799,38.28909],[127.40731,38.2891],[127.40631,38.2887],[127.40591,38.28827],[127.40515,38.288],[127.40468,38.28808],[127.4038,38.28813],[127.40333,38.28777],[127.40275,38.28794],[127.40223,38.28793],[127.4019,38.28773],[127.40156,38.28782],[127.40119,38.28774],[127.40087,38.2875],[127.39998,38.28742],[127.39927,38.28758],[127.39804,38.28769],[127.3967,38.28773],[127.39634,38.28827],[127.39592,38.28855],[127.39549,38.28865],[127.3952,38.28901],[127.39453,38.28952],[127.39423,38.2905],[127.39355,38.2908],[127.39318,38.29121],[127.39332,38.29199],[127.39242,38.29178],[127.39114,38.29218],[127.39078,38.29222],[127.39055,38.29268],[127.39081,38.29446],[127.39062,38.29491],[127.39078,38.29544],[127.39061,38.29584],[127.3906,38.29642],[127.39036,38.29675],[127.39046,38.2982],[127.39023,38.29829],[127.38998,38.2986],[127.38965,38.29936],[127.38925,38.29985],[127.38913,38.30057],[127.38857,38.3024],[127.38852,38.30275],[127.38833,38.30293],[127.3873,38.30345],[127.3863,38.30337],[127.38594,38.30313],[127.38544,38.30303],[127.3847,38.3033],[127.38428,38.30316],[127.38294,38.3037],[127.38249,38.30344],[127.38209,38.30333],[127.38078,38.30448],[127.38094,38.30478],[127.38133,38.30517],[127.38155,38.30598],[127.38181,38.30628],[127.38198,38.30698],[127.38196,38.30716],[127.38147,38.30715],[127.38034,38.30737],[127.38006,38.30813],[127.3798,38.3082],[127.37964,38.30851],[127.37913,38.30867],[127.37904,38.30888],[127.37933,38.30968],[127.37935,38.30993],[127.37917,38.31015],[127.37922,38.31059],[127.37934,38.31082],[127.37905,38.31121],[127.37842,38.31139],[127.37809,38.31142],[127.37787,38.31127],[127.37687,38.31125],[127.37637,38.31089],[127.3745,38.31057],[127.37431,38.31061],[127.37406,38.31121],[127.3738,38.31134],[127.37371,38.31185],[127.37385,38.31239],[127.37384,38.3129],[127.37402,38.31308],[127.37411,38.31349],[127.37362,38.31309],[127.37356,38.3128],[127.37335,38.3124],[127.37324,38.31195],[127.37337,38.3115],[127.37274,38.3114],[127.37142,38.31096],[127.3699,38.31041],[127.36886,38.31028],[127.3683,38.30992],[127.36755,38.30952],[127.36705,38.30897],[127.36634,38.30848],[127.36551,38.30717],[127.36507,38.30668],[127.36456,38.30631],[127.36415,38.30592],[127.36337,38.3054],[127.36238,38.30481],[127.36162,38.30454],[127.36115,38.30431],[127.35996,38.30353],[127.35865,38.30289],[127.35801,38.30275],[127.35712,38.30272],[127.35663,38.30287],[127.3564,38.30308],[127.35597,38.30328],[127.35542,38.30323],[127.35499,38.30308],[127.35474,38.30267],[127.35497,38.30234],[127.35477,38.30189],[127.35556,38.30158],[127.35681,38.30044],[127.35693,38.29987],[127.35659,38.29908],[127.35614,38.29855],[127.35514,38.29771],[127.35356,38.2963],[127.35117,38.29465],[127.34832,38.29307],[127.34745,38.29247],[127.34616,38.29138],[127.34474,38.29051],[127.34369,38.29],[127.34216,38.28942],[127.34384,38.28876],[127.3448,38.28809],[127.34521,38.28811],[127.34595,38.28832],[127.34639,38.28855],[127.347,38.28904],[127.34771,38.28947],[127.34869,38.28995],[127.3489,38.28872],[127.34858,38.28854],[127.34809,38.28789],[127.34801,38.28743],[127.34904,38.28754],[127.34985,38.28743],[127.35014,38.2868],[127.35042,38.28678],[127.35074,38.28658],[127.35066,38.28637],[127.35079,38.28574],[127.35077,38.28514],[127.35048,38.28502],[127.35063,38.2847],[127.35038,38.28419],[127.35085,38.28375],[127.35125,38.28347],[127.35123,38.28253],[127.35181,38.28211],[127.35237,38.28148],[127.35215,38.28132],[127.35143,38.28021],[127.35045,38.27926],[127.35004,38.27891],[127.34935,38.27748],[127.34893,38.27611],[127.34968,38.2761],[127.34955,38.27547],[127.34936,38.27409],[127.3491,38.27359],[127.34906,38.27315],[127.34909,38.2725],[127.34834,38.2725],[127.34784,38.27051],[127.34761,38.26992],[127.3473,38.2689],[127.34764,38.26851],[127.34863,38.26771],[127.34974,38.26711],[127.35116,38.26625],[127.3514,38.26592],[127.35123,38.2657],[127.35115,38.26507],[127.3517,38.26413],[127.35205,38.26361],[127.35242,38.26321],[127.35293,38.26301],[127.35311,38.26282],[127.35361,38.26268],[127.35372,38.26244],[127.35328,38.26124],[127.35267,38.26048],[127.35243,38.26003],[127.3524,38.25953],[127.35223,38.25907],[127.3516,38.25861],[127.35069,38.25808],[127.35085,38.25771],[127.35164,38.25763],[127.35193,38.25738],[127.35265,38.2578],[127.35282,38.25734],[127.35299,38.25737],[127.35329,38.2578],[127.35356,38.25803],[127.35393,38.25799],[127.35416,38.25768],[127.35447,38.25747],[127.35445,38.25727],[127.35454,38.25638],[127.35436,38.2556],[127.35432,38.25493],[127.35418,38.25467],[127.35407,38.25406],[127.35407,38.2534],[127.35414,38.25272],[127.35355,38.25125],[127.35356,38.25028],[127.35373,38.24983],[127.35383,38.24913],[127.35352,38.2484],[127.35356,38.24776],[127.35366,38.24726],[127.35375,38.24636],[127.35359,38.24603],[127.35237,38.24476],[127.3522,38.24448],[127.35269,38.2419],[127.35276,38.24141],[127.35055,38.24116],[127.35031,38.24083],[127.35099,38.23713],[127.35054,38.23629],[127.35047,38.23587],[127.35059,38.23571],[127.35023,38.23521],[127.3497,38.23464],[127.34997,38.23445],[127.35043,38.23477],[127.35048,38.23497],[127.35132,38.23461],[127.35136,38.23428],[127.35205,38.23366],[127.3522,38.23302],[127.35256,38.23292],[127.35281,38.23273],[127.35249,38.23249],[127.35289,38.23198],[127.35288,38.23156],[127.35365,38.23062],[127.35394,38.23044],[127.35458,38.22976],[127.35452,38.22926],[127.355,38.22902],[127.35517,38.22868],[127.35604,38.22888],[127.35632,38.2288],[127.35675,38.22853],[127.35702,38.22875],[127.35771,38.22875],[127.35838,38.22859],[127.35918,38.22832],[127.35975,38.22761],[127.3602,38.22732],[127.36045,38.22701],[127.36048,38.22662],[127.36074,38.22614],[127.36221,38.22556],[127.3627,38.22453],[127.36337,38.22427],[127.36413,38.22321],[127.3642,38.222],[127.36525,38.22063],[127.36583,38.22005],[127.36588,38.21879],[127.36633,38.21746],[127.36618,38.21703],[127.36573,38.21635],[127.36578,38.21596],[127.36555,38.21579],[127.36514,38.21519],[127.36524,38.21474],[127.36533,38.21394],[127.36558,38.21376],[127.36607,38.21293],[127.3661,38.21218],[127.36672,38.21145],[127.36649,38.21108],[127.36688,38.21047],[127.36704,38.20989],[127.36693,38.20924],[127.36744,38.20848],[127.368,38.20811],[127.3681,38.20791],[127.36854,38.2077],[127.36895,38.20714],[127.36955,38.20711],[127.37048,38.20639],[127.37109,38.20611],[127.37182,38.20598],[127.37218,38.20601],[127.37231,38.20589],[127.37247,38.20546],[127.37278,38.2053],[127.37309,38.20482],[127.37316,38.20421],[127.37414,38.20378],[127.37454,38.2034],[127.37506,38.20375],[127.37576,38.20374],[127.37637,38.20419],[127.3769,38.20483],[127.37708,38.20493],[127.3785,38.20598],[127.37889,38.20606],[127.37931,38.20638],[127.37971,38.20652],[127.37982,38.20682],[127.38036,38.20735],[127.38075,38.20751],[127.38091,38.20773],[127.3817,38.20751],[127.38543,38.20784],[127.38595,38.20825],[127.38681,38.2084],[127.38737,38.20821],[127.38954,38.20846],[127.39112,38.20791],[127.39211,38.20835],[127.39272,38.20879],[127.3945,38.20875],[127.39544,38.20937],[127.39773,38.2088],[127.39875,38.20887],[127.39909,38.2097],[127.40058,38.20991],[127.40191,38.21079],[127.4031,38.21131],[127.40328,38.21193],[127.40382,38.21269],[127.40397,38.21354],[127.40432,38.21368],[127.40469,38.21442],[127.40484,38.2146],[127.40582,38.21471],[127.40631,38.21463],[127.40795,38.21508],[127.40825,38.21529],[127.40942,38.21521],[127.41054,38.21552],[127.41101,38.21588],[127.41186,38.21623],[127.4129,38.21632],[127.41315,38.21677],[127.41324,38.21754],[127.41356,38.21825],[127.41374,38.21942],[127.41391,38.22023],[127.41481,38.22116],[127.41471,38.22211],[127.41429,38.22289],[127.4137,38.22358],[127.41353,38.22428],[127.41322,38.22484],[127.41364,38.22533],[127.4138,38.22597],[127.41467,38.22683],[127.41552,38.2282],[127.41584,38.22886],[127.41813,38.23003],[127.4185,38.23086],[127.41917,38.23162],[127.41952,38.23163],[127.41973,38.23236],[127.42004,38.2328],[127.41976,38.23358],[127.42068,38.23483],[127.42129,38.23578],[127.42184,38.23607],[127.42146,38.2365],[127.42142,38.23693],[127.42065,38.23693],[127.42002,38.23758],[127.41966,38.23785],[127.41932,38.23842],[127.41926,38.23917],[127.41872,38.23973],[127.41837,38.24067],[127.41847,38.24126],[127.41886,38.24187],[127.41875,38.24268],[127.41856,38.24303],[127.41864,38.24332],[127.41844,38.24378],[127.41847,38.24422],[127.41784,38.2443],[127.41741,38.24509],[127.41698,38.2454],[127.41675,38.24586],[127.41674,38.24658],[127.41728,38.24712],[127.41774,38.24681],[127.41821,38.24682],[127.4188,38.24656],[127.4193,38.24607],[127.42035,38.24455],[127.42152,38.24412],[127.42273,38.24406],[127.42294,38.2441],[127.42344,38.2445],[127.42377,38.24506],[127.42433,38.24564],[127.42477,38.24628],[127.4253,38.24681],[127.42595,38.24763],[127.42642,38.24805],[127.42777,38.24898],[127.42918,38.24951],[127.43029,38.2497],[127.4324,38.25014],[127.43262,38.25027],[127.4336,38.25137],[127.43462,38.25286],[127.43492,38.2542],[127.43531,38.25538],[127.43546,38.25607],[127.43582,38.25721],[127.43588,38.25813],[127.43506,38.2586],[127.4343,38.25913],[127.4342,38.25937],[127.43431,38.26009],[127.43453,38.26052],[127.4349,38.26188],[127.43652,38.26292],[127.43714,38.2634],[127.43865,38.26419],[127.43947,38.26464],[127.44025,38.26498],[127.4407,38.26526],[127.44131,38.26543],[127.44205,38.26578],[127.44258,38.2661],[127.44335,38.2667],[127.44432,38.26719],[127.44515,38.26748],[127.44608,38.26818],[127.44643,38.26857],[127.44651,38.26895],[127.44692,38.26924],[127.44811,38.26929],[127.44865,38.26925],[127.44948,38.26903],[127.44991,38.26878],[127.45057,38.26875],[127.45085,38.2688],[127.45125,38.26909],[127.45129,38.26965],[127.45169,38.27024],[127.4526,38.27127],[127.45337,38.27197],[127.4537,38.27215],[127.45442,38.27211],[127.4548,38.27224],[127.45523,38.27253],[127.45594,38.27317],[127.45641,38.27339],[127.45695,38.27335],[127.45754,38.27303],[127.45778,38.27317],[127.45789,38.27345],[127.45837,38.27385],[127.45875,38.27377],[127.4592,38.27414],[127.45962,38.27438],[127.45969,38.27454],[127.46017,38.27457],[127.46076,38.27451],[127.46186,38.27457],[127.46236,38.27465],[127.46309,38.27469],[127.46355,38.27478],[127.46428,38.27482],[127.46437,38.27532],[127.46458,38.27571],[127.46512,38.27648],[127.46585,38.27729],[127.46643,38.27727],[127.46671,38.27718],[127.46778,38.27713],[127.46898,38.27697],[127.46979,38.27715],[127.4705,38.27698],[127.47097,38.27669],[127.47159,38.2767],[127.47207,38.27659],[127.47277,38.27675],[127.47337,38.27666],[127.47348,38.27644],[127.47333,38.27619],[127.47445,38.27601],[127.47514,38.27571],[127.47597,38.27602],[127.47672,38.27596],[127.47726,38.27624],[127.47772,38.27636],[127.47804,38.27657],[127.4783,38.27653],[127.47845,38.27624],[127.4785,38.2758],[127.47935,38.27575],[127.47963,38.27567],[127.47959,38.27518],[127.47965,38.27487],[127.4802,38.27479],[127.48035,38.27451],[127.48068,38.27451],[127.48149,38.27435],[127.4819,38.27438],[127.48258,38.27413],[127.48283,38.27418],[127.48342,38.27401],[127.48377,38.274],[127.48397,38.27413],[127.48484,38.27424],[127.48567,38.27409],[127.48587,38.27395],[127.48654,38.27385],[127.48687,38.27433],[127.48756,38.2743],[127.48832,38.27443],[127.48915,38.2743],[127.48959,38.27412],[127.49032,38.27356],[127.49109,38.27351],[127.49199,38.27328],[127.49223,38.27337],[127.49298,38.27208],[127.49329,38.27172],[127.49425,38.27093],[127.49527,38.27118],[127.4956,38.2716],[127.49592,38.27167],[127.49639,38.2725],[127.49718,38.27333],[127.49769,38.27396],[127.49794,38.27457],[127.49866,38.27461],[127.50083,38.27693],[127.50154,38.27697],[127.50223,38.27755],[127.50257,38.27828],[127.50208,38.27975],[127.50255,38.28031],[127.50259,38.28104],[127.5014,38.28136],[127.50033,38.28148],[127.49959,38.2822],[127.49903,38.28213],[127.49808,38.28269],[127.49664,38.28348],[127.49612,38.2857],[127.49557,38.28647],[127.49507,38.28756],[127.49419,38.28891],[127.49365,38.2894],[127.49321,38.29015],[127.49264,38.29077],[127.49175,38.29149],[127.49088,38.29191],[127.49037,38.29229],[127.48983,38.29252],[127.48886,38.29247],[127.48824,38.29261],[127.48783,38.29297],[127.48738,38.29306],[127.48776,38.29329],[127.48799,38.29354],[127.48802,38.29403],[127.48778,38.29483],[127.48776,38.2951],[127.48795,38.29545],[127.48856,38.29618],[127.48941,38.2966],[127.49005,38.29677],[127.49054,38.29673],[127.49158,38.29625],[127.49215,38.29637],[127.4925,38.29632],[127.49316,38.29639],[127.49352,38.29651],[127.49366,38.29674],[127.49401,38.29693],[127.49475,38.29704],[127.49557,38.29709],[127.49697,38.29747],[127.49806,38.29808],[127.49863,38.29852],[127.49971,38.29875],[127.50063,38.29907],[127.50095,38.29923],[127.50127,38.29974],[127.50172,38.30078]]]},"properties":{"code":"32560120","name":"김화읍"}},{"type":"Feature","geometry":{"type":"MultiPolygon","coordinates":[[[[127.34216,38.28942],[127.34144,38.28902],[127.34054,38.28873],[127.33905,38.28819],[127.33794,38.28789],[127.33663,38.28715],[127.33556,38.28636],[127.33387,38.2855],[127.33209,38.28484],[127.33077,38.28415],[127.32854,38.28288],[127.32754,38.28229],[127.32712,38.2821],[127.32646,38.28171],[127.32601,38.28025],[127.3251,38.27878],[127.32326,38.27744],[127.32305,38.27732],[127.32077,38.2766],[127.31998,38.27581],[127.31911,38.27482],[127.31869,38.27409],[127.31757,38.27299],[127.31735,38.27285],[127.31593,38.27237],[127.31448,38.27181],[127.31237,38.27135],[127.31144,38.27107],[127.30864,38.27005],[127.30641,38.26927],[127.30562,38.26906],[127.3036,38.26871],[127.30303,38.26834],[127.30274,38.26789],[127.30128,38.26671],[127.3003,38.2658],[127.29944,38.26488],[127.29788,38.26391],[127.29722,38.26345],[127.2961,38.26189],[127.29581,38.26145],[127.29476,38.26053],[127.29364,38.2598],[127.29267,38.25942],[127.29128,38.25928],[127.2901,38.25899],[127.2892,38.25857],[127.28875,38.25825],[127.28854,38.25653],[127.28821,38.25464],[127.28815,38.25402],[127.28802,38.25342],[127.28807,38.25289],[127.28852,38.25147],[127.28833,38.25068],[127.28811,38.25035],[127.28749,38.24987],[127.2872,38.24927],[127.28638,38.2489],[127.28544,38.24895],[127.28528,38.24901],[127.28491,38.24943],[127.28477,38.25027],[127.28472,38.25105],[127.28474,38.25209],[127.28504,38.25311],[127.28501,38.2534],[127.28445,38.25466],[127.28393,38.25518],[127.28346,38.25555],[127.28294,38.25552],[127.28163,38.25516],[127.28037,38.25457],[127.27979,38.25438],[127.27847,38.2541],[127.27765,38.25378],[127.27643,38.25352],[127.27479,38.25261],[127.27374,38.25212],[127.27249,38.25049],[127.27213,38.24976],[127.27213,38.24895],[127.27323,38.24743],[127.27299,38.24677],[127.27031,38.24393],[127.27095,38.24331],[127.26931,38.24233],[127.2684,38.24217],[127.26786,38.24216],[127.26546,38.24378],[127.26388,38.24491],[127.26311,38.24522],[127.26324,38.24551],[127.26207,38.24614],[127.26074,38.24673],[127.25896,38.24637],[127.25834,38.24548],[127.25821,38.24501],[127.25826,38.24373],[127.25758,38.24223],[127.25721,38.24081],[127.25695,38.23707],[127.25674,38.23484],[127.25547,38.23419],[127.25488,38.23308],[127.25443,38.23208],[127.25384,38.23044],[127.25397,38.22982],[127.25419,38.2295],[127.25515,38.2286],[127.25605,38.22789],[127.25699,38.22719],[127.25774,38.22673],[127.25836,38.22641],[127.25952,38.22607],[127.25985,38.22589],[127.2604,38.22524],[127.26102,38.22467],[127.26125,38.22421],[127.26274,38.22315],[127.26344,38.22276],[127.26412,38.22227],[127.26406,38.2213],[127.26343,38.221],[127.26187,38.22064],[127.26127,38.2203],[127.26115,38.2199],[127.26144,38.21947],[127.26249,38.21867],[127.26264,38.21825],[127.2628,38.21732],[127.26281,38.21625],[127.26333,38.21507],[127.26348,38.21342],[127.26369,38.21321],[127.26476,38.21265],[127.26585,38.21167],[127.26673,38.21079],[127.26665,38.20961],[127.26672,38.20913],[127.26663,38.20813],[127.26669,38.20785],[127.26727,38.20718],[127.2684,38.20651],[127.26909,38.20607],[127.26962,38.20424],[127.27013,38.2035],[127.27078,38.20298],[127.27116,38.20282],[127.27282,38.20236],[127.2736,38.2016],[127.27477,38.20073],[127.27634,38.20089],[127.27789,38.20094],[127.27748,38.20054],[127.27828,38.19991],[127.27846,38.19899],[127.27844,38.19832],[127.27862,38.19772],[127.27915,38.19644],[127.28009,38.19571],[127.28042,38.19535],[127.28205,38.1934],[127.28193,38.1931],[127.28268,38.1914],[127.28319,38.19114],[127.28366,38.19109],[127.28445,38.19025],[127.28614,38.19012],[127.28691,38.19017],[127.28768,38.1901],[127.28943,38.1902],[127.29028,38.19056],[127.29115,38.19082],[127.29591,38.19065],[127.29621,38.1906],[127.29756,38.19006],[127.29861,38.18976],[127.29972,38.18927],[127.30011,38.18902],[127.30029,38.18869],[127.30038,38.18758],[127.30024,38.18714],[127.2998,38.18625],[127.29964,38.18615],[127.29755,38.18577],[127.2974,38.1857],[127.29701,38.18472],[127.29617,38.18412],[127.29594,38.18369],[127.2956,38.1835],[127.29455,38.18268],[127.29266,38.18302],[127.29183,38.18445],[127.29114,38.18528],[127.28885,38.18518],[127.28791,38.18451],[127.28701,38.18317],[127.28688,38.18088],[127.28694,38.18063],[127.28652,38.18004],[127.28611,38.18027],[127.28611,38.17953],[127.28636,38.17898],[127.28672,38.17898],[127.28728,38.17836],[127.28765,38.17812],[127.28782,38.17736],[127.28843,38.177],[127.2885,38.1768],[127.28914,38.17753],[127.29004,38.17736],[127.29073,38.17694],[127.29179,38.17689],[127.29311,38.17726],[127.29399,38.17728],[127.29533,38.1769],[127.29672,38.17674],[127.29774,38.17628],[127.29799,38.1752],[127.29619,38.17248],[127.29425,38.17173],[127.2927,38.17177],[127.29074,38.17014],[127.289,38.16946],[127.28824,38.16799],[127.28871,38.16597],[127.28857,38.16456],[127.28737,38.16456],[127.28731,38.1642],[127.28699,38.16367],[127.28705,38.1621],[127.287,38.16139],[127.28674,38.16091],[127.28632,38.16047],[127.28538,38.16026],[127.28461,38.16045],[127.28405,38.15949],[127.28384,38.15807],[127.28401,38.15735],[127.28477,38.15594],[127.2849,38.15541],[127.28525,38.15508],[127.28539,38.15449],[127.2855,38.15436],[127.28557,38.15388],[127.28614,38.15351],[127.28641,38.15264],[127.28602,38.15179],[127.28582,38.15088],[127.28542,38.15032],[127.28466,38.14946],[127.2845,38.14806],[127.28426,38.14685],[127.28373,38.14635],[127.28358,38.14604],[127.28283,38.14509],[127.28236,38.14481],[127.28195,38.14374],[127.28074,38.14296],[127.27974,38.14254],[127.27928,38.14192],[127.27845,38.14132],[127.278,38.14074],[127.2774,38.14042],[127.27719,38.1401],[127.27644,38.13952],[127.27591,38.1389],[127.27542,38.13813],[127.27523,38.13758],[127.27501,38.13728],[127.27484,38.13671],[127.27486,38.13649],[127.27462,38.13583],[127.27454,38.13478],[127.27478,38.13432],[127.27472,38.1339],[127.27528,38.13345],[127.27607,38.13295],[127.27632,38.13265],[127.27643,38.13168],[127.27626,38.1311],[127.27631,38.13027],[127.27667,38.12925],[127.27678,38.1288],[127.27678,38.12804],[127.27633,38.12671],[127.27575,38.12486],[127.27581,38.12418],[127.27623,38.12441],[127.2765,38.12472],[127.2772,38.12493],[127.27735,38.12474],[127.27777,38.12489],[127.27799,38.12466],[127.27846,38.12455],[127.2787,38.1247],[127.27867,38.12495],[127.27965,38.12513],[127.28057,38.12514],[127.28068,38.1254],[127.28142,38.12494],[127.28199,38.12425],[127.28162,38.12351],[127.28166,38.12316],[127.28208,38.12299],[127.28238,38.12231],[127.2827,38.12212],[127.28311,38.12208],[127.28294,38.1215],[127.28312,38.12133],[127.28276,38.12116],[127.28249,38.12081],[127.28203,38.12034],[127.28235,38.11977],[127.28245,38.11944],[127.2824,38.11911],[127.28218,38.11886],[127.28227,38.1183],[127.28282,38.1183],[127.28288,38.11814],[127.28289,38.11694],[127.28275,38.11649],[127.28456,38.1161],[127.28522,38.11552],[127.28558,38.11528],[127.28609,38.11429],[127.28655,38.1148],[127.2875,38.11517],[127.28814,38.11582],[127.28833,38.11625],[127.28857,38.1164],[127.28904,38.11634],[127.28896,38.11605],[127.28923,38.11569],[127.28957,38.11552],[127.29021,38.11546],[127.29039,38.11537],[127.29167,38.11535],[127.29123,38.11445],[127.29171,38.11443],[127.29229,38.11431],[127.29255,38.11415],[127.29299,38.11451],[127.29375,38.11479],[127.29395,38.11473],[127.29428,38.11484],[127.29446,38.1151],[127.29516,38.11516],[127.29536,38.11498],[127.29605,38.11512],[127.29613,38.11528],[127.29669,38.11555],[127.29708,38.11591],[127.29727,38.11587],[127.29849,38.11589],[127.29895,38.11585],[127.29926,38.1155],[127.30011,38.11527],[127.30059,38.11523],[127.30089,38.1155],[127.30135,38.11544],[127.30197,38.11524],[127.30229,38.1153],[127.30242,38.11551],[127.30269,38.11558],[127.30305,38.11549],[127.30332,38.11563],[127.30414,38.11574],[127.3045,38.11546],[127.30474,38.11543],[127.30489,38.11566],[127.30531,38.1158],[127.30557,38.116],[127.30632,38.11633],[127.30642,38.11679],[127.30696,38.11758],[127.30763,38.11799],[127.30744,38.11863],[127.30755,38.11902],[127.30807,38.11881],[127.30821,38.11863],[127.30894,38.11819],[127.30953,38.11828],[127.30982,38.11803],[127.31017,38.11737],[127.3102,38.11705],[127.3106,38.11675],[127.31078,38.11643],[127.3111,38.11627],[127.31137,38.11593],[127.31144,38.1156],[127.31172,38.11486],[127.31127,38.1146],[127.31099,38.11429],[127.31119,38.11397],[127.31147,38.11375],[127.31163,38.11315],[127.31157,38.11279],[127.31173,38.11259],[127.31206,38.11245],[127.31197,38.11162],[127.3123,38.11131],[127.31255,38.11082],[127.31262,38.11039],[127.31231,38.10972],[127.31211,38.10945],[127.31252,38.10893],[127.31268,38.10836],[127.31244,38.10792],[127.3128,38.10758],[127.3128,38.10743],[127.31309,38.10684],[127.3135,38.1064],[127.31348,38.10601],[127.31387,38.10579],[127.31409,38.10543],[127.31444,38.10515],[127.31442,38.10465],[127.31471,38.10425],[127.31508,38.10414],[127.31519,38.10377],[127.31556,38.10318],[127.31601,38.10262],[127.31633,38.10202],[127.31635,38.10167],[127.31623,38.10145],[127.31644,38.10116],[127.31646,38.10091],[127.31623,38.10074],[127.31631,38.09958],[127.31643,38.09941],[127.31626,38.09902],[127.31627,38.09864],[127.31659,38.09857],[127.31695,38.09827],[127.31755,38.09828],[127.31779,38.09789],[127.31787,38.09752],[127.31841,38.09694],[127.31862,38.09687],[127.31898,38.09641],[127.31919,38.09644],[127.31992,38.096],[127.32036,38.09558],[127.3202,38.0953],[127.32067,38.09468],[127.32104,38.09463],[127.32158,38.09479],[127.32265,38.09473],[127.32342,38.09492],[127.3245,38.0947],[127.32479,38.0946],[127.32652,38.09464],[127.32741,38.09447],[127.32872,38.09438],[127.32942,38.09415],[127.33034,38.09355],[127.33079,38.09297],[127.332,38.09199],[127.33291,38.0914],[127.33598,38.09034],[127.33696,38.08977],[127.33762,38.09007],[127.33838,38.09134],[127.33875,38.09213],[127.33887,38.09268],[127.33879,38.09404],[127.33829,38.09586],[127.33831,38.09638],[127.33841,38.09686],[127.33901,38.09797],[127.33914,38.09851],[127.33927,38.10077],[127.33977,38.10129],[127.34098,38.10181],[127.34297,38.10224],[127.34518,38.10259],[127.3456,38.10288],[127.34623,38.10388],[127.34655,38.10421],[127.34763,38.1047],[127.34813,38.10483],[127.3489,38.10472],[127.35031,38.10418],[127.35068,38.10411],[127.35145,38.10445],[127.35185,38.10488],[127.35208,38.10499],[127.35342,38.10416],[127.35377,38.10413],[127.35438,38.10443],[127.35597,38.10581],[127.35634,38.10596],[127.35866,38.10622],[127.36101,38.10666],[127.3612,38.1068],[127.36171,38.10686],[127.3622,38.10709],[127.36303,38.10685],[127.36378,38.10699],[127.36434,38.10718],[127.36594,38.10693],[127.36664,38.10724],[127.3666,38.10762],[127.36678,38.10819],[127.36738,38.10843],[127.36782,38.1083],[127.3686,38.10888],[127.36905,38.10891],[127.36996,38.10924],[127.37103,38.11004],[127.37136,38.11015],[127.37184,38.1105],[127.37187,38.11113],[127.3722,38.11126],[127.37233,38.11194],[127.37225,38.11231],[127.37237,38.11273],[127.3721,38.11307],[127.37206,38.11339],[127.37221,38.11374],[127.37278,38.11408],[127.37275,38.1143],[127.37299,38.1145],[127.37339,38.1146],[127.37404,38.11495],[127.37448,38.11534],[127.37476,38.11571],[127.37521,38.11592],[127.3764,38.11712],[127.37698,38.11756],[127.37705,38.11777],[127.37776,38.11781],[127.37805,38.11809],[127.37861,38.11843],[127.37871,38.11837],[127.37913,38.11914],[127.3793,38.11934],[127.37942,38.12025],[127.37966,38.12109],[127.37984,38.12247],[127.38079,38.12332],[127.38095,38.12376],[127.38139,38.12409],[127.38143,38.12461],[127.38147,38.12685],[127.38032,38.12911],[127.38045,38.12994],[127.37946,38.1314],[127.37969,38.13259],[127.37888,38.13355],[127.37948,38.13404],[127.37927,38.13449],[127.37875,38.13515],[127.379,38.13608],[127.37857,38.13676],[127.37866,38.13737],[127.37859,38.13756],[127.37871,38.13909],[127.37901,38.13971],[127.3789,38.13999],[127.37824,38.14079],[127.37792,38.14107],[127.3778,38.1418],[127.37747,38.14206],[127.37779,38.1432],[127.37728,38.14455],[127.3768,38.14568],[127.37602,38.14701],[127.37567,38.14796],[127.37456,38.14971],[127.37306,38.15127],[127.3718,38.15324],[127.37148,38.15437],[127.37159,38.15505],[127.37145,38.15533],[127.37173,38.15574],[127.37175,38.15656],[127.3714,38.15728],[127.37059,38.15857],[127.37015,38.15917],[127.37004,38.16002],[127.37035,38.16064],[127.37042,38.16128],[127.37108,38.16194],[127.37222,38.16232],[127.37379,38.16245],[127.37648,38.16312],[127.37779,38.16314],[127.37874,38.16347],[127.37911,38.16346],[127.37957,38.1642],[127.37993,38.16462],[127.38052,38.16487],[127.38145,38.16457],[127.38218,38.16485],[127.38244,38.1652],[127.383,38.16546],[127.38349,38.16615],[127.38439,38.16652],[127.38474,38.1672],[127.3865,38.16666],[127.38766,38.16657],[127.38796,38.16633],[127.38862,38.16663],[127.38893,38.16687],[127.38973,38.16735],[127.3901,38.16821],[127.38975,38.16879],[127.38993,38.16932],[127.39085,38.17001],[127.39121,38.17091],[127.39251,38.17154],[127.39254,38.17179],[127.39366,38.1727],[127.39396,38.17259],[127.39556,38.17275],[127.39584,38.17323],[127.3972,38.17408],[127.39729,38.17424],[127.39796,38.17466],[127.39846,38.17471],[127.3986,38.17481],[127.39897,38.17447],[127.39964,38.17442],[127.40029,38.17484],[127.4011,38.17449],[127.4022,38.17336],[127.40236,38.17377],[127.40227,38.17406],[127.40269,38.17509],[127.40279,38.17517],[127.40265,38.17552],[127.40291,38.17569],[127.40267,38.17599],[127.40285,38.1763],[127.40211,38.17737],[127.40252,38.17841],[127.40223,38.17974],[127.40247,38.18053],[127.40218,38.18088],[127.40262,38.18165],[127.40293,38.1833],[127.40262,38.18384],[127.40282,38.18438],[127.4024,38.18481],[127.40225,38.18516],[127.40251,38.18532],[127.40209,38.18643],[127.40202,38.18705],[127.40253,38.18718],[127.40264,38.18732],[127.40338,38.18755],[127.40354,38.18784],[127.40423,38.18809],[127.40466,38.18861],[127.40436,38.18977],[127.40416,38.19015],[127.40547,38.19098],[127.40584,38.19104],[127.40597,38.19183],[127.40641,38.19337],[127.40623,38.19371],[127.40637,38.19412],[127.40514,38.19537],[127.40561,38.19633],[127.40285,38.19973],[127.40281,38.20004],[127.4029,38.20142],[127.4031,38.2019],[127.40331,38.20292],[127.4029,38.20358],[127.40269,38.20435],[127.40195,38.20486],[127.401,38.20589],[127.40068,38.20662],[127.40043,38.20686],[127.40036,38.20745],[127.40006,38.20793],[127.39875,38.20887],[127.39773,38.2088],[127.39544,38.20937],[127.3945,38.20875],[127.39272,38.20879],[127.39211,38.20835],[127.39112,38.20791],[127.38954,38.20846],[127.38737,38.20821],[127.38681,38.2084],[127.38595,38.20825],[127.38543,38.20784],[127.3817,38.20751],[127.38091,38.20773],[127.38075,38.20751],[127.38036,38.20735],[127.37982,38.20682],[127.37971,38.20652],[127.37931,38.20638],[127.37889,38.20606],[127.3785,38.20598],[127.37708,38.20493],[127.3769,38.20483],[127.37637,38.20419],[127.37576,38.20374],[127.37506,38.20375],[127.37454,38.2034],[127.37414,38.20378],[127.37316,38.20421],[127.37309,38.20482],[127.37278,38.2053],[127.37247,38.20546],[127.37231,38.20589],[127.37218,38.20601],[127.37182,38.20598],[127.37109,38.20611],[127.37048,38.20639],[127.36955,38.20711],[127.36895,38.20714],[127.36854,38.2077],[127.3681,38.20791],[127.368,38.20811],[127.36744,38.20848],[127.36693,38.20924],[127.36704,38.20989],[127.36688,38.21047],[127.36649,38.21108],[127.36672,38.21145],[127.3661,38.21218],[127.36607,38.21293],[127.36558,38.21376],[127.36533,38.21394],[127.36524,38.21474],[127.36514,38.21519],[127.36555,38.21579],[127.36578,38.21596],[127.36573,38.21635],[127.36618,38.21703],[127.36633,38.21746],[127.36588,38.21879],[127.36583,38.22005],[127.36525,38.22063],[127.3642,38.222],[127.36413,38.22321],[127.36337,38.22427],[127.3627,38.22453],[127.36221,38.22556],[127.36074,38.22614],[127.36048,38.22662],[127.36045,38.22701],[127.3602,38.22732],[127.35975,38.22761],[127.35918,38.22832],[127.35838,38.22859],[127.35771,38.22875],[127.35702,38.22875],[127.35675,38.22853],[127.35632,38.2288],[127.35604,38.22888],[127.35517,38.22868],[127.355,38.22902],[127.35452,38.22926],[127.35458,38.22976],[127.35394,38.23044],[127.35365,38.23062],[127.35288,38.23156],[127.35289,38.23198],[127.35249,38.23249],[127.35281,38.23273],[127.35256,38.23292],[127.3522,38.23302],[127.35205,38.23366],[127.35136,38.23428],[127.35132,38.23461],[127.35048,38.23497],[127.35043,38.23477],[127.34997,38.23445],[127.3497,38.23464],[127.35023,38.23521],[127.35059,38.23571],[127.35047,38.23587],[127.35054,38.23629],[127.35099,38.23713],[127.35031,38.24083],[127.35055,38.24116],[127.35276,38.24141],[127.35269,38.2419],[127.3522,38.24448],[127.35237,38.24476],[127.35359,38.24603],[127.35375,38.24636],[127.35366,38.24726],[127.35356,38.24776],[127.35352,38.2484],[127.35383,38.24913],[127.35373,38.24983],[127.35356,38.25028],[127.35355,38.25125],[127.35414,38.25272],[127.35407,38.2534],[127.35407,38.25406],[127.35418,38.25467],[127.35432,38.25493],[127.35436,38.2556],[127.35454,38.25638],[127.35445,38.25727],[127.35447,38.25747],[127.35416,38.25768],[127.35393,38.25799],[127.35356,38.25803],[127.35329,38.2578],[127.35299,38.25737],[127.35282,38.25734],[127.35265,38.2578],[127.35193,38.25738],[127.35164,38.25763],[127.35085,38.25771],[127.35069,38.25808],[127.3516,38.25861],[127.35223,38.25907],[127.3524,38.25953],[127.35243,38.26003],[127.35267,38.26048],[127.35328,38.26124],[127.35372,38.26244],[127.35361,38.26268],[127.35311,38.26282],[127.35293,38.26301],[127.35242,38.26321],[127.35205,38.26361],[127.3517,38.26413],[127.35115,38.26507],[127.35123,38.2657],[127.3514,38.26592],[127.35116,38.26625],[127.34974,38.26711],[127.34863,38.26771],[127.34764,38.26851],[127.3473,38.2689],[127.34761,38.26992],[127.34784,38.27051],[127.34834,38.2725],[127.34909,38.2725],[127.34906,38.27315],[127.3491,38.27359],[127.34936,38.27409],[127.34955,38.27547],[127.34968,38.2761],[127.34893,38.27611],[127.34935,38.27748],[127.35004,38.27891],[127.35045,38.27926],[127.35143,38.28021],[127.35215,38.28132],[127.35237,38.28148],[127.35181,38.28211],[127.35123,38.28253],[127.35125,38.28347],[127.35085,38.28375],[127.35038,38.28419],[127.35063,38.2847],[127.35048,38.28502],[127.35077,38.28514],[127.35079,38.28574],[127.35066,38.28637],[127.35074,38.28658],[127.35042,38.28678],[127.35014,38.2868],[127.34985,38.28743],[127.34904,38.28754],[127.34801,38.28743],[127.34809,38.28789],[127.34858,38.28854],[127.3489,38.28872],[127.34869,38.28995],[127.34771,38.28947],[127.347,38.28904],[127.34639,38.28855],[127.34595,38.28832],[127.34521,38.28811],[127.3448,38.28809],[127.34384,38.28876],[127.34216,38.28942]]],[[[127.34216,38.28942],[127.34369,38.29],[127.34474,38.29051],[127.34616,38.29138],[127.34745,38.29247],[127.34832,38.29307],[127.35117,38.29465],[127.35356,38.2963],[127.35514,38.29771],[127.35614,38.29855],[127.35659,38.29908],[127.35693,38.29987],[127.35681,38.30044],[127.35556,38.30158],[127.35477,38.30189],[127.35497,38.30234],[127.35465,38.30255],[127.35432,38.30258],[127.35372,38.30289],[127.35354,38.30317],[127.35332,38.30325],[127.3532,38.3037],[127.35348,38.3042],[127.35372,38.30445],[127.35468,38.30524],[127.35692,38.30682],[127.35793,38.308],[127.35882,38.30935],[127.35946,38.31054],[127.35957,38.31102],[127.35914,38.31176],[127.35871,38.31232],[127.35862,38.31261],[127.35857,38.31331],[127.35829,38.31358],[127.3582,38.31388],[127.35913,38.31476],[127.35945,38.31487],[127.36109,38.31496],[127.36374,38.31542],[127.36445,38.31556],[127.36544,38.31608],[127.36583,38.3166],[127.36669,38.31805],[127.36669,38.31904],[127.36659,38.31945],[127.36595,38.32088],[127.36499,38.32152],[127.36457,38.32169],[127.36423,38.32157],[127.36324,38.32164],[127.36285,38.32159],[127.36239,38.322],[127.36184,38.32227],[127.36184,38.32257],[127.36225,38.32313],[127.36252,38.32317],[127.36254,38.32364],[127.36286,38.32377],[127.36365,38.32455],[127.36395,38.32553],[127.36383,38.32613],[127.3633,38.32584],[127.36326,38.32555],[127.36303,38.32558],[127.36285,38.32469],[127.36214,38.32447],[127.36196,38.32406],[127.36137,38.32439],[127.36098,38.32449],[127.36072,38.32439],[127.36057,38.32463],[127.36051,38.32502],[127.36027,38.32522],[127.35992,38.32525],[127.35948,38.32547],[127.35917,38.32576],[127.35874,38.32591],[127.35813,38.32624],[127.35767,38.32623],[127.3553,38.32758],[127.35434,38.32765],[127.35373,38.32779],[127.35294,38.32778],[127.35244,38.32771],[127.35208,38.32791],[127.35171,38.32796],[127.35111,38.32786],[127.35119,38.3274],[127.35059,38.32693],[127.34891,38.32692],[127.34894,38.32723],[127.34885,38.32753],[127.34787,38.32795],[127.34816,38.32823],[127.34821,38.3285],[127.34744,38.32865],[127.34558,38.32861],[127.34478,38.32871],[127.34425,38.32861],[127.34432,38.32838],[127.34409,38.32777],[127.34429,38.32742],[127.34478,38.32738],[127.34194,38.32562],[127.33977,38.32462],[127.33934,38.32448],[127.33933,38.32494],[127.33895,38.32499],[127.3389,38.3246],[127.33857,38.32415],[127.33827,38.32399],[127.33807,38.32375],[127.33786,38.32401],[127.33706,38.32375],[127.33252,38.32026],[127.33165,38.31988],[127.331,38.31979],[127.33048,38.31949],[127.33015,38.31952],[127.32982,38.31938],[127.32954,38.3189],[127.32888,38.31864],[127.32883,38.31847],[127.32843,38.3183],[127.32824,38.31835],[127.32719,38.31832],[127.32608,38.3188],[127.32577,38.31882],[127.32551,38.31902],[127.32531,38.31941],[127.32466,38.31979],[127.32456,38.31976],[127.32406,38.32047],[127.32396,38.3202],[127.32409,38.31989],[127.32471,38.31882],[127.32465,38.31869],[127.32415,38.31855],[127.32374,38.31933],[127.32292,38.31968],[127.32253,38.31963],[127.32237,38.31947],[127.32159,38.31945],[127.32103,38.31932],[127.32089,38.31951],[127.31492,38.31874],[127.31244,38.31758],[127.31287,38.31568],[127.31225,38.31504],[127.31178,38.31357],[127.31187,38.31216],[127.31231,38.31196],[127.31287,38.31162],[127.31303,38.3114],[127.31363,38.31106],[127.31378,38.31105],[127.31398,38.31029],[127.31348,38.30848],[127.31369,38.30812],[127.31366,38.30729],[127.31431,38.30685],[127.31267,38.30543],[127.31397,38.30252],[127.31489,38.30135],[127.31564,38.29943],[127.3157,38.29858],[127.3158,38.29813],[127.31605,38.29764],[127.31623,38.29708],[127.31709,38.29685],[127.31735,38.29667],[127.31775,38.29621],[127.31784,38.29591],[127.31833,38.29557],[127.31831,38.29536],[127.31866,38.29531],[127.3191,38.29511],[127.31962,38.29464],[127.3198,38.29432],[127.32024,38.29413],[127.32028,38.29382],[127.32076,38.29371],[127.32155,38.29337],[127.32195,38.29304],[127.32227,38.29299],[127.32244,38.29271],[127.32247,38.2923],[127.32262,38.2922],[127.32302,38.29146],[127.32303,38.29092],[127.32355,38.29065],[127.32381,38.29059],[127.3238,38.29018],[127.32343,38.28995],[127.32308,38.28932],[127.32346,38.28922],[127.32353,38.28898],[127.32409,38.28844],[127.32411,38.28821],[127.32395,38.28792],[127.32392,38.28742],[127.32382,38.28732],[127.3242,38.28688],[127.32459,38.2861],[127.32449,38.28574],[127.32476,38.28561],[127.32476,38.28537],[127.32496,38.28513],[127.3253,38.28503],[127.32557,38.28481],[127.32663,38.28498],[127.32838,38.28533],[127.33016,38.28563],[127.33123,38.28585],[127.3328,38.28652],[127.3334,38.2869],[127.33418,38.28716],[127.33587,38.28806],[127.33697,38.28846],[127.33769,38.28866],[127.33948,38.28908],[127.33983,38.28876],[127.34018,38.28889],[127.34057,38.28932],[127.34207,38.29001],[127.34216,38.28942]]]]},"properties":{"code":"32560130","name":"갈말읍"}},{"type":"Feature","geometry":{"type":"Polygon","coordinates":[[[127.31244,38.31758],[127.30944,38.31718],[127.30638,38.31736],[127.30551,38.3169],[127.30422,38.31514],[127.30381,38.3152],[127.30358,38.31478],[127.30325,38.3146],[127.30304,38.3143],[127.3025,38.31403],[127.30239,38.31385],[127.30157,38.31354],[127.30093,38.31316],[127.30026,38.31298],[127.29963,38.31292],[127.29944,38.31297],[127.2999,38.3135],[127.29966,38.31375],[127.29955,38.31411],[127.29935,38.31427],[127.29881,38.31425],[127.29846,38.31398],[127.29797,38.31387],[127.29809,38.31479],[127.2982,38.31512],[127.29844,38.31543],[127.29863,38.3161],[127.2986,38.31644],[127.29809,38.31762],[127.29807,38.31801],[127.29766,38.31805],[127.29781,38.31768],[127.29763,38.31749],[127.29743,38.3169],[127.29757,38.3166],[127.29743,38.31652],[127.29161,38.3225],[127.29036,38.32313],[127.28791,38.32372],[127.28805,38.32389],[127.28811,38.32431],[127.28794,38.32436],[127.28789,38.32524],[127.28765,38.32564],[127.28672,38.32578],[127.28624,38.32541],[127.28573,38.32579],[127.28563,38.32618],[127.28546,38.32645],[127.28402,38.32692],[127.2833,38.32597],[127.283,38.32613],[127.28263,38.32606],[127.28214,38.32583],[127.28195,38.32563],[127.28205,38.32546],[127.28184,38.32527],[127.2813,38.32522],[127.28116,38.32494],[127.27871,38.32524],[127.2789,38.32538],[127.27878,38.32602],[127.27864,38.32639],[127.27866,38.32725],[127.27792,38.32696],[127.27695,38.32628],[127.27663,38.32624],[127.27641,38.326],[127.2761,38.32589],[127.27592,38.3257],[127.27559,38.32582],[127.27451,38.32566],[127.27386,38.32584],[127.27338,38.32625],[127.27351,38.32676],[127.27315,38.32654],[127.27291,38.32701],[127.27232,38.32739],[127.27252,38.32753],[127.27187,38.32802],[127.27084,38.32751],[127.27072,38.32695],[127.27001,38.32691],[127.27005,38.32674],[127.26879,38.32671],[127.26663,38.32711],[127.26474,38.32728],[127.26385,38.32732],[127.26347,38.32747],[127.26315,38.32782],[127.2625,38.32804],[127.26227,38.32755],[127.26187,38.32741],[127.26144,38.32716],[127.26143,38.32695],[127.261,38.32689],[127.26119,38.32747],[127.26093,38.32791],[127.26048,38.32754],[127.26013,38.32741],[127.25992,38.32772],[127.25938,38.32756],[127.25909,38.32729],[127.25857,38.32708],[127.25798,38.32668],[127.25732,38.32727],[127.25795,38.32784],[127.25781,38.32799],[127.25656,38.32784],[127.25624,38.32794],[127.25606,38.32816],[127.25583,38.32804],[127.25585,38.32783],[127.25539,38.32717],[127.25512,38.32752],[127.25469,38.32747],[127.25443,38.32705],[127.25414,38.32675],[127.25389,38.32708],[127.25347,38.32718],[127.25373,38.32784],[127.25354,38.32804],[127.25325,38.32793],[127.25287,38.32825],[127.2528,38.32845],[127.25311,38.32861],[127.25262,38.32885],[127.25303,38.32903],[127.25276,38.32993],[127.25246,38.32998],[127.25171,38.32993],[127.25136,38.32952],[127.25194,38.3292],[127.25168,38.3289],[127.25141,38.32906],[127.25102,38.32902],[127.25086,38.32886],[127.25032,38.32878],[127.24999,38.32862],[127.24987,38.32825],[127.24915,38.32832],[127.24855,38.3282],[127.24843,38.32874],[127.2485,38.3291],[127.24828,38.32993],[127.24795,38.33001],[127.24744,38.33002],[127.2472,38.32918],[127.24675,38.32953],[127.24669,38.33013],[127.24619,38.33012],[127.24541,38.33031],[127.2453,38.33059],[127.24535,38.33113],[127.24569,38.33135],[127.24565,38.33179],[127.24542,38.3317],[127.24531,38.33205],[127.24504,38.33246],[127.24471,38.3314],[127.24421,38.33144],[127.24424,38.33176],[127.24403,38.33188],[127.24371,38.33139],[127.24351,38.33135],[127.24311,38.33157],[127.24311,38.33197],[127.24331,38.33224],[127.24318,38.33237],[127.24274,38.33244],[127.2427,38.33314],[127.24236,38.33313],[127.24219,38.33296],[127.24151,38.33274],[127.24061,38.33266],[127.24014,38.33257],[127.23909,38.33199],[127.23885,38.33182],[127.23845,38.33176],[127.23826,38.33075],[127.23776,38.33063],[127.23776,38.33019],[127.23767,38.32962],[127.23753,38.32939],[127.23771,38.3289],[127.23772,38.32841],[127.23759,38.32794],[127.23753,38.32724],[127.23727,38.3262],[127.23728,38.32525],[127.23707,38.32448],[127.23701,38.32408],[127.23682,38.3238],[127.23654,38.32364],[127.23627,38.32333],[127.2359,38.32272],[127.23502,38.32208],[127.23488,38.32186],[127.23466,38.32123],[127.23454,38.32054],[127.23451,38.31989],[127.23442,38.31934],[127.234,38.31806],[127.23384,38.31688],[127.23368,38.31646],[127.23374,38.31603],[127.23356,38.31508],[127.23313,38.31482],[127.2329,38.3138],[127.23254,38.31336],[127.23221,38.31312],[127.23191,38.31274],[127.23162,38.31219],[127.23153,38.31184],[127.2324,38.3113],[127.23239,38.31119],[127.23141,38.31019],[127.23069,38.30941],[127.23055,38.30889],[127.23021,38.30854],[127.22953,38.30751],[127.22947,38.30719],[127.22907,38.30721],[127.22905,38.30689],[127.2289,38.30672],[127.22848,38.30669],[127.22777,38.30594],[127.22753,38.30535],[127.22742,38.30436],[127.2271,38.30377],[127.22706,38.30344],[127.22667,38.30286],[127.22661,38.30242],[127.22638,38.30184],[127.22632,38.30121],[127.22622,38.3008],[127.22622,38.30044],[127.2249,38.299],[127.22466,38.29827],[127.22471,38.29803],[127.22424,38.29725],[127.22422,38.29702],[127.22307,38.29526],[127.22258,38.29443],[127.22243,38.29352],[127.22223,38.29298],[127.22192,38.29263],[127.22127,38.29159],[127.22111,38.29117],[127.22115,38.2902],[127.22124,38.28974],[127.22127,38.28909],[127.221,38.28822],[127.22085,38.2879],[127.2203,38.28754],[127.21931,38.28723],[127.219,38.28719],[127.21831,38.28696],[127.21782,38.28669],[127.21748,38.28598],[127.21754,38.28519],[127.21763,38.28488],[127.21791,38.28448],[127.21904,38.28393],[127.21913,38.28362],[127.2187,38.28305],[127.21837,38.28278],[127.21794,38.28216],[127.21783,38.28107],[127.21742,38.2797],[127.2174,38.27954],[127.21771,38.27858],[127.21808,38.27776],[127.21838,38.27737],[127.21942,38.27673],[127.22027,38.27609],[127.22063,38.27571],[127.2201,38.2734],[127.21977,38.27264],[127.21882,38.27196],[127.21836,38.27155],[127.2179,38.27165],[127.21748,38.27108],[127.21706,38.27087],[127.21665,38.27081],[127.21609,38.27051],[127.21569,38.27022],[127.21501,38.27015],[127.21465,38.26996],[127.21431,38.2696],[127.21463,38.2693],[127.2143,38.26867],[127.21438,38.26789],[127.21452,38.26733],[127.21455,38.26688],[127.21448,38.26657],[127.21417,38.26603],[127.21377,38.26562],[127.21285,38.26496],[127.21219,38.26409],[127.21162,38.26347],[127.21132,38.26291],[127.21126,38.26202],[127.21088,38.26113],[127.21031,38.26038],[127.21018,38.25991],[127.21025,38.25931],[127.21039,38.25912],[127.2119,38.25826],[127.21271,38.25765],[127.21348,38.25699],[127.2139,38.2568],[127.21437,38.2563],[127.21502,38.25538],[127.2152,38.25498],[127.21532,38.25337],[127.21532,38.25272],[127.21546,38.25238],[127.21635,38.25125],[127.21658,38.25113],[127.21669,38.25071],[127.21672,38.25002],[127.21636,38.24928],[127.21595,38.24872],[127.2157,38.24826],[127.21537,38.24789],[127.21497,38.24692],[127.21473,38.24618],[127.21507,38.2456],[127.21463,38.24525],[127.21457,38.24472],[127.2143,38.24456],[127.21368,38.24461],[127.21327,38.24457],[127.2126,38.24409],[127.213,38.24346],[127.21338,38.24307],[127.21385,38.24226],[127.21417,38.24146],[127.21425,38.24098],[127.21436,38.24094],[127.21456,38.24021],[127.21522,38.23981],[127.21569,38.23945],[127.21576,38.23916],[127.21633,38.23919],[127.21661,38.23893],[127.21693,38.23886],[127.21719,38.23868],[127.21725,38.23807],[127.2172,38.23751],[127.21728,38.23728],[127.21766,38.23678],[127.21811,38.23636],[127.21834,38.23585],[127.21831,38.23561],[127.21751,38.23517],[127.21747,38.23473],[127.21747,38.23318],[127.21777,38.23256],[127.21907,38.23137],[127.21776,38.23066],[127.21713,38.23135],[127.21666,38.23118],[127.21624,38.23115],[127.21609,38.23079],[127.21565,38.23035],[127.21517,38.23006],[127.21498,38.22971],[127.21537,38.22937],[127.21493,38.2289],[127.21493,38.22872],[127.2146,38.2285],[127.21448,38.22794],[127.21402,38.22766],[127.21351,38.2275],[127.21355,38.22714],[127.21384,38.22692],[127.21409,38.22694],[127.21414,38.22661],[127.21435,38.22658],[127.21475,38.22681],[127.21536,38.22686],[127.21559,38.22666],[127.21523,38.22524],[127.21526,38.2247],[127.2154,38.22441],[127.21537,38.22371],[127.21576,38.22255],[127.2157,38.22184],[127.21588,38.2215],[127.2166,38.2208],[127.21674,38.22056],[127.21712,38.22021],[127.2171,38.2199],[127.21739,38.21933],[127.21775,38.21908],[127.21897,38.21872],[127.21944,38.21822],[127.21928,38.2178],[127.21938,38.21714],[127.21981,38.21672],[127.21995,38.21647],[127.21985,38.21608],[127.21993,38.21545],[127.21958,38.21522],[127.21951,38.21455],[127.21962,38.21402],[127.22001,38.21385],[127.22033,38.2135],[127.22074,38.2133],[127.22126,38.2132],[127.22152,38.21293],[127.22195,38.21266],[127.22256,38.21209],[127.22224,38.21206],[127.22124,38.21171],[127.22089,38.21165],[127.2198,38.21115],[127.21919,38.21094],[127.21862,38.21093],[127.21838,38.21103],[127.21793,38.21087],[127.21733,38.21077],[127.21659,38.21081],[127.21539,38.21051],[127.21488,38.21033],[127.21368,38.20964],[127.21313,38.20918],[127.21246,38.20896],[127.21206,38.20866],[127.21203,38.20844],[127.21178,38.20837],[127.2111,38.20835],[127.21078,38.20848],[127.21031,38.20854],[127.20964,38.20838],[127.20926,38.20797],[127.20849,38.20792],[127.20825,38.20808],[127.20786,38.20816],[127.20755,38.20807],[127.20713,38.20827],[127.20673,38.20831],[127.20575,38.20869],[127.20555,38.20841],[127.20483,38.20862],[127.20443,38.20928],[127.20371,38.20984],[127.20371,38.20999],[127.20341,38.21028],[127.20315,38.21023],[127.20297,38.21064],[127.2031,38.21075],[127.20278,38.21104],[127.20231,38.21173],[127.20198,38.21115],[127.20132,38.21065],[127.20084,38.21062],[127.20057,38.21071],[127.20021,38.21068],[127.19894,38.211],[127.19901,38.21074],[127.1982,38.21066],[127.19795,38.21051],[127.19715,38.21104],[127.1969,38.21112],[127.19682,38.21145],[127.19702,38.21183],[127.19684,38.21188],[127.19575,38.21141],[127.19477,38.2106],[127.19348,38.2096],[127.19313,38.20912],[127.19159,38.20804],[127.19208,38.20633],[127.19251,38.20391],[127.1916,38.20259],[127.19136,38.20177],[127.19137,38.20139],[127.19196,38.20072],[127.19174,38.19985],[127.19131,38.19934],[127.19157,38.19871],[127.19134,38.19815],[127.19173,38.19772],[127.19169,38.19676],[127.19179,38.1964],[127.19275,38.1944],[127.19282,38.19381],[127.19214,38.19217],[127.19003,38.19023],[127.19034,38.18973],[127.19057,38.18899],[127.18924,38.18823],[127.18934,38.18733],[127.189,38.18692],[127.1893,38.18652],[127.18895,38.18575],[127.18859,38.18518],[127.18844,38.18417],[127.18898,38.18371],[127.18884,38.18271],[127.18901,38.18108],[127.18847,38.18029],[127.18822,38.17923],[127.18755,38.17841],[127.18708,38.17754],[127.18681,38.17724],[127.18652,38.17654],[127.18634,38.17567],[127.18641,38.17495],[127.18629,38.17447],[127.18586,38.17388],[127.18603,38.1736],[127.18611,38.17305],[127.18634,38.17266],[127.18693,38.17213],[127.18682,38.17166],[127.18659,38.17143],[127.18643,38.17101],[127.18659,38.17058],[127.18688,38.17031],[127.18709,38.16999],[127.18683,38.16991],[127.1872,38.16949],[127.18741,38.16941],[127.18754,38.16913],[127.18745,38.16811],[127.18767,38.16724],[127.18762,38.16697],[127.18781,38.16643],[127.18804,38.16611],[127.1882,38.1654],[127.18829,38.16476],[127.18869,38.16407],[127.18878,38.16358],[127.18884,38.16273],[127.18905,38.16218],[127.18893,38.16182],[127.18924,38.16124],[127.18979,38.16116],[127.19013,38.16057],[127.19057,38.1601],[127.19083,38.15972],[127.19183,38.15936],[127.19211,38.1591],[127.19318,38.15857],[127.19377,38.15814],[127.19427,38.15788],[127.19475,38.15754],[127.19472,38.15736],[127.19521,38.15664],[127.19742,38.1561],[127.19743,38.15622],[127.19801,38.15614],[127.19848,38.15598],[127.19895,38.15571],[127.20042,38.1545],[127.2007,38.15422],[127.20055,38.15407],[127.20143,38.15359],[127.20248,38.1536],[127.20285,38.15355],[127.20323,38.15317],[127.20316,38.15273],[127.20337,38.15216],[127.20502,38.15037],[127.20566,38.14952],[127.20593,38.14977],[127.20721,38.14812],[127.20826,38.14718],[127.2089,38.14686],[127.20963,38.14671],[127.21014,38.14673],[127.21063,38.14692],[127.21133,38.14695],[127.21183,38.1467],[127.21258,38.14601],[127.21263,38.14524],[127.21247,38.14419],[127.21255,38.14342],[127.21389,38.14281],[127.21387,38.1431],[127.21474,38.14262],[127.21538,38.14213],[127.21697,38.14127],[127.21745,38.14088],[127.21834,38.13975],[127.21919,38.13906],[127.2198,38.1388],[127.22093,38.13837],[127.22152,38.13783],[127.22204,38.13743],[127.22261,38.13794],[127.2228,38.13832],[127.22225,38.13904],[127.22219,38.13948],[127.22284,38.13987],[127.22334,38.14031],[127.22414,38.14073],[127.22419,38.14132],[127.22437,38.14167],[127.22428,38.14224],[127.22384,38.14272],[127.22357,38.14323],[127.22404,38.14355],[127.22436,38.14363],[127.22419,38.14451],[127.22403,38.14451],[127.22381,38.14517],[127.22413,38.14608],[127.22382,38.14704],[127.22473,38.14786],[127.2249,38.14795],[127.22535,38.14796],[127.22587,38.14812],[127.22634,38.14837],[127.22755,38.14797],[127.22847,38.14756],[127.22878,38.14781],[127.22924,38.1477],[127.22951,38.14777],[127.22978,38.14766],[127.23126,38.14783],[127.23148,38.14727],[127.23205,38.14717],[127.23279,38.14686],[127.23364,38.14705],[127.2339,38.14719],[127.23465,38.14711],[127.23511,38.1481],[127.23581,38.14883],[127.23569,38.14917],[127.23634,38.15015],[127.2367,38.15043],[127.23691,38.15073],[127.2374,38.15085],[127.23776,38.15121],[127.23749,38.15202],[127.2372,38.15253],[127.23722,38.15297],[127.2376,38.15323],[127.23783,38.15305],[127.23833,38.1535],[127.23762,38.1538],[127.23721,38.15429],[127.23736,38.15447],[127.23766,38.15453],[127.23804,38.15488],[127.23828,38.1553],[127.2388,38.15546],[127.23881,38.15601],[127.23922,38.15624],[127.23929,38.1565],[127.23981,38.15676],[127.24001,38.15668],[127.24026,38.15684],[127.24046,38.15715],[127.24114,38.15718],[127.24191,38.15753],[127.24252,38.15737],[127.2433,38.15767],[127.24399,38.1575],[127.2442,38.15772],[127.24455,38.1578],[127.24526,38.15816],[127.24561,38.15826],[127.24591,38.15889],[127.24649,38.15914],[127.24691,38.15952],[127.24765,38.15973],[127.24783,38.1604],[127.24837,38.1606],[127.2486,38.16078],[127.2489,38.1607],[127.24952,38.16081],[127.25033,38.16126],[127.25122,38.1616],[127.25149,38.16165],[127.25231,38.16204],[127.25267,38.16245],[127.25312,38.16252],[127.2537,38.16271],[127.25412,38.16277],[127.25477,38.16269],[127.25506,38.16272],[127.25605,38.16299],[127.25628,38.16317],[127.25654,38.16357],[127.25619,38.16433],[127.25642,38.1648],[127.25653,38.16522],[127.25686,38.16547],[127.25717,38.16613],[127.25767,38.16682],[127.25789,38.16721],[127.25824,38.16754],[127.25854,38.168],[127.25864,38.16831],[127.2586,38.1689],[127.25868,38.16934],[127.25903,38.16972],[127.26011,38.17038],[127.2607,38.17044],[127.26177,38.17025],[127.26324,38.17074],[127.26435,38.17158],[127.26446,38.17198],[127.26475,38.17259],[127.26511,38.17296],[127.2652,38.17333],[127.26542,38.17378],[127.26541,38.17396],[127.26574,38.17444],[127.26621,38.17541],[127.26646,38.17577],[127.26642,38.17615],[127.26618,38.17645],[127.26514,38.17731],[127.26483,38.17764],[127.26464,38.17801],[127.26468,38.17852],[127.26511,38.17921],[127.2656,38.17957],[127.26602,38.18024],[127.26668,38.1806],[127.267,38.18039],[127.26765,38.18013],[127.26801,38.18011],[127.2684,38.18025],[127.26947,38.18125],[127.26984,38.18173],[127.27009,38.18192],[127.27055,38.18205],[127.27115,38.18195],[127.27267,38.1813],[127.27351,38.18108],[127.27485,38.18112],[127.27516,38.18128],[127.27574,38.18183],[127.27626,38.1824],[127.27715,38.1825],[127.27806,38.18212],[127.27848,38.18208],[127.2795,38.1826],[127.28031,38.18268],[127.28098,38.1826],[127.28139,38.18245],[127.28213,38.1824],[127.28276,38.18259],[127.28313,38.1829],[127.28357,38.18285],[127.28392,38.18259],[127.28392,38.18114],[127.28444,38.18047],[127.28545,38.1803],[127.28611,38.18027],[127.28652,38.18004],[127.28694,38.18063],[127.28688,38.18088],[127.28701,38.18317],[127.28791,38.18451],[127.28885,38.18518],[127.29114,38.18528],[127.29183,38.18445],[127.29266,38.18302],[127.29455,38.18268],[127.2956,38.1835],[127.29594,38.18369],[127.29617,38.18412],[127.29701,38.18472],[127.2974,38.1857],[127.29755,38.18577],[127.29964,38.18615],[127.2998,38.18625],[127.30024,38.18714],[127.30038,38.18758],[127.30029,38.18869],[127.30011,38.18902],[127.29972,38.18927],[127.29861,38.18976],[127.29756,38.19006],[127.29621,38.1906],[127.29591,38.19065],[127.29115,38.19082],[127.29028,38.19056],[127.28943,38.1902],[127.28768,38.1901],[127.28691,38.19017],[127.28614,38.19012],[127.28445,38.19025],[127.28366,38.19109],[127.28319,38.19114],[127.28268,38.1914],[127.28193,38.1931],[127.28205,38.1934],[127.28042,38.19535],[127.28009,38.19571],[127.27915,38.19644],[127.27862,38.19772],[127.27844,38.19832],[127.27846,38.19899],[127.27828,38.19991],[127.27748,38.20054],[127.27789,38.20094],[127.27634,38.20089],[127.27477,38.20073],[127.2736,38.2016],[127.27282,38.20236],[127.27116,38.20282],[127.27078,38.20298],[127.27013,38.2035],[127.26962,38.20424],[127.26909,38.20607],[127.2684,38.20651],[127.26727,38.20718],[127.26669,38.20785],[127.26663,38.20813],[127.26672,38.20913],[127.26665,38.20961],[127.26673,38.21079],[127.26585,38.21167],[127.26476,38.21265],[127.26369,38.21321],[127.26348,38.21342],[127.26333,38.21507],[127.26281,38.21625],[127.2628,38.21732],[127.26264,38.21825],[127.26249,38.21867],[127.26144,38.21947],[127.26115,38.2199],[127.26127,38.2203],[127.26187,38.22064],[127.26343,38.221],[127.26406,38.2213],[127.26412,38.22227],[127.26344,38.22276],[127.26274,38.22315],[127.26125,38.22421],[127.26102,38.22467],[127.2604,38.22524],[127.25985,38.22589],[127.25952,38.22607],[127.25836,38.22641],[127.25774,38.22673],[127.25699,38.22719],[127.25605,38.22789],[127.25515,38.2286],[127.25419,38.2295],[127.25397,38.22982],[127.25384,38.23044],[127.25443,38.23208],[127.25488,38.23308],[127.25547,38.23419],[127.25674,38.23484],[127.25695,38.23707],[127.25721,38.24081],[127.25758,38.24223],[127.25826,38.24373],[127.25821,38.24501],[127.25834,38.24548],[127.25896,38.24637],[127.26074,38.24673],[127.26207,38.24614],[127.26324,38.24551],[127.26311,38.24522],[127.26388,38.24491],[127.26546,38.24378],[127.26786,38.24216],[127.2684,38.24217],[127.26931,38.24233],[127.27095,38.24331],[127.27031,38.24393],[127.27299,38.24677],[127.27323,38.24743],[127.27213,38.24895],[127.27213,38.24976],[127.27249,38.25049],[127.27374,38.25212],[127.27479,38.25261],[127.27643,38.25352],[127.27765,38.25378],[127.27847,38.2541],[127.27979,38.25438],[127.28037,38.25457],[127.28163,38.25516],[127.28294,38.25552],[127.28346,38.25555],[127.28393,38.25518],[127.28445,38.25466],[127.28501,38.2534],[127.28504,38.25311],[127.28474,38.25209],[127.28472,38.25105],[127.28477,38.25027],[127.28491,38.24943],[127.28528,38.24901],[127.28544,38.24895],[127.28638,38.2489],[127.2872,38.24927],[127.28749,38.24987],[127.28811,38.25035],[127.28833,38.25068],[127.28852,38.25147],[127.28807,38.25289],[127.28802,38.25342],[127.28815,38.25402],[127.28821,38.25464],[127.28854,38.25653],[127.28875,38.25825],[127.2892,38.25857],[127.2901,38.25899],[127.29128,38.25928],[127.29267,38.25942],[127.29364,38.2598],[127.29476,38.26053],[127.29581,38.26145],[127.2961,38.26189],[127.29722,38.26345],[127.29788,38.26391],[127.29944,38.26488],[127.3003,38.2658],[127.30128,38.26671],[127.30274,38.26789],[127.30303,38.26834],[127.3036,38.26871],[127.30562,38.26906],[127.30641,38.26927],[127.30864,38.27005],[127.31144,38.27107],[127.31237,38.27135],[127.31448,38.27181],[127.31593,38.27237],[127.31735,38.27285],[127.31757,38.27299],[127.31869,38.27409],[127.31911,38.27482],[127.31998,38.27581],[127.32077,38.2766],[127.32305,38.27732],[127.32326,38.27744],[127.3251,38.27878],[127.32601,38.28025],[127.32646,38.28171],[127.32712,38.2821],[127.32754,38.28229],[127.32854,38.28288],[127.33077,38.28415],[127.33209,38.28484],[127.33387,38.2855],[127.33556,38.28636],[127.33663,38.28715],[127.33794,38.28789],[127.33905,38.28819],[127.34054,38.28873],[127.34144,38.28902],[127.34216,38.28942],[127.34207,38.29001],[127.34057,38.28932],[127.34018,38.28889],[127.33983,38.28876],[127.33948,38.28908],[127.33769,38.28866],[127.33697,38.28846],[127.33587,38.28806],[127.33418,38.28716],[127.3334,38.2869],[127.3328,38.28652],[127.33123,38.28585],[127.33016,38.28563],[127.32838,38.28533],[127.32663,38.28498],[127.32557,38.28481],[127.3253,38.28503],[127.32496,38.28513],[127.32476,38.28537],[127.32476,38.28561],[127.32449,38.28574],[127.32459,38.2861],[127.3242,38.28688],[127.32382,38.28732],[127.32392,38.28742],[127.32395,38.28792],[127.32411,38.28821],[127.32409,38.28844],[127.32353,38.28898],[127.32346,38.28922],[127.32308,38.28932],[127.32343,38.28995],[127.3238,38.29018],[127.32381,38.29059],[127.32355,38.29065],[127.32303,38.29092],[127.32302,38.29146],[127.32262,38.2922],[127.32247,38.2923],[127.32244,38.29271],[127.32227,38.29299],[127.32195,38.29304],[127.32155,38.29337],[127.32076,38.29371],[127.32028,38.29382],[127.32024,38.29413],[127.3198,38.29432],[127.31962,38.29464],[127.3191,38.29511],[127.31866,38.29531],[127.31831,38.29536],[127.31833,38.29557],[127.31784,38.29591],[127.31775,38.29621],[127.31735,38.29667],[127.31709,38.29685],[127.31623,38.29708],[127.31605,38.29764],[127.3158,38.29813],[127.3157,38.29858],[127.31564,38.29943],[127.31489,38.30135],[127.31397,38.30252],[127.31267,38.30543],[127.31431,38.30685],[127.31366,38.30729],[127.31369,38.30812],[127.31348,38.30848],[127.31398,38.31029],[127.31378,38.31105],[127.31363,38.31106],[127.31303,38.3114],[127.31287,38.31162],[127.31231,38.31196],[127.31187,38.31216],[127.31178,38.31357],[127.31225,38.31504],[127.31287,38.31568],[127.31244,38.31758]]]},"properties":{"code":"32560140","name":"동송읍"}},{"type":"Feature","geometry":{"type":"Polygon","coordinates":[[[127.45279,38.31772],[127.45216,38.31753],[127.45172,38.31725],[127.45094,38.31701],[127.45053,38.31661],[127.45026,38.31687],[127.44986,38.31695],[127.44931,38.31691],[127.44885,38.31707],[127.44862,38.31689],[127.44808,38.3167],[127.44741,38.3168],[127.44706,38.31668],[127.4462,38.31677],[127.44579,38.31673],[127.44526,38.31683],[127.44525,38.31706],[127.44546,38.31732],[127.44528,38.3176],[127.44478,38.31768],[127.44453,38.31717],[127.44416,38.31696],[127.44401,38.31709],[127.44416,38.3176],[127.44454,38.31797],[127.44481,38.31801],[127.4448,38.31835],[127.44532,38.31845],[127.44552,38.31871],[127.44518,38.31902],[127.44487,38.31902],[127.44491,38.31875],[127.4447,38.31866],[127.4443,38.31877],[127.44358,38.31825],[127.44336,38.31817],[127.44265,38.31841],[127.44201,38.31845],[127.44145,38.31859],[127.44113,38.31854],[127.44106,38.31829],[127.44031,38.31821],[127.43978,38.31835],[127.44019,38.31871],[127.43974,38.31895],[127.43992,38.31981],[127.4397,38.31997],[127.43919,38.31971],[127.43886,38.31968],[127.43829,38.31932],[127.43833,38.319],[127.43774,38.31926],[127.43792,38.31958],[127.43722,38.31988],[127.43658,38.31971],[127.4362,38.31932],[127.43555,38.31936],[127.43549,38.3198],[127.43556,38.31997],[127.4361,38.32034],[127.4362,38.32059],[127.43599,38.32083],[127.43576,38.3213],[127.4355,38.32156],[127.43431,38.32097],[127.43412,38.32105],[127.43344,38.32172],[127.43322,38.32173],[127.43308,38.32132],[127.43279,38.32131],[127.4322,38.32158],[127.432,38.32205],[127.43144,38.32234],[127.431,38.32247],[127.43115,38.32268],[127.43047,38.3234],[127.42999,38.32384],[127.4293,38.32437],[127.42863,38.32521],[127.42807,38.32603],[127.42752,38.32599],[127.42725,38.3263],[127.42769,38.32662],[127.42755,38.3268],[127.42679,38.32691],[127.42621,38.32718],[127.42583,38.32722],[127.42544,38.3274],[127.42517,38.32734],[127.42433,38.32747],[127.42367,38.32792],[127.4228,38.32813],[127.42204,38.32789],[127.421,38.32806],[127.42041,38.32825],[127.41973,38.32835],[127.41899,38.32852],[127.41847,38.32848],[127.41789,38.32872],[127.41728,38.32925],[127.4169,38.32907],[127.41691,38.32871],[127.41712,38.3286],[127.41714,38.32833],[127.41689,38.32831],[127.41657,38.32856],[127.41626,38.32859],[127.4157,38.32842],[127.41536,38.32867],[127.41455,38.32841],[127.41407,38.32846],[127.41374,38.32919],[127.41282,38.32927],[127.41222,38.32914],[127.41193,38.32933],[127.41109,38.32952],[127.41108,38.32988],[127.41008,38.33042],[127.40948,38.33041],[127.40997,38.33154],[127.40955,38.3319],[127.40898,38.33185],[127.40881,38.33156],[127.40861,38.33173],[127.40805,38.33159],[127.40785,38.33212],[127.40721,38.33236],[127.40653,38.33245],[127.4064,38.33223],[127.4056,38.33226],[127.40447,38.33226],[127.40402,38.33193],[127.40312,38.33151],[127.40251,38.33265],[127.40225,38.33261],[127.40189,38.33304],[127.40183,38.33356],[127.40141,38.33408],[127.40123,38.33384],[127.40063,38.33352],[127.40035,38.33348],[127.40034,38.33294],[127.39994,38.33296],[127.3999,38.33318],[127.40023,38.33355],[127.40018,38.33381],[127.39934,38.3332],[127.39878,38.33311],[127.39846,38.33353],[127.39819,38.33355],[127.39778,38.33289],[127.39756,38.33286],[127.39747,38.33259],[127.39718,38.33241],[127.39682,38.332],[127.39642,38.33197],[127.39642,38.33177],[127.39596,38.33163],[127.39552,38.3316],[127.3956,38.33221],[127.39596,38.33263],[127.39596,38.33275],[127.395,38.33267],[127.3936,38.33273],[127.39297,38.33339],[127.39257,38.33342],[127.39236,38.33306],[127.39187,38.33304],[127.39147,38.33283],[127.39025,38.33297],[127.3897,38.3332],[127.38889,38.33422],[127.38851,38.33516],[127.38816,38.33494],[127.38824,38.33443],[127.38794,38.3344],[127.38787,38.3349],[127.3875,38.33532],[127.38715,38.33535],[127.38691,38.33523],[127.38687,38.33496],[127.38585,38.33485],[127.38523,38.33464],[127.38467,38.33458],[127.38372,38.33434],[127.38333,38.3348],[127.38296,38.33544],[127.38338,38.33525],[127.38404,38.3352],[127.38421,38.3354],[127.38395,38.33573],[127.38343,38.3358],[127.38315,38.33616],[127.38221,38.33594],[127.38221,38.33668],[127.38205,38.33704],[127.38183,38.33701],[127.38127,38.33716],[127.38077,38.33715],[127.38094,38.33671],[127.38095,38.3364],[127.37996,38.33651],[127.37969,38.33593],[127.3795,38.33564],[127.37912,38.33561],[127.37904,38.33578],[127.37869,38.33573],[127.37857,38.33556],[127.37858,38.33512],[127.37834,38.3349],[127.37773,38.33498],[127.37732,38.33472],[127.37686,38.33466],[127.37649,38.33446],[127.37629,38.33396],[127.37547,38.33351],[127.37519,38.3332],[127.37544,38.33294],[127.37455,38.33177],[127.37439,38.33166],[127.37332,38.33143],[127.3727,38.33112],[127.37249,38.33164],[127.37213,38.33199],[127.37195,38.33175],[127.37164,38.33199],[127.37126,38.33202],[127.37111,38.33228],[127.37036,38.33189],[127.37046,38.33134],[127.37061,38.33103],[127.37055,38.33083],[127.37028,38.33076],[127.37028,38.3302],[127.36991,38.32966],[127.36981,38.32938],[127.36935,38.32882],[127.36893,38.32894],[127.36824,38.3286],[127.36822,38.32829],[127.36777,38.32828],[127.3674,38.3281],[127.36682,38.32811],[127.36654,38.32804],[127.36631,38.32769],[127.36567,38.32775],[127.36546,38.32704],[127.36496,38.32709],[127.36436,38.32701],[127.36356,38.32673],[127.36361,38.32642],[127.36383,38.32613],[127.36395,38.32553],[127.36365,38.32455],[127.36286,38.32377],[127.36254,38.32364],[127.36252,38.32317],[127.36225,38.32313],[127.36184,38.32257],[127.36184,38.32227],[127.36239,38.322],[127.36285,38.32159],[127.36324,38.32164],[127.36423,38.32157],[127.36457,38.32169],[127.36499,38.32152],[127.36595,38.32088],[127.36659,38.31945],[127.36669,38.31904],[127.36669,38.31805],[127.36583,38.3166],[127.36544,38.31608],[127.36445,38.31556],[127.36374,38.31542],[127.36109,38.31496],[127.35945,38.31487],[127.35913,38.31476],[127.3582,38.31388],[127.35829,38.31358],[127.35857,38.31331],[127.35862,38.31261],[127.35871,38.31232],[127.35914,38.31176],[127.35957,38.31102],[127.35946,38.31054],[127.35882,38.30935],[127.35793,38.308],[127.35692,38.30682],[127.35468,38.30524],[127.35372,38.30445],[127.35348,38.3042],[127.3532,38.3037],[127.35332,38.30325],[127.35354,38.30317],[127.35372,38.30289],[127.35432,38.30258],[127.35465,38.30255],[127.35497,38.30234],[127.35474,38.30267],[127.35499,38.30308],[127.35542,38.30323],[127.35597,38.30328],[127.3564,38.30308],[127.35663,38.30287],[127.35712,38.30272],[127.35801,38.30275],[127.35865,38.30289],[127.35996,38.30353],[127.36115,38.30431],[127.36162,38.30454],[127.36238,38.30481],[127.36337,38.3054],[127.36415,38.30592],[127.36456,38.30631],[127.36507,38.30668],[127.36551,38.30717],[127.36634,38.30848],[127.36705,38.30897],[127.36755,38.30952],[127.3683,38.30992],[127.36886,38.31028],[127.3699,38.31041],[127.37142,38.31096],[127.37274,38.3114],[127.37337,38.3115],[127.37324,38.31195],[127.37335,38.3124],[127.37356,38.3128],[127.37362,38.31309],[127.37411,38.31349],[127.37402,38.31308],[127.37384,38.3129],[127.37385,38.31239],[127.37371,38.31185],[127.3738,38.31134],[127.37406,38.31121],[127.37431,38.31061],[127.3745,38.31057],[127.37637,38.31089],[127.37687,38.31125],[127.37787,38.31127],[127.37809,38.31142],[127.37842,38.31139],[127.37905,38.31121],[127.37934,38.31082],[127.37922,38.31059],[127.37917,38.31015],[127.37935,38.30993],[127.37933,38.30968],[127.37904,38.30888],[127.37913,38.30867],[127.37964,38.30851],[127.3798,38.3082],[127.38006,38.30813],[127.38034,38.30737],[127.38147,38.30715],[127.38196,38.30716],[127.38198,38.30698],[127.38181,38.30628],[127.38155,38.30598],[127.38133,38.30517],[127.38094,38.30478],[127.38078,38.30448],[127.38209,38.30333],[127.38249,38.30344],[127.38294,38.3037],[127.38428,38.30316],[127.3847,38.3033],[127.38544,38.30303],[127.38594,38.30313],[127.3863,38.30337],[127.3873,38.30345],[127.38833,38.30293],[127.38852,38.30275],[127.38857,38.3024],[127.38913,38.30057],[127.38925,38.29985],[127.38965,38.29936],[127.38998,38.2986],[127.39023,38.29829],[127.39046,38.2982],[127.39036,38.29675],[127.3906,38.29642],[127.39061,38.29584],[127.39078,38.29544],[127.39062,38.29491],[127.39081,38.29446],[127.39055,38.29268],[127.39078,38.29222],[127.39114,38.29218],[127.39242,38.29178],[127.39332,38.29199],[127.39318,38.29121],[127.39355,38.2908],[127.39423,38.2905],[127.39453,38.28952],[127.3952,38.28901],[127.39549,38.28865],[127.39592,38.28855],[127.39634,38.28827],[127.3967,38.28773],[127.39804,38.28769],[127.39927,38.28758],[127.39998,38.28742],[127.40087,38.2875],[127.40119,38.28774],[127.40156,38.28782],[127.4019,38.28773],[127.40223,38.28793],[127.40275,38.28794],[127.40333,38.28777],[127.4038,38.28813],[127.40468,38.28808],[127.40515,38.288],[127.40591,38.28827],[127.40631,38.2887],[127.40731,38.2891],[127.40799,38.28909],[127.40846,38.28933],[127.40888,38.28991],[127.40945,38.29018],[127.41004,38.29033],[127.41066,38.29028],[127.4111,38.29053],[127.41115,38.29083],[127.41084,38.29122],[127.41046,38.2919],[127.41057,38.29246],[127.411,38.2923],[127.41172,38.29181],[127.41204,38.29144],[127.41228,38.29099],[127.41393,38.29033],[127.41448,38.28966],[127.41608,38.28887],[127.41688,38.28868],[127.41744,38.28887],[127.41769,38.28934],[127.41811,38.28967],[127.41823,38.29005],[127.41833,38.29089],[127.4187,38.29145],[127.41953,38.2923],[127.41961,38.29274],[127.41946,38.29305],[127.41945,38.29334],[127.4196,38.29366],[127.41999,38.29386],[127.4199,38.29443],[127.42042,38.295],[127.42154,38.29509],[127.42214,38.29501],[127.42269,38.2952],[127.42358,38.29536],[127.42424,38.29617],[127.42508,38.29693],[127.425,38.29768],[127.42559,38.29836],[127.42643,38.29949],[127.42737,38.30043],[127.42814,38.3006],[127.42808,38.3014],[127.42988,38.30219],[127.43061,38.30242],[127.43208,38.30305],[127.43363,38.30312],[127.43509,38.30264],[127.43589,38.30225],[127.43594,38.30328],[127.43609,38.30372],[127.43728,38.30508],[127.43753,38.30541],[127.43758,38.30593],[127.4374,38.30588],[127.43734,38.30702],[127.43745,38.30752],[127.43751,38.30919],[127.43801,38.30968],[127.43821,38.30979],[127.43843,38.31044],[127.43864,38.31058],[127.43876,38.31137],[127.43906,38.31174],[127.439,38.31203],[127.43926,38.31243],[127.43965,38.31321],[127.44002,38.31328],[127.44028,38.31297],[127.44073,38.31279],[127.44118,38.31273],[127.44179,38.31229],[127.44273,38.31205],[127.44334,38.31179],[127.44392,38.3118],[127.44454,38.31162],[127.4452,38.31195],[127.44587,38.31238],[127.44622,38.31251],[127.44707,38.31258],[127.44773,38.31306],[127.44809,38.31322],[127.44836,38.31352],[127.44887,38.31393],[127.44892,38.31419],[127.44932,38.31425],[127.44955,38.31451],[127.45032,38.31498],[127.45059,38.3154],[127.45104,38.31554],[127.45182,38.31621],[127.45215,38.3167],[127.45274,38.31725],[127.45279,38.31772]]]},"properties":{"code":"32560210","name":"근북면"}},{"type":"Feature","geometry":{"type":"Polygon","coordinates":[[[127.57413,38.29383],[127.57319,38.29487],[127.57246,38.29641],[127.57215,38.29663],[127.57181,38.29763],[127.57223,38.29914],[127.57159,38.29941],[127.57085,38.30108],[127.57037,38.30181],[127.57087,38.30316],[127.5705,38.30389],[127.56968,38.30434],[127.56872,38.30528],[127.56787,38.30711],[127.56725,38.30777],[127.56733,38.30875],[127.56769,38.30899],[127.56816,38.30972],[127.56841,38.31068],[127.56801,38.31165],[127.56881,38.313],[127.56906,38.31423],[127.56913,38.3144],[127.56956,38.3149],[127.56963,38.3157],[127.57032,38.31613],[127.57042,38.31653],[127.57012,38.31678],[127.57022,38.31716],[127.56946,38.31788],[127.56912,38.31788],[127.56879,38.3182],[127.5687,38.31869],[127.56848,38.31884],[127.56809,38.31934],[127.56802,38.31992],[127.56835,38.32029],[127.5685,38.32123],[127.56818,38.32216],[127.5688,38.32258],[127.56903,38.32295],[127.56965,38.32324],[127.56976,38.32358],[127.57072,38.32434],[127.57127,38.32442],[127.57124,38.32486],[127.57181,38.32499],[127.57229,38.3255],[127.57258,38.326],[127.57289,38.3263],[127.57319,38.32621],[127.57457,38.32693],[127.57462,38.32747],[127.57516,38.32796],[127.57508,38.3285],[127.57484,38.32914],[127.57414,38.32955],[127.57346,38.3309],[127.57351,38.33137],[127.5727,38.33177],[127.57229,38.33144],[127.57107,38.33154],[127.57088,38.3315],[127.57057,38.33128],[127.56991,38.33129],[127.56858,38.33114],[127.56808,38.33084],[127.56722,38.33087],[127.56677,38.33073],[127.56597,38.33028],[127.56565,38.33029],[127.56503,38.33049],[127.56457,38.33042],[127.56449,38.33014],[127.56396,38.33001],[127.56365,38.32958],[127.56331,38.32975],[127.56314,38.32997],[127.56277,38.32989],[127.56166,38.32933],[127.5615,38.32912],[127.56126,38.32908],[127.56093,38.32886],[127.56035,38.32859],[127.5596,38.32858],[127.55919,38.32836],[127.55832,38.32803],[127.55804,38.32799],[127.55772,38.32808],[127.5572,38.32808],[127.55671,38.32791],[127.55624,38.32785],[127.55505,38.32751],[127.55449,38.32743],[127.55383,38.3272],[127.55315,38.32725],[127.55266,38.32717],[127.55205,38.32719],[127.55195,38.32741],[127.5511,38.32745],[127.5507,38.32751],[127.54982,38.32697],[127.54972,38.32597],[127.54908,38.32574],[127.54832,38.3256],[127.54798,38.32538],[127.5476,38.32537],[127.54719,38.32546],[127.54654,38.32501],[127.54642,38.32433],[127.54586,38.3243],[127.54539,38.32408],[127.54541,38.32382],[127.54562,38.32367],[127.54584,38.32318],[127.54574,38.32302],[127.54565,38.32248],[127.54534,38.32221],[127.54488,38.32237],[127.54446,38.32202],[127.54414,38.32136],[127.5435,38.32075],[127.54247,38.32018],[127.54213,38.3203],[127.54156,38.3203],[127.54124,38.31992],[127.54084,38.31997],[127.54012,38.31958],[127.5405,38.31936],[127.53993,38.31908],[127.54007,38.31881],[127.53936,38.31864],[127.53881,38.31858],[127.53873,38.31817],[127.53816,38.31808],[127.53842,38.31787],[127.53825,38.31773],[127.53638,38.31725],[127.53508,38.31674],[127.53508,38.31613],[127.53424,38.31613],[127.5338,38.31617],[127.53278,38.31598],[127.53258,38.31587],[127.53248,38.31549],[127.5325,38.31482],[127.53239,38.31467],[127.53135,38.31456],[127.53096,38.31422],[127.53024,38.31388],[127.52976,38.3135],[127.52955,38.31307],[127.52896,38.31256],[127.5287,38.3122],[127.52828,38.31179],[127.52802,38.31175],[127.52744,38.31145],[127.52685,38.31127],[127.52649,38.31088],[127.52613,38.31038],[127.52549,38.30987],[127.52492,38.30986],[127.5248,38.30967],[127.52394,38.30905],[127.52326,38.30896],[127.52309,38.30878],[127.52248,38.30867],[127.52072,38.3086],[127.52034,38.30844],[127.5195,38.30839],[127.51807,38.30778],[127.51721,38.30732],[127.51692,38.3069],[127.51665,38.30636],[127.51663,38.30608],[127.51627,38.30586],[127.51574,38.30468],[127.51491,38.30425],[127.51461,38.30389],[127.51435,38.30392],[127.51384,38.30362],[127.51331,38.30354],[127.51281,38.30361],[127.51188,38.30319],[127.51142,38.3027],[127.51117,38.3026],[127.51006,38.30241],[127.50945,38.30218],[127.50899,38.30185],[127.5081,38.30179],[127.50715,38.3015],[127.50677,38.30126],[127.50596,38.30106],[127.50519,38.30106],[127.50461,38.30084],[127.5042,38.30062],[127.50405,38.30084],[127.5036,38.30092],[127.50267,38.30077],[127.50172,38.30078],[127.50127,38.29974],[127.50095,38.29923],[127.50063,38.29907],[127.49971,38.29875],[127.49863,38.29852],[127.49806,38.29808],[127.49697,38.29747],[127.49557,38.29709],[127.49475,38.29704],[127.49401,38.29693],[127.49366,38.29674],[127.49352,38.29651],[127.49316,38.29639],[127.4925,38.29632],[127.49215,38.29637],[127.49158,38.29625],[127.49054,38.29673],[127.49005,38.29677],[127.48941,38.2966],[127.48856,38.29618],[127.48795,38.29545],[127.48776,38.2951],[127.48778,38.29483],[127.48802,38.29403],[127.48799,38.29354],[127.48776,38.29329],[127.48738,38.29306],[127.48783,38.29297],[127.48824,38.29261],[127.48886,38.29247],[127.48983,38.29252],[127.49037,38.29229],[127.49088,38.29191],[127.49175,38.29149],[127.49264,38.29077],[127.49321,38.29015],[127.49365,38.2894],[127.49419,38.28891],[127.49507,38.28756],[127.49557,38.28647],[127.49612,38.2857],[127.49664,38.28348],[127.49808,38.28269],[127.49903,38.28213],[127.49959,38.2822],[127.50033,38.28148],[127.5014,38.28136],[127.50259,38.28104],[127.5026,38.28109],[127.5036,38.28168],[127.50429,38.28258],[127.50494,38.28329],[127.50559,38.2847],[127.5063,38.28643],[127.50791,38.28727],[127.50871,38.28697],[127.51037,38.2874],[127.51051,38.28756],[127.51095,38.28765],[127.51145,38.28784],[127.51159,38.2882],[127.5121,38.28839],[127.51336,38.28871],[127.51374,38.2887],[127.5142,38.28889],[127.51522,38.28905],[127.51622,38.28892],[127.51726,38.28908],[127.51798,38.28899],[127.51863,38.28943],[127.51956,38.28963],[127.5207,38.28917],[127.5212,38.28861],[127.52184,38.28897],[127.52255,38.28918],[127.52346,38.29003],[127.52412,38.2911],[127.52493,38.29149],[127.5264,38.29162],[127.52798,38.29194],[127.52985,38.29216],[127.53131,38.29245],[127.5328,38.29271],[127.53377,38.2928],[127.53496,38.29281],[127.53636,38.2926],[127.53873,38.29235],[127.54035,38.29242],[127.54177,38.2922],[127.54383,38.29155],[127.54413,38.29153],[127.54489,38.29122],[127.54517,38.29074],[127.54517,38.28991],[127.54553,38.28889],[127.54743,38.28738],[127.54801,38.28705],[127.54845,38.28635],[127.54856,38.28599],[127.54914,38.28596],[127.54985,38.28609],[127.55079,38.28564],[127.55152,38.28513],[127.55233,38.28475],[127.55287,38.28479],[127.55338,38.28521],[127.55519,38.2854],[127.5581,38.28547],[127.55878,38.28565],[127.55928,38.28635],[127.56041,38.28714],[127.56074,38.28731],[127.56145,38.28791],[127.56396,38.28773],[127.56425,38.28788],[127.56488,38.28776],[127.5651,38.28793],[127.56542,38.28843],[127.56586,38.28863],[127.56664,38.28947],[127.56951,38.29091],[127.57032,38.29113],[127.57082,38.29163],[127.57171,38.29196],[127.57234,38.29242],[127.57274,38.2929],[127.57413,38.29383]]]},"properties":{"code":"32560260","name":"근동면"}},{"type":"Feature","geometry":{"type":"Polygon","coordinates":[[[127.82174,38.30379],[127.82174,38.30388],[127.82117,38.30538],[127.81909,38.30777],[127.81445,38.31144],[127.81052,38.31394],[127.80562,38.31691],[127.80075,38.32022],[127.79734,38.32306],[127.79046,38.33446],[127.78816,38.34052],[127.78726,38.34347],[127.78631,38.34519],[127.7854,38.34694],[127.78367,38.34854],[127.78242,38.349],[127.78139,38.34893],[127.78046,38.34862],[127.7793,38.34765],[127.77858,38.34675],[127.77613,38.34248],[127.77551,38.34164],[127.77424,38.34098],[127.77254,38.34088],[127.77216,38.34066],[127.77222,38.33997],[127.77255,38.33944],[127.77265,38.33909],[127.77254,38.33867],[127.77162,38.33841],[127.77135,38.33823],[127.77122,38.33798],[127.77148,38.33757],[127.77202,38.3373],[127.7722,38.33732],[127.77239,38.33689],[127.7718,38.33638],[127.77102,38.33634],[127.77046,38.3362],[127.7699,38.33561],[127.76934,38.33524],[127.76899,38.33523],[127.76829,38.3351],[127.76806,38.33548],[127.76829,38.3357],[127.76802,38.33615],[127.76779,38.3362],[127.76734,38.33604],[127.76717,38.33641],[127.76662,38.33637],[127.76592,38.33619],[127.76467,38.33634],[127.76376,38.33727],[127.76312,38.33771],[127.76276,38.33774],[127.76249,38.3376],[127.76226,38.33765],[127.76169,38.33803],[127.76087,38.33816],[127.75974,38.33798],[127.75862,38.3373],[127.7584,38.33708],[127.75872,38.33682],[127.7584,38.33643],[127.7579,38.3363],[127.75743,38.33592],[127.75619,38.3358],[127.75565,38.33549],[127.75524,38.33544],[127.75482,38.33527],[127.75465,38.33478],[127.75439,38.33468],[127.75435,38.33447],[127.754,38.33409],[127.75305,38.33379],[127.7515,38.33378],[127.75104,38.33387],[127.75041,38.33442],[127.74745,38.33635],[127.74681,38.33686],[127.74654,38.33719],[127.746,38.33755],[127.74582,38.33806],[127.74548,38.33838],[127.74546,38.33871],[127.74523,38.33892],[127.74503,38.33878],[127.74458,38.33904],[127.7445,38.33935],[127.74418,38.33947],[127.74433,38.33967],[127.7438,38.34009],[127.7445,38.34052],[127.74471,38.34057],[127.74452,38.34113],[127.74438,38.34137],[127.74454,38.34158],[127.74494,38.34176],[127.74608,38.34214],[127.74559,38.34292],[127.74468,38.34245],[127.74423,38.34229],[127.74276,38.34155],[127.74226,38.3414],[127.74105,38.34072],[127.73898,38.34048],[127.73645,38.34036],[127.73573,38.3402],[127.73514,38.3399],[127.73464,38.33946],[127.73418,38.33889],[127.7338,38.33852],[127.73335,38.33826],[127.73275,38.33769],[127.73262,38.33746],[127.73184,38.33688],[127.73177,38.33692],[127.73099,38.33631],[127.72981,38.33562],[127.72865,38.33502],[127.72826,38.33486],[127.72705,38.33446],[127.7262,38.33431],[127.72583,38.33412],[127.72534,38.33401],[127.7233,38.33332],[127.72245,38.33278],[127.72206,38.33245],[127.72127,38.33196],[127.72109,38.3319],[127.72019,38.33137],[127.7197,38.33116],[127.71852,38.3308],[127.71595,38.32947],[127.71508,38.32932],[127.71455,38.32947],[127.71421,38.33016],[127.71447,38.33236],[127.71434,38.33373],[127.71401,38.33431],[127.71344,38.33422],[127.71318,38.3339],[127.71244,38.33394],[127.71225,38.33406],[127.71226,38.33432],[127.71186,38.33447],[127.71085,38.33455],[127.71044,38.33434],[127.71029,38.33414],[127.70991,38.33398],[127.70974,38.33408],[127.70951,38.33447],[127.70979,38.33481],[127.70828,38.33489],[127.70795,38.33474],[127.70708,38.33479],[127.70647,38.33466],[127.70607,38.33471],[127.70581,38.33491],[127.70537,38.33495],[127.70453,38.33524],[127.7038,38.33566],[127.70212,38.33623],[127.70165,38.33614],[127.70094,38.33611],[127.70041,38.33616],[127.69915,38.33573],[127.69866,38.33551],[127.6985,38.33535],[127.69753,38.33475],[127.69681,38.33416],[127.69619,38.33359],[127.69507,38.3319],[127.69422,38.32992],[127.69423,38.32972],[127.69388,38.32902],[127.69387,38.32874],[127.69359,38.32834],[127.69326,38.32766],[127.69294,38.32725],[127.69302,38.3271],[127.6924,38.32613],[127.69142,38.32544],[127.69098,38.32532],[127.69052,38.32529],[127.69016,38.32514],[127.68973,38.32531],[127.68948,38.32515],[127.68812,38.32486],[127.68755,38.32482],[127.68733,38.32462],[127.68631,38.32482],[127.68625,38.32464],[127.68577,38.32465],[127.68521,38.32456],[127.68528,38.32433],[127.68473,38.32434],[127.68501,38.32347],[127.68421,38.32398],[127.68402,38.32401],[127.68365,38.32276],[127.68321,38.32187],[127.68231,38.32127],[127.68159,38.3206],[127.67989,38.31965],[127.67961,38.31962],[127.67861,38.31929],[127.6782,38.31877],[127.67817,38.31809],[127.6779,38.31764],[127.6778,38.31671],[127.67848,38.31594],[127.6798,38.31539],[127.68089,38.31396],[127.68162,38.31245],[127.68149,38.31222],[127.68176,38.312],[127.68188,38.31142],[127.68273,38.3113],[127.68286,38.31087],[127.6826,38.31021],[127.68305,38.30961],[127.68272,38.30801],[127.68309,38.30727],[127.68449,38.30561],[127.68531,38.30484],[127.68581,38.30291],[127.68672,38.3028],[127.69272,38.30115],[127.69421,38.30012],[127.69805,38.29957],[127.69784,38.29676],[127.69822,38.29524],[127.70039,38.29434],[127.70092,38.29297],[127.70247,38.29253],[127.70294,38.29155],[127.70562,38.29021],[127.70772,38.28926],[127.70907,38.2889],[127.71062,38.2887],[127.71467,38.28629],[127.71835,38.28582],[127.71961,38.28341],[127.72721,38.28306],[127.72835,38.28119],[127.73037,38.27932],[127.73156,38.27803],[127.73289,38.27866],[127.73437,38.27865],[127.7356,38.27816],[127.73744,38.27799],[127.73989,38.27931],[127.7421,38.28022],[127.74365,38.28064],[127.74555,38.28122],[127.74716,38.28204],[127.74919,38.28287],[127.75062,38.28334],[127.75227,38.28353],[127.75415,38.28356],[127.75648,38.28347],[127.75877,38.28329],[127.76041,38.28338],[127.76185,38.28397],[127.76371,38.28459],[127.76589,38.28509],[127.76773,38.28536],[127.77043,38.28555],[127.77278,38.28564],[127.77747,38.28666],[127.77981,38.28746],[127.78224,38.28806],[127.78432,38.2864],[127.78564,38.28547],[127.7873,38.28463],[127.78853,38.28379],[127.79001,38.28261],[127.7907,38.28145],[127.79155,38.28026],[127.79285,38.27962],[127.79421,38.27874],[127.79584,38.278],[127.79731,38.278],[127.79868,38.27784],[127.80048,38.27725],[127.80156,38.27715],[127.80252,38.2787],[127.80388,38.28161],[127.80473,38.28311],[127.80654,38.28521],[127.80795,38.28649],[127.80898,38.28708],[127.81148,38.28796],[127.81258,38.28793],[127.81289,38.2892],[127.81471,38.29105],[127.81619,38.29176],[127.81772,38.29295],[127.8194,38.29366],[127.82034,38.29506],[127.82102,38.29745],[127.8213,38.29902],[127.82146,38.30122],[127.82173,38.30303],[127.82174,38.30379]]]},"properties":{"code":"32560270","name":"원동면"}},{"type":"Feature","geometry":{"type":"Polygon","coordinates":[[[127.68402,38.32401],[127.68339,38.32421],[127.68297,38.32449],[127.68273,38.32487],[127.68272,38.32517],[127.68247,38.32575],[127.68237,38.32578],[127.68186,38.32537],[127.68071,38.325],[127.68027,38.3248],[127.67971,38.32473],[127.67877,38.32444],[127.67798,38.32437],[127.67756,38.32442],[127.6769,38.32437],[127.67667,38.32429],[127.67584,38.32422],[127.67513,38.32408],[127.67451,38.32384],[127.67404,38.32378],[127.67342,38.32381],[127.67212,38.32369],[127.67148,38.32353],[127.67083,38.32331],[127.67063,38.32338],[127.67023,38.32322],[127.6695,38.32277],[127.66904,38.32272],[127.66873,38.32285],[127.6688,38.32309],[127.66859,38.32335],[127.66791,38.32379],[127.66728,38.32438],[127.66726,38.32454],[127.66695,38.32483],[127.66704,38.32495],[127.66678,38.32523],[127.66644,38.32535],[127.6662,38.32559],[127.66579,38.32577],[127.66497,38.32596],[127.6645,38.32638],[127.66432,38.32671],[127.664,38.32696],[127.66362,38.32704],[127.66336,38.32698],[127.66276,38.32648],[127.66255,38.32608],[127.66277,38.32582],[127.66288,38.3252],[127.66144,38.32527],[127.66033,38.32485],[127.66001,38.32459],[127.65931,38.3243],[127.65901,38.3238],[127.65821,38.32353],[127.65687,38.32398],[127.65593,38.32388],[127.65525,38.32451],[127.65395,38.32499],[127.65294,38.32546],[127.63422,38.32536],[127.63422,38.32492],[127.63386,38.32401],[127.63352,38.32279],[127.63181,38.32367],[127.63066,38.32448],[127.62976,38.32551],[127.62885,38.32532],[127.62774,38.32519],[127.62682,38.32535],[127.62616,38.32572],[127.6259,38.32569],[127.62546,38.32525],[127.62496,38.325],[127.62401,38.32507],[127.62331,38.32502],[127.62239,38.32487],[127.62191,38.32475],[127.62131,38.32491],[127.61939,38.3249],[127.61837,38.32521],[127.6179,38.32585],[127.61745,38.32623],[127.61628,38.32635],[127.61599,38.32648],[127.61589,38.32668],[127.61684,38.32787],[127.61733,38.32854],[127.61735,38.32903],[127.61718,38.32962],[127.61677,38.33023],[127.61659,38.33038],[127.61589,38.33064],[127.6156,38.33089],[127.61561,38.3312],[127.61536,38.33185],[127.61517,38.33201],[127.61527,38.3323],[127.61579,38.33256],[127.6158,38.33275],[127.61539,38.33297],[127.61572,38.33358],[127.61544,38.33407],[127.61507,38.33388],[127.61449,38.33397],[127.61415,38.33388],[127.61363,38.33427],[127.61312,38.33409],[127.61321,38.33462],[127.61313,38.33561],[127.61282,38.336],[127.61266,38.33582],[127.61222,38.33556],[127.61192,38.3357],[127.61021,38.33605],[127.6098,38.33589],[127.60937,38.33598],[127.60929,38.3363],[127.60939,38.33655],[127.60905,38.33675],[127.6006,38.33631],[127.6,38.33619],[127.59955,38.33359],[127.59852,38.33425],[127.59793,38.33467],[127.59714,38.33477],[127.59652,38.33498],[127.59591,38.33475],[127.59545,38.33425],[127.59482,38.33429],[127.5945,38.33493],[127.59431,38.33593],[127.5938,38.33609],[127.59309,38.33574],[127.59284,38.33595],[127.59256,38.33584],[127.5922,38.33644],[127.59161,38.33688],[127.59133,38.3369],[127.5909,38.33656],[127.59065,38.33605],[127.58932,38.33661],[127.58817,38.3369],[127.588,38.33712],[127.58755,38.33709],[127.58742,38.33673],[127.58705,38.3367],[127.58697,38.33653],[127.58635,38.33643],[127.58609,38.33631],[127.5857,38.33635],[127.58494,38.33631],[127.58471,38.33661],[127.58394,38.33667],[127.58348,38.33605],[127.58315,38.33544],[127.58298,38.33527],[127.58156,38.33533],[127.58123,38.33514],[127.58085,38.33571],[127.58006,38.33593],[127.57901,38.33581],[127.57894,38.33521],[127.57876,38.33529],[127.57855,38.33574],[127.57803,38.33616],[127.57784,38.33666],[127.57722,38.33614],[127.57658,38.33584],[127.5762,38.33559],[127.57427,38.33443],[127.5738,38.33399],[127.57246,38.33329],[127.57244,38.33293],[127.57202,38.33266],[127.57131,38.33204],[127.57085,38.33157],[127.57088,38.3315],[127.57107,38.33154],[127.57229,38.33144],[127.5727,38.33177],[127.57351,38.33137],[127.57346,38.3309],[127.57414,38.32955],[127.57484,38.32914],[127.57508,38.3285],[127.57516,38.32796],[127.57462,38.32747],[127.57457,38.32693],[127.57319,38.32621],[127.57289,38.3263],[127.57258,38.326],[127.57229,38.3255],[127.57181,38.32499],[127.57124,38.32486],[127.57127,38.32442],[127.57072,38.32434],[127.56976,38.32358],[127.56965,38.32324],[127.56903,38.32295],[127.5688,38.32258],[127.56818,38.32216],[127.5685,38.32123],[127.56835,38.32029],[127.56802,38.31992],[127.56809,38.31934],[127.56848,38.31884],[127.5687,38.31869],[127.56879,38.3182],[127.56912,38.31788],[127.56946,38.31788],[127.57022,38.31716],[127.57012,38.31678],[127.57042,38.31653],[127.57032,38.31613],[127.56963,38.3157],[127.56956,38.3149],[127.56913,38.3144],[127.56906,38.31423],[127.56881,38.313],[127.56801,38.31165],[127.56841,38.31068],[127.56816,38.30972],[127.56769,38.30899],[127.56733,38.30875],[127.56725,38.30777],[127.56787,38.30711],[127.56872,38.30528],[127.56968,38.30434],[127.5705,38.30389],[127.57087,38.30316],[127.57037,38.30181],[127.57085,38.30108],[127.57159,38.29941],[127.57223,38.29914],[127.57181,38.29763],[127.57215,38.29663],[127.57246,38.29641],[127.57319,38.29487],[127.57413,38.29383],[127.57497,38.293],[127.57657,38.29079],[127.57761,38.29046],[127.57805,38.29058],[127.57842,38.29041],[127.57836,38.29007],[127.57938,38.28859],[127.57989,38.28825],[127.58065,38.28796],[127.58126,38.28756],[127.58138,38.28711],[127.58201,38.28699],[127.58344,38.28708],[127.58503,38.2862],[127.58537,38.28641],[127.58567,38.28629],[127.58594,38.28591],[127.58779,38.28516],[127.58791,38.28459],[127.59227,38.28239],[127.59333,38.28141],[127.59588,38.28023],[127.59733,38.28159],[127.59855,38.28248],[127.59943,38.28285],[127.60063,38.28297],[127.60222,38.28286],[127.60363,38.28312],[127.60578,38.2839],[127.6074,38.28473],[127.6076,38.28298],[127.60788,38.28166],[127.6085,38.28046],[127.60945,38.27941],[127.61079,38.27838],[127.61184,38.27732],[127.61296,38.27614],[127.61453,38.27503],[127.61706,38.27453],[127.61832,38.27415],[127.61932,38.27345],[127.61995,38.27233],[127.61998,38.27139],[127.61956,38.2704],[127.61969,38.26946],[127.62028,38.2688],[127.62091,38.26832],[127.62206,38.26786],[127.62275,38.26742],[127.62375,38.2658],[127.62467,38.26505],[127.62708,38.26385],[127.62806,38.26386],[127.62943,38.26376],[127.63079,38.26351],[127.63197,38.26301],[127.63303,38.26207],[127.63455,38.26142],[127.63597,38.26118],[127.63693,38.26121],[127.63785,38.26153],[127.63895,38.26237],[127.6398,38.26255],[127.64135,38.26205],[127.64252,38.26183],[127.64447,38.26183],[127.64526,38.26173],[127.64591,38.26104],[127.64646,38.26013],[127.64695,38.25982],[127.64814,38.25983],[127.65077,38.261],[127.65308,38.26176],[127.65461,38.26238],[127.65736,38.26281],[127.65883,38.26329],[127.65987,38.26383],[127.66122,38.2639],[127.66285,38.26375],[127.6641,38.26328],[127.66568,38.26319],[127.66783,38.26328],[127.66959,38.26363],[127.67197,38.26385],[127.67235,38.26339],[127.67316,38.26263],[127.67466,38.26041],[127.67476,38.25923],[127.67513,38.25878],[127.67613,38.25847],[127.67757,38.25829],[127.67818,38.25803],[127.67867,38.2575],[127.67974,38.25529],[127.68037,38.25414],[127.68099,38.2533],[127.68279,38.25233],[127.68461,38.25191],[127.68624,38.25146],[127.6873,38.25078],[127.68835,38.25002],[127.68965,38.24938],[127.69121,38.24926],[127.69448,38.24891],[127.69646,38.24861],[127.69831,38.24854],[127.703,38.24816],[127.70463,38.24811],[127.70609,38.24852],[127.7074,38.24922],[127.70874,38.25013],[127.70994,38.25068],[127.71156,38.25067],[127.71307,38.25042],[127.71378,38.25164],[127.71364,38.25267],[127.71314,38.25341],[127.71285,38.25411],[127.71259,38.25599],[127.71225,38.25692],[127.71221,38.258],[127.71221,38.25932],[127.71392,38.26017],[127.71533,38.2608],[127.71724,38.26214],[127.71936,38.26358],[127.72085,38.26499],[127.72182,38.26635],[127.72244,38.2678],[127.72285,38.26936],[127.72299,38.27021],[127.7233,38.27066],[127.72557,38.27286],[127.7272,38.27439],[127.72818,38.27572],[127.72887,38.27637],[127.73036,38.27726],[127.73156,38.27803],[127.73037,38.27932],[127.72835,38.28119],[127.72721,38.28306],[127.71961,38.28341],[127.71835,38.28582],[127.71467,38.28629],[127.71062,38.2887],[127.70907,38.2889],[127.70772,38.28926],[127.70562,38.29021],[127.70294,38.29155],[127.70247,38.29253],[127.70092,38.29297],[127.70039,38.29434],[127.69822,38.29524],[127.69784,38.29676],[127.69805,38.29957],[127.69421,38.30012],[127.69272,38.30115],[127.68672,38.3028],[127.68581,38.30291],[127.68531,38.30484],[127.68449,38.30561],[127.68309,38.30727],[127.68272,38.30801],[127.68305,38.30961],[127.6826,38.31021],[127.68286,38.31087],[127.68273,38.3113],[127.68188,38.31142],[127.68176,38.312],[127.68149,38.31222],[127.68162,38.31245],[127.68089,38.31396],[127.6798,38.31539],[127.67848,38.31594],[127.6778,38.31671],[127.6779,38.31764],[127.67817,38.31809],[127.6782,38.31877],[127.67861,38.31929],[127.67961,38.31962],[127.67989,38.31965],[127.68159,38.3206],[127.68231,38.32127],[127.68321,38.32187],[127.68365,38.32276],[127.68402,38.32401]]]},"properties":{"code":"32560280","name":"원남면"}},{"type":"Feature","geometry":{"type":"Polygon","coordinates":[[[127.88847,38.30877],[127.88255,38.31044],[127.87945,38.31217],[127.87486,38.31689],[127.87364,38.31616],[127.86952,38.31522],[127.86546,38.31421],[127.86208,38.31308],[127.8588,38.31182],[127.85795,38.31173],[127.85724,38.31203],[127.85642,38.3125],[127.85485,38.31293],[127.8526,38.31442],[127.85119,38.31463],[127.8496,38.31425],[127.84697,38.31283],[127.84238,38.30923],[127.83947,38.3077],[127.83304,38.30543],[127.83113,38.30513],[127.82935,38.30531],[127.82682,38.3045],[127.82459,38.30417],[127.82174,38.30379],[127.82173,38.30303],[127.82146,38.30122],[127.8213,38.29902],[127.82102,38.29745],[127.82034,38.29506],[127.8194,38.29366],[127.81772,38.29295],[127.81619,38.29176],[127.81471,38.29105],[127.81289,38.2892],[127.81258,38.28793],[127.81453,38.28792],[127.81514,38.28799],[127.81646,38.28804],[127.81765,38.28798],[127.81962,38.28777],[127.82098,38.28756],[127.82237,38.28706],[127.82431,38.28664],[127.82617,38.28641],[127.82803,38.28638],[127.83082,38.28614],[127.8329,38.28657],[127.83369,38.28687],[127.83544,38.28711],[127.83757,38.28729],[127.83882,38.2871],[127.84001,38.2864],[127.84125,38.28578],[127.84294,38.28479],[127.84395,38.28436],[127.84462,38.28379],[127.84574,38.28359],[127.84776,38.28401],[127.84873,38.28418],[127.851,38.28439],[127.85228,38.28465],[127.85378,38.28432],[127.85445,38.28434],[127.85673,38.28342],[127.85846,38.28313],[127.8597,38.28256],[127.86081,38.28255],[127.86214,38.28286],[127.86263,38.28324],[127.86327,38.28467],[127.8643,38.28589],[127.86571,38.28721],[127.86699,38.28797],[127.86837,38.28837],[127.87087,38.28889],[127.87306,38.29025],[127.87517,38.29212],[127.87594,38.29322],[127.87644,38.29442],[127.8774,38.29645],[127.87876,38.29831],[127.8806,38.3002],[127.88189,38.30192],[127.88308,38.30316],[127.88506,38.30414],[127.88703,38.30582],[127.88847,38.30877]]]},"properties":{"code":"32560290","name":"임남면"}},{"type":"Feature","geometry":{"type":"Polygon","coordinates":[[[127.45125,38.26909],[127.45085,38.2688],[127.45057,38.26875],[127.44991,38.26878],[127.44948,38.26903],[127.44865,38.26925],[127.44811,38.26929],[127.44692,38.26924],[127.44651,38.26895],[127.44643,38.26857],[127.44608,38.26818],[127.44515,38.26748],[127.44432,38.26719],[127.44335,38.2667],[127.44258,38.2661],[127.44205,38.26578],[127.44131,38.26543],[127.4407,38.26526],[127.44025,38.26498],[127.43947,38.26464],[127.43865,38.26419],[127.43714,38.2634],[127.43652,38.26292],[127.4349,38.26188],[127.43453,38.26052],[127.43431,38.26009],[127.4342,38.25937],[127.4343,38.25913],[127.43506,38.2586],[127.43588,38.25813],[127.43582,38.25721],[127.43546,38.25607],[127.43531,38.25538],[127.43492,38.2542],[127.43462,38.25286],[127.4336,38.25137],[127.43262,38.25027],[127.4324,38.25014],[127.43029,38.2497],[127.42918,38.24951],[127.42777,38.24898],[127.42642,38.24805],[127.42595,38.24763],[127.4253,38.24681],[127.42477,38.24628],[127.42433,38.24564],[127.42377,38.24506],[127.42344,38.2445],[127.42294,38.2441],[127.42273,38.24406],[127.42152,38.24412],[127.42035,38.24455],[127.4193,38.24607],[127.4188,38.24656],[127.41821,38.24682],[127.41774,38.24681],[127.41728,38.24712],[127.41674,38.24658],[127.41675,38.24586],[127.41698,38.2454],[127.41741,38.24509],[127.41784,38.2443],[127.41847,38.24422],[127.41844,38.24378],[127.41864,38.24332],[127.41856,38.24303],[127.41875,38.24268],[127.41886,38.24187],[127.41847,38.24126],[127.41837,38.24067],[127.41872,38.23973],[127.41926,38.23917],[127.41932,38.23842],[127.41966,38.23785],[127.42002,38.23758],[127.42065,38.23693],[127.42142,38.23693],[127.42146,38.2365],[127.42184,38.23607],[127.42129,38.23578],[127.42068,38.23483],[127.41976,38.23358],[127.42004,38.2328],[127.41973,38.23236],[127.41952,38.23163],[127.41917,38.23162],[127.4185,38.23086],[127.41813,38.23003],[127.41584,38.22886],[127.41552,38.2282],[127.41467,38.22683],[127.4138,38.22597],[127.41364,38.22533],[127.41322,38.22484],[127.41353,38.22428],[127.4137,38.22358],[127.41429,38.22289],[127.41471,38.22211],[127.41481,38.22116],[127.41391,38.22023],[127.41374,38.21942],[127.41356,38.21825],[127.41324,38.21754],[127.41315,38.21677],[127.4129,38.21632],[127.41186,38.21623],[127.41101,38.21588],[127.41054,38.21552],[127.40942,38.21521],[127.40825,38.21529],[127.40795,38.21508],[127.40631,38.21463],[127.40582,38.21471],[127.40484,38.2146],[127.40469,38.21442],[127.40432,38.21368],[127.40397,38.21354],[127.40382,38.21269],[127.40328,38.21193],[127.4031,38.21131],[127.40191,38.21079],[127.40058,38.20991],[127.39909,38.2097],[127.39875,38.20887],[127.40006,38.20793],[127.40036,38.20745],[127.40043,38.20686],[127.40068,38.20662],[127.401,38.20589],[127.40195,38.20486],[127.40269,38.20435],[127.4029,38.20358],[127.40331,38.20292],[127.4031,38.2019],[127.4029,38.20142],[127.40281,38.20004],[127.40285,38.19973],[127.40561,38.19633],[127.40514,38.19537],[127.40637,38.19412],[127.40623,38.19371],[127.40641,38.19337],[127.40597,38.19183],[127.40584,38.19104],[127.40547,38.19098],[127.40416,38.19015],[127.40436,38.18977],[127.40466,38.18861],[127.40423,38.18809],[127.40354,38.18784],[127.40338,38.18755],[127.40264,38.18732],[127.40253,38.18718],[127.40202,38.18705],[127.40209,38.18643],[127.40251,38.18532],[127.40225,38.18516],[127.4024,38.18481],[127.40282,38.18438],[127.40262,38.18384],[127.40293,38.1833],[127.40262,38.18165],[127.40218,38.18088],[127.40247,38.18053],[127.40223,38.17974],[127.40252,38.17841],[127.40211,38.17737],[127.40285,38.1763],[127.40267,38.17599],[127.40291,38.17569],[127.40265,38.17552],[127.40279,38.17517],[127.40269,38.17509],[127.40227,38.17406],[127.40236,38.17377],[127.4022,38.17336],[127.4011,38.17449],[127.40029,38.17484],[127.39964,38.17442],[127.39897,38.17447],[127.3986,38.17481],[127.39846,38.17471],[127.39796,38.17466],[127.39729,38.17424],[127.3972,38.17408],[127.39584,38.17323],[127.39556,38.17275],[127.39396,38.17259],[127.39366,38.1727],[127.39254,38.17179],[127.39251,38.17154],[127.39121,38.17091],[127.39085,38.17001],[127.38993,38.16932],[127.38975,38.16879],[127.3901,38.16821],[127.38973,38.16735],[127.38893,38.16687],[127.38862,38.16663],[127.38796,38.16633],[127.38766,38.16657],[127.3865,38.16666],[127.38474,38.1672],[127.38439,38.16652],[127.38349,38.16615],[127.383,38.16546],[127.38244,38.1652],[127.38218,38.16485],[127.38145,38.16457],[127.38052,38.16487],[127.37993,38.16462],[127.37957,38.1642],[127.37911,38.16346],[127.37874,38.16347],[127.37779,38.16314],[127.37648,38.16312],[127.37379,38.16245],[127.37222,38.16232],[127.37108,38.16194],[127.37042,38.16128],[127.37035,38.16064],[127.37004,38.16002],[127.37015,38.15917],[127.37059,38.15857],[127.3714,38.15728],[127.37175,38.15656],[127.37173,38.15574],[127.37145,38.15533],[127.37159,38.15505],[127.37148,38.15437],[127.3718,38.15324],[127.37306,38.15127],[127.37456,38.14971],[127.37567,38.14796],[127.37602,38.14701],[127.3768,38.14568],[127.37728,38.14455],[127.37779,38.1432],[127.37747,38.14206],[127.3778,38.1418],[127.37792,38.14107],[127.37824,38.14079],[127.3789,38.13999],[127.37901,38.13971],[127.37871,38.13909],[127.37859,38.13756],[127.37866,38.13737],[127.37857,38.13676],[127.379,38.13608],[127.37875,38.13515],[127.37927,38.13449],[127.37948,38.13404],[127.37888,38.13355],[127.37969,38.13259],[127.37946,38.1314],[127.38045,38.12994],[127.38032,38.12911],[127.38147,38.12685],[127.38143,38.12461],[127.38139,38.12409],[127.38095,38.12376],[127.38079,38.12332],[127.37984,38.12247],[127.37966,38.12109],[127.37942,38.12025],[127.3793,38.11934],[127.37913,38.11914],[127.37871,38.11837],[127.37917,38.11807],[127.37999,38.11787],[127.38049,38.11761],[127.38089,38.11726],[127.38175,38.11688],[127.38327,38.11708],[127.38337,38.1165],[127.38395,38.11582],[127.38388,38.11528],[127.38378,38.11501],[127.38389,38.1146],[127.38429,38.11432],[127.38479,38.11422],[127.38561,38.11475],[127.38596,38.11482],[127.38695,38.11464],[127.38766,38.11485],[127.38809,38.11472],[127.38888,38.11467],[127.38917,38.11458],[127.38966,38.11458],[127.39002,38.11471],[127.39063,38.11477],[127.3917,38.11454],[127.39225,38.1143],[127.39262,38.11401],[127.39292,38.11389],[127.39332,38.11353],[127.39423,38.1134],[127.39479,38.11397],[127.39519,38.11376],[127.39568,38.11378],[127.39585,38.11389],[127.39625,38.11386],[127.39681,38.11332],[127.39751,38.11344],[127.39804,38.11335],[127.39836,38.1135],[127.39919,38.11352],[127.3997,38.11367],[127.40067,38.11376],[127.40138,38.11348],[127.40218,38.11323],[127.40281,38.11325],[127.40345,38.11296],[127.40361,38.11257],[127.40339,38.11226],[127.40352,38.11124],[127.40367,38.11094],[127.40331,38.11031],[127.40338,38.10976],[127.40368,38.10951],[127.40365,38.1092],[127.40388,38.10863],[127.40374,38.10821],[127.40401,38.10788],[127.4044,38.10694],[127.40493,38.10679],[127.40516,38.10639],[127.40554,38.10629],[127.40552,38.10295],[127.4104,38.10294],[127.41127,38.1025],[127.41341,38.10201],[127.41442,38.10217],[127.4166,38.10359],[127.4175,38.10388],[127.41792,38.10452],[127.41848,38.10476],[127.42042,38.1061],[127.42174,38.10618],[127.42262,38.10677],[127.42338,38.10746],[127.42364,38.1079],[127.42388,38.10801],[127.42507,38.10901],[127.42541,38.11115],[127.42635,38.11171],[127.42737,38.11304],[127.42888,38.11429],[127.42991,38.11482],[127.43053,38.11537],[127.43286,38.11829],[127.43493,38.11918],[127.43594,38.12006],[127.43684,38.12048],[127.43811,38.12183],[127.43989,38.12297],[127.44013,38.12333],[127.44134,38.12434],[127.44137,38.12464],[127.44125,38.12567],[127.44053,38.12671],[127.4404,38.12827],[127.44061,38.1294],[127.4409,38.13165],[127.44106,38.1321],[127.44093,38.1329],[127.44046,38.13448],[127.44076,38.13563],[127.44056,38.1366],[127.44054,38.13764],[127.44047,38.13794],[127.4406,38.13822],[127.44056,38.13855],[127.4404,38.13888],[127.43995,38.13939],[127.44025,38.13974],[127.44028,38.14074],[127.43965,38.14146],[127.43991,38.14281],[127.4413,38.14362],[127.44151,38.14428],[127.44178,38.14472],[127.44215,38.14503],[127.44249,38.14553],[127.44247,38.14617],[127.44281,38.14622],[127.44336,38.14672],[127.44359,38.14731],[127.44394,38.14777],[127.44346,38.1495],[127.44286,38.15091],[127.44305,38.15155],[127.44166,38.15334],[127.44137,38.15414],[127.44143,38.15499],[127.44116,38.15525],[127.44114,38.15686],[127.44061,38.15807],[127.44196,38.15876],[127.44435,38.16067],[127.4441,38.16164],[127.44487,38.16376],[127.44511,38.16527],[127.44593,38.16623],[127.44708,38.16718],[127.44718,38.16757],[127.44727,38.1688],[127.44826,38.1698],[127.44818,38.17022],[127.44821,38.17079],[127.44851,38.1714],[127.44842,38.17236],[127.44847,38.17304],[127.44803,38.17416],[127.44718,38.17464],[127.44631,38.17583],[127.44607,38.17683],[127.44745,38.17741],[127.44806,38.17825],[127.44838,38.17847],[127.44906,38.17878],[127.4494,38.17912],[127.45022,38.17944],[127.45113,38.1799],[127.45143,38.18037],[127.45184,38.18069],[127.4521,38.1811],[127.45332,38.18161],[127.45424,38.1818],[127.45457,38.1825],[127.45457,38.18309],[127.45485,38.18348],[127.45471,38.18457],[127.45447,38.18518],[127.45419,38.18559],[127.45444,38.18674],[127.45415,38.18719],[127.45412,38.18842],[127.45308,38.18967],[127.45205,38.19016],[127.45201,38.19036],[127.45155,38.19103],[127.45112,38.19118],[127.45081,38.19154],[127.45091,38.19218],[127.45042,38.19345],[127.44975,38.19483],[127.44949,38.19563],[127.45019,38.19685],[127.44931,38.19831],[127.4494,38.19862],[127.45044,38.19879],[127.45066,38.1991],[127.45039,38.20031],[127.45111,38.20146],[127.4522,38.20257],[127.45195,38.20432],[127.45161,38.20511],[127.45095,38.20733],[127.45139,38.20879],[127.45126,38.2093],[127.45165,38.21014],[127.45217,38.21085],[127.45379,38.21169],[127.45352,38.21376],[127.45382,38.21643],[127.45432,38.21785],[127.454,38.21859],[127.45394,38.21937],[127.45485,38.21973],[127.45509,38.22089],[127.45582,38.222],[127.45664,38.22251],[127.45695,38.22341],[127.45881,38.22427],[127.45981,38.22448],[127.45965,38.22531],[127.45902,38.22582],[127.45858,38.22845],[127.45918,38.2299],[127.45955,38.23064],[127.46046,38.23205],[127.46023,38.23251],[127.46002,38.2333],[127.45918,38.23429],[127.4589,38.23594],[127.45831,38.23684],[127.4581,38.2376],[127.45824,38.23777],[127.45813,38.23828],[127.45843,38.23871],[127.45863,38.23927],[127.45864,38.24007],[127.45895,38.24044],[127.45986,38.24091],[127.46018,38.24131],[127.46024,38.2417],[127.46107,38.24197],[127.46214,38.24195],[127.46247,38.24184],[127.46241,38.24228],[127.46245,38.24329],[127.4627,38.24356],[127.46322,38.24355],[127.46339,38.24412],[127.46338,38.24452],[127.4636,38.24529],[127.46387,38.246],[127.46405,38.24663],[127.46416,38.2477],[127.46407,38.2487],[127.46416,38.24938],[127.46384,38.24974],[127.46346,38.24998],[127.46286,38.2502],[127.46097,38.2505],[127.46053,38.25066],[127.45902,38.25098],[127.45825,38.25118],[127.45708,38.25176],[127.45602,38.25266],[127.45562,38.25326],[127.45506,38.25442],[127.45487,38.25502],[127.45464,38.25603],[127.45449,38.25623],[127.45349,38.2571],[127.45298,38.25813],[127.45247,38.25899],[127.45222,38.25923],[127.45269,38.25955],[127.45296,38.26002],[127.45297,38.26034],[127.45315,38.26109],[127.45305,38.26171],[127.45293,38.26193],[127.45291,38.26234],[127.45258,38.26313],[127.45237,38.26344],[127.45212,38.26416],[127.45217,38.26501],[127.45174,38.2656],[127.4526,38.26572],[127.4524,38.26661],[127.45259,38.26664],[127.45214,38.2686],[127.45168,38.26854],[127.4515,38.26898],[127.45125,38.26909]]]},"properties":{"code":"32560310","name":"서면"}},{"type":"Feature","geometry":{"type":"Polygon","coordinates":[[[127.59588,38.28023],[127.59333,38.28141],[127.59227,38.28239],[127.58791,38.28459],[127.58779,38.28516],[127.58594,38.28591],[127.58567,38.28629],[127.58537,38.28641],[127.58503,38.2862],[127.58344,38.28708],[127.58201,38.28699],[127.58138,38.28711],[127.58126,38.28756],[127.58065,38.28796],[127.57989,38.28825],[127.57938,38.28859],[127.57836,38.29007],[127.57842,38.29041],[127.57805,38.29058],[127.57761,38.29046],[127.57657,38.29079],[127.57497,38.293],[127.57413,38.29383],[127.57274,38.2929],[127.57234,38.29242],[127.57171,38.29196],[127.57082,38.29163],[127.57032,38.29113],[127.56951,38.29091],[127.56664,38.28947],[127.56586,38.28863],[127.56542,38.28843],[127.5651,38.28793],[127.56488,38.28776],[127.56425,38.28788],[127.56396,38.28773],[127.56145,38.28791],[127.56074,38.28731],[127.56041,38.28714],[127.55928,38.28635],[127.55878,38.28565],[127.5581,38.28547],[127.55519,38.2854],[127.55338,38.28521],[127.55287,38.28479],[127.55233,38.28475],[127.55152,38.28513],[127.55079,38.28564],[127.54985,38.28609],[127.54914,38.28596],[127.54856,38.28599],[127.54845,38.28635],[127.54801,38.28705],[127.54743,38.28738],[127.54553,38.28889],[127.54517,38.28991],[127.54517,38.29074],[127.54489,38.29122],[127.54413,38.29153],[127.54383,38.29155],[127.54177,38.2922],[127.54035,38.29242],[127.53873,38.29235],[127.53636,38.2926],[127.53496,38.29281],[127.53377,38.2928],[127.5328,38.29271],[127.53131,38.29245],[127.52985,38.29216],[127.52798,38.29194],[127.5264,38.29162],[127.52493,38.29149],[127.52412,38.2911],[127.52346,38.29003],[127.52255,38.28918],[127.52184,38.28897],[127.5212,38.28861],[127.5207,38.28917],[127.51956,38.28963],[127.51863,38.28943],[127.51798,38.28899],[127.51726,38.28908],[127.51622,38.28892],[127.51522,38.28905],[127.5142,38.28889],[127.51374,38.2887],[127.51336,38.28871],[127.5121,38.28839],[127.51159,38.2882],[127.51145,38.28784],[127.51095,38.28765],[127.51051,38.28756],[127.51037,38.2874],[127.50871,38.28697],[127.50791,38.28727],[127.5063,38.28643],[127.50559,38.2847],[127.50494,38.28329],[127.50429,38.28258],[127.5036,38.28168],[127.5026,38.28109],[127.50259,38.28104],[127.50255,38.28031],[127.50208,38.27975],[127.50257,38.27828],[127.50223,38.27755],[127.50154,38.27697],[127.50083,38.27693],[127.49866,38.27461],[127.49794,38.27457],[127.49769,38.27396],[127.49718,38.27333],[127.49639,38.2725],[127.49592,38.27167],[127.4956,38.2716],[127.49527,38.27118],[127.49425,38.27093],[127.49329,38.27172],[127.49298,38.27208],[127.49223,38.27337],[127.49199,38.27328],[127.49109,38.27351],[127.49032,38.27356],[127.48959,38.27412],[127.48915,38.2743],[127.48832,38.27443],[127.48756,38.2743],[127.48687,38.27433],[127.48654,38.27385],[127.48587,38.27395],[127.48567,38.27409],[127.48484,38.27424],[127.48397,38.27413],[127.48377,38.274],[127.48342,38.27401],[127.48283,38.27418],[127.48258,38.27413],[127.4819,38.27438],[127.48149,38.27435],[127.48068,38.27451],[127.48035,38.27451],[127.4802,38.27479],[127.47965,38.27487],[127.47959,38.27518],[127.47963,38.27567],[127.47935,38.27575],[127.4785,38.2758],[127.47845,38.27624],[127.4783,38.27653],[127.47804,38.27657],[127.47772,38.27636],[127.47726,38.27624],[127.47672,38.27596],[127.47597,38.27602],[127.47514,38.27571],[127.47445,38.27601],[127.47333,38.27619],[127.47348,38.27644],[127.47337,38.27666],[127.47277,38.27675],[127.47207,38.27659],[127.47159,38.2767],[127.47097,38.27669],[127.4705,38.27698],[127.46979,38.27715],[127.46898,38.27697],[127.46778,38.27713],[127.46671,38.27718],[127.46643,38.27727],[127.46585,38.27729],[127.46512,38.27648],[127.46458,38.27571],[127.46437,38.27532],[127.46428,38.27482],[127.46355,38.27478],[127.46309,38.27469],[127.46236,38.27465],[127.46186,38.27457],[127.46076,38.27451],[127.46017,38.27457],[127.45969,38.27454],[127.45962,38.27438],[127.4592,38.27414],[127.45875,38.27377],[127.45837,38.27385],[127.45789,38.27345],[127.45778,38.27317],[127.45754,38.27303],[127.45695,38.27335],[127.45641,38.27339],[127.45594,38.27317],[127.45523,38.27253],[127.4548,38.27224],[127.45442,38.27211],[127.4537,38.27215],[127.45337,38.27197],[127.4526,38.27127],[127.45169,38.27024],[127.45129,38.26965],[127.45125,38.26909],[127.4515,38.26898],[127.45168,38.26854],[127.45214,38.2686],[127.45259,38.26664],[127.4524,38.26661],[127.4526,38.26572],[127.45174,38.2656],[127.45217,38.26501],[127.45212,38.26416],[127.45237,38.26344],[127.45258,38.26313],[127.45291,38.26234],[127.45293,38.26193],[127.45305,38.26171],[127.45315,38.26109],[127.45297,38.26034],[127.45296,38.26002],[127.45269,38.25955],[127.45222,38.25923],[127.45247,38.25899],[127.45298,38.25813],[127.45349,38.2571],[127.45449,38.25623],[127.45464,38.25603],[127.45487,38.25502],[127.45506,38.25442],[127.45562,38.25326],[127.45602,38.25266],[127.45708,38.25176],[127.45825,38.25118],[127.45902,38.25098],[127.46053,38.25066],[127.46097,38.2505],[127.46286,38.2502],[127.46346,38.24998],[127.46384,38.24974],[127.46416,38.24938],[127.46407,38.2487],[127.46416,38.2477],[127.46405,38.24663],[127.46387,38.246],[127.4636,38.24529],[127.46338,38.24452],[127.46339,38.24412],[127.46322,38.24355],[127.4627,38.24356],[127.46245,38.24329],[127.46241,38.24228],[127.46247,38.24184],[127.46214,38.24195],[127.46107,38.24197],[127.46024,38.2417],[127.46018,38.24131],[127.45986,38.24091],[127.45895,38.24044],[127.45864,38.24007],[127.45863,38.23927],[127.45843,38.23871],[127.45813,38.23828],[127.45824,38.23777],[127.4581,38.2376],[127.45831,38.23684],[127.4589,38.23594],[127.45918,38.23429],[127.46002,38.2333],[127.46023,38.23251],[127.46046,38.23205],[127.45955,38.23064],[127.45918,38.2299],[127.45858,38.22845],[127.45902,38.22582],[127.45965,38.22531],[127.45981,38.22448],[127.45881,38.22427],[127.45695,38.22341],[127.45664,38.22251],[127.45582,38.222],[127.45509,38.22089],[127.45485,38.21973],[127.45394,38.21937],[127.454,38.21859],[127.45432,38.21785],[127.45382,38.21643],[127.45352,38.21376],[127.45379,38.21169],[127.45217,38.21085],[127.45165,38.21014],[127.45126,38.2093],[127.45139,38.20879],[127.45095,38.20733],[127.45161,38.20511],[127.45195,38.20432],[127.4522,38.20257],[127.45111,38.20146],[127.45039,38.20031],[127.45066,38.1991],[127.45044,38.19879],[127.4494,38.19862],[127.44931,38.19831],[127.45019,38.19685],[127.44949,38.19563],[127.44975,38.19483],[127.45042,38.19345],[127.45091,38.19218],[127.45081,38.19154],[127.45112,38.19118],[127.45155,38.19103],[127.45201,38.19036],[127.45205,38.19016],[127.45308,38.18967],[127.45412,38.18842],[127.45415,38.18719],[127.45444,38.18674],[127.45419,38.18559],[127.45447,38.18518],[127.45471,38.18457],[127.45485,38.18348],[127.45457,38.18309],[127.45457,38.1825],[127.45424,38.1818],[127.45332,38.18161],[127.4521,38.1811],[127.45184,38.18069],[127.45143,38.18037],[127.45113,38.1799],[127.45022,38.17944],[127.4494,38.17912],[127.44906,38.17878],[127.44838,38.17847],[127.44806,38.17825],[127.44745,38.17741],[127.44607,38.17683],[127.44631,38.17583],[127.44718,38.17464],[127.44803,38.17416],[127.44847,38.17304],[127.44842,38.17236],[127.44851,38.1714],[127.44821,38.17079],[127.44818,38.17022],[127.44826,38.1698],[127.44727,38.1688],[127.44718,38.16757],[127.44708,38.16718],[127.44593,38.16623],[127.44511,38.16527],[127.44487,38.16376],[127.4441,38.16164],[127.44435,38.16067],[127.44196,38.15876],[127.44061,38.15807],[127.44114,38.15686],[127.44116,38.15525],[127.44143,38.15499],[127.44137,38.15414],[127.44166,38.15334],[127.44305,38.15155],[127.44286,38.15091],[127.44346,38.1495],[127.44394,38.14777],[127.44359,38.14731],[127.44336,38.14672],[127.44281,38.14622],[127.44247,38.14617],[127.44249,38.14553],[127.44215,38.14503],[127.44178,38.14472],[127.44151,38.14428],[127.4413,38.14362],[127.43991,38.14281],[127.43965,38.14146],[127.44028,38.14074],[127.44025,38.13974],[127.43995,38.13939],[127.4404,38.13888],[127.44056,38.13855],[127.4406,38.13822],[127.44047,38.13794],[127.44054,38.13764],[127.44056,38.1366],[127.44076,38.13563],[127.44046,38.13448],[127.44093,38.1329],[127.44106,38.1321],[127.4409,38.13165],[127.44061,38.1294],[127.4404,38.12827],[127.44053,38.12671],[127.44125,38.12567],[127.44137,38.12464],[127.44134,38.12434],[127.4419,38.12443],[127.4433,38.12394],[127.44454,38.12378],[127.44525,38.12231],[127.44529,38.12168],[127.44548,38.12143],[127.44584,38.12139],[127.44632,38.12095],[127.44668,38.12044],[127.44666,38.12018],[127.44695,38.11995],[127.44706,38.11968],[127.44591,38.11712],[127.44768,38.11737],[127.44947,38.1178],[127.45119,38.11768],[127.45289,38.11734],[127.45384,38.11744],[127.45413,38.11825],[127.45395,38.11935],[127.45417,38.12057],[127.45485,38.1213],[127.45689,38.12175],[127.45723,38.12273],[127.45899,38.12324],[127.46037,38.12318],[127.46167,38.12288],[127.46221,38.12296],[127.46356,38.12426],[127.46595,38.12466],[127.46751,38.12515],[127.46886,38.12522],[127.47047,38.12458],[127.47181,38.12435],[127.47437,38.12468],[127.47499,38.12443],[127.47739,38.1249],[127.47766,38.12504],[127.47868,38.12474],[127.47936,38.12443],[127.48001,38.12448],[127.48111,38.12483],[127.48265,38.12461],[127.48428,38.12522],[127.4864,38.12667],[127.48735,38.12707],[127.4886,38.12795],[127.48957,38.12824],[127.49052,38.12897],[127.49068,38.12942],[127.49111,38.12966],[127.49163,38.12979],[127.49191,38.13058],[127.49398,38.132],[127.49529,38.13299],[127.49498,38.13441],[127.4956,38.13612],[127.496,38.13668],[127.49597,38.13806],[127.49756,38.14032],[127.49817,38.14171],[127.49976,38.14147],[127.5004,38.14169],[127.50054,38.14228],[127.50182,38.14371],[127.50195,38.14436],[127.50226,38.14509],[127.50218,38.1468],[127.50233,38.1476],[127.5028,38.14849],[127.50222,38.14931],[127.50112,38.15027],[127.50042,38.15092],[127.5001,38.15134],[127.49935,38.15146],[127.49884,38.15195],[127.49812,38.15215],[127.49687,38.15221],[127.49599,38.15249],[127.49516,38.15297],[127.49499,38.15313],[127.49384,38.15483],[127.4936,38.15528],[127.49228,38.15583],[127.49186,38.15681],[127.49136,38.15773],[127.4907,38.15919],[127.49091,38.15975],[127.49194,38.16063],[127.49342,38.16152],[127.49447,38.16208],[127.49502,38.16275],[127.49532,38.1635],[127.49524,38.16415],[127.49558,38.16514],[127.49658,38.16616],[127.49713,38.16728],[127.49787,38.16735],[127.49877,38.16793],[127.49954,38.16888],[127.50028,38.17008],[127.50096,38.17096],[127.50243,38.17171],[127.50317,38.17251],[127.50422,38.17351],[127.50482,38.17484],[127.50421,38.17603],[127.5039,38.17742],[127.50446,38.17878],[127.50474,38.18052],[127.50429,38.18196],[127.50379,38.18486],[127.5048,38.18627],[127.50539,38.18836],[127.50578,38.1898],[127.50592,38.19078],[127.50668,38.19274],[127.50706,38.19477],[127.50799,38.19792],[127.50857,38.19915],[127.5109,38.19921],[127.51352,38.19963],[127.51512,38.19962],[127.51706,38.19903],[127.51892,38.1994],[127.52021,38.19999],[127.52051,38.20005],[127.52149,38.20015],[127.52451,38.20062],[127.525,38.20126],[127.52499,38.20213],[127.52603,38.20265],[127.52694,38.20358],[127.52763,38.20478],[127.5287,38.20633],[127.52991,38.20845],[127.53162,38.2106],[127.53281,38.21071],[127.53509,38.21075],[127.53671,38.21062],[127.53751,38.21192],[127.53834,38.21259],[127.53988,38.21452],[127.54037,38.21518],[127.54128,38.21583],[127.54242,38.21681],[127.54224,38.2177],[127.5404,38.21962],[127.54006,38.22039],[127.54044,38.22048],[127.53908,38.22203],[127.53941,38.22466],[127.54016,38.22634],[127.5419,38.22923],[127.5432,38.23077],[127.54315,38.23094],[127.54512,38.23118],[127.5465,38.23114],[127.54744,38.23132],[127.54934,38.2314],[127.55027,38.23189],[127.55145,38.23178],[127.55267,38.23206],[127.55432,38.23213],[127.5551,38.23205],[127.5567,38.23209],[127.55874,38.23254],[127.56088,38.23425],[127.56234,38.23512],[127.56376,38.23622],[127.56423,38.2364],[127.56651,38.23829],[127.56721,38.23986],[127.56837,38.24141],[127.56915,38.243],[127.56932,38.24415],[127.56927,38.24512],[127.56959,38.24587],[127.56939,38.24654],[127.56942,38.24762],[127.57007,38.24897],[127.57337,38.25061],[127.57345,38.25079],[127.57424,38.25126],[127.57464,38.25131],[127.57569,38.252],[127.57584,38.25221],[127.57664,38.25239],[127.57686,38.25272],[127.57718,38.25288],[127.57739,38.25319],[127.57856,38.25383],[127.57875,38.25512],[127.57868,38.25575],[127.579,38.25616],[127.5801,38.25658],[127.58086,38.25662],[127.58107,38.25695],[127.58144,38.2568],[127.58208,38.25645],[127.58275,38.2567],[127.58324,38.25714],[127.5838,38.25723],[127.58421,38.25769],[127.58476,38.25784],[127.5857,38.25743],[127.58634,38.25728],[127.58679,38.25745],[127.58712,38.25735],[127.58732,38.25715],[127.58783,38.25716],[127.58926,38.25743],[127.59111,38.26037],[127.59386,38.26115],[127.59733,38.26266],[127.59701,38.26309],[127.59786,38.26491],[127.59753,38.26695],[127.59858,38.26989],[127.59631,38.27124],[127.59398,38.27581],[127.59397,38.27792],[127.59588,38.28023]]]},"properties":{"code":"32560320","name":"근남면"}}],"profileId":"gangwon","schemaVersion":2,"dataVersion":"gangwon-2022-563a6bb6162048a7"}
