{"type":"FeatureCollection","features":[{"type":"Feature","geometry":{"type":"Polygon","coordinates":[[[128.40425,38.09607],[128.40311,38.09604],[128.40121,38.09663],[128.39985,38.09656],[128.39884,38.09622],[128.39814,38.09631],[128.39691,38.09685],[128.39564,38.09681],[128.39421,38.09748],[128.39259,38.09729],[128.39085,38.09653],[128.38837,38.09744],[128.38825,38.09779],[128.38733,38.09819],[128.38575,38.09849],[128.38467,38.09898],[128.38315,38.09856],[128.38148,38.09884],[128.37978,38.09861],[128.37925,38.09775],[128.37762,38.0971],[128.37697,38.09623],[128.37577,38.09539],[128.37434,38.09517],[128.37319,38.09568],[128.37193,38.09571],[128.36981,38.0949],[128.36879,38.09469],[128.36816,38.09432],[128.36705,38.0943],[128.36488,38.09525],[128.36409,38.09522],[128.36299,38.09532],[128.36233,38.09553],[128.36095,38.09697],[128.36031,38.09737],[128.35961,38.09729],[128.35938,38.09738],[128.35857,38.09716],[128.35781,38.09676],[128.35661,38.09655],[128.35623,38.09635],[128.35522,38.09648],[128.35422,38.09589],[128.35323,38.09569],[128.35248,38.09539],[128.35107,38.09501],[128.3503,38.09497],[128.34994,38.09466],[128.34906,38.09451],[128.3482,38.09443],[128.34741,38.09462],[128.34654,38.0942],[128.34473,38.09433],[128.34438,38.09404],[128.34257,38.09298],[128.34214,38.09289],[128.34108,38.0933],[128.34065,38.09383],[128.33978,38.09412],[128.33858,38.09362],[128.33787,38.0934],[128.33737,38.09364],[128.33638,38.09367],[128.33629,38.09389],[128.33561,38.09384],[128.33539,38.09389],[128.33495,38.09424],[128.33486,38.09455],[128.33358,38.09488],[128.33096,38.09613],[128.32987,38.09611],[128.32827,38.09633],[128.32747,38.09618],[128.32714,38.09648],[128.32597,38.09586],[128.32502,38.09564],[128.32324,38.09652],[128.3223,38.09627],[128.32202,38.09646],[128.32124,38.09741],[128.3205,38.09793],[128.32002,38.09901],[128.31899,38.09877],[128.31844,38.0989],[128.31724,38.09835],[128.3168,38.09822],[128.31636,38.09799],[128.31561,38.09775],[128.31529,38.09733],[128.31437,38.09684],[128.31415,38.09621],[128.3138,38.09565],[128.31289,38.09513],[128.31183,38.09423],[128.30917,38.09213],[128.3071,38.0922],[128.30594,38.09211],[128.30418,38.09185],[128.30156,38.09104],[128.29881,38.08952],[128.29722,38.08979],[128.29562,38.09016],[128.29477,38.09011],[128.29403,38.08977],[128.29255,38.0896],[128.29192,38.08928],[128.29117,38.0894],[128.29081,38.08934],[128.29001,38.08898],[128.28914,38.08928],[128.28612,38.08865],[128.28537,38.08788],[128.28513,38.0875],[128.28481,38.0872],[128.28378,38.08706],[128.28282,38.08672],[128.28204,38.08663],[128.28153,38.08635],[128.28057,38.08598],[128.27897,38.08597],[128.27813,38.08653],[128.27716,38.08692],[128.276,38.08719],[128.2755,38.08736],[128.27485,38.08767],[128.27345,38.08767],[128.27299,38.08869],[128.27192,38.08925],[128.27152,38.08914],[128.27025,38.08903],[128.269,38.08915],[128.26819,38.08944],[128.26659,38.09108],[128.2668,38.09147],[128.26637,38.09202],[128.26492,38.09278],[128.26447,38.09326],[128.26371,38.0937],[128.26308,38.09379],[128.26233,38.09403],[128.26104,38.09499],[128.26082,38.09579],[128.25911,38.09641],[128.25823,38.09651],[128.25718,38.09712],[128.25588,38.09729],[128.25472,38.09655],[128.25356,38.09615],[128.2531,38.09573],[128.25197,38.09561],[128.25069,38.09613],[128.24957,38.09702],[128.24786,38.09606],[128.24678,38.09671],[128.24632,38.09749],[128.24555,38.09779],[128.24525,38.09778],[128.24458,38.09812],[128.24357,38.09816],[128.24248,38.09842],[128.24052,38.09855],[128.23986,38.09849],[128.2387,38.09806],[128.23803,38.09744],[128.23639,38.09785],[128.23611,38.09811],[128.23542,38.09815],[128.23453,38.09857],[128.23359,38.09823],[128.23251,38.09737],[128.23107,38.09694],[128.22855,38.09731],[128.22726,38.09716],[128.22675,38.0973],[128.22581,38.10083],[128.22508,38.10175],[128.22435,38.10212],[128.22348,38.10275],[128.22175,38.10285],[128.22081,38.10315],[128.22029,38.10311],[128.21844,38.10314],[128.21797,38.10317],[128.21638,38.10275],[128.21583,38.10296],[128.21474,38.10269],[128.21402,38.10312],[128.21322,38.10299],[128.21242,38.10331],[128.21192,38.10325],[128.21147,38.10341],[128.21084,38.10331],[128.21038,38.10352],[128.21009,38.10346],[128.20961,38.10355],[128.20936,38.10372],[128.20844,38.10361],[128.20801,38.10398],[128.20711,38.10411],[128.20604,38.10438],[128.20576,38.10412],[128.20522,38.10489],[128.20417,38.10527],[128.20384,38.10504],[128.20412,38.10484],[128.20384,38.10447],[128.20341,38.10423],[128.20315,38.10422],[128.20222,38.10455],[128.20221,38.10491],[128.2025,38.1051],[128.20305,38.10562],[128.20519,38.10815],[128.20515,38.10867],[128.20499,38.10892],[128.20431,38.1093],[128.20245,38.11071],[128.20203,38.11143],[128.20152,38.11071],[128.20082,38.11041],[128.19885,38.11037],[128.19739,38.10994],[128.19557,38.10947],[128.19426,38.10883],[128.19359,38.10882],[128.19261,38.10918],[128.19194,38.10953],[128.19163,38.11017],[128.1917,38.11105],[128.19224,38.11169],[128.19262,38.11198],[128.19268,38.11253],[128.19202,38.1132],[128.1916,38.11338],[128.19101,38.11341],[128.18904,38.11305],[128.18876,38.11312],[128.18875,38.11277],[128.18849,38.11279],[128.1882,38.11249],[128.18757,38.11215],[128.1873,38.11165],[128.1859,38.11094],[128.18566,38.11063],[128.18534,38.1108],[128.18522,38.11105],[128.18481,38.11141],[128.18474,38.11168],[128.18455,38.11179],[128.18374,38.11202],[128.18342,38.11262],[128.18254,38.1131],[128.18221,38.11347],[128.18203,38.11387],[128.18174,38.1142],[128.18133,38.11437],[128.18134,38.11469],[128.18193,38.11556],[128.18191,38.11597],[128.18161,38.11657],[128.18167,38.11712],[128.18152,38.11746],[128.18131,38.11766],[128.18109,38.11836],[128.18107,38.11859],[128.18124,38.1193],[128.18076,38.11994],[128.18065,38.12016],[128.18072,38.12045],[128.18032,38.12061],[128.18003,38.12096],[128.18002,38.12162],[128.18015,38.12201],[128.18044,38.12239],[128.18082,38.12306],[128.18068,38.12369],[128.17979,38.12478],[128.1797,38.12546],[128.17924,38.12588],[128.17947,38.12654],[128.18012,38.12704],[128.17988,38.12946],[128.17968,38.12995],[128.17929,38.13015],[128.17817,38.13314],[128.17824,38.13364],[128.17847,38.13384],[128.17852,38.1343],[128.17904,38.13516],[128.17974,38.13587],[128.17963,38.13627],[128.17991,38.13663],[128.17899,38.1373],[128.1785,38.1374],[128.17771,38.13806],[128.17695,38.13833],[128.1765,38.13878],[128.17673,38.13958],[128.17649,38.14014],[128.1765,38.14118],[128.17531,38.14193],[128.17512,38.14258],[128.1731,38.14319],[128.17273,38.14363],[128.17205,38.144],[128.17165,38.14438],[128.17128,38.14519],[128.17026,38.14496],[128.16856,38.14476],[128.16791,38.1454],[128.16666,38.1455],[128.16568,38.14627],[128.16531,38.14636],[128.16463,38.14608],[128.16337,38.14568],[128.16258,38.14518],[128.16168,38.14554],[128.1613,38.1458],[128.16107,38.14609],[128.1597,38.14597],[128.15849,38.14661],[128.1584,38.14701],[128.15781,38.14724],[128.15736,38.14781],[128.15593,38.14865],[128.155,38.14965],[128.15411,38.15041],[128.15404,38.15081],[128.15319,38.15169],[128.15303,38.15223],[128.15232,38.15341],[128.15154,38.15368],[128.15098,38.15362],[128.15072,38.15395],[128.1499,38.15433],[128.15001,38.15461],[128.14958,38.15627],[128.14891,38.1564],[128.14847,38.15676],[128.14821,38.1572],[128.14752,38.15765],[128.1481,38.15906],[128.14854,38.15977],[128.14871,38.16037],[128.14764,38.16117],[128.14699,38.16122],[128.14678,38.16156],[128.14621,38.16195],[128.14609,38.16245],[128.14574,38.16259],[128.14493,38.16441],[128.14478,38.16581],[128.14382,38.16632],[128.14338,38.1675],[128.14246,38.1683],[128.14211,38.16918],[128.14157,38.16961],[128.14128,38.17019],[128.13991,38.17075],[128.13949,38.17074],[128.13915,38.17105],[128.13933,38.17177],[128.13932,38.17231],[128.13899,38.17281],[128.13833,38.17396],[128.13831,38.17447],[128.13764,38.17538],[128.13686,38.17561],[128.1367,38.17601],[128.13615,38.17645],[128.13579,38.17648],[128.13541,38.17676],[128.13517,38.178],[128.13464,38.17837],[128.13307,38.18062],[128.13256,38.18119],[128.13216,38.18197],[128.1317,38.18246],[128.13179,38.18425],[128.13092,38.18534],[128.13025,38.18546],[128.12948,38.186],[128.12939,38.18666],[128.12915,38.18685],[128.12913,38.18759],[128.1288,38.18913],[128.12812,38.1897],[128.12766,38.18993],[128.12692,38.18977],[128.12555,38.1897],[128.12516,38.19023],[128.12386,38.1905],[128.12363,38.19093],[128.1227,38.19145],[128.12219,38.19263],[128.12134,38.19353],[128.12133,38.19454],[128.12008,38.19589],[128.11965,38.19679],[128.11842,38.19723],[128.11801,38.19814],[128.11729,38.19886],[128.11718,38.19967],[128.11646,38.20017],[128.11572,38.20133],[128.11443,38.20281],[128.11326,38.20344],[128.11236,38.20339],[128.11194,38.20293],[128.11157,38.20268],[128.11104,38.20207],[128.11005,38.20145],[128.10903,38.20157],[128.10715,38.20126],[128.10684,38.20063],[128.10615,38.20008],[128.10598,38.19952],[128.10606,38.19872],[128.1057,38.19811],[128.1054,38.19749],[128.10476,38.19677],[128.10391,38.19602],[128.10265,38.19586],[128.10188,38.19461],[128.10165,38.19373],[128.10035,38.19318],[128.09985,38.19252],[128.099,38.1923],[128.0992,38.19181],[128.09993,38.18908],[128.10157,38.18785],[128.10267,38.18696],[128.10412,38.18618],[128.10518,38.18539],[128.10548,38.18488],[128.10517,38.18441],[128.10374,38.1829],[128.1037,38.18122],[128.10405,38.17994],[128.1041,38.17826],[128.10387,38.17758],[128.10351,38.17719],[128.1021,38.17689],[128.101,38.17635],[128.09957,38.1761],[128.09762,38.17504],[128.09736,38.1746],[128.09681,38.17248],[128.09664,38.16968],[128.09705,38.16926],[128.09727,38.16866],[128.09738,38.16809],[128.09732,38.16765],[128.09675,38.16668],[128.0971,38.16469],[128.09711,38.16378],[128.09697,38.16262],[128.09629,38.16173],[128.0956,38.16074],[128.09443,38.16058],[128.09357,38.16015],[128.09315,38.15981],[128.09174,38.1582],[128.09082,38.15755],[128.09026,38.15653],[128.08986,38.15552],[128.08909,38.15474],[128.08848,38.15399],[128.08774,38.15335],[128.08694,38.153],[128.08635,38.15222],[128.08647,38.15184],[128.08641,38.15148],[128.08664,38.15086],[128.08825,38.15026],[128.08915,38.14921],[128.08976,38.14753],[128.08987,38.1466],[128.08957,38.14451],[128.09019,38.143],[128.09016,38.14179],[128.08921,38.14088],[128.08869,38.14013],[128.08793,38.13883],[128.08778,38.13846],[128.08831,38.13831],[128.08916,38.13746],[128.09038,38.13673],[128.09113,38.13632],[128.09179,38.13605],[128.09237,38.13527],[128.09249,38.13362],[128.09318,38.13224],[128.09351,38.13089],[128.09533,38.13035],[128.09689,38.13036],[128.09857,38.12997],[128.10004,38.12981],[128.09908,38.12889],[128.09878,38.12784],[128.09828,38.12662],[128.09822,38.12543],[128.09833,38.12503],[128.09814,38.12418],[128.09917,38.12329],[128.10018,38.12157],[128.10017,38.12005],[128.10151,38.11942],[128.10323,38.11602],[128.10411,38.11502],[128.10418,38.11412],[128.10406,38.11247],[128.10479,38.11159],[128.10495,38.10863],[128.1029,38.10743],[128.10105,38.10581],[128.10131,38.10289],[128.10313,38.10223],[128.10452,38.10075],[128.10599,38.10029],[128.10485,38.09778],[128.10591,38.09562],[128.10686,38.09484],[128.10848,38.09324],[128.10893,38.09268],[128.10874,38.09225],[128.1091,38.0917],[128.11024,38.09064],[128.11079,38.0899],[128.11124,38.08948],[128.11147,38.08748],[128.11179,38.08725],[128.11231,38.08639],[128.11276,38.08601],[128.11397,38.0859],[128.11452,38.08534],[128.11543,38.08463],[128.11571,38.08268],[128.11586,38.0823],[128.11756,38.08141],[128.11839,38.08043],[128.11993,38.07963],[128.12032,38.07879],[128.12,38.07782],[128.1213,38.07695],[128.12147,38.07559],[128.1228,38.07433],[128.12315,38.07419],[128.12363,38.07352],[128.12538,38.07331],[128.1268,38.07236],[128.12822,38.07251],[128.12862,38.07222],[128.12891,38.0711],[128.12937,38.0707],[128.12966,38.06827],[128.13017,38.06748],[128.13172,38.06765],[128.13277,38.06767],[128.13456,38.06549],[128.13577,38.06435],[128.13771,38.06342],[128.1375,38.0627],[128.1376,38.0622],[128.13704,38.06183],[128.1367,38.06138],[128.13684,38.06036],[128.13658,38.05971],[128.13691,38.05844],[128.13728,38.0581],[128.13799,38.05792],[128.13795,38.05719],[128.13844,38.056],[128.13882,38.05584],[128.13831,38.05496],[128.13944,38.05196],[128.13938,38.05144],[128.1391,38.05127],[128.13862,38.05064],[128.13852,38.05023],[128.13882,38.04981],[128.14111,38.04892],[128.14127,38.0487],[128.14241,38.0479],[128.14328,38.0482],[128.14453,38.04739],[128.14759,38.04631],[128.14913,38.04509],[128.14929,38.04481],[128.14946,38.04412],[128.15135,38.04293],[128.15192,38.04252],[128.15271,38.04185],[128.15452,38.03935],[128.15768,38.03674],[128.15972,38.03578],[128.16368,38.03494],[128.1683,38.03504],[128.17041,38.03523],[128.17247,38.03614],[128.174,38.03778],[128.17441,38.03654],[128.17446,38.03583],[128.17481,38.03541],[128.1747,38.03479],[128.17526,38.03389],[128.17506,38.03315],[128.17512,38.03278],[128.17497,38.03246],[128.17508,38.03207],[128.17442,38.03137],[128.17445,38.03082],[128.17439,38.03046],[128.17389,38.02975],[128.17392,38.02933],[128.17328,38.0287],[128.17384,38.02793],[128.17354,38.02742],[128.17368,38.02702],[128.17353,38.02665],[128.17382,38.02539],[128.174,38.02499],[128.17427,38.0246],[128.17505,38.02428],[128.17509,38.02404],[128.17553,38.02372],[128.17587,38.02411],[128.17636,38.02436],[128.1772,38.02443],[128.17802,38.02437],[128.17888,38.02399],[128.17974,38.0239],[128.18033,38.02374],[128.18075,38.024],[128.18154,38.02381],[128.18248,38.02415],[128.18315,38.02429],[128.18424,38.02488],[128.18481,38.02478],[128.18536,38.02533],[128.1862,38.02525],[128.18658,38.02526],[128.18862,38.02609],[128.18884,38.02599],[128.18958,38.02611],[128.18965,38.02569],[128.18912,38.02485],[128.18943,38.02425],[128.19018,38.02399],[128.19042,38.02409],[128.19105,38.02402],[128.19132,38.02332],[128.19135,38.02219],[128.19172,38.02165],[128.19158,38.02105],[128.19254,38.01991],[128.19306,38.01979],[128.19354,38.01928],[128.1941,38.01903],[128.19453,38.01946],[128.19495,38.01931],[128.19559,38.01949],[128.19614,38.01945],[128.19655,38.01906],[128.19652,38.01867],[128.19622,38.01823],[128.19671,38.01707],[128.19655,38.01676],[128.19674,38.01604],[128.19718,38.01521],[128.19739,38.01466],[128.19683,38.01375],[128.19602,38.01323],[128.19586,38.01276],[128.19541,38.01252],[128.19522,38.01205],[128.19446,38.0112],[128.19394,38.01112],[128.19389,38.01065],[128.19363,38.01054],[128.19348,38.01024],[128.19281,38.00977],[128.19262,38.0094],[128.19195,38.00871],[128.19217,38.0082],[128.19184,38.00777],[128.19054,38.0074],[128.19087,38.00704],[128.19081,38.00631],[128.19101,38.00585],[128.19139,38.00522],[128.19129,38.0041],[128.19175,38.00279],[128.19194,38.00252],[128.19196,38.00179],[128.19206,38.00158],[128.1907,38.00057],[128.19154,37.99969],[128.19191,37.99963],[128.19209,37.99921],[128.19247,37.99888],[128.19259,37.99853],[128.19301,37.99836],[128.1933,37.99787],[128.1934,37.99702],[128.1938,37.99666],[128.19391,37.99645],[128.19425,37.99625],[128.19459,37.99534],[128.19484,37.99483],[128.19455,37.99433],[128.19404,37.99394],[128.19356,37.99302],[128.19367,37.99247],[128.19332,37.99184],[128.19384,37.99158],[128.19368,37.99019],[128.19417,37.99019],[128.19464,37.98989],[128.19481,37.98953],[128.19609,37.98942],[128.19732,37.9877],[128.19741,37.98738],[128.19806,37.98717],[128.19866,37.98597],[128.19946,37.98521],[128.19875,37.98469],[128.1986,37.98432],[128.19796,37.98413],[128.19726,37.98348],[128.19702,37.98347],[128.19601,37.98273],[128.19732,37.98096],[128.1974,37.98043],[128.19696,37.98005],[128.19706,37.97966],[128.19669,37.97914],[128.19594,37.97859],[128.19554,37.97853],[128.19532,37.97821],[128.19494,37.97695],[128.1952,37.97526],[128.19478,37.97445],[128.19441,37.97301],[128.19371,37.97295],[128.19358,37.97271],[128.19377,37.97213],[128.19343,37.97177],[128.19346,37.97109],[128.19573,37.97059],[128.19596,37.97023],[128.19692,37.96975],[128.19779,37.96867],[128.19825,37.96834],[128.19869,37.96856],[128.19996,37.96902],[128.20022,37.96925],[128.20054,37.96936],[128.20089,37.96961],[128.20171,37.96984],[128.20227,37.97025],[128.20328,37.97026],[128.20357,37.97001],[128.20397,37.97003],[128.20474,37.96995],[128.20568,37.97029],[128.20617,37.97058],[128.20672,37.97043],[128.20749,37.97042],[128.20891,37.97074],[128.20983,37.97036],[128.21141,37.96992],[128.21224,37.96912],[128.21325,37.96801],[128.21406,37.96768],[128.21566,37.96768],[128.21645,37.96773],[128.21684,37.96761],[128.2174,37.96728],[128.21796,37.96715],[128.21895,37.96745],[128.21937,37.96772],[128.21989,37.96835],[128.22056,37.9685],[128.22225,37.96849],[128.22275,37.96857],[128.22358,37.96901],[128.22507,37.96948],[128.22593,37.96962],[128.2268,37.96956],[128.22794,37.96917],[128.22875,37.96863],[128.22917,37.96886],[128.22974,37.969],[128.23011,37.96889],[128.23049,37.96867],[128.23109,37.96845],[128.23276,37.96863],[128.23345,37.96878],[128.23381,37.96917],[128.23431,37.96957],[128.23503,37.96978],[128.23536,37.97008],[128.23596,37.97031],[128.23692,37.97004],[128.23797,37.96996],[128.23872,37.96979],[128.23968,37.96906],[128.24012,37.96867],[128.24045,37.96866],[128.24089,37.96889],[128.24118,37.96919],[128.24101,37.96951],[128.24165,37.9699],[128.24181,37.97019],[128.24249,37.97017],[128.24309,37.9704],[128.244,37.97128],[128.24483,37.9716],[128.24521,37.97207],[128.24583,37.97225],[128.24599,37.97223],[128.24663,37.97182],[128.24701,37.97142],[128.24798,37.97113],[128.24887,37.97072],[128.24952,37.9706],[128.2499,37.97108],[128.25133,37.97206],[128.25256,37.97225],[128.25389,37.97277],[128.25466,37.97292],[128.25516,37.97269],[128.25562,37.9728],[128.25591,37.97295],[128.25692,37.97299],[128.25749,37.97355],[128.25804,37.97471],[128.25849,37.97528],[128.25887,37.97615],[128.25946,37.9764],[128.26012,37.97725],[128.26007,37.97756],[128.26046,37.97812],[128.26022,37.97862],[128.26036,37.9803],[128.26012,37.98065],[128.25961,37.981],[128.25912,37.98122],[128.25916,37.98195],[128.26003,37.9836],[128.2601,37.98418],[128.26029,37.9849],[128.26077,37.98549],[128.26117,37.98582],[128.26169,37.98613],[128.26212,37.98648],[128.26234,37.98703],[128.26272,37.98737],[128.2628,37.9883],[128.26324,37.98955],[128.2635,37.99012],[128.26329,37.9917],[128.26403,37.99238],[128.26465,37.99315],[128.26467,37.99397],[128.26436,37.99452],[128.26373,37.99491],[128.26352,37.99553],[128.26351,37.99638],[128.26321,37.99684],[128.26279,37.99796],[128.26085,37.9979],[128.26007,37.99803],[128.25791,37.99875],[128.25676,37.99937],[128.25623,37.99975],[128.2558,38.0002],[128.25576,38.00104],[128.25749,38.00219],[128.25996,38.00299],[128.26012,38.00253],[128.26058,38.00194],[128.26094,38.00135],[128.2612,38.00131],[128.26161,38.00145],[128.26205,38.00147],[128.26225,38.00165],[128.26344,38.00155],[128.26471,38.00122],[128.26506,38.00132],[128.26549,38.00189],[128.26591,38.00214],[128.26699,38.00196],[128.26752,38.00181],[128.2682,38.00193],[128.26893,38.00268],[128.26956,38.00275],[128.26996,38.00273],[128.27015,38.0026],[128.27069,38.00263],[128.27137,38.00276],[128.27169,38.0027],[128.27238,38.00291],[128.27304,38.00288],[128.27359,38.00309],[128.27397,38.00312],[128.27474,38.00347],[128.27542,38.00342],[128.27555,38.00357],[128.27594,38.00365],[128.27624,38.00383],[128.27668,38.0038],[128.27685,38.00425],[128.27713,38.00538],[128.27745,38.0058],[128.27746,38.00609],[128.27774,38.00631],[128.27822,38.00686],[128.27874,38.00723],[128.27888,38.00751],[128.27875,38.00806],[128.27882,38.00876],[128.27863,38.00905],[128.27958,38.00978],[128.27986,38.01011],[128.28031,38.01003],[128.28199,38.01022],[128.28218,38.01054],[128.28238,38.01164],[128.28267,38.01192],[128.28329,38.01202],[128.2837,38.01223],[128.28409,38.01224],[128.28435,38.01238],[128.28506,38.01248],[128.28574,38.01272],[128.28643,38.01337],[128.28656,38.01356],[128.28728,38.01389],[128.28742,38.01404],[128.28837,38.01425],[128.28949,38.01453],[128.29057,38.01501],[128.29125,38.01511],[128.29128,38.01545],[128.29195,38.01625],[128.29334,38.01682],[128.29431,38.01684],[128.29531,38.01723],[128.29595,38.01696],[128.29711,38.0167],[128.29779,38.01673],[128.29932,38.01758],[128.3009,38.01773],[128.30219,38.01711],[128.30248,38.01721],[128.30325,38.01731],[128.30368,38.01751],[128.3044,38.01807],[128.30521,38.0184],[128.30548,38.01889],[128.30597,38.01921],[128.30717,38.01973],[128.30743,38.01928],[128.30865,38.01893],[128.31003,38.0181],[128.31032,38.01836],[128.31173,38.01885],[128.314,38.01867],[128.31428,38.01907],[128.31535,38.0196],[128.31551,38.01983],[128.31664,38.02016],[128.31705,38.02048],[128.31761,38.02082],[128.31823,38.02081],[128.31901,38.0207],[128.31944,38.02053],[128.31995,38.02059],[128.32057,38.02051],[128.32149,38.02085],[128.32174,38.02121],[128.32221,38.02165],[128.32255,38.02239],[128.32286,38.02253],[128.3232,38.02311],[128.32337,38.02394],[128.32374,38.02442],[128.32408,38.02475],[128.32492,38.02497],[128.32527,38.02529],[128.32559,38.02508],[128.3265,38.02482],[128.32691,38.0249],[128.32778,38.02481],[128.32862,38.02457],[128.3292,38.0246],[128.33052,38.0246],[128.33176,38.02551],[128.33188,38.02571],[128.33219,38.02589],[128.33318,38.02615],[128.3344,38.02642],[128.33533,38.02676],[128.33549,38.02657],[128.33548,38.02623],[128.33578,38.02566],[128.33613,38.02526],[128.33616,38.0249],[128.33656,38.02446],[128.3366,38.02413],[128.33721,38.02366],[128.33861,38.02367],[128.33925,38.02387],[128.34036,38.02368],[128.34124,38.02442],[128.34254,38.02441],[128.34321,38.02422],[128.34366,38.02361],[128.34402,38.02287],[128.34487,38.02298],[128.34583,38.02339],[128.34662,38.02452],[128.3471,38.02473],[128.34737,38.025],[128.34786,38.02529],[128.34782,38.02566],[128.34838,38.0267],[128.34959,38.02668],[128.34983,38.02653],[128.35097,38.02657],[128.35138,38.02662],[128.35214,38.02647],[128.35334,38.02648],[128.35417,38.02702],[128.35498,38.02777],[128.35677,38.02793],[128.35694,38.02786],[128.35748,38.02791],[128.35824,38.02768],[128.35856,38.0271],[128.35913,38.02685],[128.35958,38.02703],[128.36001,38.02702],[128.36015,38.02661],[128.36146,38.02579],[128.36223,38.0257],[128.36249,38.02557],[128.36272,38.02531],[128.3632,38.02493],[128.36324,38.02438],[128.36313,38.02416],[128.36183,38.02348],[128.36045,38.02269],[128.35956,38.02232],[128.35893,38.02047],[128.35827,38.01973],[128.35787,38.01952],[128.35779,38.01921],[128.35741,38.01869],[128.35671,38.01825],[128.35639,38.01782],[128.35559,38.01734],[128.3551,38.01726],[128.35463,38.01686],[128.35415,38.01661],[128.35354,38.01604],[128.3535,38.0158],[128.35412,38.01539],[128.35485,38.01474],[128.35497,38.01454],[128.3555,38.01434],[128.35574,38.01401],[128.35647,38.01334],[128.3571,38.0123],[128.35815,38.01216],[128.35838,38.01153],[128.359,38.01063],[128.35926,38.00979],[128.35988,38.00949],[128.36059,38.00955],[128.36138,38.00983],[128.36216,38.00947],[128.36232,38.00916],[128.36283,38.00892],[128.3637,38.00788],[128.36402,38.0078],[128.36414,38.00725],[128.3651,38.00611],[128.36507,38.00589],[128.36552,38.00535],[128.36578,38.00477],[128.36611,38.00446],[128.36687,38.0042],[128.36735,38.00394],[128.3677,38.00401],[128.36809,38.00382],[128.36852,38.00391],[128.36932,38.00339],[128.37035,38.00369],[128.37133,38.00366],[128.37195,38.00411],[128.37264,38.00414],[128.37372,38.00358],[128.37458,38.00279],[128.37533,38.00239],[128.37649,38.00245],[128.37766,38.00238],[128.3781,38.0022],[128.37926,38.00236],[128.38004,38.00211],[128.38027,38.00224],[128.38063,38.00212],[128.38157,38.0027],[128.38307,38.00229],[128.38383,38.00235],[128.38549,38.00126],[128.38586,38.00159],[128.38641,38.00137],[128.38659,38.00111],[128.38759,38.00054],[128.38846,38.00063],[128.38896,37.99997],[128.38967,37.99985],[128.39008,38.00018],[128.39065,38.00006],[128.39142,38.00024],[128.39196,38.00016],[128.39242,38.00021],[128.39281,38.00007],[128.39365,38.00034],[128.39392,38.00159],[128.39465,38.00259],[128.39467,38.00314],[128.39542,38.00321],[128.39593,38.00302],[128.39646,38.00249],[128.39668,38.00256],[128.39786,38.0024],[128.39878,38.00252],[128.39927,38.00231],[128.39967,38.00233],[128.40011,38.00254],[128.40081,38.00254],[128.40121,38.00267],[128.40156,38.00292],[128.402,38.003],[128.40214,38.00332],[128.40271,38.00357],[128.4032,38.00421],[128.40375,38.0043],[128.40463,38.0048],[128.4053,38.00486],[128.40588,38.00535],[128.4062,38.00539],[128.40696,38.00521],[128.4074,38.00531],[128.40831,38.00567],[128.40862,38.00596],[128.40926,38.0063],[128.4099,38.00611],[128.41041,38.00617],[128.41145,38.0057],[128.41183,38.00522],[128.41239,38.00491],[128.41263,38.00446],[128.41409,38.00459],[128.41427,38.0044],[128.41528,38.00407],[128.41628,38.00402],[128.41649,38.00426],[128.41839,38.00452],[128.41945,38.00505],[128.42059,38.00507],[128.42087,38.0046],[128.4213,38.00443],[128.42152,38.00406],[128.42201,38.00403],[128.42408,38.00451],[128.42493,38.00499],[128.42545,38.00574],[128.4279,38.00651],[128.4281,38.00674],[128.42938,38.00752],[128.42939,38.00795],[128.42873,38.00889],[128.42954,38.01051],[128.42992,38.01097],[128.43028,38.01171],[128.43076,38.01213],[128.43069,38.01265],[128.43086,38.01289],[128.43157,38.01359],[128.43191,38.01429],[128.43253,38.01468],[128.4334,38.01486],[128.43516,38.01486],[128.43559,38.01508],[128.43579,38.01584],[128.43541,38.01649],[128.43619,38.01696],[128.4366,38.01824],[128.43755,38.01865],[128.43781,38.01934],[128.43829,38.01997],[128.43839,38.02046],[128.43987,38.02171],[128.43991,38.02353],[128.4395,38.02382],[128.43898,38.02436],[128.43875,38.0255],[128.43825,38.02626],[128.43822,38.0266],[128.43755,38.0268],[128.4358,38.02661],[128.43555,38.02674],[128.43303,38.02728],[128.43066,38.02836],[128.42898,38.02946],[128.42877,38.02989],[128.42797,38.03034],[128.42661,38.0309],[128.42456,38.03239],[128.42511,38.03411],[128.42773,38.03628],[128.42761,38.03648],[128.42778,38.03742],[128.4277,38.03877],[128.42786,38.03976],[128.42847,38.04041],[128.42862,38.04091],[128.428,38.04297],[128.42806,38.04338],[128.42782,38.04462],[128.42804,38.04612],[128.42696,38.04699],[128.42628,38.04823],[128.42559,38.04875],[128.42525,38.049],[128.42499,38.0501],[128.42393,38.05144],[128.42343,38.05265],[128.42402,38.05391],[128.42296,38.05434],[128.42096,38.05553],[128.41981,38.05707],[128.41883,38.05768],[128.4179,38.05838],[128.41695,38.05953],[128.41653,38.06022],[128.4163,38.0611],[128.41526,38.06191],[128.41486,38.06262],[128.41455,38.0639],[128.41402,38.06476],[128.4138,38.06566],[128.41305,38.06611],[128.41192,38.0676],[128.4122,38.06832],[128.41307,38.06942],[128.4114,38.07037],[128.41057,38.07128],[128.41021,38.07187],[128.41004,38.07262],[128.41013,38.07335],[128.40986,38.07366],[128.40953,38.07517],[128.40886,38.07665],[128.40915,38.07757],[128.41031,38.07895],[128.41092,38.07932],[128.41064,38.07952],[128.41057,38.08019],[128.41016,38.08072],[128.41036,38.08105],[128.40943,38.08164],[128.40862,38.08312],[128.40911,38.08337],[128.40925,38.0852],[128.40821,38.08823],[128.40711,38.09022],[128.40655,38.0914],[128.40721,38.09232],[128.40615,38.09337],[128.40598,38.09416],[128.40536,38.09437],[128.40501,38.09487],[128.40503,38.09547],[128.40425,38.09607]]]},"properties":{"code":"32590110","name":"인제읍"}},{"type":"Feature","geometry":{"type":"Polygon","coordinates":[[[128.21406,37.96768],[128.21325,37.96801],[128.21224,37.96912],[128.21141,37.96992],[128.20983,37.97036],[128.20891,37.97074],[128.20749,37.97042],[128.20672,37.97043],[128.20617,37.97058],[128.20568,37.97029],[128.20474,37.96995],[128.20397,37.97003],[128.20357,37.97001],[128.20328,37.97026],[128.20227,37.97025],[128.20171,37.96984],[128.20089,37.96961],[128.20054,37.96936],[128.20022,37.96925],[128.19996,37.96902],[128.19869,37.96856],[128.19825,37.96834],[128.19779,37.96867],[128.19692,37.96975],[128.19596,37.97023],[128.19573,37.97059],[128.19346,37.97109],[128.19343,37.97177],[128.19377,37.97213],[128.19358,37.97271],[128.19371,37.97295],[128.19441,37.97301],[128.19478,37.97445],[128.1952,37.97526],[128.19494,37.97695],[128.19532,37.97821],[128.19554,37.97853],[128.19594,37.97859],[128.19669,37.97914],[128.19706,37.97966],[128.19696,37.98005],[128.1974,37.98043],[128.19732,37.98096],[128.19601,37.98273],[128.19702,37.98347],[128.19726,37.98348],[128.19796,37.98413],[128.1986,37.98432],[128.19875,37.98469],[128.19946,37.98521],[128.19866,37.98597],[128.19806,37.98717],[128.19741,37.98738],[128.19732,37.9877],[128.19609,37.98942],[128.19481,37.98953],[128.19464,37.98989],[128.19417,37.99019],[128.19368,37.99019],[128.19384,37.99158],[128.19332,37.99184],[128.19367,37.99247],[128.19356,37.99302],[128.19404,37.99394],[128.19455,37.99433],[128.19484,37.99483],[128.19459,37.99534],[128.19425,37.99625],[128.19391,37.99645],[128.1938,37.99666],[128.1934,37.99702],[128.1933,37.99787],[128.19301,37.99836],[128.19259,37.99853],[128.19247,37.99888],[128.19209,37.99921],[128.19191,37.99963],[128.19154,37.99969],[128.1907,38.00057],[128.19206,38.00158],[128.19196,38.00179],[128.19194,38.00252],[128.19175,38.00279],[128.19129,38.0041],[128.19139,38.00522],[128.19101,38.00585],[128.19081,38.00631],[128.19087,38.00704],[128.19054,38.0074],[128.19184,38.00777],[128.19217,38.0082],[128.19195,38.00871],[128.19262,38.0094],[128.19281,38.00977],[128.19348,38.01024],[128.19363,38.01054],[128.19389,38.01065],[128.19394,38.01112],[128.19446,38.0112],[128.19522,38.01205],[128.19541,38.01252],[128.19586,38.01276],[128.19602,38.01323],[128.19683,38.01375],[128.19739,38.01466],[128.19718,38.01521],[128.19674,38.01604],[128.19655,38.01676],[128.19671,38.01707],[128.19622,38.01823],[128.19652,38.01867],[128.19655,38.01906],[128.19614,38.01945],[128.19559,38.01949],[128.19495,38.01931],[128.19453,38.01946],[128.1941,38.01903],[128.19354,38.01928],[128.19306,38.01979],[128.19254,38.01991],[128.19158,38.02105],[128.19172,38.02165],[128.19135,38.02219],[128.19132,38.02332],[128.19105,38.02402],[128.19042,38.02409],[128.19018,38.02399],[128.18943,38.02425],[128.18912,38.02485],[128.18965,38.02569],[128.18958,38.02611],[128.18884,38.02599],[128.18862,38.02609],[128.18658,38.02526],[128.1862,38.02525],[128.18536,38.02533],[128.18481,38.02478],[128.18424,38.02488],[128.18315,38.02429],[128.18248,38.02415],[128.18154,38.02381],[128.18075,38.024],[128.18033,38.02374],[128.17974,38.0239],[128.17888,38.02399],[128.17802,38.02437],[128.1772,38.02443],[128.17636,38.02436],[128.17587,38.02411],[128.17553,38.02372],[128.17509,38.02404],[128.17505,38.02428],[128.17427,38.0246],[128.174,38.02499],[128.17382,38.02539],[128.17353,38.02665],[128.17368,38.02702],[128.17354,38.02742],[128.17384,38.02793],[128.17328,38.0287],[128.17392,38.02933],[128.17389,38.02975],[128.17439,38.03046],[128.17445,38.03082],[128.17442,38.03137],[128.17508,38.03207],[128.17497,38.03246],[128.17512,38.03278],[128.17506,38.03315],[128.17526,38.03389],[128.1747,38.03479],[128.17481,38.03541],[128.17446,38.03583],[128.17441,38.03654],[128.174,38.03778],[128.17247,38.03614],[128.17041,38.03523],[128.1683,38.03504],[128.16368,38.03494],[128.15972,38.03578],[128.15768,38.03674],[128.15452,38.03935],[128.15271,38.04185],[128.15192,38.04252],[128.15135,38.04293],[128.14946,38.04412],[128.14929,38.04481],[128.14913,38.04509],[128.14759,38.04631],[128.14453,38.04739],[128.14328,38.0482],[128.14241,38.0479],[128.14127,38.0487],[128.14111,38.04892],[128.13882,38.04981],[128.13852,38.05023],[128.13862,38.05064],[128.1391,38.05127],[128.13938,38.05144],[128.13944,38.05196],[128.13831,38.05496],[128.13882,38.05584],[128.13844,38.056],[128.13795,38.05719],[128.13799,38.05792],[128.13728,38.0581],[128.13691,38.05844],[128.13658,38.05971],[128.13684,38.06036],[128.1367,38.06138],[128.13704,38.06183],[128.1376,38.0622],[128.1375,38.0627],[128.13771,38.06342],[128.13577,38.06435],[128.13456,38.06549],[128.13277,38.06767],[128.13172,38.06765],[128.13017,38.06748],[128.12966,38.06827],[128.12937,38.0707],[128.12891,38.0711],[128.12862,38.07222],[128.12822,38.07251],[128.1268,38.07236],[128.12538,38.07331],[128.12363,38.07352],[128.12315,38.07419],[128.1228,38.07433],[128.12147,38.07559],[128.1213,38.07695],[128.12,38.07782],[128.12032,38.07879],[128.11993,38.07963],[128.11839,38.08043],[128.11756,38.08141],[128.11586,38.0823],[128.11571,38.08268],[128.11543,38.08463],[128.11452,38.08534],[128.11397,38.0859],[128.11276,38.08601],[128.11231,38.08639],[128.11179,38.08725],[128.11147,38.08748],[128.11124,38.08948],[128.11079,38.0899],[128.11024,38.09064],[128.1091,38.0917],[128.10874,38.09225],[128.10893,38.09268],[128.10848,38.09324],[128.10686,38.09484],[128.10591,38.09562],[128.10485,38.09778],[128.10599,38.10029],[128.10452,38.10075],[128.10313,38.10223],[128.10131,38.10289],[128.09999,38.10245],[128.09892,38.10194],[128.09826,38.10169],[128.09779,38.10127],[128.09735,38.10104],[128.09531,38.10136],[128.09369,38.10135],[128.09257,38.10127],[128.09129,38.10097],[128.09053,38.10126],[128.09014,38.10116],[128.08975,38.10032],[128.08948,38.10013],[128.08965,38.09991],[128.08953,38.09877],[128.08878,38.09686],[128.08804,38.09581],[128.08895,38.0938],[128.08885,38.09291],[128.08901,38.09265],[128.08959,38.09255],[128.0901,38.09175],[128.0905,38.09151],[128.09109,38.09152],[128.09185,38.09124],[128.0921,38.09065],[128.09201,38.09043],[128.09214,38.08992],[128.09313,38.08855],[128.09386,38.08821],[128.09459,38.08734],[128.09526,38.08617],[128.09535,38.08582],[128.09564,38.08544],[128.09507,38.0851],[128.09652,38.08373],[128.09654,38.08328],[128.09715,38.08186],[128.09864,38.0802],[128.09882,38.07963],[128.09986,38.07848],[128.10027,38.07843],[128.10135,38.07774],[128.10148,38.07715],[128.10193,38.07655],[128.10253,38.07603],[128.10399,38.07553],[128.10449,38.07527],[128.10576,38.07494],[128.10604,38.07455],[128.10711,38.07454],[128.10792,38.07385],[128.1091,38.07359],[128.11059,38.07296],[128.11097,38.07301],[128.11155,38.07276],[128.11236,38.07209],[128.11235,38.07188],[128.11297,38.07116],[128.11314,38.07029],[128.11289,38.06916],[128.11353,38.06856],[128.11438,38.06721],[128.11421,38.0665],[128.11492,38.06446],[128.11468,38.06389],[128.11486,38.06333],[128.11543,38.0628],[128.11479,38.06227],[128.11442,38.0599],[128.11399,38.05926],[128.11417,38.05852],[128.11395,38.0582],[128.11415,38.05728],[128.11388,38.05586],[128.11487,38.05412],[128.11444,38.05354],[128.11462,38.05293],[128.11499,38.05239],[128.11584,38.05174],[128.11594,38.05142],[128.11618,38.05129],[128.11658,38.05007],[128.11796,38.04836],[128.11811,38.04756],[128.11771,38.04731],[128.11659,38.04636],[128.11588,38.04509],[128.1157,38.04446],[128.11518,38.04403],[128.11485,38.04363],[128.11361,38.04278],[128.11297,38.04252],[128.11273,38.04207],[128.11276,38.04145],[128.11304,38.04128],[128.11275,38.03999],[128.11334,38.03917],[128.11373,38.03702],[128.11282,38.0363],[128.11235,38.03542],[128.11185,38.03518],[128.11119,38.03512],[128.11093,38.03486],[128.11051,38.03466],[128.10951,38.03371],[128.10736,38.03285],[128.10646,38.03142],[128.1057,38.03085],[128.10515,38.03035],[128.10474,38.03026],[128.10442,38.02994],[128.1032,38.02933],[128.10033,38.02938],[128.09876,38.02939],[128.09816,38.02908],[128.09687,38.0289],[128.0966,38.0287],[128.09637,38.02837],[128.09451,38.02837],[128.09422,38.02859],[128.09414,38.02889],[128.09313,38.02942],[128.09183,38.02975],[128.09183,38.03011],[128.09137,38.03082],[128.09031,38.03171],[128.09024,38.03213],[128.08951,38.03267],[128.08864,38.03314],[128.08825,38.03326],[128.08777,38.0332],[128.08663,38.03243],[128.08617,38.03247],[128.08573,38.03236],[128.08484,38.0325],[128.08462,38.03272],[128.08344,38.03292],[128.08287,38.03326],[128.08232,38.0333],[128.08191,38.03358],[128.08155,38.03397],[128.08129,38.03389],[128.08041,38.0342],[128.0804,38.03539],[128.08027,38.03555],[128.0801,38.03667],[128.07953,38.03731],[128.07947,38.03754],[128.07904,38.03809],[128.07858,38.03837],[128.07816,38.03872],[128.07762,38.03934],[128.07666,38.03966],[128.0756,38.03966],[128.07538,38.03986],[128.0748,38.04015],[128.07422,38.04035],[128.07387,38.04066],[128.07364,38.04107],[128.07296,38.04161],[128.07246,38.04192],[128.07218,38.04231],[128.0712,38.04272],[128.07093,38.04309],[128.07007,38.04365],[128.06991,38.04429],[128.06881,38.04572],[128.06912,38.04622],[128.0691,38.04677],[128.06846,38.04695],[128.06776,38.04675],[128.067,38.04684],[128.06649,38.04696],[128.06519,38.04698],[128.06386,38.04675],[128.06251,38.04706],[128.06216,38.0473],[128.06155,38.04719],[128.06094,38.04727],[128.06032,38.04589],[128.06064,38.04506],[128.06095,38.04471],[128.06104,38.04434],[128.06018,38.04262],[128.05997,38.04251],[128.06002,38.04127],[128.05956,38.04082],[128.05923,38.04072],[128.05898,38.04006],[128.05842,38.03994],[128.05792,38.03973],[128.05788,38.03942],[128.05818,38.03835],[128.05815,38.03767],[128.05827,38.0375],[128.05832,38.03709],[128.05892,38.03651],[128.05898,38.03533],[128.05874,38.03507],[128.05855,38.03469],[128.05782,38.03386],[128.05759,38.03371],[128.05751,38.03325],[128.0571,38.03297],[128.0566,38.03234],[128.05675,38.03163],[128.05638,38.03109],[128.05656,38.03057],[128.05649,38.03029],[128.05687,38.02989],[128.057,38.02964],[128.05741,38.02946],[128.05912,38.02792],[128.05924,38.02732],[128.05952,38.02687],[128.05928,38.02621],[128.05958,38.02537],[128.05985,38.02495],[128.06035,38.02441],[128.06046,38.02421],[128.06026,38.02384],[128.06023,38.02344],[128.06034,38.0229],[128.06009,38.02215],[128.06032,38.02156],[128.0606,38.0211],[128.06117,38.02035],[128.06151,38.02004],[128.06159,38.01926],[128.0619,38.01894],[128.06184,38.01865],[128.06157,38.01818],[128.06155,38.01777],[128.06136,38.01742],[128.06149,38.01716],[128.0615,38.01683],[128.06133,38.01671],[128.06123,38.01638],[128.0604,38.01509],[128.06046,38.01483],[128.05972,38.01512],[128.0579,38.01496],[128.05617,38.01533],[128.05546,38.01533],[128.05484,38.0162],[128.05458,38.01644],[128.05457,38.0168],[128.05421,38.0171],[128.05418,38.01724],[128.05287,38.01825],[128.05181,38.01842],[128.05154,38.01859],[128.05036,38.01917],[128.04964,38.01939],[128.04838,38.01877],[128.04714,38.01998],[128.04512,38.02032],[128.04406,38.02024],[128.04325,38.02006],[128.04184,38.01928],[128.04064,38.01867],[128.03982,38.01817],[128.03761,38.01666],[128.03598,38.01561],[128.03475,38.01498],[128.03314,38.01435],[128.03242,38.01419],[128.03083,38.01398],[128.03027,38.01416],[128.02961,38.01465],[128.02913,38.01421],[128.02667,38.01292],[128.02616,38.01221],[128.02571,38.01188],[128.02508,38.0117],[128.02442,38.01109],[128.0246,38.01038],[128.02482,38.01006],[128.02494,38.00958],[128.02423,38.00858],[128.02374,38.00834],[128.02282,38.00822],[128.02263,38.00798],[128.02149,38.00776],[128.0202,38.00763],[128.01959,38.00737],[128.01997,38.00614],[128.0191,38.00195],[128.01878,38.00057],[128.01786,37.99961],[128.01692,37.99907],[128.01634,37.99884],[128.0165,37.9977],[128.01637,37.99743],[128.0153,37.99664],[128.01343,37.99638],[128.01092,37.99645],[128.00887,37.99613],[128.00664,37.99645],[128.00488,37.9954],[128.00343,37.99563],[128.00123,37.99314],[128.00024,37.99228],[127.9996,37.99138],[127.99866,37.99102],[127.99781,37.99088],[127.99732,37.9905],[127.99649,37.99029],[127.99479,37.99083],[127.99302,37.99081],[127.99156,37.99104],[127.99042,37.99046],[127.98829,37.98906],[127.98805,37.98879],[127.98545,37.98941],[127.98362,37.98907],[127.98402,37.98876],[127.98415,37.98766],[127.98417,37.98671],[127.98373,37.98654],[127.98259,37.98532],[127.9823,37.98516],[127.98187,37.98446],[127.98179,37.9835],[127.98261,37.98253],[127.98294,37.98178],[127.98369,37.98078],[127.9846,37.98023],[127.98475,37.98004],[127.98428,37.97703],[127.98486,37.9753],[127.9845,37.97478],[127.98371,37.9743],[127.98279,37.97283],[127.98237,37.97199],[127.98251,37.97158],[127.98341,37.97109],[127.98403,37.97041],[127.98391,37.96838],[127.9845,37.96599],[127.98355,37.96509],[127.98397,37.96377],[127.98258,37.96274],[127.98172,37.96216],[127.98163,37.96064],[127.98082,37.95984],[127.98027,37.95955],[127.98,37.95859],[127.97872,37.95799],[127.97751,37.95707],[127.98062,37.95602],[127.9837,37.95345],[127.98564,37.95255],[127.98728,37.95182],[127.9875,37.94867],[127.98814,37.94811],[127.98964,37.94521],[127.99103,37.94476],[127.99373,37.94356],[127.9933,37.94194],[127.99511,37.9412],[127.99573,37.94122],[127.99658,37.94091],[127.99704,37.94091],[127.99749,37.94039],[127.99792,37.94023],[127.99888,37.93972],[127.99981,37.93898],[128.00076,37.93769],[128.00122,37.93727],[128.00182,37.93731],[128.00307,37.93835],[128.00414,37.9386],[128.00487,37.93853],[128.0061,37.93874],[128.00864,37.93789],[128.00978,37.93832],[128.01272,37.93832],[128.01352,37.93915],[128.0138,37.94035],[128.01447,37.94099],[128.01493,37.94157],[128.01614,37.94269],[128.01637,37.94255],[128.01815,37.94279],[128.01862,37.94323],[128.01946,37.94351],[128.02155,37.94413],[128.02249,37.94424],[128.02388,37.94463],[128.02534,37.94486],[128.0261,37.94552],[128.02723,37.94477],[128.02841,37.94419],[128.03011,37.94446],[128.03048,37.94403],[128.03099,37.94318],[128.03119,37.94301],[128.03144,37.94254],[128.03185,37.94239],[128.03218,37.94214],[128.03274,37.94195],[128.03347,37.94103],[128.03411,37.94082],[128.03413,37.94056],[128.0339,37.93999],[128.0343,37.93904],[128.03462,37.93855],[128.03436,37.93795],[128.03452,37.93676],[128.0349,37.93673],[128.03566,37.93621],[128.03616,37.93631],[128.03674,37.93584],[128.0369,37.93462],[128.03677,37.93421],[128.0369,37.93386],[128.03731,37.93356],[128.03746,37.93285],[128.03777,37.93251],[128.03801,37.93207],[128.03833,37.93185],[128.03835,37.93106],[128.03847,37.9307],[128.0394,37.92988],[128.03911,37.92938],[128.0391,37.9288],[128.03895,37.92856],[128.03934,37.92806],[128.03941,37.92775],[128.0398,37.92732],[128.04084,37.92694],[128.0423,37.9268],[128.04291,37.92637],[128.0431,37.9258],[128.04362,37.92543],[128.04431,37.92434],[128.04468,37.92408],[128.04493,37.9238],[128.04488,37.92329],[128.04549,37.92252],[128.04611,37.92217],[128.04689,37.92202],[128.04744,37.92213],[128.04774,37.92204],[128.04849,37.92199],[128.04918,37.92201],[128.04973,37.92197],[128.05013,37.92168],[128.05082,37.92071],[128.05175,37.91956],[128.05224,37.91912],[128.0524,37.91886],[128.05253,37.91823],[128.05274,37.91764],[128.05304,37.91733],[128.05362,37.91748],[128.05415,37.91739],[128.05536,37.91765],[128.05582,37.91765],[128.05678,37.9168],[128.0573,37.91619],[128.05843,37.91609],[128.05889,37.91578],[128.05906,37.91554],[128.05954,37.91505],[128.06038,37.91454],[128.06068,37.91351],[128.06179,37.91275],[128.06241,37.91254],[128.06307,37.9119],[128.06362,37.91123],[128.06442,37.91075],[128.06514,37.91049],[128.0661,37.91046],[128.06704,37.91005],[128.06792,37.90952],[128.06878,37.90933],[128.06966,37.90884],[128.06993,37.90874],[128.07125,37.90874],[128.0724,37.90864],[128.07351,37.9083],[128.07424,37.90791],[128.07504,37.90767],[128.07579,37.90712],[128.07722,37.9067],[128.07855,37.90574],[128.07874,37.905],[128.07891,37.90458],[128.07938,37.9039],[128.08014,37.90338],[128.08156,37.9027],[128.08216,37.90222],[128.08261,37.90171],[128.08319,37.90151],[128.08415,37.90134],[128.08527,37.90093],[128.08613,37.90045],[128.08718,37.90008],[128.08831,37.89976],[128.08897,37.89989],[128.08971,37.89975],[128.09041,37.89918],[128.09091,37.89894],[128.09131,37.8983],[128.0919,37.89808],[128.09217,37.89814],[128.093,37.89782],[128.09397,37.89781],[128.09429,37.89772],[128.09477,37.89782],[128.09528,37.89768],[128.09604,37.89733],[128.09662,37.89727],[128.09715,37.89683],[128.09762,37.89699],[128.09808,37.89695],[128.09863,37.89721],[128.09946,37.89719],[128.09963,37.89737],[128.10029,37.89754],[128.101,37.89763],[128.10155,37.89754],[128.10224,37.89767],[128.10252,37.89791],[128.10302,37.89803],[128.10446,37.89875],[128.1052,37.89928],[128.10598,37.90006],[128.10725,37.90012],[128.10774,37.89995],[128.10816,37.89992],[128.10962,37.89943],[128.11102,37.89943],[128.11217,37.89923],[128.11312,37.89882],[128.11369,37.89829],[128.11496,37.89762],[128.11628,37.89702],[128.11738,37.89699],[128.11811,37.8969],[128.11942,37.89704],[128.12085,37.89652],[128.12226,37.89609],[128.12305,37.89562],[128.12467,37.89542],[128.12603,37.89512],[128.12792,37.89532],[128.12883,37.89555],[128.12932,37.89577],[128.12986,37.89619],[128.13027,37.89668],[128.13081,37.8977],[128.13107,37.89836],[128.1318,37.89737],[128.13222,37.89709],[128.13279,37.89641],[128.13295,37.89542],[128.13279,37.89495],[128.13317,37.89423],[128.13464,37.89417],[128.13632,37.89427],[128.13727,37.89446],[128.13827,37.89429],[128.13916,37.89422],[128.14048,37.89438],[128.14115,37.89372],[128.14124,37.8934],[128.1418,37.89305],[128.14398,37.8931],[128.14495,37.89286],[128.14632,37.89346],[128.14698,37.89348],[128.14818,37.89387],[128.1488,37.89402],[128.14907,37.89467],[128.14924,37.89479],[128.14962,37.89531],[128.15019,37.89534],[128.15192,37.89557],[128.15276,37.89512],[128.15453,37.89506],[128.15523,37.89495],[128.15664,37.89495],[128.15769,37.89512],[128.15815,37.89531],[128.15945,37.8953],[128.16013,37.89536],[128.16074,37.89523],[128.1608,37.89513],[128.16132,37.8961],[128.16127,37.89661],[128.16206,37.89878],[128.16203,37.89932],[128.16228,37.90001],[128.16268,37.90136],[128.16268,37.90173],[128.16241,37.90229],[128.16247,37.90272],[128.16265,37.90321],[128.16256,37.90342],[128.16286,37.90388],[128.16289,37.90409],[128.16243,37.90447],[128.16263,37.9057],[128.16173,37.90593],[128.16121,37.90658],[128.15945,37.90686],[128.15905,37.90701],[128.15898,37.90741],[128.15814,37.90765],[128.15747,37.90766],[128.15655,37.90823],[128.15697,37.90866],[128.15726,37.90971],[128.15741,37.91045],[128.15759,37.91093],[128.15754,37.91125],[128.15908,37.91206],[128.15924,37.91253],[128.15942,37.91346],[128.16029,37.91375],[128.16048,37.9142],[128.16095,37.91454],[128.16085,37.91497],[128.16132,37.91512],[128.16166,37.91541],[128.16166,37.9158],[128.16238,37.9168],[128.16237,37.91749],[128.16358,37.91788],[128.16446,37.91896],[128.16484,37.9208],[128.16507,37.921],[128.16506,37.92264],[128.16552,37.92306],[128.16693,37.92298],[128.16802,37.92315],[128.16851,37.92381],[128.16914,37.92362],[128.17,37.92388],[128.1702,37.92415],[128.1701,37.92448],[128.17038,37.92514],[128.17098,37.92567],[128.17195,37.92603],[128.17226,37.92648],[128.17227,37.92713],[128.17241,37.9276],[128.17214,37.92833],[128.1723,37.92874],[128.17144,37.92947],[128.1712,37.9303],[128.17145,37.9308],[128.17124,37.93108],[128.17131,37.93203],[128.1717,37.93258],[128.17236,37.93288],[128.17309,37.93351],[128.1733,37.93406],[128.17308,37.93443],[128.17305,37.93529],[128.17354,37.93584],[128.17354,37.93663],[128.17382,37.93685],[128.17393,37.93753],[128.17381,37.93891],[128.1741,37.93925],[128.17422,37.93986],[128.17419,37.94052],[128.17435,37.94074],[128.17426,37.94154],[128.17446,37.94272],[128.17431,37.94311],[128.17432,37.94416],[128.17416,37.94431],[128.17406,37.94505],[128.17517,37.94585],[128.17593,37.94632],[128.1768,37.94635],[128.17708,37.94651],[128.17776,37.9458],[128.17867,37.94616],[128.17886,37.94618],[128.17944,37.94543],[128.18091,37.94507],[128.18113,37.94486],[128.1815,37.94411],[128.18183,37.94378],[128.18185,37.94356],[128.18253,37.94331],[128.18277,37.943],[128.18323,37.94304],[128.18413,37.94261],[128.18487,37.9425],[128.18522,37.94193],[128.18544,37.94178],[128.18694,37.94135],[128.18779,37.94145],[128.18985,37.94142],[128.1899,37.94108],[128.19056,37.93995],[128.19174,37.93921],[128.19226,37.93847],[128.19226,37.9381],[128.1927,37.93672],[128.19328,37.93665],[128.1939,37.936],[128.19515,37.93521],[128.19507,37.93366],[128.19609,37.93321],[128.19643,37.93198],[128.19623,37.93166],[128.19677,37.93115],[128.19662,37.93069],[128.19684,37.93014],[128.19669,37.92944],[128.19597,37.92865],[128.19642,37.92839],[128.19679,37.92844],[128.19767,37.92799],[128.19859,37.92847],[128.19858,37.9288],[128.19937,37.92977],[128.19958,37.93025],[128.19999,37.93025],[128.20075,37.93046],[128.20128,37.9308],[128.20168,37.93073],[128.20239,37.93108],[128.20335,37.93149],[128.20409,37.9313],[128.20513,37.93079],[128.2061,37.93088],[128.20689,37.93068],[128.20853,37.93061],[128.20961,37.93074],[128.21032,37.93065],[128.21075,37.93086],[128.21213,37.93133],[128.21277,37.93156],[128.21328,37.9316],[128.21403,37.93144],[128.21521,37.9314],[128.21621,37.93096],[128.21669,37.93103],[128.21771,37.9313],[128.21799,37.93115],[128.21844,37.93111],[128.21897,37.93052],[128.21957,37.93063],[128.22038,37.9303],[128.22091,37.92973],[128.22114,37.92961],[128.22153,37.93011],[128.22239,37.931],[128.22254,37.93194],[128.22294,37.93254],[128.22436,37.93386],[128.22444,37.93412],[128.22443,37.93572],[128.22609,37.93631],[128.22648,37.93796],[128.22707,37.93823],[128.22739,37.93885],[128.22728,37.939],[128.22709,37.94003],[128.22772,37.94047],[128.22833,37.94125],[128.22857,37.94187],[128.22844,37.94215],[128.22833,37.94271],[128.22805,37.94306],[128.22818,37.9434],[128.22803,37.94395],[128.22817,37.94488],[128.22836,37.94512],[128.22831,37.94575],[128.22926,37.94665],[128.22927,37.94727],[128.22952,37.94744],[128.22941,37.94801],[128.22906,37.94873],[128.23017,37.9497],[128.23107,37.95003],[128.2315,37.95059],[128.23174,37.95127],[128.23074,37.95161],[128.23024,37.9519],[128.23019,37.95239],[128.22871,37.95255],[128.22844,37.95283],[128.22837,37.95325],[128.22792,37.95356],[128.22713,37.95429],[128.22657,37.95467],[128.22414,37.95617],[128.22388,37.95668],[128.2239,37.95694],[128.22215,37.95781],[128.2217,37.95834],[128.22084,37.95882],[128.21997,37.95902],[128.21904,37.95963],[128.218,37.96008],[128.21711,37.95981],[128.21571,37.95975],[128.21459,37.9599],[128.21458,37.96071],[128.21489,37.96102],[128.21491,37.96164],[128.21534,37.96212],[128.21571,37.96323],[128.21583,37.96398],[128.21563,37.96529],[128.21466,37.96592],[128.21427,37.96642],[128.21406,37.96768]]]},"properties":{"code":"32590310","name":"남면"}},{"type":"Feature","geometry":{"type":"Polygon","coordinates":[[[128.41744,38.25454],[128.41648,38.2537],[128.41523,38.25316],[128.41495,38.25259],[128.41459,38.2525],[128.41426,38.25219],[128.41384,38.25194],[128.41345,38.25144],[128.41241,38.25043],[128.41164,38.24893],[128.41049,38.2486],[128.41045,38.24823],[128.40954,38.24786],[128.40883,38.24778],[128.40861,38.24764],[128.40816,38.24696],[128.40814,38.24622],[128.40755,38.24598],[128.40659,38.24624],[128.40634,38.24605],[128.40612,38.24561],[128.40621,38.24541],[128.40687,38.24519],[128.40718,38.24477],[128.40681,38.24458],[128.40642,38.24469],[128.40581,38.24462],[128.40558,38.24436],[128.40502,38.24405],[128.40432,38.24302],[128.40388,38.24257],[128.40343,38.24251],[128.40305,38.24228],[128.402,38.24208],[128.40158,38.24187],[128.40007,38.24133],[128.39974,38.24102],[128.39947,38.24099],[128.39886,38.24039],[128.39807,38.24005],[128.39731,38.23956],[128.39671,38.23935],[128.39469,38.23927],[128.39417,38.23959],[128.39356,38.24111],[128.39352,38.24203],[128.39308,38.24289],[128.39281,38.24389],[128.3923,38.24452],[128.3914,38.24499],[128.39091,38.24619],[128.39061,38.24629],[128.38946,38.24628],[128.38873,38.24664],[128.3884,38.24705],[128.38836,38.24804],[128.38778,38.24794],[128.38656,38.24705],[128.3857,38.24683],[128.38502,38.24718],[128.38474,38.24711],[128.38488,38.2461],[128.38477,38.24585],[128.38184,38.24577],[128.38114,38.24471],[128.38102,38.24432],[128.38018,38.24379],[128.37976,38.24394],[128.37916,38.24529],[128.37877,38.24539],[128.37832,38.24523],[128.37786,38.24476],[128.37733,38.24392],[128.37647,38.24353],[128.37647,38.243],[128.37561,38.24265],[128.37533,38.24272],[128.37458,38.24323],[128.3736,38.24324],[128.37206,38.24265],[128.37166,38.24232],[128.37068,38.2413],[128.37033,38.24037],[128.37039,38.23917],[128.37069,38.23844],[128.37135,38.23815],[128.3711,38.23749],[128.37077,38.23709],[128.36973,38.2363],[128.36947,38.23594],[128.36894,38.2358],[128.36846,38.23585],[128.3681,38.23624],[128.36806,38.23686],[128.36789,38.23748],[128.36723,38.2384],[128.36719,38.23905],[128.36685,38.23999],[128.3668,38.24085],[128.36582,38.2418],[128.36499,38.24203],[128.36465,38.24203],[128.36482,38.24237],[128.36554,38.24338],[128.36576,38.2444],[128.36568,38.24703],[128.36526,38.24823],[128.36436,38.2501],[128.36395,38.25084],[128.36373,38.25189],[128.3633,38.25246],[128.36307,38.25328],[128.36313,38.25379],[128.36343,38.25397],[128.36332,38.25461],[128.36341,38.25502],[128.36327,38.25533],[128.36258,38.25572],[128.36183,38.25713],[128.36113,38.25789],[128.36007,38.2589],[128.35976,38.26085],[128.35965,38.26104],[128.35932,38.2625],[128.35871,38.26359],[128.35881,38.26388],[128.35865,38.26428],[128.35895,38.26433],[128.35916,38.26467],[128.35907,38.26538],[128.3593,38.26541],[128.35929,38.26569],[128.35736,38.26557],[128.35579,38.26658],[128.35436,38.26647],[128.35345,38.26609],[128.35054,38.2659],[128.34876,38.26607],[128.34773,38.2659],[128.34643,38.26545],[128.34591,38.26521],[128.34492,38.26505],[128.34323,38.26514],[128.34232,38.26501],[128.34085,38.26551],[128.34026,38.26475],[128.33902,38.26402],[128.33836,38.26382],[128.3377,38.26339],[128.33708,38.26312],[128.33588,38.26333],[128.33421,38.26385],[128.33348,38.26371],[128.33287,38.26412],[128.33237,38.26513],[128.33143,38.26542],[128.32925,38.26547],[128.3275,38.2662],[128.32621,38.26645],[128.32491,38.26642],[128.32433,38.26629],[128.32332,38.26645],[128.32222,38.26651],[128.32125,38.26647],[128.31993,38.26603],[128.31923,38.26607],[128.31733,38.26471],[128.31646,38.26375],[128.3161,38.26257],[128.31541,38.26157],[128.31427,38.26137],[128.31375,38.26097],[128.31197,38.26067],[128.31032,38.25959],[128.30899,38.259],[128.30838,38.25783],[128.30694,38.25665],[128.30696,38.255],[128.30641,38.25449],[128.30626,38.25353],[128.30581,38.25266],[128.30515,38.25218],[128.30469,38.2508],[128.30498,38.24936],[128.30462,38.24772],[128.30484,38.24718],[128.30469,38.24633],[128.3063,38.24448],[128.30746,38.24408],[128.30728,38.24318],[128.30732,38.24238],[128.30708,38.24134],[128.30747,38.23862],[128.30762,38.23829],[128.30764,38.23687],[128.3079,38.23612],[128.30806,38.23488],[128.30804,38.2336],[128.3082,38.23332],[128.30769,38.23279],[128.30713,38.23147],[128.30538,38.22999],[128.30392,38.23024],[128.30298,38.23013],[128.30117,38.2305],[128.30048,38.22975],[128.29808,38.22902],[128.29666,38.22832],[128.29544,38.22805],[128.29442,38.22835],[128.29327,38.22935],[128.29167,38.23008],[128.29021,38.23014],[128.28717,38.2298],[128.28628,38.23103],[128.28469,38.23135],[128.28446,38.23114],[128.2837,38.23072],[128.28343,38.23043],[128.28293,38.23011],[128.2819,38.22881],[128.28056,38.22784],[128.28022,38.22721],[128.27967,38.22672],[128.27852,38.2261],[128.27825,38.22501],[128.2778,38.22439],[128.27724,38.22396],[128.27672,38.22338],[128.2764,38.22239],[128.27595,38.2221],[128.27568,38.22133],[128.27442,38.22054],[128.27352,38.21985],[128.2732,38.21933],[128.27292,38.21912],[128.2724,38.21895],[128.27225,38.21865],[128.27178,38.21836],[128.2715,38.218],[128.27107,38.21689],[128.27108,38.21604],[128.27156,38.21552],[128.2716,38.21514],[128.2708,38.21354],[128.26951,38.21305],[128.26933,38.21266],[128.26872,38.2125],[128.26647,38.21134],[128.2652,38.21002],[128.26434,38.20771],[128.26458,38.20637],[128.26494,38.20612],[128.2652,38.20566],[128.26521,38.20536],[128.26565,38.20503],[128.26563,38.20481],[128.26588,38.20435],[128.2659,38.20377],[128.26633,38.20266],[128.26606,38.20205],[128.26656,38.20146],[128.26733,38.20089],[128.26819,38.19973],[128.2685,38.19965],[128.2688,38.19932],[128.26887,38.19829],[128.26869,38.19794],[128.26911,38.19711],[128.26908,38.19697],[128.26937,38.19623],[128.26943,38.19465],[128.26998,38.19437],[128.27085,38.19328],[128.2722,38.19285],[128.27345,38.19124],[128.273,38.19034],[128.27254,38.19006],[128.27208,38.18929],[128.27129,38.18888],[128.27037,38.18708],[128.27,38.18684],[128.26778,38.18612],[128.26641,38.18513],[128.26631,38.18496],[128.26482,38.18386],[128.26478,38.18365],[128.26448,38.1835],[128.26405,38.18302],[128.26327,38.18289],[128.26243,38.18226],[128.26127,38.18235],[128.26071,38.18216],[128.26027,38.18164],[128.25984,38.1816],[128.25773,38.18072],[128.25695,38.18008],[128.25574,38.18013],[128.25515,38.17984],[128.25405,38.17974],[128.25326,38.17936],[128.2524,38.17876],[128.25178,38.17881],[128.25005,38.17957],[128.24935,38.17956],[128.2489,38.17935],[128.24817,38.17931],[128.24772,38.1792],[128.2469,38.17929],[128.24603,38.17997],[128.2453,38.18013],[128.24505,38.18003],[128.24467,38.17956],[128.24206,38.17874],[128.24041,38.17855],[128.23975,38.17831],[128.23883,38.17817],[128.23714,38.17837],[128.23664,38.17795],[128.23627,38.17864],[128.23549,38.17943],[128.23543,38.17998],[128.23379,38.1819],[128.23267,38.18242],[128.23214,38.1836],[128.23177,38.18389],[128.2318,38.18445],[128.2308,38.18498],[128.23048,38.18499],[128.22928,38.18549],[128.22854,38.18608],[128.22819,38.18606],[128.22713,38.18632],[128.22521,38.18592],[128.22511,38.18535],[128.22451,38.18476],[128.22455,38.18422],[128.22429,38.18362],[128.22448,38.18285],[128.22441,38.18143],[128.22418,38.18113],[128.22371,38.18081],[128.22285,38.18061],[128.22211,38.18],[128.22138,38.17969],[128.2192,38.17999],[128.21877,38.18036],[128.21629,38.18067],[128.21584,38.18062],[128.21536,38.18022],[128.21462,38.18],[128.21406,38.1797],[128.21356,38.17952],[128.21264,38.17973],[128.21222,38.17968],[128.21151,38.17971],[128.21102,38.17961],[128.21032,38.17965],[128.21008,38.18051],[128.20921,38.1807],[128.20636,38.18122],[128.20409,38.18183],[128.20271,38.1824],[128.20169,38.18272],[128.20095,38.1825],[128.20033,38.18207],[128.19931,38.18126],[128.19845,38.18049],[128.19794,38.1804],[128.19744,38.18105],[128.19704,38.18182],[128.19711,38.18286],[128.1969,38.1833],[128.19584,38.18431],[128.19502,38.18641],[128.19451,38.18655],[128.19377,38.18662],[128.19321,38.18677],[128.19204,38.18674],[128.19159,38.18692],[128.19059,38.1871],[128.19052,38.1878],[128.19029,38.18804],[128.18936,38.1881],[128.18908,38.18825],[128.18863,38.18806],[128.1883,38.18803],[128.18793,38.1882],[128.18742,38.18811],[128.18672,38.18828],[128.1864,38.18797],[128.18567,38.18741],[128.185,38.18736],[128.18445,38.18748],[128.1841,38.18738],[128.18259,38.18743],[128.18238,38.18759],[128.18126,38.18759],[128.18093,38.18826],[128.18048,38.18846],[128.17959,38.18923],[128.17884,38.18911],[128.17794,38.18871],[128.17715,38.18857],[128.17638,38.18869],[128.17616,38.18885],[128.17515,38.189],[128.17473,38.18916],[128.17408,38.18923],[128.17376,38.1889],[128.17268,38.18902],[128.16958,38.1891],[128.16907,38.18945],[128.1689,38.19],[128.1686,38.19012],[128.16867,38.19114],[128.1683,38.19157],[128.16765,38.19202],[128.16727,38.19412],[128.16742,38.19431],[128.16704,38.19465],[128.16625,38.19481],[128.165,38.19487],[128.16377,38.19518],[128.16301,38.19566],[128.16215,38.19575],[128.16155,38.19603],[128.16101,38.19608],[128.16032,38.19633],[128.15951,38.19702],[128.15824,38.19735],[128.15759,38.19758],[128.15727,38.19802],[128.15588,38.19813],[128.15441,38.19814],[128.15407,38.19862],[128.15308,38.19894],[128.15255,38.19905],[128.15159,38.19896],[128.15012,38.19933],[128.14905,38.19943],[128.14863,38.19976],[128.14635,38.20007],[128.14596,38.20086],[128.14604,38.20171],[128.14583,38.20243],[128.14529,38.20309],[128.14506,38.20402],[128.14509,38.20467],[128.14411,38.20585],[128.14432,38.20695],[128.14427,38.20802],[128.14394,38.20844],[128.14388,38.20921],[128.1437,38.20961],[128.1429,38.20979],[128.14222,38.21087],[128.14109,38.212],[128.13984,38.21203],[128.13802,38.21127],[128.13727,38.21129],[128.13659,38.21107],[128.13561,38.21114],[128.13479,38.21104],[128.13451,38.21126],[128.13323,38.2116],[128.1331,38.21181],[128.13267,38.21193],[128.13225,38.2117],[128.13189,38.21179],[128.13137,38.2118],[128.1308,38.21193],[128.13026,38.21224],[128.13021,38.21238],[128.12964,38.21272],[128.12955,38.21296],[128.12929,38.21312],[128.12872,38.21325],[128.12835,38.21366],[128.12703,38.2136],[128.12635,38.2137],[128.12439,38.21371],[128.12412,38.21378],[128.12329,38.2136],[128.12273,38.21376],[128.12144,38.21365],[128.12144,38.21343],[128.12053,38.21258],[128.11988,38.21231],[128.11962,38.21191],[128.11858,38.21125],[128.11863,38.21063],[128.11838,38.21025],[128.11813,38.20941],[128.11792,38.20914],[128.11714,38.20888],[128.117,38.20877],[128.11704,38.20837],[128.11653,38.20757],[128.11607,38.20727],[128.11558,38.20671],[128.11491,38.20655],[128.11487,38.20512],[128.11326,38.20344],[128.11443,38.20281],[128.11572,38.20133],[128.11646,38.20017],[128.11718,38.19967],[128.11729,38.19886],[128.11801,38.19814],[128.11842,38.19723],[128.11965,38.19679],[128.12008,38.19589],[128.12133,38.19454],[128.12134,38.19353],[128.12219,38.19263],[128.1227,38.19145],[128.12363,38.19093],[128.12386,38.1905],[128.12516,38.19023],[128.12555,38.1897],[128.12692,38.18977],[128.12766,38.18993],[128.12812,38.1897],[128.1288,38.18913],[128.12913,38.18759],[128.12915,38.18685],[128.12939,38.18666],[128.12948,38.186],[128.13025,38.18546],[128.13092,38.18534],[128.13179,38.18425],[128.1317,38.18246],[128.13216,38.18197],[128.13256,38.18119],[128.13307,38.18062],[128.13464,38.17837],[128.13517,38.178],[128.13541,38.17676],[128.13579,38.17648],[128.13615,38.17645],[128.1367,38.17601],[128.13686,38.17561],[128.13764,38.17538],[128.13831,38.17447],[128.13833,38.17396],[128.13899,38.17281],[128.13932,38.17231],[128.13933,38.17177],[128.13915,38.17105],[128.13949,38.17074],[128.13991,38.17075],[128.14128,38.17019],[128.14157,38.16961],[128.14211,38.16918],[128.14246,38.1683],[128.14338,38.1675],[128.14382,38.16632],[128.14478,38.16581],[128.14493,38.16441],[128.14574,38.16259],[128.14609,38.16245],[128.14621,38.16195],[128.14678,38.16156],[128.14699,38.16122],[128.14764,38.16117],[128.14871,38.16037],[128.14854,38.15977],[128.1481,38.15906],[128.14752,38.15765],[128.14821,38.1572],[128.14847,38.15676],[128.14891,38.1564],[128.14958,38.15627],[128.15001,38.15461],[128.1499,38.15433],[128.15072,38.15395],[128.15098,38.15362],[128.15154,38.15368],[128.15232,38.15341],[128.15303,38.15223],[128.15319,38.15169],[128.15404,38.15081],[128.15411,38.15041],[128.155,38.14965],[128.15593,38.14865],[128.15736,38.14781],[128.15781,38.14724],[128.1584,38.14701],[128.15849,38.14661],[128.1597,38.14597],[128.16107,38.14609],[128.1613,38.1458],[128.16168,38.14554],[128.16258,38.14518],[128.16337,38.14568],[128.16463,38.14608],[128.16531,38.14636],[128.16568,38.14627],[128.16666,38.1455],[128.16791,38.1454],[128.16856,38.14476],[128.17026,38.14496],[128.17128,38.14519],[128.17165,38.14438],[128.17205,38.144],[128.17273,38.14363],[128.1731,38.14319],[128.17512,38.14258],[128.17531,38.14193],[128.1765,38.14118],[128.17649,38.14014],[128.17673,38.13958],[128.1765,38.13878],[128.17695,38.13833],[128.17771,38.13806],[128.1785,38.1374],[128.17899,38.1373],[128.17991,38.13663],[128.17963,38.13627],[128.17974,38.13587],[128.17904,38.13516],[128.17852,38.1343],[128.17847,38.13384],[128.17824,38.13364],[128.17817,38.13314],[128.17929,38.13015],[128.17968,38.12995],[128.17988,38.12946],[128.18012,38.12704],[128.17947,38.12654],[128.17924,38.12588],[128.1797,38.12546],[128.17979,38.12478],[128.18068,38.12369],[128.18082,38.12306],[128.18044,38.12239],[128.18015,38.12201],[128.18002,38.12162],[128.18003,38.12096],[128.18032,38.12061],[128.18072,38.12045],[128.18065,38.12016],[128.18076,38.11994],[128.18124,38.1193],[128.18107,38.11859],[128.18109,38.11836],[128.18131,38.11766],[128.18152,38.11746],[128.18167,38.11712],[128.18161,38.11657],[128.18191,38.11597],[128.18193,38.11556],[128.18134,38.11469],[128.18133,38.11437],[128.18174,38.1142],[128.18203,38.11387],[128.18221,38.11347],[128.18254,38.1131],[128.18342,38.11262],[128.18374,38.11202],[128.18455,38.11179],[128.18474,38.11168],[128.18481,38.11141],[128.18522,38.11105],[128.18534,38.1108],[128.18566,38.11063],[128.1859,38.11094],[128.1873,38.11165],[128.18757,38.11215],[128.1882,38.11249],[128.18849,38.11279],[128.18875,38.11277],[128.18876,38.11312],[128.18904,38.11305],[128.19101,38.11341],[128.1916,38.11338],[128.19202,38.1132],[128.19268,38.11253],[128.19262,38.11198],[128.19224,38.11169],[128.1917,38.11105],[128.19163,38.11017],[128.19194,38.10953],[128.19261,38.10918],[128.19359,38.10882],[128.19426,38.10883],[128.19557,38.10947],[128.19739,38.10994],[128.19885,38.11037],[128.20082,38.11041],[128.20152,38.11071],[128.20203,38.11143],[128.20245,38.11071],[128.20431,38.1093],[128.20499,38.10892],[128.20515,38.10867],[128.20519,38.10815],[128.20305,38.10562],[128.2025,38.1051],[128.20221,38.10491],[128.20222,38.10455],[128.20315,38.10422],[128.20341,38.10423],[128.20384,38.10447],[128.20412,38.10484],[128.20384,38.10504],[128.20417,38.10527],[128.20522,38.10489],[128.20576,38.10412],[128.20604,38.10438],[128.20711,38.10411],[128.20801,38.10398],[128.20844,38.10361],[128.20936,38.10372],[128.20961,38.10355],[128.21009,38.10346],[128.21038,38.10352],[128.21084,38.10331],[128.21147,38.10341],[128.21192,38.10325],[128.21242,38.10331],[128.21322,38.10299],[128.21402,38.10312],[128.21474,38.10269],[128.21583,38.10296],[128.21638,38.10275],[128.21797,38.10317],[128.21844,38.10314],[128.22029,38.10311],[128.22081,38.10315],[128.22175,38.10285],[128.22348,38.10275],[128.22435,38.10212],[128.22508,38.10175],[128.22581,38.10083],[128.22675,38.0973],[128.22726,38.09716],[128.22855,38.09731],[128.23107,38.09694],[128.23251,38.09737],[128.23359,38.09823],[128.23453,38.09857],[128.23542,38.09815],[128.23611,38.09811],[128.23639,38.09785],[128.23803,38.09744],[128.2387,38.09806],[128.23986,38.09849],[128.24052,38.09855],[128.24248,38.09842],[128.24357,38.09816],[128.24458,38.09812],[128.24525,38.09778],[128.24555,38.09779],[128.24632,38.09749],[128.24678,38.09671],[128.24786,38.09606],[128.24957,38.09702],[128.25069,38.09613],[128.25197,38.09561],[128.2531,38.09573],[128.25356,38.09615],[128.25472,38.09655],[128.25588,38.09729],[128.25718,38.09712],[128.25823,38.09651],[128.25911,38.09641],[128.26082,38.09579],[128.26104,38.09499],[128.26233,38.09403],[128.26308,38.09379],[128.26371,38.0937],[128.26447,38.09326],[128.26492,38.09278],[128.26637,38.09202],[128.2668,38.09147],[128.26659,38.09108],[128.26819,38.08944],[128.269,38.08915],[128.27025,38.08903],[128.27152,38.08914],[128.27192,38.08925],[128.27299,38.08869],[128.27345,38.08767],[128.27485,38.08767],[128.2755,38.08736],[128.276,38.08719],[128.27716,38.08692],[128.27813,38.08653],[128.27897,38.08597],[128.28057,38.08598],[128.28153,38.08635],[128.28204,38.08663],[128.28282,38.08672],[128.28378,38.08706],[128.28481,38.0872],[128.28513,38.0875],[128.28537,38.08788],[128.28612,38.08865],[128.28914,38.08928],[128.29001,38.08898],[128.29081,38.08934],[128.29117,38.0894],[128.29192,38.08928],[128.29255,38.0896],[128.29403,38.08977],[128.29477,38.09011],[128.29562,38.09016],[128.29722,38.08979],[128.29881,38.08952],[128.30156,38.09104],[128.30418,38.09185],[128.30594,38.09211],[128.3071,38.0922],[128.30917,38.09213],[128.31183,38.09423],[128.31289,38.09513],[128.3138,38.09565],[128.31415,38.09621],[128.31437,38.09684],[128.31529,38.09733],[128.31561,38.09775],[128.31636,38.09799],[128.3168,38.09822],[128.31724,38.09835],[128.31844,38.0989],[128.31899,38.09877],[128.32002,38.09901],[128.3205,38.09793],[128.32124,38.09741],[128.32202,38.09646],[128.3223,38.09627],[128.32324,38.09652],[128.32502,38.09564],[128.32597,38.09586],[128.32714,38.09648],[128.32747,38.09618],[128.32827,38.09633],[128.32987,38.09611],[128.33096,38.09613],[128.33358,38.09488],[128.33486,38.09455],[128.33495,38.09424],[128.33539,38.09389],[128.33561,38.09384],[128.33629,38.09389],[128.33638,38.09367],[128.33737,38.09364],[128.33787,38.0934],[128.33858,38.09362],[128.33978,38.09412],[128.34065,38.09383],[128.34108,38.0933],[128.34214,38.09289],[128.34257,38.09298],[128.34438,38.09404],[128.34473,38.09433],[128.34654,38.0942],[128.34741,38.09462],[128.3482,38.09443],[128.34906,38.09451],[128.34994,38.09466],[128.3503,38.09497],[128.35107,38.09501],[128.35248,38.09539],[128.35323,38.09569],[128.35422,38.09589],[128.35522,38.09648],[128.35623,38.09635],[128.35661,38.09655],[128.35781,38.09676],[128.35857,38.09716],[128.35938,38.09738],[128.35961,38.09729],[128.36031,38.09737],[128.36095,38.09697],[128.36233,38.09553],[128.36299,38.09532],[128.36409,38.09522],[128.36488,38.09525],[128.36705,38.0943],[128.36816,38.09432],[128.36879,38.09469],[128.36981,38.0949],[128.37193,38.09571],[128.37319,38.09568],[128.37434,38.09517],[128.37577,38.09539],[128.37697,38.09623],[128.37762,38.0971],[128.37925,38.09775],[128.37978,38.09861],[128.38148,38.09884],[128.38315,38.09856],[128.38467,38.09898],[128.38575,38.09849],[128.38733,38.09819],[128.38825,38.09779],[128.38837,38.09744],[128.39085,38.09653],[128.39259,38.09729],[128.39421,38.09748],[128.39564,38.09681],[128.39691,38.09685],[128.39814,38.09631],[128.39884,38.09622],[128.39985,38.09656],[128.40121,38.09663],[128.40311,38.09604],[128.40425,38.09607],[128.40504,38.09665],[128.40575,38.09752],[128.4079,38.0981],[128.41028,38.09897],[128.41038,38.10134],[128.4106,38.10199],[128.41099,38.10241],[128.41054,38.10313],[128.41046,38.10399],[128.41143,38.10488],[128.41067,38.10698],[128.41097,38.10912],[128.41065,38.11092],[128.41099,38.11124],[128.41129,38.11116],[128.41183,38.11126],[128.4136,38.11058],[128.41537,38.11084],[128.41631,38.11074],[128.41802,38.1101],[128.41941,38.10986],[128.42051,38.10946],[128.42153,38.10894],[128.42292,38.10868],[128.42567,38.10856],[128.42619,38.10867],[128.42772,38.10799],[128.42966,38.10853],[128.43022,38.10885],[128.43192,38.10928],[128.43323,38.10928],[128.43375,38.10948],[128.43649,38.11098],[128.43714,38.11102],[128.43768,38.11189],[128.43825,38.11221],[128.43951,38.11321],[128.44042,38.11407],[128.44231,38.11457],[128.44281,38.11461],[128.44435,38.1152],[128.44597,38.11553],[128.44721,38.11544],[128.44769,38.11555],[128.44885,38.11532],[128.45007,38.11516],[128.45232,38.11663],[128.45288,38.11681],[128.45352,38.11813],[128.45461,38.11923],[128.4556,38.11993],[128.45628,38.12025],[128.45807,38.12124],[128.45829,38.12128],[128.46009,38.12103],[128.46022,38.12127],[128.46166,38.12082],[128.46355,38.11974],[128.46486,38.11921],[128.46516,38.11954],[128.46582,38.12131],[128.46547,38.1264],[128.46424,38.12867],[128.46536,38.13026],[128.46601,38.1316],[128.466,38.13352],[128.46455,38.13527],[128.46596,38.13692],[128.46508,38.13733],[128.4639,38.13821],[128.46345,38.13846],[128.46278,38.13895],[128.46114,38.1398],[128.45912,38.14024],[128.4588,38.14096],[128.45713,38.1419],[128.45585,38.14225],[128.45448,38.14331],[128.45352,38.14459],[128.45203,38.14467],[128.44919,38.14746],[128.4464,38.14817],[128.4452,38.14911],[128.44306,38.1496],[128.44265,38.15113],[128.44194,38.15203],[128.43856,38.15418],[128.43792,38.15487],[128.43821,38.15605],[128.43842,38.15628],[128.43848,38.15666],[128.43803,38.15784],[128.43816,38.15889],[128.43748,38.15959],[128.438,38.16002],[128.43854,38.16094],[128.43903,38.16258],[128.43848,38.1627],[128.43773,38.16301],[128.43652,38.16387],[128.43567,38.16437],[128.43546,38.16463],[128.43552,38.16521],[128.43493,38.16587],[128.43449,38.1659],[128.43377,38.16632],[128.43364,38.16733],[128.4331,38.16765],[128.43319,38.16861],[128.43227,38.16912],[128.43188,38.1696],[128.43115,38.16987],[128.42965,38.17087],[128.42799,38.17145],[128.42757,38.17267],[128.42582,38.17325],[128.42563,38.17363],[128.42413,38.1746],[128.4235,38.17572],[128.42206,38.17604],[128.42114,38.17669],[128.42182,38.17777],[128.42233,38.18152],[128.42368,38.18259],[128.42448,38.18311],[128.42444,38.18389],[128.42452,38.18415],[128.42443,38.18477],[128.42461,38.18498],[128.42496,38.18576],[128.42608,38.18629],[128.42587,38.18656],[128.42603,38.1872],[128.42625,38.18735],[128.42651,38.18915],[128.42806,38.18934],[128.42844,38.18929],[128.42897,38.18979],[128.42961,38.1901],[128.43176,38.19015],[128.43315,38.19081],[128.43481,38.19102],[128.43633,38.19226],[128.43845,38.19256],[128.43863,38.1961],[128.43968,38.19733],[128.44022,38.19858],[128.44075,38.19968],[128.44141,38.20313],[128.44231,38.20372],[128.44109,38.20477],[128.44065,38.20592],[128.44078,38.20643],[128.44044,38.20693],[128.43997,38.20716],[128.43994,38.20813],[128.43983,38.20841],[128.43914,38.20917],[128.43929,38.20979],[128.43879,38.21069],[128.43876,38.2113],[128.43835,38.21224],[128.43815,38.21314],[128.43774,38.21408],[128.43781,38.21465],[128.43817,38.21541],[128.43837,38.2162],[128.43838,38.21669],[128.43871,38.21747],[128.43885,38.21851],[128.43909,38.21954],[128.43986,38.22079],[128.44004,38.2209],[128.4405,38.22198],[128.4404,38.22241],[128.44074,38.22293],[128.4404,38.2236],[128.4406,38.22512],[128.44036,38.22556],[128.4405,38.2264],[128.44023,38.2275],[128.4398,38.22808],[128.43899,38.22908],[128.43843,38.2296],[128.43771,38.22989],[128.43724,38.23029],[128.43764,38.23248],[128.43841,38.23442],[128.43815,38.23523],[128.43816,38.23765],[128.43857,38.23916],[128.43888,38.23985],[128.43972,38.24127],[128.43771,38.24111],[128.43626,38.24131],[128.43521,38.2416],[128.43392,38.24234],[128.43294,38.24242],[128.43272,38.24283],[128.43247,38.24296],[128.43219,38.24378],[128.43088,38.24553],[128.4307,38.24609],[128.42957,38.24758],[128.42794,38.24886],[128.42806,38.24914],[128.42755,38.25019],[128.42622,38.25084],[128.4259,38.2513],[128.42577,38.25176],[128.4254,38.2521],[128.42482,38.25316],[128.42312,38.25365],[128.42209,38.25372],[128.42114,38.25362],[128.41999,38.25419],[128.41935,38.25427],[128.41892,38.25426],[128.41862,38.25415],[128.41759,38.25428],[128.41744,38.25454]]]},"properties":{"code":"32590320","name":"북면"}},{"type":"Feature","geometry":{"type":"Polygon","coordinates":[[[128.48142,37.893],[128.48177,37.89462],[128.48153,37.89508],[128.48026,37.89554],[128.47998,37.89542],[128.47684,37.89651],[128.47625,37.89709],[128.47594,37.89786],[128.47555,37.8985],[128.47452,37.8995],[128.47368,37.89998],[128.47346,37.90037],[128.47354,37.90111],[128.47366,37.90129],[128.47411,37.9016],[128.47471,37.90242],[128.47459,37.90327],[128.47479,37.90384],[128.47527,37.90494],[128.47542,37.90556],[128.47596,37.90646],[128.47582,37.9071],[128.47551,37.90744],[128.47557,37.90796],[128.47486,37.90952],[128.47512,37.9108],[128.47564,37.91132],[128.47533,37.91214],[128.47495,37.91249],[128.47488,37.91358],[128.4753,37.91428],[128.47525,37.91494],[128.47533,37.91503],[128.47542,37.91581],[128.4754,37.91694],[128.47543,37.91762],[128.47562,37.91812],[128.47598,37.91855],[128.47575,37.91896],[128.47534,37.91927],[128.47517,37.91973],[128.47544,37.92014],[128.47528,37.92063],[128.47565,37.92082],[128.47557,37.92105],[128.47651,37.92167],[128.4766,37.92215],[128.47637,37.92258],[128.47591,37.92296],[128.47536,37.92359],[128.47518,37.92436],[128.47513,37.92547],[128.47476,37.92561],[128.4745,37.92598],[128.47405,37.92614],[128.47361,37.92671],[128.47266,37.92643],[128.47239,37.92655],[128.47233,37.92682],[128.47186,37.92709],[128.47113,37.9278],[128.47079,37.92851],[128.47005,37.92899],[128.46992,37.92955],[128.46895,37.93028],[128.46884,37.93057],[128.46846,37.93097],[128.46726,37.93149],[128.46721,37.93173],[128.4665,37.93228],[128.46629,37.93256],[128.46585,37.93266],[128.46555,37.93308],[128.46539,37.93376],[128.46483,37.93446],[128.46426,37.93475],[128.46356,37.93567],[128.4636,37.93592],[128.46398,37.9366],[128.4648,37.93705],[128.4649,37.9373],[128.46564,37.93762],[128.4662,37.93825],[128.46668,37.93898],[128.46703,37.93931],[128.46718,37.93989],[128.46754,37.94029],[128.46707,37.94079],[128.46691,37.94143],[128.46711,37.94209],[128.46699,37.94258],[128.46707,37.94455],[128.46673,37.94682],[128.46646,37.94751],[128.46622,37.94774],[128.46636,37.94923],[128.46674,37.94947],[128.46702,37.94952],[128.46876,37.95027],[128.46899,37.95045],[128.47032,37.95127],[128.47045,37.95141],[128.47053,37.9523],[128.47284,37.95347],[128.4729,37.95433],[128.4729,37.95492],[128.47376,37.95673],[128.4731,37.95808],[128.47197,37.9593],[128.47195,37.95943],[128.47226,37.96027],[128.47364,37.96097],[128.47374,37.96145],[128.47466,37.96188],[128.47522,37.96197],[128.47588,37.96243],[128.47635,37.9626],[128.47693,37.96272],[128.4773,37.96296],[128.47835,37.96289],[128.47904,37.96271],[128.47931,37.96231],[128.48052,37.96183],[128.48279,37.96159],[128.48326,37.96144],[128.48389,37.96138],[128.48449,37.96122],[128.48651,37.96105],[128.48719,37.9613],[128.48747,37.96116],[128.48825,37.96127],[128.48908,37.96241],[128.49006,37.96305],[128.49071,37.96364],[128.49142,37.96418],[128.49204,37.96449],[128.49288,37.96426],[128.49342,37.96388],[128.49404,37.96387],[128.49471,37.96404],[128.49508,37.96406],[128.49536,37.96533],[128.4963,37.96588],[128.49615,37.9667],[128.49655,37.96734],[128.49686,37.96743],[128.49628,37.96822],[128.49625,37.96843],[128.49645,37.96882],[128.49618,37.96951],[128.49598,37.96973],[128.49602,37.97037],[128.49667,37.97132],[128.49733,37.97269],[128.49702,37.97279],[128.49601,37.97375],[128.49622,37.97425],[128.49644,37.9745],[128.49683,37.97477],[128.49719,37.97533],[128.49766,37.9758],[128.49789,37.97628],[128.49759,37.97676],[128.49671,37.97765],[128.49659,37.97799],[128.4964,37.97812],[128.4959,37.97898],[128.49583,37.97954],[128.49615,37.97989],[128.49656,37.98111],[128.49641,37.98206],[128.49567,37.98374],[128.49838,37.98411],[128.49899,37.98458],[128.4993,37.98471],[128.50004,37.98483],[128.50125,37.98613],[128.50132,37.98723],[128.50011,37.98739],[128.49945,37.98777],[128.49939,37.98903],[128.50029,37.98934],[128.50066,37.98983],[128.5016,37.99085],[128.50119,37.99248],[128.50116,37.99284],[128.50208,37.99415],[128.50218,37.99492],[128.50442,37.99629],[128.50439,37.99652],[128.50533,37.99689],[128.50575,37.99738],[128.50619,37.99749],[128.50796,37.99857],[128.50913,38.00011],[128.51005,38.00075],[128.51125,38.00208],[128.51206,38.00384],[128.51285,38.00473],[128.51286,38.00483],[128.51198,38.00642],[128.51215,38.00727],[128.51256,38.00793],[128.51321,38.00945],[128.51326,38.01071],[128.51311,38.01104],[128.51333,38.01232],[128.51357,38.01295],[128.51165,38.01262],[128.51117,38.01244],[128.5093,38.0123],[128.50812,38.01226],[128.50724,38.01266],[128.50726,38.01293],[128.50646,38.01433],[128.50638,38.01481],[128.50497,38.01623],[128.50256,38.01733],[128.50292,38.01886],[128.50425,38.02018],[128.50312,38.02197],[128.50131,38.02375],[128.49981,38.02484],[128.5,38.02538],[128.49968,38.0279],[128.49875,38.02914],[128.49859,38.02993],[128.49866,38.03048],[128.49864,38.03422],[128.50016,38.03648],[128.50033,38.03705],[128.50081,38.03807],[128.49971,38.03863],[128.4977,38.04016],[128.49624,38.04071],[128.4965,38.04144],[128.4961,38.04255],[128.49617,38.04322],[128.49567,38.04477],[128.49506,38.04567],[128.49501,38.04629],[128.49389,38.04676],[128.49333,38.04721],[128.49314,38.04777],[128.49342,38.04861],[128.49205,38.04958],[128.49078,38.05035],[128.49003,38.05066],[128.48916,38.05112],[128.48857,38.05227],[128.48746,38.0522],[128.48747,38.05312],[128.48617,38.05394],[128.4859,38.05378],[128.48465,38.05365],[128.48364,38.05301],[128.48264,38.05203],[128.48217,38.0521],[128.48151,38.05161],[128.47971,38.05101],[128.47878,38.05052],[128.47853,38.04995],[128.47794,38.0496],[128.47758,38.04903],[128.47754,38.04864],[128.47701,38.04824],[128.47656,38.04817],[128.47496,38.04864],[128.47314,38.04864],[128.47193,38.04902],[128.47115,38.0499],[128.47107,38.05013],[128.47011,38.05026],[128.46886,38.05072],[128.46839,38.05026],[128.46738,38.0504],[128.46659,38.05078],[128.46592,38.05039],[128.4657,38.04979],[128.46419,38.04969],[128.46324,38.04915],[128.4629,38.04937],[128.46297,38.05022],[128.46225,38.05056],[128.46135,38.05075],[128.46119,38.05094],[128.46169,38.05194],[128.46123,38.05247],[128.46042,38.05257],[128.46011,38.05337],[128.45913,38.05328],[128.45762,38.05388],[128.45648,38.05389],[128.45602,38.05422],[128.45559,38.05408],[128.45513,38.05537],[128.4548,38.05564],[128.45337,38.05609],[128.45304,38.05592],[128.45199,38.05628],[128.4515,38.05624],[128.45104,38.05577],[128.44986,38.05525],[128.44926,38.05518],[128.44805,38.05605],[128.44724,38.05634],[128.44581,38.05726],[128.44567,38.05763],[128.44491,38.05771],[128.44406,38.0575],[128.44267,38.05754],[128.44138,38.05806],[128.44038,38.0579],[128.43916,38.05676],[128.4386,38.05604],[128.43839,38.05545],[128.43548,38.05299],[128.43502,38.05237],[128.43452,38.0523],[128.434,38.05241],[128.43301,38.05241],[128.43114,38.05224],[128.42976,38.05155],[128.42879,38.05093],[128.42829,38.05003],[128.42654,38.04922],[128.42559,38.04875],[128.42628,38.04823],[128.42696,38.04699],[128.42804,38.04612],[128.42782,38.04462],[128.42806,38.04338],[128.428,38.04297],[128.42862,38.04091],[128.42847,38.04041],[128.42786,38.03976],[128.4277,38.03877],[128.42778,38.03742],[128.42761,38.03648],[128.42773,38.03628],[128.42511,38.03411],[128.42456,38.03239],[128.42661,38.0309],[128.42797,38.03034],[128.42877,38.02989],[128.42898,38.02946],[128.43066,38.02836],[128.43303,38.02728],[128.43555,38.02674],[128.4358,38.02661],[128.43755,38.0268],[128.43822,38.0266],[128.43825,38.02626],[128.43875,38.0255],[128.43898,38.02436],[128.4395,38.02382],[128.43991,38.02353],[128.43987,38.02171],[128.43839,38.02046],[128.43829,38.01997],[128.43781,38.01934],[128.43755,38.01865],[128.4366,38.01824],[128.43619,38.01696],[128.43541,38.01649],[128.43579,38.01584],[128.43559,38.01508],[128.43516,38.01486],[128.4334,38.01486],[128.43253,38.01468],[128.43191,38.01429],[128.43157,38.01359],[128.43086,38.01289],[128.43069,38.01265],[128.43076,38.01213],[128.43028,38.01171],[128.42992,38.01097],[128.42954,38.01051],[128.42873,38.00889],[128.42939,38.00795],[128.42938,38.00752],[128.4281,38.00674],[128.4279,38.00651],[128.42545,38.00574],[128.42493,38.00499],[128.42408,38.00451],[128.42201,38.00403],[128.42152,38.00406],[128.4213,38.00443],[128.42087,38.0046],[128.42059,38.00507],[128.41945,38.00505],[128.41839,38.00452],[128.41649,38.00426],[128.41628,38.00402],[128.41528,38.00407],[128.41427,38.0044],[128.41409,38.00459],[128.41263,38.00446],[128.41239,38.00491],[128.41183,38.00522],[128.41145,38.0057],[128.41041,38.00617],[128.4099,38.00611],[128.40926,38.0063],[128.40862,38.00596],[128.40831,38.00567],[128.4074,38.00531],[128.40696,38.00521],[128.4062,38.00539],[128.40588,38.00535],[128.4053,38.00486],[128.40463,38.0048],[128.40375,38.0043],[128.4032,38.00421],[128.40271,38.00357],[128.40214,38.00332],[128.402,38.003],[128.40156,38.00292],[128.40121,38.00267],[128.40081,38.00254],[128.40011,38.00254],[128.39967,38.00233],[128.39927,38.00231],[128.39878,38.00252],[128.39786,38.0024],[128.39668,38.00256],[128.39646,38.00249],[128.39593,38.00302],[128.39542,38.00321],[128.39467,38.00314],[128.39465,38.00259],[128.39392,38.00159],[128.39365,38.00034],[128.39281,38.00007],[128.39242,38.00021],[128.39196,38.00016],[128.39142,38.00024],[128.39065,38.00006],[128.39008,38.00018],[128.38967,37.99985],[128.38896,37.99997],[128.38846,38.00063],[128.38759,38.00054],[128.38659,38.00111],[128.38641,38.00137],[128.38586,38.00159],[128.38549,38.00126],[128.38383,38.00235],[128.38307,38.00229],[128.38157,38.0027],[128.38063,38.00212],[128.38027,38.00224],[128.38004,38.00211],[128.37926,38.00236],[128.3781,38.0022],[128.37766,38.00238],[128.37649,38.00245],[128.37533,38.00239],[128.37458,38.00279],[128.37372,38.00358],[128.37264,38.00414],[128.37195,38.00411],[128.37133,38.00366],[128.37035,38.00369],[128.36932,38.00339],[128.36852,38.00391],[128.36809,38.00382],[128.3677,38.00401],[128.36735,38.00394],[128.36687,38.0042],[128.36611,38.00446],[128.36578,38.00477],[128.36552,38.00535],[128.36507,38.00589],[128.3651,38.00611],[128.36414,38.00725],[128.36402,38.0078],[128.3637,38.00788],[128.36283,38.00892],[128.36232,38.00916],[128.36216,38.00947],[128.36138,38.00983],[128.36059,38.00955],[128.35988,38.00949],[128.35926,38.00979],[128.359,38.01063],[128.35838,38.01153],[128.35815,38.01216],[128.3571,38.0123],[128.35647,38.01334],[128.35574,38.01401],[128.3555,38.01434],[128.35497,38.01454],[128.35485,38.01474],[128.35412,38.01539],[128.3535,38.0158],[128.35354,38.01604],[128.35415,38.01661],[128.35463,38.01686],[128.3551,38.01726],[128.35559,38.01734],[128.35639,38.01782],[128.35671,38.01825],[128.35741,38.01869],[128.35779,38.01921],[128.35787,38.01952],[128.35827,38.01973],[128.35893,38.02047],[128.35956,38.02232],[128.36045,38.02269],[128.36183,38.02348],[128.36313,38.02416],[128.36324,38.02438],[128.3632,38.02493],[128.36272,38.02531],[128.36249,38.02557],[128.36223,38.0257],[128.36146,38.02579],[128.36015,38.02661],[128.36001,38.02702],[128.35958,38.02703],[128.35913,38.02685],[128.35856,38.0271],[128.35824,38.02768],[128.35748,38.02791],[128.35694,38.02786],[128.35677,38.02793],[128.35498,38.02777],[128.35417,38.02702],[128.35334,38.02648],[128.35214,38.02647],[128.35138,38.02662],[128.35097,38.02657],[128.34983,38.02653],[128.34959,38.02668],[128.34838,38.0267],[128.34782,38.02566],[128.34786,38.02529],[128.34737,38.025],[128.3471,38.02473],[128.34662,38.02452],[128.34583,38.02339],[128.34487,38.02298],[128.34402,38.02287],[128.34366,38.02361],[128.34321,38.02422],[128.34254,38.02441],[128.34124,38.02442],[128.34036,38.02368],[128.33925,38.02387],[128.33861,38.02367],[128.33721,38.02366],[128.3366,38.02413],[128.33656,38.02446],[128.33616,38.0249],[128.33613,38.02526],[128.33578,38.02566],[128.33548,38.02623],[128.33549,38.02657],[128.33533,38.02676],[128.3344,38.02642],[128.33318,38.02615],[128.33219,38.02589],[128.33188,38.02571],[128.33176,38.02551],[128.33052,38.0246],[128.3292,38.0246],[128.32862,38.02457],[128.32778,38.02481],[128.32691,38.0249],[128.3265,38.02482],[128.32559,38.02508],[128.32527,38.02529],[128.32492,38.02497],[128.32408,38.02475],[128.32374,38.02442],[128.32337,38.02394],[128.3232,38.02311],[128.32286,38.02253],[128.32255,38.02239],[128.32221,38.02165],[128.32174,38.02121],[128.32149,38.02085],[128.32057,38.02051],[128.31995,38.02059],[128.31944,38.02053],[128.31901,38.0207],[128.31823,38.02081],[128.31761,38.02082],[128.31705,38.02048],[128.31664,38.02016],[128.31551,38.01983],[128.31535,38.0196],[128.31428,38.01907],[128.314,38.01867],[128.31173,38.01885],[128.31032,38.01836],[128.31003,38.0181],[128.30865,38.01893],[128.30743,38.01928],[128.30717,38.01973],[128.30597,38.01921],[128.30548,38.01889],[128.30521,38.0184],[128.3044,38.01807],[128.30368,38.01751],[128.30325,38.01731],[128.30248,38.01721],[128.30219,38.01711],[128.3009,38.01773],[128.29932,38.01758],[128.29779,38.01673],[128.29711,38.0167],[128.29595,38.01696],[128.29531,38.01723],[128.29431,38.01684],[128.29334,38.01682],[128.29195,38.01625],[128.29128,38.01545],[128.29125,38.01511],[128.29057,38.01501],[128.28949,38.01453],[128.28837,38.01425],[128.28742,38.01404],[128.28728,38.01389],[128.28656,38.01356],[128.28643,38.01337],[128.28574,38.01272],[128.28506,38.01248],[128.28435,38.01238],[128.28409,38.01224],[128.2837,38.01223],[128.28329,38.01202],[128.28267,38.01192],[128.28238,38.01164],[128.28218,38.01054],[128.28199,38.01022],[128.28031,38.01003],[128.27986,38.01011],[128.27958,38.00978],[128.27863,38.00905],[128.27882,38.00876],[128.27875,38.00806],[128.27888,38.00751],[128.27874,38.00723],[128.27822,38.00686],[128.27774,38.00631],[128.27746,38.00609],[128.27745,38.0058],[128.27713,38.00538],[128.27685,38.00425],[128.27668,38.0038],[128.27624,38.00383],[128.27594,38.00365],[128.27555,38.00357],[128.27542,38.00342],[128.27474,38.00347],[128.27397,38.00312],[128.27359,38.00309],[128.27304,38.00288],[128.27238,38.00291],[128.27169,38.0027],[128.27137,38.00276],[128.27069,38.00263],[128.27015,38.0026],[128.26996,38.00273],[128.26956,38.00275],[128.26893,38.00268],[128.2682,38.00193],[128.26752,38.00181],[128.26699,38.00196],[128.26591,38.00214],[128.26549,38.00189],[128.26506,38.00132],[128.26471,38.00122],[128.26344,38.00155],[128.26225,38.00165],[128.26205,38.00147],[128.26161,38.00145],[128.2612,38.00131],[128.26094,38.00135],[128.26058,38.00194],[128.26012,38.00253],[128.25996,38.00299],[128.25749,38.00219],[128.25576,38.00104],[128.2558,38.0002],[128.25623,37.99975],[128.25676,37.99937],[128.25791,37.99875],[128.26007,37.99803],[128.26085,37.9979],[128.26279,37.99796],[128.26321,37.99684],[128.26351,37.99638],[128.26352,37.99553],[128.26373,37.99491],[128.26436,37.99452],[128.26467,37.99397],[128.26465,37.99315],[128.26403,37.99238],[128.26329,37.9917],[128.2635,37.99012],[128.26324,37.98955],[128.2628,37.9883],[128.26272,37.98737],[128.26234,37.98703],[128.26212,37.98648],[128.26169,37.98613],[128.26117,37.98582],[128.26077,37.98549],[128.26029,37.9849],[128.2601,37.98418],[128.26003,37.9836],[128.25916,37.98195],[128.25912,37.98122],[128.25961,37.981],[128.26012,37.98065],[128.26036,37.9803],[128.26022,37.97862],[128.26046,37.97812],[128.26007,37.97756],[128.26012,37.97725],[128.25946,37.9764],[128.25887,37.97615],[128.25849,37.97528],[128.25804,37.97471],[128.25749,37.97355],[128.25692,37.97299],[128.25591,37.97295],[128.25562,37.9728],[128.25516,37.97269],[128.25466,37.97292],[128.25389,37.97277],[128.25256,37.97225],[128.25133,37.97206],[128.2499,37.97108],[128.24952,37.9706],[128.24887,37.97072],[128.24798,37.97113],[128.24701,37.97142],[128.24663,37.97182],[128.24599,37.97223],[128.24583,37.97225],[128.24521,37.97207],[128.24483,37.9716],[128.244,37.97128],[128.24309,37.9704],[128.24249,37.97017],[128.24181,37.97019],[128.24165,37.9699],[128.24101,37.96951],[128.24118,37.96919],[128.24089,37.96889],[128.24045,37.96866],[128.24012,37.96867],[128.23968,37.96906],[128.23872,37.96979],[128.23797,37.96996],[128.23692,37.97004],[128.23596,37.97031],[128.23536,37.97008],[128.23503,37.96978],[128.23431,37.96957],[128.23381,37.96917],[128.23345,37.96878],[128.23276,37.96863],[128.23109,37.96845],[128.23049,37.96867],[128.23011,37.96889],[128.22974,37.969],[128.22917,37.96886],[128.22875,37.96863],[128.22794,37.96917],[128.2268,37.96956],[128.22593,37.96962],[128.22507,37.96948],[128.22358,37.96901],[128.22275,37.96857],[128.22225,37.96849],[128.22056,37.9685],[128.21989,37.96835],[128.21937,37.96772],[128.21895,37.96745],[128.21796,37.96715],[128.2174,37.96728],[128.21684,37.96761],[128.21645,37.96773],[128.21566,37.96768],[128.21406,37.96768],[128.21427,37.96642],[128.21466,37.96592],[128.21563,37.96529],[128.21583,37.96398],[128.21571,37.96323],[128.21534,37.96212],[128.21491,37.96164],[128.21489,37.96102],[128.21458,37.96071],[128.21459,37.9599],[128.21571,37.95975],[128.21711,37.95981],[128.218,37.96008],[128.21904,37.95963],[128.21997,37.95902],[128.22084,37.95882],[128.2217,37.95834],[128.22215,37.95781],[128.2239,37.95694],[128.22388,37.95668],[128.22414,37.95617],[128.22657,37.95467],[128.22713,37.95429],[128.22792,37.95356],[128.22837,37.95325],[128.22844,37.95283],[128.22871,37.95255],[128.23019,37.95239],[128.23024,37.9519],[128.23074,37.95161],[128.23174,37.95127],[128.2322,37.95142],[128.2327,37.95123],[128.23439,37.95107],[128.23498,37.95128],[128.236,37.95106],[128.23681,37.95134],[128.23752,37.9522],[128.23837,37.95248],[128.23904,37.95227],[128.24001,37.95178],[128.24055,37.95177],[128.24116,37.95201],[128.24232,37.95208],[128.2431,37.95246],[128.24415,37.95257],[128.24519,37.95193],[128.2453,37.952],[128.24734,37.95195],[128.24816,37.95145],[128.24965,37.95145],[128.25096,37.9507],[128.25166,37.95088],[128.25202,37.95067],[128.25209,37.95043],[128.25254,37.95015],[128.25287,37.95011],[128.25399,37.95051],[128.25479,37.95039],[128.25493,37.94992],[128.25684,37.94962],[128.25696,37.94947],[128.25899,37.95014],[128.25939,37.95003],[128.25982,37.94975],[128.26027,37.94977],[128.26051,37.94952],[128.26128,37.94923],[128.26171,37.94939],[128.26263,37.94915],[128.26283,37.94926],[128.26515,37.94882],[128.26591,37.94894],[128.26685,37.94878],[128.26692,37.94813],[128.26731,37.94669],[128.26811,37.94584],[128.26962,37.94482],[128.26989,37.94363],[128.27096,37.94266],[128.27217,37.94277],[128.27402,37.9417],[128.27447,37.94173],[128.27506,37.94128],[128.27548,37.94065],[128.276,37.94066],[128.27652,37.94023],[128.27751,37.94108],[128.27882,37.94101],[128.27979,37.94127],[128.28095,37.94065],[128.28254,37.93858],[128.28407,37.9378],[128.28405,37.93699],[128.28462,37.93613],[128.28444,37.93556],[128.28437,37.93194],[128.28483,37.931],[128.28619,37.92976],[128.2873,37.929],[128.28761,37.92823],[128.28794,37.92781],[128.28799,37.92761],[128.28922,37.92648],[128.28982,37.92634],[128.29048,37.92628],[128.29102,37.92617],[128.2915,37.92663],[128.2933,37.92617],[128.29349,37.92637],[128.29426,37.92661],[128.29524,37.92682],[128.29598,37.92694],[128.29646,37.92713],[128.29683,37.92737],[128.29676,37.92765],[128.29705,37.92806],[128.29765,37.92875],[128.29774,37.9292],[128.29812,37.92955],[128.29872,37.9295],[128.29926,37.92967],[128.30002,37.92975],[128.30061,37.9297],[128.30114,37.92949],[128.30226,37.92859],[128.30325,37.92795],[128.30409,37.9279],[128.30454,37.92764],[128.30538,37.92672],[128.30697,37.92693],[128.3085,37.92685],[128.30919,37.927],[128.30972,37.92703],[128.31118,37.92659],[128.31279,37.92651],[128.31382,37.92584],[128.31492,37.92549],[128.31688,37.92575],[128.31744,37.92559],[128.31815,37.92508],[128.31907,37.92386],[128.32273,37.92283],[128.32377,37.92274],[128.32418,37.92295],[128.32531,37.92305],[128.32646,37.92281],[128.32781,37.92327],[128.32949,37.92234],[128.33093,37.92121],[128.33124,37.92068],[128.33228,37.92124],[128.33642,37.91857],[128.33868,37.91796],[128.3402,37.91753],[128.34195,37.91742],[128.3435,37.91654],[128.34374,37.91661],[128.34475,37.91575],[128.34665,37.91471],[128.34702,37.91438],[128.34763,37.9129],[128.34833,37.91177],[128.34977,37.91089],[128.35183,37.91005],[128.35242,37.91008],[128.35278,37.90903],[128.35227,37.90742],[128.35239,37.90707],[128.35404,37.90577],[128.35432,37.90538],[128.35522,37.90357],[128.35671,37.90186],[128.35721,37.90056],[128.35708,37.90015],[128.3571,37.89957],[128.35694,37.89933],[128.35715,37.89819],[128.35724,37.89669],[128.35816,37.8962],[128.36106,37.89511],[128.36154,37.8946],[128.36239,37.89427],[128.36489,37.89167],[128.36621,37.89057],[128.37036,37.89029],[128.37124,37.89067],[128.37325,37.89057],[128.37432,37.89026],[128.37457,37.89034],[128.37608,37.88986],[128.37689,37.88985],[128.37814,37.8908],[128.37875,37.89099],[128.37971,37.89083],[128.38146,37.89037],[128.38308,37.88978],[128.38472,37.88951],[128.38688,37.88954],[128.38748,37.88923],[128.38813,37.88903],[128.38892,37.88869],[128.38966,37.88856],[128.39099,37.88807],[128.39202,37.88829],[128.39234,37.88844],[128.39368,37.88888],[128.39456,37.88907],[128.3952,37.88907],[128.39788,37.88747],[128.39857,37.88709],[128.40087,37.88599],[128.40242,37.88464],[128.40274,37.88456],[128.40349,37.88478],[128.40514,37.88481],[128.40739,37.88439],[128.40804,37.88368],[128.41209,37.88478],[128.41233,37.88469],[128.41443,37.88532],[128.41517,37.88462],[128.41589,37.88443],[128.41698,37.8839],[128.41742,37.88345],[128.41803,37.88362],[128.41876,37.88353],[128.41925,37.88322],[128.42052,37.88316],[128.42153,37.88288],[128.42165,37.88259],[128.42246,37.88196],[128.42285,37.88143],[128.42312,37.88069],[128.42359,37.88014],[128.42348,37.87993],[128.42334,37.8793],[128.42346,37.87893],[128.42433,37.87778],[128.42509,37.87771],[128.42596,37.87705],[128.42658,37.87701],[128.42706,37.87602],[128.42839,37.8751],[128.42841,37.87376],[128.4292,37.87298],[128.42944,37.87097],[128.42991,37.87054],[128.43069,37.87015],[128.43089,37.86903],[128.43085,37.86833],[128.43119,37.86787],[128.43137,37.86709],[128.43171,37.8667],[128.43241,37.8663],[128.43439,37.86529],[128.43501,37.8652],[128.43578,37.86451],[128.43616,37.8646],[128.4371,37.86467],[128.43817,37.8646],[128.43886,37.86441],[128.43949,37.8641],[128.44043,37.86398],[128.44135,37.86456],[128.44237,37.86439],[128.44423,37.86489],[128.44408,37.86557],[128.44436,37.86757],[128.44513,37.86813],[128.44516,37.86902],[128.446,37.87027],[128.44607,37.87079],[128.4467,37.87146],[128.44705,37.87168],[128.44743,37.87214],[128.44743,37.8732],[128.44767,37.87348],[128.44873,37.87342],[128.44919,37.87363],[128.44974,37.8737],[128.4516,37.87464],[128.45224,37.87483],[128.45262,37.87507],[128.45402,37.8753],[128.4542,37.87556],[128.45503,37.87616],[128.45561,37.87645],[128.45602,37.87654],[128.45646,37.87696],[128.45719,37.87728],[128.45803,37.87775],[128.45846,37.87945],[128.45875,37.87936],[128.46005,37.87944],[128.46068,37.87966],[128.46194,37.88019],[128.46219,37.88016],[128.46289,37.87976],[128.46327,37.87982],[128.46398,37.88015],[128.46424,37.88036],[128.46488,37.88055],[128.46576,37.88075],[128.46632,37.88096],[128.46692,37.88138],[128.46734,37.88209],[128.46755,37.88291],[128.46844,37.88394],[128.46902,37.88429],[128.47073,37.88573],[128.47214,37.88626],[128.47377,37.8858],[128.47416,37.88552],[128.47536,37.88529],[128.47622,37.8863],[128.47692,37.88685],[128.47752,37.88763],[128.4774,37.88794],[128.47767,37.88857],[128.47764,37.88934],[128.47832,37.88992],[128.47904,37.89044],[128.47939,37.89123],[128.47988,37.89171],[128.48065,37.89202],[128.48126,37.89254],[128.48142,37.893]]]},"properties":{"code":"32590330","name":"기린면"}},{"type":"Feature","geometry":{"type":"Polygon","coordinates":[[[128.3121,38.33059],[128.31086,38.33211],[128.30904,38.33328],[128.30773,38.33325],[128.30542,38.3334],[128.30502,38.3336],[128.30431,38.33366],[128.30293,38.33354],[128.30238,38.3337],[128.30087,38.3336],[128.29955,38.33384],[128.2986,38.33435],[128.29789,38.33497],[128.29751,38.33558],[128.297,38.33569],[128.29605,38.33649],[128.29557,38.33625],[128.29504,38.33646],[128.29439,38.33703],[128.29349,38.337],[128.29193,38.33744],[128.29135,38.33726],[128.29118,38.33753],[128.2901,38.33806],[128.28962,38.33882],[128.28871,38.33915],[128.28838,38.33946],[128.28783,38.33971],[128.28746,38.34009],[128.28635,38.33982],[128.28493,38.33973],[128.28275,38.33983],[128.28211,38.34],[128.28174,38.33953],[128.27974,38.33801],[128.27873,38.33793],[128.27826,38.33772],[128.27777,38.33779],[128.2767,38.33773],[128.27559,38.33641],[128.27432,38.33551],[128.27375,38.33546],[128.27243,38.33651],[128.27087,38.33696],[128.27048,38.33698],[128.27017,38.33778],[128.26794,38.34015],[128.26819,38.3423],[128.26832,38.34265],[128.26809,38.34296],[128.26753,38.34448],[128.26743,38.34504],[128.26795,38.34569],[128.26818,38.34633],[128.26779,38.34667],[128.26762,38.34711],[128.2676,38.34778],[128.26613,38.34856],[128.26504,38.34952],[128.26456,38.35097],[128.26452,38.35161],[128.26522,38.35187],[128.26588,38.35233],[128.26609,38.35289],[128.26661,38.35345],[128.2668,38.35398],[128.26677,38.35429],[128.26701,38.35478],[128.26792,38.35505],[128.26834,38.35541],[128.26825,38.35578],[128.26856,38.35631],[128.26896,38.35637],[128.26903,38.35703],[128.26943,38.35837],[128.27005,38.35949],[128.27006,38.36038],[128.27035,38.36077],[128.27041,38.36108],[128.27116,38.36125],[128.27156,38.36216],[128.27117,38.36401],[128.27135,38.3644],[128.2721,38.36488],[128.27254,38.36569],[128.27207,38.36715],[128.27254,38.36817],[128.27223,38.36872],[128.27177,38.36895],[128.27146,38.36925],[128.27165,38.37002],[128.27213,38.37057],[128.27194,38.3714],[128.27224,38.37182],[128.27183,38.37276],[128.27096,38.37334],[128.27097,38.37403],[128.27077,38.37456],[128.27026,38.37513],[128.26957,38.37615],[128.26857,38.37662],[128.26808,38.37651],[128.26742,38.37681],[128.26518,38.37559],[128.26322,38.37626],[128.26201,38.37647],[128.26095,38.3757],[128.26041,38.3755],[128.26005,38.37481],[128.25869,38.37365],[128.25766,38.37275],[128.2569,38.37305],[128.25507,38.37246],[128.25467,38.37259],[128.25421,38.37244],[128.25367,38.37244],[128.25214,38.37205],[128.2513,38.37155],[128.2512,38.37138],[128.2508,38.3713],[128.25009,38.37131],[128.24891,38.37082],[128.24852,38.37078],[128.24755,38.3714],[128.24715,38.37236],[128.24671,38.37247],[128.24453,38.37384],[128.24353,38.37403],[128.24335,38.37418],[128.24281,38.37436],[128.24222,38.37486],[128.24133,38.3751],[128.24028,38.37532],[128.23992,38.37525],[128.23921,38.37572],[128.23867,38.37629],[128.23825,38.37622],[128.23795,38.37595],[128.23715,38.37547],[128.23658,38.37463],[128.23634,38.37414],[128.23511,38.37294],[128.23368,38.37238],[128.2328,38.37343],[128.23247,38.37418],[128.23141,38.37515],[128.23134,38.37544],[128.23072,38.37597],[128.23045,38.37639],[128.23012,38.37653],[128.22966,38.37745],[128.22962,38.37784],[128.22938,38.37798],[128.22946,38.37833],[128.22917,38.37897],[128.22931,38.37948],[128.22959,38.37968],[128.23007,38.38102],[128.22984,38.38127],[128.22964,38.38203],[128.23004,38.3822],[128.23055,38.38292],[128.23117,38.38334],[128.23297,38.3835],[128.23342,38.38429],[128.23389,38.38485],[128.23351,38.38544],[128.23372,38.38623],[128.23351,38.38638],[128.23361,38.38733],[128.23322,38.38756],[128.23282,38.38764],[128.23204,38.38811],[128.23161,38.388],[128.23049,38.38798],[128.23014,38.38777],[128.2295,38.38771],[128.22886,38.38776],[128.22784,38.38794],[128.22733,38.38785],[128.22687,38.38809],[128.22684,38.38859],[128.2262,38.38908],[128.22615,38.38964],[128.22528,38.38852],[128.22355,38.38725],[128.22115,38.38617],[128.21957,38.38512],[128.21766,38.38252],[128.21602,38.37648],[128.21465,38.37464],[128.21465,38.37439],[128.2142,38.37399],[128.21352,38.37172],[128.21245,38.37015],[128.2114,38.36989],[128.21035,38.37004],[128.20936,38.37105],[128.20909,38.37153],[128.20846,38.37286],[128.20818,38.37336],[128.20758,38.37466],[128.2071,38.37505],[128.20502,38.37532],[128.20145,38.37502],[128.19784,38.37407],[128.19561,38.37325],[128.19198,38.37289],[128.19138,38.36917],[128.19076,38.36791],[128.18932,38.36659],[128.1876,38.36515],[128.18631,38.36358],[128.18481,38.36094],[128.18428,38.3606],[128.18309,38.3611],[128.17971,38.36214],[128.17746,38.36307],[128.17564,38.36423],[128.175,38.36425],[128.16645,38.3554],[128.16426,38.3534],[128.16286,38.35163],[128.16144,38.34897],[128.16053,38.34816],[128.15915,38.34756],[128.15863,38.34691],[128.15822,38.34554],[128.15813,38.34344],[128.15775,38.34255],[128.15719,38.3424],[128.15635,38.34259],[128.15562,38.3431],[128.15555,38.34309],[128.15504,38.34372],[128.15442,38.34423],[128.15356,38.34464],[128.15275,38.34455],[128.15201,38.34393],[128.15201,38.3437],[128.15185,38.34292],[128.15154,38.34217],[128.15111,38.34189],[128.14995,38.34179],[128.14876,38.34203],[128.14814,38.34227],[128.14618,38.34288],[128.14582,38.34276],[128.14547,38.34277],[128.14441,38.34195],[128.14396,38.34119],[128.14227,38.33774],[128.14094,38.33553],[128.13917,38.3344],[128.13688,38.33338],[128.13585,38.33301],[128.13486,38.33306],[128.13347,38.33366],[128.13294,38.33368],[128.13216,38.3334],[128.12806,38.33225],[128.12576,38.33218],[128.12416,38.33236],[128.12034,38.33317],[128.11895,38.33364],[128.11805,38.33466],[128.11744,38.3353],[128.11598,38.3366],[128.11534,38.33662],[128.11202,38.33509],[128.10749,38.33218],[128.10464,38.33018],[128.10329,38.32945],[128.10149,38.32839],[128.09836,38.32661],[128.09627,38.32598],[128.09455,38.32482],[128.09308,38.32325],[128.09165,38.32145],[128.08979,38.32007],[128.08764,38.31785],[128.08735,38.31766],[128.08812,38.31701],[128.08901,38.31578],[128.08989,38.31513],[128.09031,38.31422],[128.09063,38.31439],[128.09185,38.31457],[128.09218,38.31485],[128.09265,38.31496],[128.09481,38.31719],[128.09579,38.31782],[128.09632,38.31796],[128.09708,38.31842],[128.09812,38.31933],[128.09902,38.31965],[128.09996,38.32035],[128.10174,38.32049],[128.10312,38.32148],[128.10346,38.32193],[128.10447,38.3223],[128.10485,38.32267],[128.10541,38.32304],[128.10584,38.3235],[128.1066,38.32389],[128.10745,38.32408],[128.10862,38.32532],[128.1094,38.32564],[128.11037,38.32591],[128.1108,38.32616],[128.11129,38.32677],[128.11202,38.32688],[128.11233,38.32732],[128.11299,38.3277],[128.11364,38.32756],[128.11482,38.3275],[128.11547,38.32707],[128.11587,38.32696],[128.11631,38.32698],[128.11683,38.32712],[128.11788,38.32659],[128.11846,38.32661],[128.11937,38.32702],[128.12044,38.32648],[128.12174,38.32607],[128.12282,38.32609],[128.12347,38.32632],[128.12435,38.32693],[128.12495,38.32724],[128.12532,38.32764],[128.12647,38.32793],[128.12731,38.3282],[128.12785,38.32848],[128.1285,38.3283],[128.13007,38.32753],[128.13126,38.3272],[128.13153,38.32715],[128.13256,38.32669],[128.13299,38.32627],[128.13365,38.32621],[128.13457,38.32552],[128.13619,38.3253],[128.13681,38.32501],[128.13711,38.32498],[128.13787,38.32522],[128.13879,38.32518],[128.13986,38.3247],[128.14057,38.32459],[128.14107,38.32432],[128.14153,38.32431],[128.14253,38.32462],[128.14351,38.3252],[128.14399,38.3247],[128.14466,38.32446],[128.14519,38.32485],[128.14592,38.32524],[128.14625,38.32572],[128.14672,38.32613],[128.14741,38.32654],[128.14788,38.32703],[128.1489,38.32591],[128.14953,38.32567],[128.15008,38.3256],[128.15103,38.3257],[128.1513,38.32591],[128.1516,38.32703],[128.15276,38.3278],[128.15314,38.32819],[128.15315,38.32864],[128.15471,38.32919],[128.1549,38.32933],[128.1558,38.32855],[128.1568,38.32828],[128.15738,38.32716],[128.15803,38.32658],[128.15853,38.32586],[128.15899,38.32443],[128.15893,38.3236],[128.15924,38.323],[128.16015,38.32236],[128.16188,38.32079],[128.16278,38.32063],[128.16323,38.32095],[128.1641,38.3209],[128.16491,38.32061],[128.16543,38.32001],[128.16596,38.31977],[128.16654,38.31875],[128.16673,38.31876],[128.16772,38.31746],[128.16905,38.31703],[128.16951,38.31683],[128.16962,38.31639],[128.17066,38.31573],[128.17068,38.31565],[128.17043,38.31446],[128.16977,38.31354],[128.16976,38.31268],[128.16957,38.31253],[128.16881,38.31238],[128.16839,38.31173],[128.16821,38.31119],[128.16825,38.31069],[128.16815,38.31],[128.16867,38.30969],[128.16854,38.30931],[128.16849,38.30869],[128.16868,38.30831],[128.16864,38.3077],[128.16894,38.30726],[128.16878,38.30683],[128.16901,38.30644],[128.16834,38.30606],[128.16816,38.30568],[128.16812,38.30533],[128.16788,38.30497],[128.16778,38.30375],[128.16783,38.30283],[128.16779,38.30236],[128.16904,38.30178],[128.16933,38.30174],[128.17,38.30136],[128.17034,38.30103],[128.17042,38.30052],[128.17072,38.30038],[128.17124,38.29993],[128.17133,38.29971],[128.17097,38.29874],[128.17094,38.29827],[128.17052,38.29752],[128.17045,38.29725],[128.17019,38.29684],[128.17012,38.29648],[128.16962,38.2959],[128.16966,38.29559],[128.16988,38.29519],[128.16975,38.29478],[128.16974,38.29428],[128.16953,38.29367],[128.16905,38.29329],[128.16864,38.29285],[128.16827,38.29235],[128.16827,38.29189],[128.16854,38.29162],[128.16868,38.2911],[128.16837,38.29013],[128.16842,38.28973],[128.16825,38.28892],[128.16929,38.28828],[128.16962,38.28763],[128.16971,38.2872],[128.16956,38.28667],[128.16981,38.28604],[128.17046,38.28514],[128.17055,38.28486],[128.17076,38.28466],[128.17069,38.28438],[128.17083,38.2839],[128.1711,38.28365],[128.17176,38.28237],[128.17239,38.28144],[128.17157,38.28091],[128.1713,38.28044],[128.17044,38.28029],[128.17008,38.28039],[128.16941,38.28029],[128.16902,38.28009],[128.16873,38.27935],[128.16871,38.2784],[128.16763,38.2771],[128.16693,38.27695],[128.16627,38.27621],[128.1658,38.27602],[128.16561,38.27558],[128.16521,38.27518],[128.16462,38.27504],[128.16446,38.27437],[128.16449,38.27399],[128.16427,38.27344],[128.16436,38.27294],[128.16394,38.27257],[128.16363,38.27175],[128.16323,38.27153],[128.16329,38.27105],[128.16298,38.27084],[128.1626,38.27045],[128.16225,38.27],[128.16154,38.26957],[128.16117,38.26921],[128.16066,38.26893],[128.16006,38.2689],[128.15978,38.26779],[128.15962,38.26771],[128.15923,38.26687],[128.15979,38.26535],[128.15966,38.26435],[128.15978,38.26413],[128.1597,38.26341],[128.16044,38.2629],[128.16103,38.26199],[128.1607,38.26157],[128.15949,38.26108],[128.1588,38.25977],[128.15811,38.25867],[128.15752,38.25842],[128.15658,38.25859],[128.15639,38.2584],[128.15632,38.2578],[128.15582,38.257],[128.15557,38.25684],[128.15531,38.25649],[128.15446,38.25637],[128.15393,38.25606],[128.15229,38.25618],[128.15169,38.25612],[128.15096,38.25582],[128.15021,38.25535],[128.14911,38.25477],[128.14868,38.25459],[128.14831,38.25418],[128.14754,38.25416],[128.14691,38.25404],[128.14668,38.25378],[128.14627,38.25234],[128.14585,38.25165],[128.14566,38.25104],[128.1458,38.25081],[128.14548,38.25014],[128.14464,38.24951],[128.14306,38.24921],[128.14269,38.24893],[128.14136,38.24855],[128.14108,38.24853],[128.13997,38.2483],[128.13938,38.24778],[128.1386,38.24738],[128.13812,38.24741],[128.13743,38.24685],[128.13699,38.24663],[128.13672,38.24556],[128.13608,38.24499],[128.13583,38.24436],[128.13376,38.24409],[128.13236,38.24378],[128.13135,38.2439],[128.13021,38.24375],[128.1296,38.24389],[128.12882,38.24336],[128.12851,38.2429],[128.12696,38.24238],[128.12594,38.2416],[128.12485,38.24135],[128.12425,38.24089],[128.12441,38.23945],[128.12478,38.23895],[128.12479,38.23864],[128.12498,38.23846],[128.1249,38.23788],[128.1247,38.23735],[128.12341,38.23616],[128.12319,38.23533],[128.12246,38.23446],[128.12155,38.23406],[128.12096,38.23369],[128.12067,38.23332],[128.12046,38.23327],[128.11992,38.23291],[128.11991,38.23215],[128.12002,38.23155],[128.12002,38.23112],[128.1198,38.23063],[128.1195,38.2303],[128.11945,38.23003],[128.11902,38.22939],[128.11898,38.22884],[128.11911,38.22785],[128.11925,38.22764],[128.11913,38.22698],[128.11887,38.22668],[128.11863,38.22621],[128.11855,38.22575],[128.11768,38.22555],[128.11669,38.22505],[128.11699,38.22341],[128.1167,38.22301],[128.1167,38.22236],[128.11706,38.22165],[128.11708,38.22091],[128.11685,38.22021],[128.1172,38.21934],[128.11713,38.21853],[128.11724,38.21819],[128.11761,38.21792],[128.11827,38.21726],[128.1191,38.217],[128.11986,38.21611],[128.12095,38.2154],[128.12122,38.21488],[128.12146,38.2141],[128.12144,38.21365],[128.12273,38.21376],[128.12329,38.2136],[128.12412,38.21378],[128.12439,38.21371],[128.12635,38.2137],[128.12703,38.2136],[128.12835,38.21366],[128.12872,38.21325],[128.12929,38.21312],[128.12955,38.21296],[128.12964,38.21272],[128.13021,38.21238],[128.13026,38.21224],[128.1308,38.21193],[128.13137,38.2118],[128.13189,38.21179],[128.13225,38.2117],[128.13267,38.21193],[128.1331,38.21181],[128.13323,38.2116],[128.13451,38.21126],[128.13479,38.21104],[128.13561,38.21114],[128.13659,38.21107],[128.13727,38.21129],[128.13802,38.21127],[128.13984,38.21203],[128.14109,38.212],[128.14222,38.21087],[128.1429,38.20979],[128.1437,38.20961],[128.14388,38.20921],[128.14394,38.20844],[128.14427,38.20802],[128.14432,38.20695],[128.14411,38.20585],[128.14509,38.20467],[128.14506,38.20402],[128.14529,38.20309],[128.14583,38.20243],[128.14604,38.20171],[128.14596,38.20086],[128.14635,38.20007],[128.14863,38.19976],[128.14905,38.19943],[128.15012,38.19933],[128.15159,38.19896],[128.15255,38.19905],[128.15308,38.19894],[128.15407,38.19862],[128.15441,38.19814],[128.15588,38.19813],[128.15727,38.19802],[128.15759,38.19758],[128.15824,38.19735],[128.15951,38.19702],[128.16032,38.19633],[128.16101,38.19608],[128.16155,38.19603],[128.16215,38.19575],[128.16301,38.19566],[128.16377,38.19518],[128.165,38.19487],[128.16625,38.19481],[128.16704,38.19465],[128.16742,38.19431],[128.16727,38.19412],[128.16765,38.19202],[128.1683,38.19157],[128.16867,38.19114],[128.1686,38.19012],[128.1689,38.19],[128.16907,38.18945],[128.16958,38.1891],[128.17268,38.18902],[128.17376,38.1889],[128.17408,38.18923],[128.17473,38.18916],[128.17515,38.189],[128.17616,38.18885],[128.17638,38.18869],[128.17715,38.18857],[128.17794,38.18871],[128.17884,38.18911],[128.17959,38.18923],[128.18048,38.18846],[128.18093,38.18826],[128.18126,38.18759],[128.18238,38.18759],[128.18259,38.18743],[128.1841,38.18738],[128.18445,38.18748],[128.185,38.18736],[128.18567,38.18741],[128.1864,38.18797],[128.18672,38.18828],[128.18742,38.18811],[128.18793,38.1882],[128.1883,38.18803],[128.18863,38.18806],[128.18908,38.18825],[128.18936,38.1881],[128.19029,38.18804],[128.19052,38.1878],[128.19059,38.1871],[128.19159,38.18692],[128.19204,38.18674],[128.19321,38.18677],[128.19377,38.18662],[128.19451,38.18655],[128.19502,38.18641],[128.19584,38.18431],[128.1969,38.1833],[128.19711,38.18286],[128.19704,38.18182],[128.19744,38.18105],[128.19794,38.1804],[128.19845,38.18049],[128.19931,38.18126],[128.20033,38.18207],[128.20095,38.1825],[128.20169,38.18272],[128.20271,38.1824],[128.20409,38.18183],[128.20636,38.18122],[128.20921,38.1807],[128.21008,38.18051],[128.21032,38.17965],[128.21102,38.17961],[128.21151,38.17971],[128.21222,38.17968],[128.21264,38.17973],[128.21356,38.17952],[128.21406,38.1797],[128.21462,38.18],[128.21536,38.18022],[128.21584,38.18062],[128.21629,38.18067],[128.21877,38.18036],[128.2192,38.17999],[128.22138,38.17969],[128.22211,38.18],[128.22285,38.18061],[128.22371,38.18081],[128.22418,38.18113],[128.22441,38.18143],[128.22448,38.18285],[128.22429,38.18362],[128.22455,38.18422],[128.22451,38.18476],[128.22511,38.18535],[128.22521,38.18592],[128.22713,38.18632],[128.22819,38.18606],[128.22854,38.18608],[128.22928,38.18549],[128.23048,38.18499],[128.2308,38.18498],[128.2318,38.18445],[128.23177,38.18389],[128.23214,38.1836],[128.23267,38.18242],[128.23379,38.1819],[128.23543,38.17998],[128.23549,38.17943],[128.23627,38.17864],[128.23664,38.17795],[128.23714,38.17837],[128.23883,38.17817],[128.23975,38.17831],[128.24041,38.17855],[128.24206,38.17874],[128.24467,38.17956],[128.24505,38.18003],[128.2453,38.18013],[128.24603,38.17997],[128.2469,38.17929],[128.24772,38.1792],[128.24817,38.17931],[128.2489,38.17935],[128.24935,38.17956],[128.25005,38.17957],[128.25178,38.17881],[128.2524,38.17876],[128.25326,38.17936],[128.25405,38.17974],[128.25515,38.17984],[128.25574,38.18013],[128.25695,38.18008],[128.25773,38.18072],[128.25984,38.1816],[128.26027,38.18164],[128.26071,38.18216],[128.26127,38.18235],[128.26243,38.18226],[128.26327,38.18289],[128.26405,38.18302],[128.26448,38.1835],[128.26478,38.18365],[128.26482,38.18386],[128.26631,38.18496],[128.26641,38.18513],[128.26778,38.18612],[128.27,38.18684],[128.27037,38.18708],[128.27129,38.18888],[128.27208,38.18929],[128.27254,38.19006],[128.273,38.19034],[128.27345,38.19124],[128.2722,38.19285],[128.27085,38.19328],[128.26998,38.19437],[128.26943,38.19465],[128.26937,38.19623],[128.26908,38.19697],[128.26911,38.19711],[128.26869,38.19794],[128.26887,38.19829],[128.2688,38.19932],[128.2685,38.19965],[128.26819,38.19973],[128.26733,38.20089],[128.26656,38.20146],[128.26606,38.20205],[128.26633,38.20266],[128.2659,38.20377],[128.26588,38.20435],[128.26563,38.20481],[128.26565,38.20503],[128.26521,38.20536],[128.2652,38.20566],[128.26494,38.20612],[128.26458,38.20637],[128.26434,38.20771],[128.2652,38.21002],[128.26647,38.21134],[128.26872,38.2125],[128.26933,38.21266],[128.26951,38.21305],[128.2708,38.21354],[128.2716,38.21514],[128.27156,38.21552],[128.27108,38.21604],[128.27107,38.21689],[128.2715,38.218],[128.27178,38.21836],[128.27225,38.21865],[128.2724,38.21895],[128.27292,38.21912],[128.2732,38.21933],[128.27352,38.21985],[128.27442,38.22054],[128.27568,38.22133],[128.27595,38.2221],[128.2764,38.22239],[128.27672,38.22338],[128.27724,38.22396],[128.2778,38.22439],[128.27825,38.22501],[128.27852,38.2261],[128.27967,38.22672],[128.28022,38.22721],[128.28056,38.22784],[128.2819,38.22881],[128.28293,38.23011],[128.28343,38.23043],[128.2837,38.23072],[128.28446,38.23114],[128.28469,38.23135],[128.28628,38.23103],[128.28717,38.2298],[128.29021,38.23014],[128.29167,38.23008],[128.29327,38.22935],[128.29442,38.22835],[128.29544,38.22805],[128.29666,38.22832],[128.29808,38.22902],[128.30048,38.22975],[128.30117,38.2305],[128.30298,38.23013],[128.30392,38.23024],[128.30538,38.22999],[128.30713,38.23147],[128.30769,38.23279],[128.3082,38.23332],[128.30804,38.2336],[128.30806,38.23488],[128.3079,38.23612],[128.30764,38.23687],[128.30762,38.23829],[128.30747,38.23862],[128.30708,38.24134],[128.30732,38.24238],[128.30728,38.24318],[128.30746,38.24408],[128.3063,38.24448],[128.30469,38.24633],[128.30484,38.24718],[128.30462,38.24772],[128.30498,38.24936],[128.30469,38.2508],[128.30515,38.25218],[128.30581,38.25266],[128.30626,38.25353],[128.30641,38.25449],[128.30696,38.255],[128.30694,38.25665],[128.30838,38.25783],[128.30899,38.259],[128.31032,38.25959],[128.31197,38.26067],[128.31375,38.26097],[128.31427,38.26137],[128.31541,38.26157],[128.3161,38.26257],[128.31646,38.26375],[128.31733,38.26471],[128.31923,38.26607],[128.31855,38.2675],[128.31777,38.27027],[128.31824,38.27176],[128.31803,38.27223],[128.31794,38.27315],[128.31808,38.27424],[128.31829,38.27506],[128.31936,38.27789],[128.31992,38.28011],[128.31947,38.28138],[128.31952,38.28295],[128.31914,38.28373],[128.31929,38.28413],[128.31879,38.28587],[128.31881,38.28773],[128.31926,38.28857],[128.31993,38.28922],[128.32059,38.28949],[128.32093,38.28989],[128.32146,38.29092],[128.32122,38.2915],[128.32138,38.29197],[128.32137,38.29282],[128.3215,38.29388],[128.32146,38.29518],[128.32134,38.29581],[128.32115,38.29641],[128.32109,38.29736],[128.32059,38.29795],[128.32033,38.29847],[128.32047,38.29929],[128.3205,38.3],[128.32045,38.30025],[128.31946,38.30099],[128.31828,38.30125],[128.31739,38.30158],[128.31655,38.30162],[128.31579,38.30183],[128.31512,38.30226],[128.31488,38.3028],[128.31498,38.30437],[128.3145,38.30494],[128.31421,38.30598],[128.31416,38.3072],[128.31387,38.30742],[128.3144,38.30826],[128.31445,38.31002],[128.31401,38.31044],[128.31281,38.31186],[128.31262,38.31249],[128.31166,38.31377],[128.31162,38.31425],[128.31179,38.31478],[128.31172,38.31548],[128.31143,38.31597],[128.31118,38.31687],[128.31097,38.31732],[128.31036,38.31787],[128.31007,38.31915],[128.31003,38.31984],[128.30967,38.32032],[128.30861,38.32106],[128.30861,38.32155],[128.30887,38.32217],[128.3097,38.3236],[128.30992,38.32506],[128.31047,38.32643],[128.31089,38.32689],[128.31112,38.32845],[128.31093,38.32905],[128.31101,38.32965],[128.31175,38.33041],[128.3121,38.33059]]]},"properties":{"code":"32590340","name":"서화면"}},{"type":"Feature","geometry":{"type":"Polygon","coordinates":[[[128.41233,37.88469],[128.41209,37.88478],[128.40804,37.88368],[128.40739,37.88439],[128.40514,37.88481],[128.40349,37.88478],[128.40274,37.88456],[128.40242,37.88464],[128.40087,37.88599],[128.39857,37.88709],[128.39788,37.88747],[128.3952,37.88907],[128.39456,37.88907],[128.39368,37.88888],[128.39234,37.88844],[128.39202,37.88829],[128.39099,37.88807],[128.38966,37.88856],[128.38892,37.88869],[128.38813,37.88903],[128.38748,37.88923],[128.38688,37.88954],[128.38472,37.88951],[128.38308,37.88978],[128.38146,37.89037],[128.37971,37.89083],[128.37875,37.89099],[128.37814,37.8908],[128.37689,37.88985],[128.37608,37.88986],[128.37457,37.89034],[128.37432,37.89026],[128.37325,37.89057],[128.37124,37.89067],[128.37036,37.89029],[128.36621,37.89057],[128.36489,37.89167],[128.36239,37.89427],[128.36154,37.8946],[128.36106,37.89511],[128.35816,37.8962],[128.35724,37.89669],[128.35715,37.89819],[128.35694,37.89933],[128.3571,37.89957],[128.35708,37.90015],[128.35721,37.90056],[128.35671,37.90186],[128.35522,37.90357],[128.35432,37.90538],[128.35404,37.90577],[128.35239,37.90707],[128.35227,37.90742],[128.35278,37.90903],[128.35242,37.91008],[128.35183,37.91005],[128.34977,37.91089],[128.34833,37.91177],[128.34763,37.9129],[128.34702,37.91438],[128.34665,37.91471],[128.34475,37.91575],[128.34374,37.91661],[128.3435,37.91654],[128.34195,37.91742],[128.3402,37.91753],[128.33868,37.91796],[128.33642,37.91857],[128.33228,37.92124],[128.33124,37.92068],[128.33093,37.92121],[128.32949,37.92234],[128.32781,37.92327],[128.32646,37.92281],[128.32531,37.92305],[128.32418,37.92295],[128.32377,37.92274],[128.32273,37.92283],[128.31907,37.92386],[128.31815,37.92508],[128.31744,37.92559],[128.31688,37.92575],[128.31492,37.92549],[128.31382,37.92584],[128.31279,37.92651],[128.31118,37.92659],[128.30972,37.92703],[128.30919,37.927],[128.3085,37.92685],[128.30697,37.92693],[128.30538,37.92672],[128.30454,37.92764],[128.30409,37.9279],[128.30325,37.92795],[128.30226,37.92859],[128.30114,37.92949],[128.30061,37.9297],[128.30002,37.92975],[128.29926,37.92967],[128.29872,37.9295],[128.29812,37.92955],[128.29774,37.9292],[128.29765,37.92875],[128.29705,37.92806],[128.29676,37.92765],[128.29683,37.92737],[128.29646,37.92713],[128.29598,37.92694],[128.29524,37.92682],[128.29426,37.92661],[128.29349,37.92637],[128.2933,37.92617],[128.2915,37.92663],[128.29102,37.92617],[128.29048,37.92628],[128.28982,37.92634],[128.28922,37.92648],[128.28799,37.92761],[128.28794,37.92781],[128.28761,37.92823],[128.2873,37.929],[128.28619,37.92976],[128.28483,37.931],[128.28437,37.93194],[128.28444,37.93556],[128.28462,37.93613],[128.28405,37.93699],[128.28407,37.9378],[128.28254,37.93858],[128.28095,37.94065],[128.27979,37.94127],[128.27882,37.94101],[128.27751,37.94108],[128.27652,37.94023],[128.276,37.94066],[128.27548,37.94065],[128.27506,37.94128],[128.27447,37.94173],[128.27402,37.9417],[128.27217,37.94277],[128.27096,37.94266],[128.26989,37.94363],[128.26962,37.94482],[128.26811,37.94584],[128.26731,37.94669],[128.26692,37.94813],[128.26685,37.94878],[128.26591,37.94894],[128.26515,37.94882],[128.26283,37.94926],[128.26263,37.94915],[128.26171,37.94939],[128.26128,37.94923],[128.26051,37.94952],[128.26027,37.94977],[128.25982,37.94975],[128.25939,37.95003],[128.25899,37.95014],[128.25696,37.94947],[128.25684,37.94962],[128.25493,37.94992],[128.25479,37.95039],[128.25399,37.95051],[128.25287,37.95011],[128.25254,37.95015],[128.25209,37.95043],[128.25202,37.95067],[128.25166,37.95088],[128.25096,37.9507],[128.24965,37.95145],[128.24816,37.95145],[128.24734,37.95195],[128.2453,37.952],[128.24519,37.95193],[128.24415,37.95257],[128.2431,37.95246],[128.24232,37.95208],[128.24116,37.95201],[128.24055,37.95177],[128.24001,37.95178],[128.23904,37.95227],[128.23837,37.95248],[128.23752,37.9522],[128.23681,37.95134],[128.236,37.95106],[128.23498,37.95128],[128.23439,37.95107],[128.2327,37.95123],[128.2322,37.95142],[128.23174,37.95127],[128.2315,37.95059],[128.23107,37.95003],[128.23017,37.9497],[128.22906,37.94873],[128.22941,37.94801],[128.22952,37.94744],[128.22927,37.94727],[128.22926,37.94665],[128.22831,37.94575],[128.22836,37.94512],[128.22817,37.94488],[128.22803,37.94395],[128.22818,37.9434],[128.22805,37.94306],[128.22833,37.94271],[128.22844,37.94215],[128.22857,37.94187],[128.22833,37.94125],[128.22772,37.94047],[128.22709,37.94003],[128.22728,37.939],[128.22739,37.93885],[128.22707,37.93823],[128.22648,37.93796],[128.22609,37.93631],[128.22443,37.93572],[128.22444,37.93412],[128.22436,37.93386],[128.22294,37.93254],[128.22254,37.93194],[128.22239,37.931],[128.22153,37.93011],[128.22114,37.92961],[128.22091,37.92973],[128.22038,37.9303],[128.21957,37.93063],[128.21897,37.93052],[128.21844,37.93111],[128.21799,37.93115],[128.21771,37.9313],[128.21669,37.93103],[128.21621,37.93096],[128.21521,37.9314],[128.21403,37.93144],[128.21328,37.9316],[128.21277,37.93156],[128.21213,37.93133],[128.21075,37.93086],[128.21032,37.93065],[128.20961,37.93074],[128.20853,37.93061],[128.20689,37.93068],[128.2061,37.93088],[128.20513,37.93079],[128.20409,37.9313],[128.20335,37.93149],[128.20239,37.93108],[128.20168,37.93073],[128.20128,37.9308],[128.20075,37.93046],[128.19999,37.93025],[128.19958,37.93025],[128.19937,37.92977],[128.19858,37.9288],[128.19859,37.92847],[128.19767,37.92799],[128.19679,37.92844],[128.19642,37.92839],[128.19597,37.92865],[128.19669,37.92944],[128.19684,37.93014],[128.19662,37.93069],[128.19677,37.93115],[128.19623,37.93166],[128.19643,37.93198],[128.19609,37.93321],[128.19507,37.93366],[128.19515,37.93521],[128.1939,37.936],[128.19328,37.93665],[128.1927,37.93672],[128.19226,37.9381],[128.19226,37.93847],[128.19174,37.93921],[128.19056,37.93995],[128.1899,37.94108],[128.18985,37.94142],[128.18779,37.94145],[128.18694,37.94135],[128.18544,37.94178],[128.18522,37.94193],[128.18487,37.9425],[128.18413,37.94261],[128.18323,37.94304],[128.18277,37.943],[128.18253,37.94331],[128.18185,37.94356],[128.18183,37.94378],[128.1815,37.94411],[128.18113,37.94486],[128.18091,37.94507],[128.17944,37.94543],[128.17886,37.94618],[128.17867,37.94616],[128.17776,37.9458],[128.17708,37.94651],[128.1768,37.94635],[128.17593,37.94632],[128.17517,37.94585],[128.17406,37.94505],[128.17416,37.94431],[128.17432,37.94416],[128.17431,37.94311],[128.17446,37.94272],[128.17426,37.94154],[128.17435,37.94074],[128.17419,37.94052],[128.17422,37.93986],[128.1741,37.93925],[128.17381,37.93891],[128.17393,37.93753],[128.17382,37.93685],[128.17354,37.93663],[128.17354,37.93584],[128.17305,37.93529],[128.17308,37.93443],[128.1733,37.93406],[128.17309,37.93351],[128.17236,37.93288],[128.1717,37.93258],[128.17131,37.93203],[128.17124,37.93108],[128.17145,37.9308],[128.1712,37.9303],[128.17144,37.92947],[128.1723,37.92874],[128.17214,37.92833],[128.17241,37.9276],[128.17227,37.92713],[128.17226,37.92648],[128.17195,37.92603],[128.17098,37.92567],[128.17038,37.92514],[128.1701,37.92448],[128.1702,37.92415],[128.17,37.92388],[128.16914,37.92362],[128.16851,37.92381],[128.16802,37.92315],[128.16693,37.92298],[128.16552,37.92306],[128.16506,37.92264],[128.16507,37.921],[128.16484,37.9208],[128.16446,37.91896],[128.16358,37.91788],[128.16237,37.91749],[128.16238,37.9168],[128.16166,37.9158],[128.16166,37.91541],[128.16132,37.91512],[128.16085,37.91497],[128.16095,37.91454],[128.16048,37.9142],[128.16029,37.91375],[128.15942,37.91346],[128.15924,37.91253],[128.15908,37.91206],[128.15754,37.91125],[128.15759,37.91093],[128.15741,37.91045],[128.15726,37.90971],[128.15697,37.90866],[128.15655,37.90823],[128.15747,37.90766],[128.15814,37.90765],[128.15898,37.90741],[128.15905,37.90701],[128.15945,37.90686],[128.16121,37.90658],[128.16173,37.90593],[128.16263,37.9057],[128.16243,37.90447],[128.16289,37.90409],[128.16286,37.90388],[128.16256,37.90342],[128.16265,37.90321],[128.16247,37.90272],[128.16241,37.90229],[128.16268,37.90173],[128.16268,37.90136],[128.16228,37.90001],[128.16203,37.89932],[128.16206,37.89878],[128.16127,37.89661],[128.16132,37.8961],[128.1608,37.89513],[128.16104,37.89475],[128.16118,37.89396],[128.16107,37.89273],[128.1622,37.89172],[128.16274,37.89118],[128.16286,37.89073],[128.16315,37.8905],[128.16366,37.8895],[128.16341,37.88911],[128.16372,37.8887],[128.16367,37.8879],[128.16423,37.88707],[128.16508,37.8871],[128.16606,37.88706],[128.1677,37.8859],[128.16904,37.88621],[128.16944,37.88613],[128.1699,37.8859],[128.17121,37.88544],[128.17192,37.88476],[128.17298,37.88476],[128.17426,37.88492],[128.17369,37.88319],[128.17365,37.88153],[128.17431,37.88016],[128.17444,37.87923],[128.1742,37.87868],[128.17361,37.87795],[128.17363,37.87755],[128.17392,37.87641],[128.17336,37.8761],[128.17294,37.87598],[128.17247,37.87574],[128.17178,37.87509],[128.1709,37.87443],[128.17048,37.87398],[128.16999,37.87318],[128.16943,37.87253],[128.169,37.87176],[128.169,37.87123],[128.16883,37.87076],[128.16888,37.86987],[128.16865,37.86885],[128.16925,37.86841],[128.16911,37.86709],[128.16921,37.86658],[128.16819,37.86564],[128.16805,37.8653],[128.16821,37.86449],[128.16856,37.86362],[128.16844,37.86279],[128.16903,37.86226],[128.16932,37.86166],[128.16919,37.86124],[128.16955,37.86095],[128.17003,37.85977],[128.17022,37.85906],[128.17022,37.85849],[128.17169,37.85696],[128.1709,37.85576],[128.171,37.85552],[128.17093,37.85521],[128.17067,37.85497],[128.17064,37.85461],[128.17022,37.85423],[128.16931,37.85319],[128.16901,37.85244],[128.16879,37.85218],[128.1687,37.85125],[128.16922,37.851],[128.1702,37.85069],[128.17053,37.85032],[128.17191,37.85014],[128.172,37.84949],[128.17356,37.84767],[128.1747,37.8471],[128.17581,37.84667],[128.17732,37.84664],[128.17819,37.84637],[128.17884,37.84564],[128.1788,37.84507],[128.18017,37.84345],[128.18114,37.8428],[128.18124,37.84215],[128.18095,37.8415],[128.18123,37.83977],[128.18125,37.83946],[128.1815,37.83934],[128.18152,37.8391],[128.18111,37.83805],[128.18141,37.83751],[128.18117,37.83731],[128.18109,37.83684],[128.1809,37.83669],[128.18078,37.83607],[128.18026,37.83561],[128.18011,37.83501],[128.18085,37.83427],[128.18156,37.83391],[128.18316,37.83285],[128.18335,37.83287],[128.18381,37.8321],[128.18417,37.83085],[128.18476,37.83052],[128.18455,37.82999],[128.18661,37.82998],[128.18749,37.82878],[128.1882,37.82757],[128.18911,37.82639],[128.19025,37.82545],[128.19131,37.82418],[128.19195,37.82368],[128.19276,37.82289],[128.19444,37.82232],[128.19626,37.82204],[128.19722,37.82005],[128.19863,37.81875],[128.19923,37.81797],[128.19975,37.81786],[128.20071,37.81736],[128.2015,37.81623],[128.20254,37.8159],[128.20372,37.81568],[128.20459,37.81556],[128.20552,37.81551],[128.20622,37.81468],[128.20688,37.81419],[128.20745,37.81392],[128.20866,37.81268],[128.20949,37.81252],[128.21071,37.81237],[128.21242,37.812],[128.21308,37.81203],[128.21353,37.81231],[128.21437,37.81236],[128.21521,37.81303],[128.21549,37.81314],[128.21575,37.81368],[128.21616,37.81409],[128.21612,37.81438],[128.21632,37.8145],[128.21653,37.8149],[128.21735,37.81535],[128.2173,37.81561],[128.21777,37.81599],[128.21827,37.81649],[128.21885,37.81693],[128.21895,37.81723],[128.21931,37.81747],[128.21952,37.81785],[128.21976,37.81784],[128.22094,37.81808],[128.22154,37.81867],[128.22181,37.81882],[128.22242,37.81903],[128.22275,37.81931],[128.22352,37.81959],[128.22373,37.81999],[128.22414,37.82018],[128.22433,37.82051],[128.22573,37.82086],[128.22599,37.82081],[128.22639,37.82093],[128.22688,37.82064],[128.22717,37.82072],[128.2274,37.82058],[128.22827,37.82142],[128.22851,37.82188],[128.22988,37.82185],[128.2305,37.82197],[128.23065,37.82189],[128.23161,37.82218],[128.23171,37.82208],[128.23278,37.82211],[128.23329,37.82202],[128.23365,37.8222],[128.23471,37.82217],[128.23536,37.82334],[128.23606,37.82377],[128.2366,37.82391],[128.2373,37.82439],[128.23776,37.82437],[128.23813,37.8246],[128.23869,37.82524],[128.23905,37.82619],[128.23932,37.82663],[128.23924,37.82752],[128.23955,37.8283],[128.24005,37.82899],[128.24058,37.82896],[128.24077,37.8294],[128.24152,37.83046],[128.24243,37.8319],[128.2426,37.83209],[128.24371,37.83239],[128.24517,37.8327],[128.24576,37.83267],[128.24701,37.83269],[128.24725,37.83298],[128.24718,37.83352],[128.24734,37.83403],[128.24729,37.8345],[128.2469,37.83488],[128.24697,37.83533],[128.24754,37.83607],[128.24857,37.8364],[128.2492,37.83651],[128.24985,37.83687],[128.25019,37.83728],[128.25106,37.83762],[128.25147,37.83806],[128.25174,37.83815],[128.25223,37.83793],[128.25296,37.83834],[128.25315,37.8388],[128.25373,37.83909],[128.254,37.83957],[128.2547,37.83951],[128.25505,37.83923],[128.2561,37.83962],[128.25627,37.84051],[128.25597,37.84166],[128.25625,37.84187],[128.25611,37.84229],[128.25611,37.8435],[128.25643,37.8437],[128.2568,37.84441],[128.25784,37.84447],[128.25814,37.84504],[128.25805,37.84561],[128.25835,37.8465],[128.25892,37.847],[128.25968,37.84825],[128.25978,37.84899],[128.25974,37.84929],[128.26081,37.84959],[128.26067,37.84996],[128.26088,37.85075],[128.26074,37.85172],[128.26114,37.852],[128.26128,37.85252],[128.26164,37.85324],[128.26155,37.85368],[128.26181,37.85429],[128.26192,37.85486],[128.26169,37.85503],[128.26109,37.85511],[128.26106,37.85572],[128.26128,37.85593],[128.26136,37.85638],[128.26256,37.85681],[128.26293,37.85798],[128.26346,37.85835],[128.26448,37.85835],[128.26546,37.85881],[128.26569,37.85897],[128.26583,37.85924],[128.26647,37.85984],[128.267,37.86025],[128.26747,37.86054],[128.26753,37.86101],[128.26922,37.86139],[128.2695,37.86118],[128.26997,37.86111],[128.27047,37.86128],[128.27115,37.86093],[128.27308,37.86071],[128.27338,37.86137],[128.2738,37.86168],[128.27416,37.86182],[128.27461,37.86252],[128.27514,37.86322],[128.27561,37.86444],[128.27597,37.86468],[128.27747,37.86518],[128.27799,37.86496],[128.27904,37.86517],[128.27935,37.86539],[128.27981,37.86548],[128.28097,37.86612],[128.2818,37.86605],[128.28266,37.86589],[128.28304,37.86604],[128.28375,37.86615],[128.28419,37.86612],[128.28494,37.86626],[128.28522,37.86623],[128.28541,37.8659],[128.28623,37.86519],[128.28671,37.86499],[128.28752,37.86486],[128.28778,37.86519],[128.28832,37.86528],[128.28892,37.86551],[128.28925,37.8658],[128.28958,37.86625],[128.29044,37.86714],[128.29066,37.86722],[128.29045,37.86778],[128.29012,37.86788],[128.28923,37.86793],[128.28919,37.86837],[128.28955,37.8685],[128.29107,37.8693],[128.29148,37.86932],[128.29213,37.86955],[128.29337,37.86977],[128.29363,37.86969],[128.2941,37.86913],[128.29451,37.86913],[128.29493,37.86891],[128.2959,37.86861],[128.29644,37.86808],[128.29706,37.86781],[128.29759,37.86731],[128.29759,37.86704],[128.29783,37.86573],[128.29798,37.86525],[128.29785,37.86465],[128.29835,37.86431],[128.29875,37.86416],[128.29901,37.86376],[128.29922,37.86366],[128.29997,37.86365],[128.30034,37.86338],[128.30054,37.86306],[128.30057,37.86253],[128.30093,37.86235],[128.30103,37.86175],[128.30182,37.86109],[128.30249,37.86097],[128.30325,37.86012],[128.30353,37.85964],[128.30387,37.85861],[128.30429,37.85826],[128.30455,37.85816],[128.30512,37.85761],[128.30504,37.85682],[128.3057,37.85619],[128.3059,37.85568],[128.30573,37.85498],[128.30589,37.85455],[128.30626,37.8542],[128.30625,37.85375],[128.30644,37.85331],[128.30689,37.85279],[128.30694,37.85251],[128.30683,37.85209],[128.30702,37.85132],[128.30685,37.851],[128.30639,37.85085],[128.30626,37.85022],[128.30585,37.84978],[128.30541,37.84959],[128.30626,37.84739],[128.30621,37.8462],[128.30707,37.84471],[128.30743,37.84368],[128.30874,37.84245],[128.3094,37.84152],[128.30956,37.84115],[128.3105,37.84124],[128.31114,37.8415],[128.31176,37.84101],[128.31228,37.84018],[128.31321,37.83952],[128.31369,37.83888],[128.31403,37.83796],[128.31457,37.83745],[128.31496,37.83669],[128.31662,37.83477],[128.31753,37.83455],[128.31766,37.83388],[128.31759,37.83339],[128.31799,37.83318],[128.31878,37.83249],[128.31905,37.83194],[128.32012,37.8307],[128.32062,37.83106],[128.32215,37.83143],[128.32376,37.83192],[128.32462,37.83232],[128.32567,37.83275],[128.32612,37.83324],[128.32835,37.83388],[128.32927,37.83366],[128.33026,37.83328],[128.33156,37.83269],[128.33247,37.83199],[128.33326,37.83122],[128.33453,37.82869],[128.33532,37.82836],[128.33607,37.82793],[128.33677,37.82778],[128.33759,37.82751],[128.33838,37.82754],[128.33946,37.82741],[128.34085,37.82754],[128.34181,37.82729],[128.34262,37.82702],[128.3435,37.82684],[128.34448,37.82659],[128.3461,37.82632],[128.34681,37.82625],[128.34746,37.82629],[128.34827,37.82666],[128.34894,37.82744],[128.34932,37.82801],[128.35028,37.8284],[128.351,37.82876],[128.35206,37.82936],[128.353,37.83011],[128.35356,37.83072],[128.3549,37.8307],[128.35524,37.83058],[128.35639,37.83095],[128.35717,37.83109],[128.35869,37.83098],[128.35948,37.83116],[128.36005,37.83149],[128.36118,37.83193],[128.36296,37.83244],[128.36454,37.83342],[128.36516,37.83356],[128.36592,37.83516],[128.36636,37.83641],[128.36527,37.83728],[128.36396,37.83793],[128.3635,37.83809],[128.36281,37.83863],[128.36299,37.83879],[128.36411,37.84004],[128.36435,37.84102],[128.3646,37.84124],[128.36445,37.84205],[128.36461,37.84251],[128.36494,37.84286],[128.36538,37.84358],[128.36522,37.84444],[128.36555,37.84545],[128.36559,37.84608],[128.36614,37.84705],[128.36737,37.84732],[128.36774,37.84768],[128.36834,37.84757],[128.36891,37.84797],[128.37004,37.84812],[128.37048,37.84841],[128.37098,37.84856],[128.372,37.84904],[128.3726,37.84925],[128.37303,37.84925],[128.37402,37.84995],[128.37417,37.8504],[128.37568,37.85158],[128.37622,37.85239],[128.37717,37.85251],[128.37818,37.85234],[128.37855,37.85294],[128.37859,37.85353],[128.37893,37.85385],[128.37895,37.85423],[128.37968,37.85455],[128.38033,37.85545],[128.38098,37.85696],[128.38167,37.85742],[128.38172,37.85779],[128.3824,37.85862],[128.38367,37.85879],[128.38533,37.85864],[128.38657,37.85913],[128.38734,37.85912],[128.38828,37.85891],[128.3904,37.85885],[128.39094,37.85948],[128.39162,37.85979],[128.39241,37.85993],[128.39271,37.86021],[128.39307,37.86011],[128.3938,37.86064],[128.3952,37.86116],[128.39641,37.86207],[128.39715,37.8623],[128.39907,37.8617],[128.39968,37.86163],[128.40059,37.86124],[128.40071,37.86166],[128.4021,37.86338],[128.40235,37.86444],[128.40201,37.86519],[128.40203,37.86572],[128.40231,37.86617],[128.40235,37.86661],[128.40272,37.86716],[128.40391,37.86843],[128.40497,37.86961],[128.4061,37.86993],[128.40681,37.86987],[128.40742,37.87039],[128.4089,37.87125],[128.40966,37.87215],[128.40938,37.87274],[128.40986,37.87364],[128.41072,37.87432],[128.41106,37.87499],[128.41108,37.8753],[128.41131,37.87553],[128.41123,37.87582],[128.41154,37.87689],[128.41144,37.87793],[128.41158,37.87828],[128.41287,37.87993],[128.4132,37.88205],[128.41293,37.88228],[128.41238,37.88346],[128.41233,37.88469]]]},"properties":{"code":"32590350","name":"상남면"}}],"profileId":"gangwon","schemaVersion":2,"dataVersion":"gangwon-2022-563a6bb6162048a7"}
