{"type":"FeatureCollection","features":[{"type":"Feature","geometry":{"type":"MultiPolygon","coordinates":[[[[126.82914,36.94754],[126.82929,36.94701],[126.82813,36.94649],[126.82856,36.94574],[126.82975,36.94622],[126.83073,36.94496],[126.83185,36.94145],[126.83993,36.94354],[126.8405,36.94374],[126.8367,36.95011],[126.83472,36.94929],[126.8342,36.94983],[126.82914,36.94754]]],[[[126.72766,37.0136],[126.72788,37.01211],[126.72873,37.0118],[126.72948,37.01273],[126.72833,37.01279],[126.72766,37.0136]]],[[[126.73108,37.04616],[126.7272,37.04534],[126.72697,37.04494],[126.72964,37.04573],[126.73113,37.04535],[126.73192,37.04535],[126.73391,37.04574],[126.73366,37.04611],[126.73226,37.04567],[126.73108,37.04616]]],[[[126.55927,37.06166],[126.55805,37.06274],[126.55675,37.06459],[126.55509,37.062],[126.5541,37.06097],[126.55309,37.05951],[126.55187,37.05835],[126.5514,37.05769],[126.55226,37.05666],[126.55178,37.05561],[126.55104,37.05482],[126.5507,37.05505],[126.5494,37.05436],[126.5497,37.05333],[126.55084,37.05376],[126.55247,37.05602],[126.55264,37.05671],[126.55328,37.05777],[126.55462,37.05826],[126.55527,37.05957],[126.55789,37.06115],[126.55874,37.06075],[126.5598,37.06105],[126.55927,37.06166]]],[[[126.55386,37.07279],[126.55319,37.07217],[126.55407,37.0716],[126.55436,37.07003],[126.5551,37.07057],[126.55512,37.07117],[126.55439,37.07179],[126.55386,37.07279]]],[[[126.46402,37.0826],[126.4633,37.08185],[126.46443,37.08131],[126.46494,37.0815],[126.46402,37.0826]]],[[[126.45973,37.0916],[126.45891,37.09272],[126.45793,37.09284],[126.45674,37.09161],[126.45542,37.09113],[126.45556,37.09003],[126.45618,37.08904],[126.45694,37.08905],[126.45744,37.0885],[126.45909,37.08806],[126.45959,37.08843],[126.46098,37.08842],[126.46064,37.08977],[126.45973,37.0916]]],[[[126.44878,37.10449],[126.44798,37.10432],[126.44862,37.10326],[126.44879,37.10168],[126.44811,37.10073],[126.44712,37.10074],[126.44708,37.09894],[126.44739,37.09844],[126.44836,37.09825],[126.44841,37.09753],[126.44793,37.0972],[126.44907,37.09551],[126.4495,37.0953],[126.45041,37.09599],[126.4518,37.09601],[126.45289,37.09685],[126.45378,37.09727],[126.45114,37.09888],[126.45043,37.09946],[126.45007,37.10086],[126.45046,37.10159],[126.44996,37.10256],[126.44924,37.10338],[126.44919,37.10425],[126.44878,37.10449]]],[[[126.69087,37.11078],[126.69049,37.11186],[126.68992,37.11179],[126.69035,37.1109],[126.69087,37.11078]]],[[[126.45362,37.11291],[126.45294,37.11262],[126.45274,37.11083],[126.45331,37.11047],[126.4541,37.11106],[126.45332,37.11224],[126.45362,37.11291]]],[[[126.65699,37.11306],[126.65694,37.11418],[126.65544,37.11466],[126.65569,37.11357],[126.65636,37.11279],[126.65699,37.11306]]],[[[126.53554,37.11454],[126.53542,37.11406],[126.536,37.11338],[126.53681,37.11327],[126.53777,37.11263],[126.53827,37.11091],[126.53796,37.10988],[126.53726,37.10889],[126.53743,37.10718],[126.53806,37.10672],[126.53855,37.10566],[126.53844,37.10478],[126.53782,37.10328],[126.53738,37.10288],[126.53814,37.1017],[126.53899,37.10095],[126.53895,37.10017],[126.5385,37.09948],[126.53909,37.09919],[126.53925,37.09854],[126.53909,37.09756],[126.53838,37.09598],[126.53749,37.09506],[126.53943,37.09453],[126.53907,37.09664],[126.53948,37.09765],[126.5395,37.09903],[126.54114,37.10241],[126.54195,37.10283],[126.54186,37.10482],[126.54125,37.10587],[126.54123,37.10705],[126.54146,37.10915],[126.54093,37.1119],[126.53982,37.11215],[126.53944,37.11265],[126.53825,37.11254],[126.53762,37.11289],[126.53746,37.11344],[126.5364,37.11427],[126.53554,37.11454]]],[[[126.38821,37.11512],[126.38712,37.11553],[126.38609,37.11648],[126.38514,37.11624],[126.38369,37.11486],[126.38129,37.11414],[126.38036,37.11431],[126.37985,37.1138],[126.37899,37.11158],[126.37993,37.10869],[126.37966,37.10805],[126.38002,37.10743],[126.37996,37.10567],[126.38126,37.10586],[126.38234,37.10546],[126.38445,37.1031],[126.38617,37.10287],[126.38731,37.10242],[126.38854,37.10215],[126.39048,37.10004],[126.39158,37.09934],[126.39243,37.09916],[126.39296,37.09973],[126.39436,37.10047],[126.39519,37.10173],[126.39508,37.10281],[126.39426,37.10438],[126.39434,37.1053],[126.39476,37.10626],[126.39469,37.10717],[126.3937,37.1091],[126.39364,37.10962],[126.39416,37.11072],[126.39283,37.11162],[126.39269,37.11274],[126.39334,37.1126],[126.39377,37.11313],[126.39306,37.11381],[126.38979,37.11539],[126.38821,37.11512]]],[[[126.45402,37.11732],[126.45322,37.11772],[126.45291,37.11714],[126.45304,37.11633],[126.45377,37.11598],[126.4544,37.11661],[126.45402,37.11732]]],[[[126.61615,37.12394],[126.61532,37.12437],[126.61539,37.1251],[126.61435,37.12511],[126.61356,37.12427],[126.61467,37.12344],[126.61382,37.12299],[126.61244,37.12313],[126.61188,37.12246],[126.61262,37.12151],[126.61319,37.12132],[126.61185,37.12051],[126.6116,37.11951],[126.61046,37.11775],[126.61181,37.11714],[126.61286,37.11731],[126.61399,37.11821],[126.61495,37.11866],[126.6169,37.11889],[126.61901,37.11892],[126.62016,37.11865],[126.62135,37.11813],[126.6216,37.11958],[126.62334,37.11928],[126.62438,37.11934],[126.62534,37.11911],[126.62677,37.11951],[126.6275,37.11922],[126.62838,37.11938],[126.6275,37.11814],[126.62863,37.11739],[126.62982,37.11733],[126.63029,37.11702],[126.63111,37.11722],[126.6335,37.1174],[126.63261,37.11837],[126.63255,37.12024],[126.63348,37.1201],[126.63363,37.11886],[126.63415,37.11832],[126.63495,37.11886],[126.63582,37.11909],[126.63628,37.11822],[126.63908,37.11576],[126.64031,37.11508],[126.64313,37.11474],[126.64369,37.11534],[126.64333,37.11595],[126.6432,37.11748],[126.64452,37.11774],[126.64582,37.11741],[126.64729,37.116],[126.64986,37.11456],[126.65111,37.11448],[126.65224,37.11623],[126.65065,37.11678],[126.65002,37.11737],[126.64725,37.11845],[126.64688,37.11832],[126.64516,37.11881],[126.6443,37.11877],[126.64226,37.11965],[126.64117,37.1199],[126.63976,37.12047],[126.6373,37.12],[126.63569,37.12038],[126.63537,37.12066],[126.63382,37.12114],[126.63342,37.12076],[126.63271,37.12099],[126.63212,37.12168],[126.63114,37.12182],[126.62912,37.12121],[126.62573,37.122],[126.62425,37.12128],[126.62387,37.12162],[126.62296,37.1214],[126.62318,37.12079],[126.62176,37.12022],[126.62048,37.12067],[126.61904,37.12229],[126.61725,37.12382],[126.61615,37.12394]]],[[[126.62229,37.17956],[126.62169,37.17891],[126.61998,37.17813],[126.61825,37.17673],[126.61806,37.17598],[126.61695,37.17499],[126.61618,37.17286],[126.6165,37.17107],[126.61695,37.1664],[126.61748,37.16309],[126.61827,37.15971],[126.61895,37.1587],[126.61959,37.15865],[126.62016,37.15957],[126.62051,37.16102],[126.6203,37.16154],[126.62101,37.16198],[126.62095,37.16239],[126.6229,37.16369],[126.62659,37.16685],[126.62818,37.1687],[126.62859,37.16944],[126.6292,37.17131],[126.62996,37.17325],[126.63192,37.17465],[126.62826,37.17514],[126.62758,37.17565],[126.62501,37.17626],[126.62538,37.17695],[126.62434,37.17699],[126.6236,37.17671],[126.62273,37.17708],[126.6228,37.17847],[126.62206,37.17868],[126.62229,37.17956]]],[[[126.61792,37.22535],[126.61743,37.22583],[126.61756,37.22753],[126.61642,37.22838],[126.61623,37.22762],[126.61668,37.22683],[126.61622,37.22552],[126.61578,37.22528],[126.61483,37.22547],[126.6145,37.22456],[126.61504,37.22358],[126.61781,37.22388],[126.61805,37.22459],[126.61792,37.22535]]],[[[126.615,37.22946],[126.61386,37.22973],[126.61308,37.22919],[126.61265,37.2283],[126.61328,37.22778],[126.61401,37.22817],[126.61418,37.22915],[126.615,37.22946]]],[[[126.63073,37.28061],[126.62985,37.27973],[126.63124,37.27917],[126.63282,37.27656],[126.63325,37.27641],[126.63456,37.27532],[126.63522,37.27554],[126.63479,37.27674],[126.63309,37.27824],[126.63147,37.27937],[126.63042,37.28025],[126.63073,37.28061]]],[[[126.60641,37.31693],[126.60555,37.31634],[126.60501,37.3156],[126.60603,37.31507],[126.60656,37.31523],[126.60701,37.3161],[126.60641,37.31693]]],[[[126.54784,37.59352],[126.5473,37.59284],[126.55017,37.59205],[126.55001,37.59291],[126.54933,37.59324],[126.54801,37.59297],[126.54784,37.59352]]],[[[126.54934,37.6047],[126.54935,37.60526],[126.54866,37.60636],[126.54756,37.60485],[126.54808,37.60419],[126.5473,37.60273],[126.54731,37.60191],[126.54788,37.59998],[126.54871,37.59971],[126.54927,37.59894],[126.54876,37.59807],[126.54945,37.59715],[126.54956,37.59626],[126.55026,37.59633],[126.55076,37.59743],[126.55068,37.59984],[126.55019,37.60025],[126.55056,37.6015],[126.54969,37.60222],[126.54943,37.60299],[126.54968,37.60389],[126.54934,37.6047]]],[[[127.74475,37.21365],[127.74636,37.21448],[127.74842,37.21737],[127.74893,37.21834],[127.74921,37.22194],[127.74813,37.22555],[127.74718,37.22716],[127.74712,37.22916],[127.74691,37.22977],[127.74798,37.23243],[127.74724,37.23394],[127.74698,37.23681],[127.74688,37.23997],[127.74792,37.24357],[127.74941,37.24717],[127.74997,37.24821],[127.75267,37.25261],[127.75434,37.25479],[127.75695,37.25782],[127.75761,37.25825],[127.75722,37.25892],[127.75749,37.26026],[127.75858,37.26238],[127.75843,37.26289],[127.75881,37.26378],[127.75944,37.26429],[127.75987,37.26599],[127.75934,37.26674],[127.76066,37.26901],[127.75932,37.27009],[127.75971,37.27056],[127.75934,37.27175],[127.76009,37.27217],[127.76041,37.27329],[127.75956,37.27355],[127.75932,37.27461],[127.75963,37.27484],[127.75943,37.27576],[127.75891,37.2766],[127.75908,37.27705],[127.75675,37.27727],[127.75679,37.27796],[127.75767,37.2788],[127.75633,37.27946],[127.75657,37.2802],[127.75398,37.28423],[127.7549,37.28497],[127.75556,37.28498],[127.75446,37.28663],[127.75435,37.2877],[127.75353,37.28898],[127.75295,37.28878],[127.75241,37.28971],[127.75082,37.29104],[127.75004,37.29196],[127.75025,37.29316],[127.74991,37.2935],[127.75,37.29432],[127.74958,37.2953],[127.74988,37.29716],[127.75066,37.29798],[127.75235,37.29767],[127.7532,37.29781],[127.75461,37.29774],[127.7556,37.29843],[127.75669,37.2989],[127.75756,37.30013],[127.75887,37.30042],[127.75933,37.30117],[127.76214,37.30224],[127.76313,37.30188],[127.76447,37.3018],[127.76567,37.30141],[127.76715,37.3018],[127.76819,37.30152],[127.76807,37.30248],[127.76768,37.30289],[127.7677,37.30471],[127.76832,37.30669],[127.76841,37.30831],[127.76815,37.30953],[127.76679,37.31076],[127.76637,37.31227],[127.76555,37.31302],[127.76568,37.3135],[127.76536,37.31487],[127.76492,37.31532],[127.76515,37.31582],[127.76526,37.31725],[127.76496,37.31764],[127.76371,37.31806],[127.7621,37.32114],[127.76294,37.3225],[127.76277,37.32341],[127.76183,37.32543],[127.76136,37.32692],[127.7604,37.32863],[127.76044,37.3293],[127.75978,37.3301],[127.75873,37.33034],[127.75839,37.33085],[127.75985,37.33183],[127.76138,37.33319],[127.76166,37.33394],[127.76297,37.33443],[127.76182,37.3357],[127.76173,37.33619],[127.76084,37.33705],[127.76093,37.33885],[127.76055,37.33959],[127.76069,37.34082],[127.75986,37.34136],[127.75907,37.34138],[127.75895,37.3423],[127.75848,37.34311],[127.75889,37.34447],[127.75798,37.34577],[127.75797,37.34708],[127.75863,37.34838],[127.75835,37.35079],[127.75903,37.35161],[127.76076,37.35264],[127.7604,37.35387],[127.75973,37.35534],[127.75976,37.35627],[127.76054,37.3574],[127.76024,37.35862],[127.75935,37.35973],[127.76052,37.36097],[127.76038,37.36167],[127.76122,37.3636],[127.76114,37.36496],[127.76044,37.36606],[127.75991,37.36628],[127.75948,37.36729],[127.76001,37.36821],[127.76108,37.36882],[127.76163,37.36945],[127.76287,37.36998],[127.76597,37.36987],[127.76708,37.36953],[127.76918,37.36963],[127.76978,37.3694],[127.77046,37.36967],[127.77298,37.37006],[127.77353,37.3699],[127.77532,37.37038],[127.77595,37.3709],[127.77737,37.37123],[127.77894,37.37077],[127.77849,37.37196],[127.77769,37.37291],[127.7778,37.37323],[127.77693,37.37419],[127.77698,37.37485],[127.77745,37.37568],[127.77743,37.37647],[127.77666,37.37733],[127.77579,37.37896],[127.7759,37.37986],[127.7767,37.38089],[127.77666,37.38333],[127.77763,37.38436],[127.77845,37.38494],[127.77869,37.38557],[127.77969,37.386],[127.78037,37.38683],[127.78095,37.38679],[127.78274,37.38713],[127.78326,37.38818],[127.78409,37.38883],[127.78314,37.39027],[127.78223,37.39242],[127.78168,37.39304],[127.78312,37.39359],[127.78453,37.39551],[127.78412,37.39637],[127.78383,37.39863],[127.78476,37.39871],[127.78627,37.39971],[127.78628,37.40021],[127.78719,37.40051],[127.78783,37.40113],[127.78797,37.40201],[127.78748,37.40293],[127.78781,37.40344],[127.78764,37.40417],[127.78803,37.4048],[127.78782,37.40533],[127.78865,37.40584],[127.78867,37.40629],[127.78959,37.40698],[127.78959,37.40815],[127.79024,37.40859],[127.79032,37.41022],[127.79089,37.41141],[127.79067,37.41204],[127.79143,37.41289],[127.79179,37.41416],[127.79191,37.41739],[127.79218,37.41845],[127.79294,37.41898],[127.79377,37.42018],[127.79354,37.42095],[127.79386,37.42164],[127.79364,37.42251],[127.79406,37.42323],[127.79473,37.42367],[127.79456,37.4244],[127.79502,37.42498],[127.79606,37.42519],[127.79649,37.42581],[127.79777,37.42685],[127.79895,37.42731],[127.80139,37.42719],[127.80231,37.42729],[127.80247,37.42859],[127.80338,37.4285],[127.80401,37.4291],[127.80333,37.43089],[127.80387,37.43195],[127.80308,37.43329],[127.80335,37.43433],[127.80243,37.43487],[127.80169,37.4364],[127.802,37.43717],[127.8009,37.43842],[127.79993,37.4387],[127.79936,37.43929],[127.79949,37.4401],[127.79839,37.44259],[127.79883,37.44322],[127.79882,37.44505],[127.79937,37.44582],[127.7993,37.4478],[127.79889,37.44862],[127.79946,37.44902],[127.79894,37.45106],[127.79938,37.45177],[127.79877,37.45356],[127.79814,37.45489],[127.79818,37.45611],[127.79736,37.45644],[127.79723,37.4569],[127.79787,37.45811],[127.79791,37.45872],[127.79657,37.45977],[127.79653,37.46191],[127.79672,37.46271],[127.79627,37.46304],[127.79684,37.46365],[127.79762,37.46401],[127.7979,37.46492],[127.79943,37.46556],[127.80003,37.46665],[127.80008,37.46732],[127.80071,37.46786],[127.80097,37.47004],[127.80048,37.47125],[127.79979,37.47238],[127.79832,37.47222],[127.79757,37.47254],[127.79671,37.47234],[127.79583,37.47269],[127.79515,37.47258],[127.79471,37.47328],[127.79374,37.47313],[127.7924,37.47408],[127.79133,37.47428],[127.79052,37.47501],[127.78958,37.4748],[127.78864,37.4759],[127.78776,37.47642],[127.78757,37.47764],[127.78615,37.47804],[127.78559,37.47862],[127.78485,37.47869],[127.78452,37.4793],[127.78471,37.47991],[127.78371,37.48059],[127.7837,37.48143],[127.78217,37.48168],[127.7819,37.48213],[127.78189,37.48373],[127.78139,37.48412],[127.78155,37.48541],[127.78129,37.48639],[127.78019,37.48865],[127.77877,37.48811],[127.77802,37.48802],[127.77607,37.48854],[127.77612,37.48952],[127.7751,37.49032],[127.77469,37.49175],[127.77397,37.49167],[127.77272,37.49201],[127.77135,37.49176],[127.7701,37.49269],[127.76929,37.49236],[127.76873,37.49257],[127.76818,37.49217],[127.76744,37.49261],[127.7653,37.49307],[127.76404,37.49192],[127.76212,37.49272],[127.76019,37.49222],[127.75975,37.49354],[127.75991,37.49388],[127.75942,37.49542],[127.7596,37.49812],[127.7603,37.49876],[127.75989,37.50035],[127.76003,37.50166],[127.75987,37.50313],[127.76026,37.50342],[127.76248,37.50292],[127.76466,37.50266],[127.76591,37.50294],[127.76645,37.5037],[127.76736,37.50367],[127.76971,37.5054],[127.77179,37.50519],[127.77284,37.50581],[127.7736,37.50594],[127.77485,37.50666],[127.77597,37.5081],[127.77675,37.50809],[127.77751,37.50913],[127.77874,37.51009],[127.77871,37.51072],[127.77972,37.51185],[127.78112,37.51306],[127.78308,37.51253],[127.7837,37.51214],[127.78445,37.51283],[127.7855,37.51331],[127.78664,37.51428],[127.78712,37.51498],[127.78711,37.51568],[127.78773,37.51655],[127.78778,37.51715],[127.78879,37.51855],[127.79129,37.51989],[127.79195,37.52002],[127.79208,37.52072],[127.79329,37.52136],[127.79357,37.52196],[127.79449,37.52251],[127.7964,37.52311],[127.79623,37.52405],[127.79504,37.52489],[127.79536,37.52535],[127.79549,37.52653],[127.79632,37.52718],[127.79634,37.52858],[127.79778,37.52852],[127.79901,37.52877],[127.79996,37.52931],[127.80164,37.52914],[127.80308,37.5295],[127.80501,37.53016],[127.80647,37.53117],[127.80633,37.53288],[127.80674,37.53354],[127.80623,37.53492],[127.8096,37.53701],[127.80946,37.53759],[127.81047,37.53779],[127.81197,37.53756],[127.81221,37.53778],[127.81378,37.53786],[127.81525,37.53713],[127.81647,37.53704],[127.81709,37.53741],[127.81915,37.53755],[127.82075,37.53784],[127.82204,37.53845],[127.8245,37.53818],[127.82569,37.53787],[127.82676,37.53721],[127.82827,37.53664],[127.82904,37.53736],[127.83009,37.53747],[127.83055,37.53801],[127.83173,37.53756],[127.83213,37.53826],[127.83297,37.53894],[127.83424,37.53918],[127.83467,37.5388],[127.8373,37.53819],[127.83889,37.53846],[127.8396,37.53906],[127.84097,37.53885],[127.84202,37.5389],[127.84248,37.53961],[127.84304,37.54192],[127.84523,37.54332],[127.84603,37.54447],[127.84497,37.54569],[127.84532,37.54656],[127.84514,37.54773],[127.84556,37.54827],[127.84621,37.54842],[127.84762,37.54952],[127.84811,37.55033],[127.848,37.55245],[127.84627,37.55321],[127.84476,37.55358],[127.84312,37.55477],[127.84209,37.55579],[127.84039,37.55679],[127.84035,37.55812],[127.83951,37.55922],[127.83824,37.55965],[127.83685,37.5599],[127.83636,37.56041],[127.83428,37.56059],[127.83232,37.56157],[127.83175,37.56082],[127.83125,37.56068],[127.8307,37.56123],[127.82885,37.56102],[127.828,37.56126],[127.82704,37.56061],[127.82623,37.56071],[127.8259,37.56131],[127.82507,37.56128],[127.82377,37.56183],[127.82339,37.5631],[127.82137,37.56339],[127.82061,37.5628],[127.81827,37.5632],[127.81751,37.56281],[127.8173,37.5636],[127.81661,37.56389],[127.81573,37.56364],[127.81413,37.56415],[127.81377,37.56527],[127.81415,37.56601],[127.81352,37.56624],[127.81261,37.56847],[127.81101,37.5691],[127.81124,37.56987],[127.81042,37.57047],[127.81041,37.57167],[127.80961,37.57345],[127.80909,37.57377],[127.80563,37.57409],[127.80487,37.57506],[127.80408,37.57931],[127.80301,37.57949],[127.80075,37.58097],[127.80103,37.58146],[127.7999,37.58232],[127.79998,37.58277],[127.79828,37.58322],[127.79735,37.58397],[127.79528,37.58445],[127.79491,37.58493],[127.79408,37.58525],[127.7929,37.58529],[127.79258,37.58479],[127.79132,37.58364],[127.791,37.582],[127.79013,37.58121],[127.79008,37.58061],[127.78904,37.58005],[127.78786,37.57891],[127.78558,37.5785],[127.78513,37.57824],[127.78329,37.57844],[127.78079,37.57944],[127.78006,37.57951],[127.7792,37.57996],[127.7784,37.57983],[127.77793,37.58012],[127.77608,37.58005],[127.77474,37.58084],[127.77397,37.5811],[127.77323,37.58099],[127.77148,37.58195],[127.77011,37.58201],[127.76896,37.58186],[127.76657,37.58267],[127.76649,37.58357],[127.76589,37.58389],[127.76476,37.58534],[127.76462,37.58585],[127.7622,37.58675],[127.76128,37.58759],[127.7599,37.58701],[127.75798,37.58681],[127.75756,37.58742],[127.75706,37.58932],[127.7561,37.5895],[127.7558,37.59028],[127.75519,37.59092],[127.75502,37.59154],[127.75411,37.59206],[127.75315,37.59178],[127.75141,37.59054],[127.74956,37.59069],[127.74753,37.58995],[127.74599,37.5889],[127.74592,37.58862],[127.7447,37.58788],[127.74397,37.58801],[127.74302,37.58774],[127.74154,37.58796],[127.74044,37.58731],[127.7394,37.58709],[127.73889,37.58756],[127.73764,37.5881],[127.73649,37.58828],[127.73586,37.58815],[127.73287,37.5885],[127.73234,37.58827],[127.73074,37.58915],[127.7295,37.58959],[127.72799,37.58959],[127.72682,37.58906],[127.72557,37.58963],[127.72508,37.59007],[127.72376,37.59012],[127.72313,37.59063],[127.72173,37.59019],[127.72127,37.59033],[127.71984,37.58946],[127.71879,37.58932],[127.71705,37.5884],[127.71589,37.58807],[127.71441,37.58847],[127.71367,37.589],[127.71313,37.58847],[127.71159,37.58749],[127.70948,37.58706],[127.70871,37.58649],[127.7079,37.58635],[127.70726,37.58677],[127.70635,37.5884],[127.7051,37.58843],[127.70347,37.589],[127.70217,37.58909],[127.70174,37.5895],[127.70071,37.58962],[127.69944,37.59007],[127.69911,37.59057],[127.6982,37.59089],[127.6982,37.59141],[127.69743,37.59185],[127.69837,37.59277],[127.69823,37.59368],[127.69926,37.59436],[127.69912,37.59472],[127.70052,37.59531],[127.70084,37.59612],[127.69998,37.59696],[127.69935,37.59699],[127.69876,37.59779],[127.69712,37.59875],[127.69619,37.60079],[127.69434,37.60125],[127.69364,37.60099],[127.69168,37.60133],[127.69163,37.60204],[127.69059,37.6029],[127.68968,37.60339],[127.68917,37.60419],[127.68816,37.60438],[127.68738,37.60419],[127.68669,37.60451],[127.68594,37.60636],[127.68482,37.60674],[127.68331,37.60766],[127.68338,37.60823],[127.67943,37.60941],[127.67768,37.61103],[127.67679,37.6116],[127.6753,37.61223],[127.6742,37.61362],[127.6724,37.61427],[127.67138,37.61524],[127.66991,37.6162],[127.66752,37.61725],[127.66667,37.61851],[127.66549,37.6192],[127.66473,37.62024],[127.6644,37.62293],[127.66385,37.6238],[127.663,37.62424],[127.66171,37.62432],[127.65741,37.62256],[127.65515,37.62227],[127.65339,37.62231],[127.65122,37.6231],[127.64985,37.62415],[127.64918,37.62534],[127.6486,37.62712],[127.64736,37.629],[127.64692,37.6306],[127.64712,37.63143],[127.64699,37.63274],[127.64612,37.63296],[127.64439,37.63297],[127.64199,37.63249],[127.64087,37.63245],[127.63943,37.63264],[127.6385,37.6334],[127.63895,37.63441],[127.63886,37.63503],[127.63771,37.63575],[127.63621,37.63586],[127.63535,37.63539],[127.63411,37.63557],[127.63371,37.63596],[127.63359,37.63688],[127.63378,37.63791],[127.63435,37.63924],[127.63415,37.63994],[127.63341,37.64001],[127.63179,37.63923],[127.63089,37.63936],[127.6296,37.64022],[127.62886,37.64093],[127.62825,37.64195],[127.62765,37.64254],[127.62644,37.64308],[127.62541,37.64299],[127.6246,37.6426],[127.62329,37.64148],[127.6219,37.63957],[127.62117,37.64007],[127.6213,37.64074],[127.62198,37.64214],[127.6218,37.64283],[127.61977,37.64293],[127.61893,37.64341],[127.61883,37.64408],[127.61811,37.64585],[127.61683,37.64669],[127.6155,37.64703],[127.61332,37.64566],[127.61163,37.64657],[127.61081,37.64742],[127.61001,37.64763],[127.60918,37.64914],[127.60903,37.64988],[127.6074,37.65018],[127.60661,37.65081],[127.60497,37.65122],[127.60334,37.65115],[127.60219,37.65154],[127.60175,37.65017],[127.60099,37.64921],[127.60031,37.64786],[127.5995,37.64773],[127.59882,37.64688],[127.59715,37.64662],[127.59661,37.64581],[127.59568,37.64538],[127.59518,37.6455],[127.59435,37.64505],[127.5932,37.64506],[127.59178,37.64428],[127.59151,37.64363],[127.5867,37.64282],[127.58597,37.64285],[127.58486,37.6423],[127.58421,37.64096],[127.58326,37.64013],[127.58343,37.63899],[127.58324,37.63836],[127.58349,37.63559],[127.58287,37.63472],[127.58128,37.63389],[127.58065,37.6334],[127.57981,37.63334],[127.57935,37.63298],[127.57792,37.63282],[127.57537,37.63361],[127.57456,37.63305],[127.57375,37.63315],[127.57315,37.63253],[127.57142,37.632],[127.57089,37.63226],[127.56971,37.63232],[127.56885,37.63206],[127.56723,37.6329],[127.56555,37.63317],[127.56468,37.63316],[127.5633,37.63171],[127.56259,37.63134],[127.56197,37.63056],[127.56105,37.63005],[127.56016,37.62984],[127.55946,37.62849],[127.55873,37.62862],[127.55648,37.62998],[127.55529,37.63023],[127.55427,37.63142],[127.55331,37.63122],[127.55164,37.63187],[127.55136,37.63225],[127.54867,37.633],[127.54826,37.63321],[127.54818,37.63451],[127.54777,37.63478],[127.54772,37.63551],[127.54722,37.63617],[127.54717,37.63736],[127.54451,37.63759],[127.54372,37.63786],[127.54265,37.63953],[127.54157,37.63979],[127.54056,37.64033],[127.53962,37.64048],[127.5387,37.6415],[127.53794,37.64148],[127.5366,37.64387],[127.53568,37.64502],[127.53524,37.64716],[127.53552,37.64737],[127.53582,37.64875],[127.53556,37.64967],[127.53566,37.65069],[127.53628,37.65058],[127.53722,37.65085],[127.5383,37.65059],[127.53967,37.6507],[127.54109,37.65109],[127.5418,37.65098],[127.54267,37.65155],[127.54385,37.65173],[127.54405,37.65293],[127.54453,37.65349],[127.54483,37.65499],[127.54622,37.65786],[127.5469,37.65793],[127.54798,37.65888],[127.54932,37.65906],[127.55008,37.65972],[127.55111,37.66012],[127.55126,37.66085],[127.55282,37.66153],[127.55228,37.66322],[127.5518,37.66375],[127.5517,37.66513],[127.55026,37.66613],[127.54961,37.66684],[127.54905,37.66861],[127.54931,37.67009],[127.54924,37.67082],[127.54982,37.67134],[127.54962,37.67217],[127.54966,37.67456],[127.54954,37.67488],[127.55026,37.67589],[127.55032,37.67679],[127.5508,37.67725],[127.55065,37.68056],[127.55113,37.68228],[127.55052,37.68393],[127.55083,37.68458],[127.55064,37.68704],[127.55085,37.68834],[127.55162,37.68959],[127.5515,37.69019],[127.55227,37.69169],[127.55294,37.69226],[127.55261,37.69297],[127.55305,37.69335],[127.55323,37.69452],[127.55417,37.6953],[127.55431,37.69677],[127.55499,37.69796],[127.5553,37.69922],[127.55526,37.70011],[127.55565,37.70081],[127.55657,37.70169],[127.55658,37.70205],[127.55581,37.70317],[127.5558,37.70436],[127.55716,37.70487],[127.55863,37.70604],[127.55825,37.70732],[127.55877,37.7083],[127.55833,37.70891],[127.5583,37.70962],[127.5589,37.71222],[127.55826,37.71292],[127.55805,37.71391],[127.55925,37.71532],[127.55909,37.71574],[127.56,37.71675],[127.56108,37.71696],[127.56118,37.71841],[127.56165,37.71917],[127.56186,37.72007],[127.56138,37.72131],[127.56128,37.72222],[127.55976,37.72316],[127.56014,37.72368],[127.55996,37.72445],[127.55935,37.72493],[127.55944,37.72578],[127.55993,37.72667],[127.55973,37.72803],[127.55991,37.72858],[127.5566,37.72923],[127.55375,37.72879],[127.55123,37.72756],[127.54927,37.72393],[127.54533,37.72164],[127.54251,37.71986],[127.54017,37.71946],[127.53734,37.72049],[127.53389,37.72193],[127.53169,37.72404],[127.52962,37.72642],[127.5272,37.72686],[127.5247,37.72647],[127.52151,37.72404],[127.51701,37.72036],[127.51343,37.71759],[127.51186,37.71568],[127.50951,37.71693],[127.50707,37.72059],[127.50615,37.72415],[127.50648,37.72781],[127.50711,37.73136],[127.51021,37.73497],[127.51121,37.73643],[127.514,37.7386],[127.51687,37.74027],[127.52267,37.74279],[127.52838,37.74559],[127.53408,37.7486],[127.53762,37.75115],[127.54209,37.75466],[127.54344,37.75644],[127.54488,37.76007],[127.54499,37.76363],[127.5431,37.7672],[127.54092,37.77088],[127.53759,37.77452],[127.53362,37.77811],[127.53062,37.78173],[127.52863,37.78332],[127.52568,37.78535],[127.52226,37.78895],[127.52081,37.79254],[127.52305,37.79617],[127.52676,37.79977],[127.52943,37.80284],[127.53309,37.80692],[127.53735,37.81054],[127.53663,37.81412],[127.53494,37.81771],[127.53203,37.82028],[127.5278,37.82163],[127.52564,37.82287],[127.52459,37.825],[127.5248,37.82967],[127.52562,37.83292],[127.52732,37.83646],[127.52944,37.83972],[127.53244,37.84215],[127.53703,37.84502],[127.54046,37.84655],[127.54583,37.84679],[127.54965,37.84654],[127.55004,37.84788],[127.54993,37.84895],[127.55043,37.85072],[127.55009,37.85193],[127.55119,37.85224],[127.55214,37.8533],[127.5528,37.85344],[127.55533,37.85473],[127.55611,37.85562],[127.55745,37.85628],[127.55853,37.85645],[127.56093,37.85632],[127.56324,37.85588],[127.56329,37.85645],[127.56387,37.85751],[127.56388,37.85803],[127.56466,37.85806],[127.56547,37.85865],[127.56684,37.85922],[127.56635,37.86052],[127.56589,37.86124],[127.56694,37.86286],[127.56782,37.86538],[127.56842,37.86589],[127.5686,37.86697],[127.56986,37.86722],[127.5698,37.86823],[127.57187,37.86891],[127.57224,37.86993],[127.57319,37.8702],[127.57416,37.87116],[127.57405,37.8715],[127.57458,37.87235],[127.57548,37.87235],[127.57598,37.87296],[127.57698,37.87324],[127.57789,37.87401],[127.58061,37.87431],[127.58139,37.87476],[127.58296,37.87516],[127.58349,37.87581],[127.58462,37.87629],[127.58664,37.87589],[127.58764,37.87633],[127.5906,37.87571],[127.59203,37.87592],[127.59424,37.87602],[127.59572,37.87554],[127.59765,37.87537],[127.59817,37.87485],[127.59967,37.87473],[127.60059,37.87437],[127.60321,37.8742],[127.60446,37.87586],[127.60585,37.87649],[127.60634,37.87778],[127.60671,37.8795],[127.60809,37.88182],[127.60883,37.88217],[127.6091,37.88352],[127.60875,37.88392],[127.60857,37.88515],[127.60763,37.88648],[127.60744,37.88754],[127.60776,37.88868],[127.6074,37.88966],[127.60844,37.8914],[127.60837,37.89209],[127.60901,37.89332],[127.61021,37.89391],[127.6101,37.8944],[127.61068,37.89535],[127.61118,37.89721],[127.612,37.89823],[127.61346,37.89882],[127.61441,37.9],[127.61453,37.90134],[127.61539,37.90298],[127.61582,37.90473],[127.61705,37.906],[127.61714,37.90636],[127.61649,37.90713],[127.61697,37.90836],[127.61691,37.9098],[127.61658,37.9119],[127.61561,37.91469],[127.61495,37.91558],[127.61396,37.91841],[127.6139,37.91961],[127.61249,37.92035],[127.61214,37.92092],[127.61205,37.92406],[127.61355,37.92566],[127.61451,37.92601],[127.61658,37.92827],[127.61615,37.92923],[127.61597,37.93091],[127.61496,37.93229],[127.61435,37.93461],[127.61379,37.93583],[127.61298,37.93684],[127.61261,37.93777],[127.61315,37.93922],[127.61267,37.94048],[127.61207,37.9406],[127.6101,37.94175],[127.60897,37.94307],[127.60374,37.94449],[127.60252,37.94633],[127.60176,37.9481],[127.60266,37.95171],[127.60277,37.95281],[127.60244,37.955],[127.60078,37.95597],[127.60042,37.95654],[127.59737,37.95702],[127.59479,37.95723],[127.59344,37.95754],[127.59226,37.95808],[127.59027,37.95973],[127.58844,37.96024],[127.58574,37.96152],[127.58472,37.96175],[127.58303,37.9615],[127.5817,37.96166],[127.57934,37.96114],[127.57787,37.9614],[127.57657,37.96258],[127.57653,37.96298],[127.57443,37.9637],[127.57133,37.964],[127.56811,37.96367],[127.56681,37.96341],[127.56487,37.96322],[127.56189,37.96277],[127.55984,37.96288],[127.55838,37.96314],[127.55688,37.96398],[127.55632,37.96461],[127.55337,37.96545],[127.55066,37.96611],[127.54738,37.96646],[127.54523,37.96773],[127.54431,37.96939],[127.54425,37.97411],[127.54466,37.9757],[127.54616,37.97631],[127.54717,37.97828],[127.54665,37.98047],[127.54588,37.98158],[127.54611,37.98391],[127.54539,37.98521],[127.54462,37.9861],[127.54385,37.98872],[127.54364,37.99118],[127.54247,37.99429],[127.54125,37.99719],[127.54044,37.99992],[127.53988,38.00057],[127.53692,38.00066],[127.53109,38.00239],[127.52934,38.00165],[127.52613,38.00135],[127.52338,38.00155],[127.52059,38.00101],[127.51873,38.0009],[127.5169,38.00064],[127.51519,38.0007],[127.51237,38.00021],[127.5089,38.00131],[127.50392,37.99795],[127.50053,38.00049],[127.49806,38.00128],[127.4974,38.00371],[127.49631,38.00377],[127.4931,38.00427],[127.49127,38.00478],[127.48966,38.00503],[127.48756,38.00506],[127.4853,38.0049],[127.48296,38.00543],[127.48152,38.00623],[127.47975,38.00638],[127.47702,38.0063],[127.47521,38.0064],[127.47232,38.00628],[127.47156,38.00645],[127.47061,38.00793],[127.46966,38.00884],[127.46788,38.00953],[127.46533,38.01078],[127.46438,38.01155],[127.46296,38.01172],[127.46154,38.01285],[127.46058,38.01429],[127.45984,38.01459],[127.45913,38.01567],[127.45753,38.01699],[127.45686,38.01846],[127.45665,38.02091],[127.45596,38.0224],[127.45582,38.02441],[127.45524,38.02521],[127.45636,38.02672],[127.45538,38.02921],[127.4534,38.0308],[127.45323,38.03266],[127.45271,38.03375],[127.45187,38.0346],[127.45204,38.03539],[127.45102,38.03809],[127.45176,38.04157],[127.4527,38.04398],[127.45291,38.04719],[127.45237,38.0481],[127.45043,38.04862],[127.44953,38.04927],[127.44836,38.05051],[127.44624,38.05121],[127.446,38.0518],[127.44672,38.05422],[127.44593,38.0556],[127.44514,38.05628],[127.44458,38.05726],[127.44448,38.05823],[127.44465,38.05975],[127.4452,38.06059],[127.4448,38.06133],[127.4461,38.06398],[127.44602,38.06475],[127.44674,38.06723],[127.44647,38.06854],[127.44674,38.07122],[127.44643,38.07239],[127.44594,38.07306],[127.44457,38.07405],[127.44448,38.07478],[127.44638,38.07763],[127.44691,38.07907],[127.44708,38.08073],[127.44656,38.08292],[127.44666,38.08464],[127.44644,38.08556],[127.44533,38.08687],[127.4448,38.08798],[127.44512,38.08911],[127.44551,38.09136],[127.44588,38.09269],[127.44564,38.094],[127.44521,38.0947],[127.44517,38.09747],[127.44226,38.10188],[127.44158,38.10351],[127.44136,38.10679],[127.44116,38.10752],[127.44045,38.10883],[127.4395,38.10972],[127.43748,38.11048],[127.4354,38.11045],[127.4343,38.11063],[127.43294,38.11151],[127.43229,38.11341],[127.43093,38.11536],[127.42888,38.11429],[127.42737,38.11304],[127.42635,38.11171],[127.42541,38.11115],[127.42507,38.10901],[127.42262,38.10677],[127.42174,38.10618],[127.42042,38.1061],[127.41848,38.10476],[127.4175,38.10388],[127.4166,38.10359],[127.41442,38.10217],[127.41341,38.10201],[127.41127,38.1025],[127.4104,38.10294],[127.40552,38.10295],[127.40554,38.10629],[127.4044,38.10694],[127.40374,38.10821],[127.40388,38.10863],[127.40331,38.11031],[127.40367,38.11094],[127.40339,38.11226],[127.40345,38.11296],[127.40218,38.11323],[127.40067,38.11376],[127.39919,38.11352],[127.39681,38.11332],[127.39625,38.11386],[127.39519,38.11376],[127.39423,38.1134],[127.39332,38.11353],[127.3917,38.11454],[127.39063,38.11477],[127.38966,38.11458],[127.38766,38.11485],[127.38695,38.11464],[127.38596,38.11482],[127.38479,38.11422],[127.38389,38.1146],[127.38395,38.11582],[127.38337,38.1165],[127.38327,38.11708],[127.38175,38.11688],[127.37999,38.11787],[127.37861,38.11843],[127.37776,38.11781],[127.37705,38.11777],[127.37521,38.11592],[127.37404,38.11495],[127.37299,38.1145],[127.37221,38.11374],[127.37237,38.11273],[127.3722,38.11126],[127.37184,38.1105],[127.36996,38.10924],[127.3686,38.10888],[127.36782,38.1083],[127.36678,38.10819],[127.36664,38.10724],[127.36594,38.10693],[127.36434,38.10718],[127.36303,38.10685],[127.3622,38.10709],[127.36101,38.10666],[127.35866,38.10622],[127.35634,38.10596],[127.35597,38.10581],[127.35438,38.10443],[127.35342,38.10416],[127.35208,38.10499],[127.35068,38.10411],[127.3489,38.10472],[127.34813,38.10483],[127.34655,38.10421],[127.3456,38.10288],[127.34518,38.10259],[127.34297,38.10224],[127.34098,38.10181],[127.33977,38.10129],[127.33927,38.10077],[127.33914,38.09851],[127.33841,38.09686],[127.33829,38.09586],[127.33879,38.09404],[127.33887,38.09268],[127.33838,38.09134],[127.33762,38.09007],[127.33696,38.08977],[127.33598,38.09034],[127.33291,38.0914],[127.33079,38.09297],[127.33034,38.09355],[127.32872,38.09438],[127.32652,38.09464],[127.32479,38.0946],[127.32342,38.09492],[127.32265,38.09473],[127.32067,38.09468],[127.31992,38.096],[127.31898,38.09641],[127.31787,38.09752],[127.31755,38.09828],[127.31627,38.09864],[127.31623,38.10074],[127.31633,38.10202],[127.31508,38.10414],[127.31442,38.10465],[127.31444,38.10515],[127.31348,38.10601],[127.3128,38.10758],[127.31268,38.10836],[127.31211,38.10945],[127.31262,38.11039],[127.31197,38.11162],[127.31206,38.11245],[127.31157,38.11279],[127.31147,38.11375],[127.31099,38.11429],[127.31172,38.11486],[127.31137,38.11593],[127.3102,38.11705],[127.30982,38.11803],[127.30894,38.11819],[127.30755,38.11902],[127.30763,38.11799],[127.30696,38.11758],[127.30632,38.11633],[127.3045,38.11546],[127.30414,38.11574],[127.30269,38.11558],[127.30197,38.11524],[127.30089,38.1155],[127.30059,38.11523],[127.29926,38.1155],[127.29895,38.11585],[127.29708,38.11591],[127.29605,38.11512],[127.29446,38.1151],[127.29229,38.11431],[127.29123,38.11445],[127.29167,38.11535],[127.28957,38.11552],[127.28857,38.1164],[127.2875,38.11517],[127.28655,38.1148],[127.28609,38.11429],[127.28558,38.11528],[127.28456,38.1161],[127.28275,38.11649],[127.28288,38.11814],[127.28227,38.1183],[127.28235,38.11977],[127.28203,38.12034],[127.28276,38.12116],[127.28311,38.12208],[127.28238,38.12231],[127.28162,38.12351],[127.28199,38.12425],[127.28142,38.12494],[127.28057,38.12514],[127.2765,38.12472],[127.27575,38.12486],[127.27678,38.12804],[127.27678,38.1288],[127.27631,38.13027],[127.27643,38.13168],[127.27632,38.13265],[127.27472,38.1339],[127.27454,38.13478],[127.27462,38.13583],[127.27501,38.13728],[127.27591,38.1389],[127.2774,38.14042],[127.27928,38.14192],[127.27974,38.14254],[127.28074,38.14296],[127.28195,38.14374],[127.28236,38.14481],[127.28283,38.14509],[127.28426,38.14685],[127.28466,38.14946],[127.28582,38.15088],[127.28641,38.15264],[127.28614,38.15351],[127.28557,38.15388],[127.28525,38.15508],[127.28401,38.15735],[127.28384,38.15807],[127.28405,38.15949],[127.28461,38.16045],[127.28538,38.16026],[127.28632,38.16047],[127.287,38.16139],[127.28699,38.16367],[127.28737,38.16456],[127.28857,38.16456],[127.28871,38.16597],[127.28824,38.16799],[127.289,38.16946],[127.29074,38.17014],[127.2927,38.17177],[127.29425,38.17173],[127.29619,38.17248],[127.29799,38.1752],[127.29774,38.17628],[127.29672,38.17674],[127.29533,38.1769],[127.29399,38.17728],[127.29311,38.17726],[127.29179,38.17689],[127.29073,38.17694],[127.28914,38.17753],[127.28843,38.177],[127.28782,38.17736],[127.28765,38.17812],[127.28611,38.17953],[127.28611,38.18028],[127.28444,38.18047],[127.28392,38.18114],[127.28392,38.18259],[127.28313,38.1829],[127.28213,38.1824],[127.28031,38.18268],[127.2795,38.1826],[127.27848,38.18208],[127.27715,38.1825],[127.27626,38.1824],[127.27485,38.18112],[127.27351,38.18108],[127.27115,38.18195],[127.27009,38.18192],[127.2684,38.18025],[127.26765,38.18013],[127.26668,38.1806],[127.26602,38.18024],[127.26468,38.17852],[127.26464,38.17801],[127.26514,38.17731],[127.26618,38.17645],[127.26646,38.17577],[127.26541,38.17396],[127.26511,38.17296],[127.26435,38.17158],[127.26324,38.17074],[127.26177,38.17025],[127.26011,38.17038],[127.25868,38.16934],[127.25864,38.16831],[127.25619,38.16433],[127.25654,38.16357],[127.25605,38.16299],[127.25506,38.16272],[127.25412,38.16277],[127.25267,38.16245],[127.25231,38.16204],[127.25033,38.16126],[127.24952,38.16081],[127.2486,38.16078],[127.24783,38.1604],[127.24765,38.15973],[127.24591,38.15889],[127.24561,38.15826],[127.24399,38.1575],[127.2433,38.15767],[127.24252,38.15737],[127.24191,38.15753],[127.23929,38.1565],[127.2388,38.15546],[127.23721,38.15429],[127.23833,38.1535],[127.2372,38.15253],[127.23776,38.15121],[127.23691,38.15073],[127.23569,38.14917],[127.23581,38.14883],[127.23511,38.1481],[127.23465,38.14711],[127.2339,38.14719],[127.23279,38.14686],[127.23148,38.14727],[127.23126,38.14783],[127.22847,38.14756],[127.22634,38.14837],[127.22473,38.14786],[127.22382,38.14704],[127.22413,38.14608],[127.22381,38.14517],[127.22436,38.14363],[127.22357,38.14323],[127.22428,38.14224],[127.22414,38.14073],[127.22219,38.13948],[127.2228,38.13832],[127.22204,38.13743],[127.22093,38.13837],[127.21919,38.13906],[127.21834,38.13975],[127.21697,38.14127],[127.21474,38.14262],[127.21389,38.14281],[127.21255,38.14342],[127.21258,38.14601],[127.21133,38.14695],[127.20963,38.14671],[127.20826,38.14718],[127.20721,38.14812],[127.20593,38.14977],[127.20502,38.15037],[127.20337,38.15216],[127.20323,38.15317],[127.20285,38.15355],[127.20143,38.15359],[127.20055,38.15407],[127.20042,38.1545],[127.19895,38.15571],[127.19801,38.15614],[127.19742,38.1561],[127.19521,38.15664],[127.19475,38.15754],[127.19183,38.15936],[127.19083,38.15972],[127.18979,38.16116],[127.18893,38.16182],[127.18869,38.16407],[127.18829,38.16476],[127.18804,38.16611],[127.18762,38.16697],[127.18745,38.16811],[127.18754,38.16913],[127.18683,38.16991],[127.18643,38.17101],[127.18693,38.17213],[127.18634,38.17266],[127.18586,38.17388],[127.18629,38.17447],[127.18634,38.17567],[127.18681,38.17724],[127.18822,38.17923],[127.18847,38.18029],[127.18901,38.18108],[127.18884,38.18271],[127.18898,38.18371],[127.18844,38.18417],[127.18859,38.18518],[127.1893,38.18652],[127.18921,38.1883],[127.18832,38.18776],[127.18703,38.1878],[127.18534,38.18756],[127.18497,38.18664],[127.18334,38.1859],[127.1819,38.1858],[127.18056,38.18615],[127.17995,38.18696],[127.17914,38.18741],[127.17556,38.19124],[127.17474,38.19227],[127.17394,38.1937],[127.1726,38.19537],[127.1697,38.19765],[127.16962,38.19812],[127.1726,38.20128],[127.17346,38.20167],[127.17379,38.20294],[127.17423,38.20317],[127.17514,38.20548],[127.17367,38.20779],[127.17212,38.20969],[127.17185,38.21152],[127.17205,38.21196],[127.17117,38.21349],[127.16821,38.21456],[127.16643,38.2154],[127.1647,38.21566],[127.16446,38.21597],[127.16243,38.2174],[127.16102,38.21826],[127.1607,38.21904],[127.16008,38.21919],[127.16134,38.2223],[127.1618,38.22275],[127.16184,38.22363],[127.1602,38.2254],[127.16013,38.22634],[127.16076,38.22835],[127.16175,38.22962],[127.16222,38.23195],[127.16291,38.23244],[127.16248,38.23334],[127.16149,38.23477],[127.16273,38.237],[127.16329,38.23848],[127.16183,38.23889],[127.16006,38.239],[127.15902,38.23921],[127.15779,38.23892],[127.15509,38.23998],[127.15386,38.24031],[127.15324,38.24187],[127.15134,38.24199],[127.15071,38.24227],[127.14892,38.24234],[127.14734,38.24165],[127.14766,38.2412],[127.14729,38.24006],[127.14634,38.23933],[127.14543,38.23935],[127.14323,38.23768],[127.14275,38.23661],[127.14207,38.23735],[127.14093,38.23769],[127.14001,38.23771],[127.13895,38.23658],[127.13724,38.23609],[127.13508,38.2365],[127.13476,38.23564],[127.13509,38.23413],[127.13453,38.23365],[127.13259,38.23355],[127.13116,38.23275],[127.13058,38.23275],[127.12955,38.23355],[127.12796,38.23349],[127.1267,38.23409],[127.12572,38.23392],[127.12479,38.2334],[127.12305,38.2328],[127.12215,38.2335],[127.12083,38.23389],[127.12072,38.23459],[127.11961,38.23495],[127.1168,38.237],[127.11573,38.23657],[127.11433,38.23652],[127.11357,38.23682],[127.11227,38.23843],[127.11249,38.23934],[127.11201,38.23962],[127.11188,38.24044],[127.11134,38.24104],[127.1099,38.24184],[127.10989,38.24305],[127.10957,38.24419],[127.11136,38.24672],[127.11157,38.24739],[127.1107,38.24895],[127.11027,38.25127],[127.11097,38.25221],[127.11025,38.2529],[127.10969,38.25456],[127.10891,38.25611],[127.10807,38.2583],[127.108,38.26113],[127.10919,38.26324],[127.10933,38.26576],[127.10908,38.26733],[127.10809,38.26841],[127.10934,38.26936],[127.11055,38.26936],[127.11077,38.27079],[127.11041,38.27135],[127.10965,38.27165],[127.10531,38.27219],[127.10363,38.2726],[127.10168,38.27339],[127.10081,38.27459],[127.10102,38.2756],[127.10364,38.27774],[127.10437,38.27873],[127.10454,38.27943],[127.10396,38.28038],[127.10321,38.28079],[127.1006,38.28104],[127.09793,38.28111],[127.0961,38.28101],[127.09513,38.28138],[127.09273,38.28226],[127.09221,38.28221],[127.09212,38.28016],[127.09043,38.28019],[127.08965,38.27967],[127.08781,38.27968],[127.08627,38.27857],[127.08586,38.27927],[127.08439,38.27978],[127.08436,38.28019],[127.08299,38.28019],[127.08088,38.27901],[127.07916,38.27884],[127.07858,38.27943],[127.07813,38.27886],[127.07721,38.27836],[127.07577,38.27803],[127.07519,38.27674],[127.07643,38.27489],[127.07695,38.273],[127.07648,38.27218],[127.07427,38.27158],[127.07304,38.27184],[127.07256,38.27169],[127.07287,38.27086],[127.07134,38.2681],[127.06998,38.26656],[127.06843,38.26667],[127.06618,38.26538],[127.06638,38.2645],[127.06621,38.26365],[127.06493,38.26372],[127.06402,38.26305],[127.06208,38.26257],[127.06067,38.26301],[127.05989,38.2629],[127.0595,38.26236],[127.05789,38.26219],[127.05788,38.26168],[127.05654,38.26031],[127.05572,38.25993],[127.0554,38.25912],[127.05418,38.25857],[127.05323,38.25878],[127.05256,38.25929],[127.05062,38.25907],[127.04939,38.25933],[127.04695,38.25961],[127.04167,38.25839],[127.04103,38.25774],[127.04131,38.2567],[127.04022,38.25666],[127.03931,38.25528],[127.03975,38.25483],[127.03904,38.25387],[127.03864,38.25434],[127.03771,38.25344],[127.03758,38.25281],[127.0381,38.25228],[127.03778,38.25133],[127.03657,38.2498],[127.03549,38.24962],[127.03489,38.24885],[127.03337,38.24841],[127.03181,38.24829],[127.03147,38.249],[127.0305,38.24871],[127.03116,38.24814],[127.03118,38.24656],[127.02887,38.24526],[127.02813,38.24499],[127.02616,38.2459],[127.02533,38.24571],[127.02419,38.2446],[127.02329,38.24607],[127.02288,38.24627],[127.02101,38.24554],[127.02139,38.24491],[127.0224,38.24458],[127.02249,38.24361],[127.02331,38.24301],[127.02362,38.24235],[127.02351,38.24161],[127.02261,38.24067],[127.02152,38.23998],[127.02061,38.23909],[127.01919,38.23868],[127.01873,38.23826],[127.01791,38.23819],[127.0154,38.23753],[127.01402,38.23675],[127.01397,38.23605],[127.01336,38.23606],[127.01318,38.23499],[127.01236,38.23452],[127.01237,38.23352],[127.01178,38.23213],[127.01184,38.23157],[127.01072,38.23082],[127.01083,38.22887],[127.01001,38.22859],[127.01006,38.22783],[127.00951,38.2273],[127.00931,38.22615],[127.00832,38.22592],[127.00642,38.22583],[127.00558,38.22499],[127.00538,38.22329],[127.00516,38.22288],[127.00393,38.2233],[127.00391,38.22277],[127.00507,38.22191],[127.00471,38.22151],[127.00334,38.22191],[127.00287,38.22292],[127.00111,38.22304],[127.00034,38.22294],[126.99948,38.22326],[126.99951,38.22418],[126.99832,38.22457],[126.9975,38.22338],[126.99717,38.22404],[126.99828,38.22506],[126.99765,38.22572],[126.99677,38.22617],[126.99564,38.22637],[126.99564,38.22688],[126.99464,38.22669],[126.99404,38.2261],[126.99373,38.22467],[126.99332,38.22466],[126.99265,38.22548],[126.99144,38.22593],[126.99287,38.22629],[126.99332,38.22719],[126.99328,38.22776],[126.99223,38.22838],[126.99159,38.22947],[126.99067,38.22937],[126.98977,38.22851],[126.99085,38.22723],[126.99011,38.22689],[126.99023,38.2261],[126.98877,38.22536],[126.98798,38.22613],[126.98719,38.22593],[126.98726,38.22723],[126.98356,38.22666],[126.98381,38.2274],[126.9819,38.22748],[126.98134,38.22661],[126.98159,38.22623],[126.98126,38.22524],[126.97991,38.22458],[126.97963,38.22355],[126.97891,38.22268],[126.97904,38.22187],[126.98024,38.22119],[126.98122,38.21972],[126.98017,38.21868],[126.9804,38.21827],[126.98008,38.2175],[126.98124,38.21664],[126.98173,38.215],[126.98243,38.21467],[126.98316,38.21337],[126.98365,38.21329],[126.98365,38.2106],[126.98019,38.20803],[126.98029,38.20748],[126.97984,38.20669],[126.97976,38.2053],[126.97824,38.20503],[126.97732,38.20455],[126.9744,38.20455],[126.9745,38.20278],[126.97441,38.20094],[126.97527,38.20094],[126.97493,38.19943],[126.97395,38.19904],[126.97303,38.19898],[126.96959,38.19943],[126.96784,38.19938],[126.96653,38.19895],[126.96651,38.19292],[126.96514,38.19251],[126.96461,38.19177],[126.96392,38.19223],[126.96333,38.19178],[126.96263,38.19079],[126.96457,38.189],[126.96603,38.18797],[126.96638,38.18716],[126.96711,38.18663],[126.96795,38.18669],[126.96861,38.18541],[126.96783,38.18361],[126.96842,38.18313],[126.96816,38.18255],[126.9694,38.18206],[126.96846,38.18159],[126.96825,38.18102],[126.96879,38.18053],[126.968,38.17966],[126.96654,38.17991],[126.96636,38.1793],[126.96698,38.17888],[126.96671,38.17818],[126.9658,38.17782],[126.9651,38.17619],[126.96519,38.17532],[126.96568,38.17477],[126.96488,38.17299],[126.96544,38.17244],[126.96495,38.17208],[126.9656,38.1711],[126.96384,38.1709],[126.96334,38.17049],[126.96405,38.16992],[126.96371,38.16936],[126.96259,38.16894],[126.96216,38.1683],[126.96101,38.16851],[126.96025,38.16769],[126.95943,38.16615],[126.9583,38.16533],[126.9576,38.16521],[126.95667,38.16596],[126.95674,38.1674],[126.9571,38.16828],[126.9561,38.16826],[126.95586,38.16607],[126.95605,38.16426],[126.95512,38.16387],[126.95495,38.1634],[126.95423,38.16316],[126.95316,38.16216],[126.95245,38.16272],[126.9522,38.16384],[126.9525,38.16431],[126.95359,38.16438],[126.95325,38.16516],[126.95264,38.16491],[126.95129,38.1649],[126.95129,38.16433],[126.95074,38.16355],[126.94944,38.16234],[126.94944,38.1596],[126.95038,38.15907],[126.95155,38.15782],[126.95272,38.15719],[126.95496,38.15635],[126.95798,38.15457],[126.95962,38.15352],[126.95945,38.15314],[126.96309,38.15022],[126.96507,38.14898],[126.96652,38.14848],[126.96798,38.14746],[126.96874,38.14626],[126.96936,38.14484],[126.96945,38.14347],[126.96834,38.14349],[126.96649,38.13906],[126.96708,38.13879],[126.96641,38.13739],[126.96503,38.13789],[126.96605,38.13968],[126.96378,38.13977],[126.9631,38.13963],[126.96086,38.13968],[126.96086,38.13607],[126.95884,38.13607],[126.95883,38.13559],[126.95753,38.13465],[126.956,38.1346],[126.95553,38.13494],[126.95349,38.13509],[126.95276,38.13493],[126.95106,38.13519],[126.95007,38.13573],[126.94758,38.1348],[126.94612,38.13436],[126.94508,38.13537],[126.94469,38.13472],[126.94336,38.13442],[126.9403,38.13393],[126.94001,38.13356],[126.93882,38.13305],[126.93894,38.13228],[126.93761,38.13246],[126.93612,38.13246],[126.93493,38.13186],[126.93448,38.13193],[126.93235,38.13165],[126.93234,38.13016],[126.93214,38.12933],[126.93108,38.12731],[126.93023,38.12688],[126.93044,38.128],[126.92898,38.12824],[126.92785,38.12731],[126.92831,38.12681],[126.9276,38.12621],[126.92721,38.12666],[126.92745,38.12745],[126.92655,38.12838],[126.92517,38.12895],[126.92471,38.1298],[126.92373,38.12962],[126.92385,38.13032],[126.92323,38.13161],[126.9225,38.13212],[126.92187,38.13344],[126.92057,38.13435],[126.91895,38.13465],[126.91706,38.13672],[126.91596,38.13693],[126.91391,38.13614],[126.91225,38.13618],[126.91162,38.13693],[126.90968,38.13779],[126.90705,38.13761],[126.90559,38.138],[126.9046,38.13755],[126.90215,38.13543],[126.90207,38.13413],[126.89995,38.13343],[126.89893,38.1328],[126.89749,38.13317],[126.89675,38.13221],[126.89508,38.13068],[126.89407,38.1309],[126.89226,38.13027],[126.89089,38.12946],[126.88937,38.12883],[126.88841,38.12889],[126.888,38.12808],[126.88778,38.12615],[126.88663,38.12545],[126.88549,38.12421],[126.88597,38.12285],[126.88527,38.12197],[126.8846,38.11999],[126.88483,38.11915],[126.88417,38.11827],[126.88385,38.11709],[126.88414,38.11671],[126.88323,38.11584],[126.882,38.11591],[126.8807,38.11439],[126.88007,38.11427],[126.87872,38.1149],[126.87767,38.11457],[126.87759,38.11341],[126.87709,38.1131],[126.87551,38.11317],[126.87329,38.11356],[126.87216,38.11264],[126.87201,38.11181],[126.87123,38.11141],[126.86963,38.11171],[126.86841,38.11113],[126.86717,38.11118],[126.86616,38.11028],[126.86443,38.10953],[126.86264,38.10829],[126.86237,38.10833],[126.86099,38.10689],[126.86022,38.10437],[126.85965,38.10429],[126.85904,38.1036],[126.85922,38.10283],[126.85793,38.10127],[126.8577,38.10038],[126.85685,38.09987],[126.85533,38.09969],[126.85562,38.09809],[126.85632,38.09698],[126.85713,38.09711],[126.8584,38.09697],[126.85912,38.09716],[126.85971,38.0961],[126.8622,38.09544],[126.86324,38.09438],[126.86213,38.09362],[126.86155,38.09212],[126.86044,38.09208],[126.85985,38.09231],[126.85907,38.09182],[126.85869,38.09011],[126.85966,38.08747],[126.8601,38.08719],[126.86019,38.08527],[126.86199,38.08505],[126.86284,38.08388],[126.86382,38.08378],[126.86476,38.08336],[126.86534,38.08168],[126.86617,38.08109],[126.86775,38.08099],[126.8689,38.08012],[126.86948,38.07755],[126.86849,38.07559],[126.86835,38.07447],[126.86698,38.0737],[126.86757,38.07188],[126.86698,38.07053],[126.86753,38.06959],[126.86725,38.06929],[126.86625,38.06945],[126.86592,38.06901],[126.86579,38.06792],[126.86478,38.06749],[126.8634,38.06733],[126.8633,38.06622],[126.86238,38.06535],[126.86099,38.06462],[126.85955,38.06464],[126.859,38.06422],[126.85858,38.06246],[126.85798,38.06167],[126.85698,38.06144],[126.85545,38.06153],[126.85482,38.061],[126.85269,38.06031],[126.85835,38.06032],[126.85835,38.05867],[126.85795,38.05788],[126.85836,38.05761],[126.85836,38.05397],[126.85854,38.05332],[126.85784,38.05301],[126.85594,38.05323],[126.85476,38.05311],[126.85253,38.0531],[126.85274,38.05215],[126.85267,38.05056],[126.85292,38.0495],[126.85268,38.04851],[126.85268,38.04608],[126.85286,38.04532],[126.85371,38.04472],[126.85269,38.04444],[126.85269,38.04309],[126.85481,38.04043],[126.8544,38.0398],[126.85261,38.03806],[126.85238,38.03509],[126.85269,38.03438],[126.85369,38.03318],[126.8552,38.03241],[126.85495,38.03165],[126.85363,38.0319],[126.85255,38.03232],[126.85051,38.0325],[126.84887,38.03341],[126.84699,38.03344],[126.84621,38.03314],[126.84496,38.03209],[126.84284,38.03231],[126.84189,38.0329],[126.84073,38.03291],[126.8397,38.03163],[126.8392,38.03136],[126.83535,38.02702],[126.83323,38.02498],[126.83281,38.02549],[126.83302,38.02613],[126.8322,38.02619],[126.83148,38.02527],[126.8321,38.0243],[126.83159,38.02332],[126.83181,38.02283],[126.83013,38.02194],[126.82975,38.02283],[126.82897,38.02266],[126.82904,38.02108],[126.82832,38.0204],[126.82841,38.02004],[126.82767,38.01947],[126.82565,38.01982],[126.82594,38.02037],[126.82677,38.02074],[126.82653,38.02126],[126.8269,38.02285],[126.82774,38.02388],[126.82607,38.02398],[126.82542,38.02215],[126.82549,38.02124],[126.82465,38.02029],[126.82426,38.02032],[126.82441,38.01896],[126.82588,38.01846],[126.82606,38.01755],[126.8255,38.01736],[126.82395,38.01634],[126.82238,38.01685],[126.81989,38.01627],[126.81912,38.01664],[126.8187,38.01595],[126.81947,38.01577],[126.82042,38.01595],[126.82151,38.01582],[126.82242,38.01515],[126.82245,38.01467],[126.82108,38.01428],[126.82077,38.01372],[126.82157,38.01349],[126.82132,38.01285],[126.82022,38.01262],[126.81859,38.013],[126.81851,38.01174],[126.81872,38.0111],[126.82012,38.01096],[126.82114,38.01175],[126.82172,38.01097],[126.82235,38.01154],[126.8229,38.01061],[126.82289,38.00977],[126.8234,38.00931],[126.82324,38.00871],[126.82165,38.00907],[126.82143,38.00976],[126.82043,38.01005],[126.82018,38.00971],[126.8186,38.01001],[126.8186,38.0091],[126.82048,38.00875],[126.82152,38.00779],[126.82,38.00712],[126.8186,38.00745],[126.81857,38.00648],[126.8195,38.00606],[126.82117,38.00652],[126.82256,38.0076],[126.82291,38.00716],[126.82093,38.00595],[126.81976,38.00508],[126.81684,38.00259],[126.81582,38.00242],[126.81338,38.00152],[126.81148,38.00156],[126.8105,38.00082],[126.81159,38.00064],[126.81218,37.99987],[126.81122,37.99945],[126.8077,37.99949],[126.8042,37.99902],[126.80373,37.99907],[126.80312,38.00064],[126.80234,38.00023],[126.80262,37.99912],[126.80002,37.99934],[126.79991,37.99998],[126.79869,37.99955],[126.79851,37.99915],[126.7959,37.99882],[126.79425,37.99896],[126.79008,37.99895],[126.79005,37.99699],[126.79036,37.99652],[126.78964,37.99532],[126.7886,37.99495],[126.78718,37.99417],[126.78676,37.99365],[126.78732,37.99329],[126.7867,37.99272],[126.78648,37.99196],[126.78748,37.99109],[126.78711,37.99003],[126.78618,37.98933],[126.78581,37.9881],[126.78699,37.98817],[126.7893,37.98783],[126.78899,37.98726],[126.78832,37.98695],[126.78776,37.98592],[126.78697,37.98595],[126.78666,37.98495],[126.78608,37.9841],[126.78557,37.98398],[126.78365,37.9822],[126.78385,37.98103],[126.7821,37.98053],[126.78044,37.98201],[126.78031,37.9828],[126.77817,37.98328],[126.77777,37.98374],[126.7763,37.98386],[126.77587,37.98446],[126.77449,37.98386],[126.77374,37.98392],[126.77266,37.9844],[126.77227,37.9841],[126.77272,37.98345],[126.77183,37.98236],[126.77265,37.98151],[126.77387,37.98133],[126.77456,37.98046],[126.77522,37.98047],[126.77475,37.97925],[126.77421,37.9788],[126.77238,37.97844],[126.77142,37.97899],[126.77019,37.98056],[126.76941,37.9826],[126.76783,37.98223],[126.76716,37.98252],[126.76586,37.9837],[126.76545,37.98429],[126.76314,37.98507],[126.76185,37.98425],[126.76081,37.98408],[126.76054,37.98338],[126.75921,37.98372],[126.75775,37.98344],[126.75713,37.98281],[126.75562,37.98291],[126.75543,37.98214],[126.75376,37.98164],[126.75244,37.98178],[126.75171,37.98062],[126.75022,37.97955],[126.74968,37.97943],[126.74914,37.97855],[126.74887,37.9775],[126.74825,37.97685],[126.74817,37.97631],[126.74697,37.97587],[126.7447,37.97383],[126.74381,37.97335],[126.74163,37.97266],[126.74069,37.97337],[126.74005,37.97276],[126.74017,37.97235],[126.73949,37.97147],[126.73965,37.9704],[126.7383,37.96939],[126.73776,37.96774],[126.73813,37.96735],[126.73757,37.9664],[126.73688,37.96604],[126.73604,37.9662],[126.73525,37.96693],[126.73484,37.96763],[126.73424,37.96746],[126.73041,37.96879],[126.72778,37.96868],[126.72718,37.969],[126.7267,37.96743],[126.72557,37.96688],[126.72519,37.96645],[126.72385,37.96654],[126.72301,37.96602],[126.72197,37.9665],[126.71939,37.96495],[126.71734,37.96623],[126.71775,37.96684],[126.71767,37.96765],[126.71665,37.96886],[126.71485,37.96935],[126.71204,37.9684],[126.71161,37.96913],[126.71094,37.96926],[126.70948,37.97059],[126.7093,37.97271],[126.70936,37.97364],[126.70885,37.97516],[126.7077,37.97564],[126.70747,37.97526],[126.70371,37.97484],[126.70249,37.97432],[126.70211,37.97384],[126.7018,37.97246],[126.70093,37.97124],[126.70066,37.96912],[126.69972,37.96946],[126.69879,37.96943],[126.69728,37.96886],[126.6968,37.96837],[126.69458,37.96702],[126.69391,37.96697],[126.6923,37.96613],[126.6914,37.96613],[126.69118,37.96336],[126.69016,37.96246],[126.68964,37.96153],[126.69001,37.96104],[126.68827,37.9604],[126.68769,37.95934],[126.68767,37.95843],[126.68731,37.9572],[126.6863,37.95701],[126.6857,37.9575],[126.68342,37.95769],[126.68279,37.95813],[126.6813,37.95811],[126.68038,37.95754],[126.67948,37.95729],[126.67919,37.95579],[126.67846,37.95517],[126.67666,37.95427],[126.67722,37.9553],[126.67689,37.95587],[126.67483,37.9562],[126.6748,37.95547],[126.67423,37.95513],[126.67289,37.95562],[126.67099,37.95518],[126.67087,37.95315],[126.67118,37.95183],[126.67153,37.95183],[126.67189,37.94961],[126.67197,37.94823],[126.67108,37.94696],[126.67027,37.94657],[126.66976,37.94598],[126.66967,37.9452],[126.66984,37.94324],[126.66911,37.9418],[126.66965,37.94102],[126.67111,37.94053],[126.67199,37.93989],[126.67206,37.93935],[126.67148,37.93873],[126.66934,37.93741],[126.66971,37.93586],[126.66918,37.93533],[126.66753,37.93446],[126.66734,37.9332],[126.66683,37.93251],[126.66772,37.9308],[126.6679,37.92957],[126.66786,37.9266],[126.6669,37.92503],[126.66615,37.92342],[126.66565,37.92096],[126.666,37.91906],[126.66685,37.9177],[126.66804,37.91661],[126.66817,37.91623],[126.66936,37.91611],[126.67043,37.9154],[126.67187,37.91491],[126.67292,37.91367],[126.67433,37.91396],[126.67599,37.91409],[126.6785,37.91402],[126.6802,37.91569],[126.68177,37.91564],[126.68197,37.91442],[126.68289,37.91411],[126.68238,37.91341],[126.68278,37.91286],[126.68251,37.91221],[126.68044,37.91118],[126.67964,37.91017],[126.6771,37.90786],[126.67585,37.90721],[126.67547,37.90656],[126.67672,37.90529],[126.6771,37.90336],[126.6769,37.90169],[126.67741,37.90012],[126.67735,37.89779],[126.67666,37.89692],[126.67661,37.89586],[126.67542,37.89522],[126.67593,37.89428],[126.67395,37.89316],[126.6741,37.89224],[126.67339,37.8913],[126.67352,37.89064],[126.67242,37.88951],[126.67218,37.88875],[126.67014,37.88803],[126.67172,37.88684],[126.67396,37.88642],[126.67445,37.88596],[126.67463,37.88525],[126.67427,37.88454],[126.67231,37.88309],[126.67252,37.88221],[126.67356,37.88168],[126.67481,37.8815],[126.67562,37.8817],[126.67633,37.88234],[126.67623,37.8836],[126.67639,37.88455],[126.67735,37.88497],[126.67971,37.88467],[126.6801,37.88392],[126.67925,37.88309],[126.67865,37.88213],[126.67916,37.881],[126.68032,37.88047],[126.68142,37.88025],[126.68204,37.87978],[126.68166,37.87929],[126.67961,37.87841],[126.67843,37.87826],[126.67684,37.87782],[126.67549,37.87724],[126.67469,37.87735],[126.67296,37.87813],[126.67204,37.87805],[126.67191,37.87728],[126.67478,37.87474],[126.67638,37.87388],[126.67681,37.87348],[126.67649,37.87269],[126.67431,37.87256],[126.67349,37.87159],[126.67259,37.87012],[126.67292,37.86996],[126.67535,37.86999],[126.67732,37.87025],[126.67803,37.87055],[126.67911,37.87019],[126.67958,37.87057],[126.68042,37.87061],[126.6815,37.87289],[126.68265,37.87289],[126.68338,37.87406],[126.68443,37.87327],[126.68482,37.87329],[126.68661,37.87243],[126.68722,37.87149],[126.68771,37.87152],[126.68852,37.8703],[126.69042,37.86975],[126.69099,37.86883],[126.69213,37.86851],[126.69151,37.86799],[126.69138,37.86727],[126.69061,37.86658],[126.68868,37.8653],[126.68847,37.86502],[126.68869,37.86361],[126.6875,37.86199],[126.68747,37.86131],[126.68705,37.86036],[126.68606,37.85905],[126.6857,37.85828],[126.68437,37.857],[126.6842,37.85658],[126.68251,37.85482],[126.68137,37.85436],[126.68095,37.85355],[126.67997,37.85276],[126.67973,37.85211],[126.68006,37.85119],[126.67997,37.84984],[126.67966,37.84883],[126.67968,37.84771],[126.68009,37.84724],[126.67957,37.84603],[126.67829,37.84551],[126.67725,37.84448],[126.67618,37.84404],[126.67607,37.8448],[126.6755,37.84493],[126.67228,37.84483],[126.67156,37.84498],[126.67066,37.84623],[126.67008,37.84553],[126.66817,37.84454],[126.66634,37.84392],[126.66633,37.84363],[126.66441,37.84307],[126.66394,37.84329],[126.66272,37.84317],[126.66197,37.84342],[126.66152,37.84296],[126.66094,37.84366],[126.66018,37.84277],[126.66008,37.84149],[126.65932,37.8403],[126.65946,37.83961],[126.66017,37.83889],[126.66581,37.8362],[126.66725,37.83536],[126.66753,37.83554],[126.66924,37.83485],[126.66978,37.83448],[126.67135,37.83478],[126.67138,37.8293],[126.67003,37.82209],[126.66931,37.81849],[126.66869,37.81488],[126.66792,37.81128],[126.66729,37.80767],[126.66618,37.80046],[126.66549,37.79685],[126.66527,37.79325],[126.66423,37.78964],[126.66284,37.78243],[126.66262,37.7807],[126.65787,37.78089],[126.65272,37.78069],[126.63986,37.78088],[126.63208,37.78094],[126.6255,37.77914],[126.61921,37.77586],[126.61361,37.77113],[126.60812,37.76657],[126.60476,37.76529],[126.60114,37.7641],[126.60061,37.76401],[126.59795,37.76273],[126.59377,37.76116],[126.57535,37.7627],[126.55468,37.77762],[126.53721,37.78443],[126.52278,37.7901],[126.518,37.77707],[126.51705,37.77103],[126.5245,37.76846],[126.52394,37.76837],[126.52304,37.76772],[126.52232,37.76758],[126.52124,37.76701],[126.51967,37.76582],[126.51923,37.76532],[126.51892,37.76407],[126.51834,37.76279],[126.51958,37.76125],[126.52083,37.76003],[126.52206,37.75915],[126.52526,37.75663],[126.52577,37.75644],[126.52747,37.75422],[126.52914,37.75235],[126.53069,37.74999],[126.5311,37.74742],[126.53031,37.74677],[126.53006,37.74608],[126.5304,37.74557],[126.53016,37.74292],[126.52983,37.74193],[126.52994,37.74111],[126.52913,37.73951],[126.52845,37.73713],[126.52724,37.73432],[126.52653,37.73322],[126.52661,37.73176],[126.52612,37.73179],[126.52583,37.73099],[126.52452,37.72865],[126.52295,37.72418],[126.52288,37.72337],[126.52196,37.71966],[126.52168,37.71656],[126.52163,37.71441],[126.52205,37.71308],[126.52327,37.7111],[126.52421,37.70992],[126.52695,37.70882],[126.52852,37.70778],[126.53029,37.7061],[126.5314,37.70382],[126.53187,37.7024],[126.53285,37.69697],[126.53307,37.69496],[126.53355,37.69394],[126.53353,37.69274],[126.53388,37.68895],[126.53405,37.68772],[126.53326,37.68551],[126.53272,37.68472],[126.53277,37.68427],[126.53183,37.68122],[126.53026,37.67788],[126.53018,37.67753],[126.52898,37.67673],[126.5279,37.67486],[126.52701,37.67468],[126.52683,37.67425],[126.52786,37.67334],[126.52941,37.67292],[126.5317,37.67281],[126.53176,37.6724],[126.53278,37.67205],[126.53462,37.67206],[126.53496,37.67146],[126.53675,37.67112],[126.53717,37.6704],[126.53972,37.66926],[126.54032,37.66813],[126.53957,37.66692],[126.5396,37.66594],[126.54046,37.66503],[126.54184,37.66427],[126.5427,37.66401],[126.5441,37.66272],[126.54336,37.66078],[126.54352,37.66007],[126.5424,37.65992],[126.5414,37.65876],[126.53983,37.65808],[126.53897,37.65843],[126.53808,37.65761],[126.53768,37.6564],[126.53772,37.65569],[126.53668,37.65539],[126.53526,37.65582],[126.53394,37.65569],[126.53273,37.65505],[126.53162,37.65516],[126.53158,37.6545],[126.53263,37.6543],[126.53269,37.6534],[126.53303,37.6529],[126.53409,37.65251],[126.5341,37.65194],[126.53536,37.65088],[126.53563,37.6498],[126.53698,37.6469],[126.53788,37.64656],[126.53782,37.64586],[126.53827,37.64472],[126.53723,37.64471],[126.53889,37.64145],[126.53927,37.64122],[126.53909,37.64025],[126.53948,37.63952],[126.54047,37.63966],[126.54155,37.63854],[126.54267,37.63844],[126.54415,37.63965],[126.54415,37.63801],[126.54734,37.63417],[126.54875,37.63132],[126.54975,37.62863],[126.55047,37.62834],[126.55127,37.62653],[126.5507,37.62616],[126.55137,37.62507],[126.55339,37.62009],[126.55432,37.61699],[126.55468,37.615],[126.55532,37.61496],[126.5551,37.61103],[126.55457,37.61001],[126.55451,37.60934],[126.55489,37.60822],[126.55642,37.60574],[126.5573,37.60562],[126.55983,37.60114],[126.55959,37.59969],[126.56063,37.60012],[126.56091,37.60057],[126.57302,37.59043],[126.57438,37.58913],[126.57484,37.58835],[126.59021,37.59219],[126.59172,37.59266],[126.59156,37.59301],[126.59814,37.59628],[126.60139,37.5977],[126.60363,37.59899],[126.60547,37.60026],[126.60707,37.6017],[126.60947,37.60454],[126.61436,37.60629],[126.61552,37.60568],[126.61598,37.60441],[126.61691,37.60355],[126.61865,37.60354],[126.61888,37.60403],[126.61958,37.60413],[126.61999,37.60345],[126.62092,37.60369],[126.62266,37.60296],[126.62342,37.60341],[126.62427,37.60234],[126.62459,37.60279],[126.62582,37.60268],[126.62554,37.60403],[126.62579,37.60472],[126.62765,37.60576],[126.62791,37.60742],[126.62918,37.60926],[126.62944,37.61017],[126.62928,37.61123],[126.62948,37.61175],[126.63033,37.61248],[126.63056,37.61305],[126.63149,37.61357],[126.63211,37.61502],[126.63235,37.61603],[126.63172,37.61741],[126.63241,37.61784],[126.63307,37.61864],[126.63323,37.61923],[126.63426,37.61919],[126.63485,37.61969],[126.63646,37.62035],[126.6366,37.62124],[126.63627,37.62166],[126.63672,37.62231],[126.6371,37.62343],[126.63674,37.62381],[126.63738,37.62499],[126.63712,37.62533],[126.63726,37.62651],[126.63646,37.62768],[126.63685,37.62811],[126.63912,37.62731],[126.63991,37.62677],[126.64169,37.62736],[126.64221,37.6281],[126.64464,37.62852],[126.6457,37.62841],[126.64621,37.62783],[126.64711,37.62748],[126.64756,37.62893],[126.64858,37.62959],[126.64879,37.63052],[126.64965,37.63186],[126.65042,37.63263],[126.65056,37.63471],[126.65151,37.63515],[126.65143,37.63616],[126.65177,37.63645],[126.65125,37.63799],[126.65163,37.63871],[126.65255,37.63949],[126.6532,37.63912],[126.65401,37.63821],[126.65572,37.63793],[126.65742,37.63795],[126.65889,37.63864],[126.65953,37.63824],[126.66056,37.63715],[126.66163,37.63663],[126.66298,37.63679],[126.6637,37.63619],[126.66461,37.63597],[126.66549,37.63623],[126.66697,37.63594],[126.66771,37.63548],[126.66921,37.63501],[126.6715,37.63405],[126.67242,37.63384],[126.67291,37.63307],[126.67415,37.63205],[126.67471,37.62988],[126.67597,37.62958],[126.67633,37.62973],[126.6786,37.62929],[126.67934,37.62967],[126.68055,37.62931],[126.68088,37.62752],[126.68171,37.62657],[126.6825,37.62631],[126.68236,37.62522],[126.68284,37.62478],[126.68373,37.62523],[126.68887,37.62202],[126.68912,37.62163],[126.69062,37.62072],[126.69153,37.6214],[126.69207,37.62125],[126.69339,37.62033],[126.69447,37.62034],[126.69536,37.61937],[126.69631,37.61892],[126.69709,37.61797],[126.69819,37.61783],[126.69921,37.61654],[126.69984,37.61598],[126.70021,37.61507],[126.70091,37.61427],[126.70209,37.61415],[126.70285,37.61367],[126.70406,37.61209],[126.70474,37.61168],[126.70544,37.61176],[126.70621,37.60969],[126.70593,37.60915],[126.70613,37.60768],[126.70579,37.60714],[126.70459,37.60627],[126.704,37.60466],[126.7042,37.60299],[126.70468,37.6025],[126.70543,37.6031],[126.70693,37.60359],[126.70841,37.60491],[126.7102,37.60515],[126.71173,37.605],[126.71298,37.60371],[126.71341,37.603],[126.71407,37.60385],[126.71562,37.60381],[126.71587,37.60087],[126.71638,37.59941],[126.71726,37.59876],[126.71884,37.59808],[126.72009,37.59731],[126.72204,37.59581],[126.72526,37.59217],[126.72567,37.59184],[126.72725,37.5919],[126.72789,37.59251],[126.72921,37.59275],[126.7299,37.59221],[126.73132,37.59176],[126.73354,37.59146],[126.73369,37.59105],[126.73465,37.59118],[126.73504,37.59068],[126.73587,37.59058],[126.73675,37.59099],[126.73677,37.59297],[126.7378,37.59342],[126.73874,37.59356],[126.7394,37.59295],[126.74141,37.59301],[126.74165,37.59207],[126.74432,37.5925],[126.74526,37.58872],[126.74614,37.58866],[126.7474,37.58625],[126.74868,37.58499],[126.74922,37.58482],[126.74978,37.5837],[126.74963,37.58272],[126.74971,37.58146],[126.74953,37.58108],[126.7512,37.58054],[126.75192,37.5796],[126.75349,37.58008],[126.7547,37.58014],[126.75606,37.5809],[126.75558,37.5813],[126.75565,37.58289],[126.75603,37.58353],[126.75801,37.58522],[126.75951,37.585],[126.76173,37.58544],[126.76199,37.58511],[126.76308,37.58494],[126.76382,37.58586],[126.76675,37.58722],[126.76734,37.58829],[126.76931,37.58733],[126.77086,37.58605],[126.77299,37.58505],[126.7742,37.5851],[126.77485,37.58488],[126.77605,37.58503],[126.77668,37.58465],[126.77837,37.58463],[126.77971,37.58437],[126.78089,37.58394],[126.78205,37.58384],[126.78411,37.58259],[126.78705,37.58558],[126.7937,37.58159],[126.79391,37.58296],[126.79344,37.58452],[126.79409,37.58425],[126.79493,37.58343],[126.79493,37.5852],[126.79554,37.58515],[126.79568,37.58336],[126.7971,37.58427],[126.79669,37.58491],[126.79723,37.58539],[126.7976,37.58641],[126.79877,37.58807],[126.80074,37.58783],[126.80078,37.58904],[126.80123,37.58935],[126.80052,37.59031],[126.80004,37.59039],[126.79945,37.59113],[126.7988,37.59132],[126.79899,37.59243],[126.80041,37.59241],[126.79866,37.59367],[126.79745,37.59525],[126.79708,37.59774],[126.79787,37.5999],[126.79869,37.60045],[126.79922,37.60112],[126.79993,37.60144],[126.79994,37.60254],[126.80258,37.60503],[126.80586,37.60258],[126.80824,37.60121],[126.81137,37.59896],[126.81395,37.59762],[126.81656,37.59568],[126.81753,37.59533],[126.8193,37.59285],[126.82781,37.58748],[126.83176,37.58584],[126.83715,37.58256],[126.8381,37.58179],[126.84233,37.57928],[126.84324,37.57888],[126.8473,37.576],[126.84838,37.57516],[126.85235,37.57272],[126.85363,37.57179],[126.85363,37.5738],[126.85929,37.57492],[126.85929,37.57524],[126.86494,37.57747],[126.86838,37.57752],[126.8706,37.57801],[126.87392,37.57828],[126.87626,37.57819],[126.87626,37.57896],[126.87708,37.5789],[126.87763,37.57975],[126.87742,37.58064],[126.87666,37.58126],[126.87705,37.58221],[126.87699,37.58339],[126.87729,37.58417],[126.87709,37.58483],[126.87754,37.58625],[126.87847,37.58637],[126.87913,37.58677],[126.87932,37.58758],[126.88035,37.58951],[126.88172,37.59035],[126.88232,37.59113],[126.88358,37.59185],[126.88515,37.59383],[126.88637,37.59395],[126.88718,37.59368],[126.88554,37.59138],[126.88582,37.58953],[126.88716,37.58853],[126.88925,37.58883],[126.88958,37.58913],[126.89094,37.58857],[126.89224,37.58852],[126.89333,37.58907],[126.89427,37.58882],[126.89523,37.58886],[126.89686,37.58857],[126.89796,37.58909],[126.89808,37.58954],[126.89964,37.58982],[126.89957,37.59169],[126.89896,37.59268],[126.89978,37.59339],[126.90036,37.59421],[126.90183,37.59514],[126.90163,37.596],[126.90121,37.5963],[126.90101,37.59734],[126.90125,37.59791],[126.90132,37.59937],[126.90101,37.60018],[126.90029,37.60123],[126.89998,37.60204],[126.90015,37.60312],[126.90211,37.60374],[126.90151,37.60536],[126.90141,37.60619],[126.9006,37.60932],[126.90071,37.61032],[126.9003,37.61119],[126.90096,37.61235],[126.90091,37.61272],[126.90173,37.61407],[126.90182,37.61575],[126.90248,37.6169],[126.90313,37.6173],[126.90305,37.61809],[126.90336,37.61884],[126.90523,37.61907],[126.90519,37.61981],[126.90561,37.6207],[126.90712,37.62194],[126.90714,37.62331],[126.90663,37.6245],[126.90744,37.62509],[126.90861,37.62627],[126.9089,37.62746],[126.90877,37.62933],[126.90729,37.63087],[126.90676,37.63274],[126.9071,37.6334],[126.90912,37.63433],[126.90981,37.63494],[126.91085,37.63532],[126.91121,37.63591],[126.91009,37.63851],[126.91079,37.64003],[126.91228,37.64432],[126.91014,37.64508],[126.90771,37.64629],[126.90729,37.64694],[126.90563,37.64848],[126.90711,37.64806],[126.90841,37.64726],[126.90973,37.64688],[126.91086,37.64601],[126.91233,37.64518],[126.91372,37.64476],[126.91519,37.64512],[126.91734,37.64526],[126.92412,37.64611],[126.92713,37.6481],[126.92797,37.64887],[126.9297,37.65005],[126.93222,37.65039],[126.93571,37.6512],[126.93716,37.65232],[126.93846,37.65477],[126.94013,37.65664],[126.9421,37.65772],[126.9444,37.65816],[126.94643,37.65876],[126.94756,37.65922],[126.948,37.65857],[126.94788,37.65713],[126.9492,37.65677],[126.94979,37.65591],[126.95077,37.65549],[126.95138,37.65495],[126.95321,37.65493],[126.95395,37.6553],[126.95435,37.6546],[126.95711,37.65284],[126.95746,37.65187],[126.95779,37.64981],[126.95756,37.64904],[126.95784,37.64805],[126.95903,37.64678],[126.95915,37.64575],[126.95891,37.64476],[126.95937,37.6432],[126.95927,37.64213],[126.95997,37.64146],[126.96013,37.64054],[126.96086,37.63876],[126.9616,37.63799],[126.9616,37.63712],[126.96254,37.63582],[126.96333,37.63325],[126.96162,37.63189],[126.9598,37.62973],[126.96144,37.62996],[126.96377,37.62979],[126.96433,37.63036],[126.96523,37.63077],[126.96824,37.63073],[126.97133,37.63162],[126.97303,37.63237],[126.97367,37.63203],[126.97539,37.63173],[126.97622,37.63223],[126.9778,37.63391],[126.97965,37.63421],[126.98061,37.63482],[126.98142,37.63483],[126.98261,37.63582],[126.98371,37.63646],[126.98474,37.63665],[126.98508,37.63731],[126.98568,37.64004],[126.98613,37.64043],[126.98527,37.64135],[126.98426,37.64164],[126.98325,37.64368],[126.98419,37.64443],[126.98511,37.64573],[126.9846,37.64761],[126.98398,37.64818],[126.98394,37.64961],[126.9825,37.65054],[126.98168,37.65232],[126.98105,37.65271],[126.97994,37.65482],[126.97966,37.65604],[126.98119,37.65649],[126.98286,37.65645],[126.98301,37.657],[126.98434,37.65773],[126.98462,37.65823],[126.98602,37.65894],[126.98728,37.6606],[126.98737,37.66162],[126.98775,37.66273],[126.9878,37.66359],[126.98827,37.66439],[126.99,37.6645],[126.99222,37.66523],[126.99413,37.66703],[126.99356,37.6678],[126.99436,37.66957],[126.9938,37.6702],[126.99407,37.67276],[126.99354,37.6741],[126.99398,37.67491],[126.9932,37.67572],[126.99307,37.67658],[126.99325,37.67766],[126.99292,37.67882],[126.9922,37.67963],[126.99408,37.68032],[126.99473,37.68124],[126.9955,37.68151],[126.99674,37.68239],[126.99731,37.68347],[126.99943,37.68391],[127.00051,37.68397],[127.00169,37.68434],[127.0019,37.68372],[127.00358,37.68424],[127.00378,37.68482],[127.00453,37.68509],[127.00553,37.68487],[127.00605,37.68505],[127.00766,37.68447],[127.00866,37.68445],[127.00844,37.68543],[127.00859,37.68744],[127.00833,37.68851],[127.00829,37.69011],[127.00762,37.69162],[127.00971,37.69336],[127.00967,37.6967],[127.01212,37.69738],[127.01388,37.6988],[127.01496,37.70043],[127.01542,37.70146],[127.01983,37.70102],[127.02215,37.69972],[127.02339,37.70007],[127.02532,37.69958],[127.0269,37.70025],[127.02702,37.70112],[127.02769,37.70094],[127.02929,37.69929],[127.0296,37.69818],[127.02973,37.69627],[127.03045,37.69478],[127.03103,37.69307],[127.03217,37.69282],[127.03241,37.69184],[127.03563,37.69249],[127.03676,37.69264],[127.03753,37.69322],[127.0385,37.69329],[127.03895,37.69398],[127.03991,37.69408],[127.04,37.69468],[127.04111,37.6953],[127.04202,37.69507],[127.04307,37.69523],[127.0434,37.6944],[127.04304,37.69362],[127.04375,37.69351],[127.04482,37.69294],[127.0449,37.69241],[127.04565,37.69238],[127.04675,37.69272],[127.04782,37.69329],[127.04863,37.69406],[127.04937,37.69169],[127.04997,37.69087],[127.04975,37.68921],[127.04982,37.68798],[127.05092,37.68616],[127.0518,37.68581],[127.0518,37.68707],[127.05469,37.68872],[127.05518,37.6892],[127.05618,37.6892],[127.05719,37.68963],[127.05839,37.68969],[127.05966,37.69033],[127.06062,37.69127],[127.06121,37.69217],[127.06237,37.69302],[127.06273,37.69468],[127.06339,37.69492],[127.06458,37.69455],[127.06533,37.69476],[127.06631,37.69444],[127.06783,37.69477],[127.06915,37.69369],[127.06982,37.69398],[127.07088,37.6937],[127.07266,37.6938],[127.0734,37.6941],[127.07491,37.69522],[127.0782,37.69599],[127.0811,37.69614],[127.08384,37.69427],[127.08391,37.69178],[127.08518,37.69039],[127.08653,37.68991],[127.08845,37.6899],[127.09055,37.68957],[127.09304,37.68997],[127.09429,37.68913],[127.0951,37.68938],[127.096,37.68907],[127.09558,37.6884],[127.09608,37.68791],[127.09642,37.68564],[127.09581,37.68464],[127.09429,37.68342],[127.09292,37.68155],[127.09279,37.68005],[127.09195,37.67919],[127.09219,37.67803],[127.09261,37.67747],[127.09385,37.67666],[127.09396,37.67562],[127.09461,37.67354],[127.09515,37.67289],[127.09575,37.67267],[127.09602,37.67185],[127.09575,37.67062],[127.09645,37.66969],[127.09624,37.66883],[127.09498,37.6676],[127.09458,37.66617],[127.09468,37.66492],[127.09541,37.66389],[127.09414,37.6633],[127.09326,37.66197],[127.09217,37.66079],[127.09121,37.65933],[127.09113,37.65824],[127.09189,37.65743],[127.09235,37.65549],[127.09307,37.65378],[127.09392,37.65296],[127.094,37.6523],[127.09337,37.65123],[127.09327,37.65062],[127.09247,37.64971],[127.09269,37.64858],[127.09307,37.64784],[127.09383,37.64732],[127.09363,37.64663],[127.09447,37.64585],[127.09457,37.64457],[127.09756,37.64396],[127.09891,37.64403],[127.09977,37.64446],[127.10159,37.64477],[127.10387,37.64549],[127.10658,37.64538],[127.10769,37.64497],[127.10929,37.64286],[127.1099,37.64249],[127.11075,37.64273],[127.11142,37.64209],[127.11135,37.6415],[127.11229,37.64018],[127.11173,37.63974],[127.11114,37.63994],[127.11057,37.63936],[127.1109,37.63826],[127.11156,37.63803],[127.11248,37.63649],[127.11225,37.63556],[127.11255,37.63525],[127.11241,37.63425],[127.1116,37.63385],[127.1122,37.63264],[127.11163,37.6315],[127.10888,37.6293],[127.10596,37.62733],[127.1054,37.62573],[127.10501,37.62527],[127.10491,37.62398],[127.10433,37.62327],[127.10407,37.62165],[127.10491,37.62157],[127.10566,37.62042],[127.10913,37.62051],[127.11052,37.62105],[127.11214,37.62031],[127.11351,37.62004],[127.11502,37.61954],[127.11572,37.61963],[127.1162,37.61893],[127.11587,37.61858],[127.11715,37.61789],[127.11726,37.61673],[127.11667,37.61602],[127.11748,37.61177],[127.11676,37.61013],[127.1167,37.60885],[127.11803,37.60817],[127.11848,37.60761],[127.11806,37.60659],[127.11805,37.6046],[127.11738,37.60394],[127.11687,37.60305],[127.11572,37.60211],[127.11496,37.60077],[127.1141,37.60013],[127.11406,37.59952],[127.11573,37.59731],[127.11688,37.5955],[127.11666,37.59402],[127.11541,37.59353],[127.11334,37.59326],[127.11068,37.58916],[127.11015,37.58743],[127.10999,37.58602],[127.10897,37.58338],[127.10781,37.58288],[127.10724,37.58231],[127.10599,37.58194],[127.10344,37.5806],[127.10289,37.57991],[127.10303,37.57891],[127.10196,37.57755],[127.10114,37.57607],[127.10125,37.57517],[127.1009,37.57439],[127.10094,37.57336],[127.10166,37.5724],[127.10224,37.57216],[127.10313,37.57228],[127.10423,37.57139],[127.10346,37.57005],[127.10225,37.5649],[127.10223,37.56431],[127.10162,37.56329],[127.10167,37.56263],[127.1012,37.56158],[127.10128,37.56047],[127.10186,37.55949],[127.10428,37.55756],[127.10493,37.55642],[127.1064,37.55646],[127.10752,37.55761],[127.10854,37.55825],[127.10953,37.55855],[127.11035,37.55825],[127.11142,37.55852],[127.1123,37.559],[127.11386,37.55843],[127.11331,37.55683],[127.11525,37.55676],[127.11565,37.5577],[127.11734,37.55946],[127.1201,37.5612],[127.12296,37.56349],[127.12861,37.56616],[127.13427,37.56795],[127.13767,37.56842],[127.14895,37.56843],[127.15498,37.57204],[127.1569,37.57295],[127.16085,37.57565],[127.16256,37.57673],[127.16675,37.57898],[127.17025,37.57902],[127.17184,37.57926],[127.17511,37.58027],[127.17652,37.58103],[127.17715,37.5812],[127.17714,37.57986],[127.17688,37.57927],[127.17544,37.57836],[127.17533,37.57724],[127.17576,37.57566],[127.17568,37.5749],[127.17613,37.57409],[127.17694,37.57329],[127.17788,37.57187],[127.17784,37.57146],[127.17865,37.56977],[127.17922,37.56892],[127.17944,37.56781],[127.17958,37.5655],[127.18119,37.56302],[127.182,37.56099],[127.18198,37.55966],[127.18155,37.55755],[127.18168,37.556],[127.18139,37.55492],[127.18134,37.55296],[127.1817,37.55251],[127.18293,37.55175],[127.18312,37.55108],[127.18268,37.54788],[127.18283,37.54634],[127.18379,37.54557],[127.18354,37.54517],[127.1822,37.54572],[127.18126,37.54658],[127.17933,37.54657],[127.17679,37.54575],[127.17594,37.54562],[127.17572,37.54521],[127.17431,37.5453],[127.17391,37.54558],[127.17211,37.54553],[127.16976,37.5448],[127.16882,37.54515],[127.16698,37.5452],[127.16664,37.54425],[127.16316,37.54499],[127.16171,37.54346],[127.16031,37.54163],[127.15965,37.54128],[127.15765,37.53927],[127.15654,37.53745],[127.15526,37.53622],[127.15453,37.53487],[127.15402,37.53451],[127.15357,37.53367],[127.15393,37.53192],[127.15338,37.53133],[127.15354,37.53044],[127.15329,37.52947],[127.15269,37.52853],[127.15164,37.5277],[127.1504,37.52637],[127.14946,37.52575],[127.1496,37.52529],[127.14901,37.52412],[127.1478,37.52215],[127.14567,37.52193],[127.14479,37.51962],[127.14486,37.51775],[127.14544,37.51606],[127.1446,37.51561],[127.14214,37.51565],[127.14062,37.51555],[127.14137,37.51497],[127.14339,37.51387],[127.14353,37.51266],[127.14288,37.51273],[127.14144,37.5124],[127.14095,37.5104],[127.14034,37.51022],[127.13997,37.50864],[127.14031,37.50783],[127.14152,37.50671],[127.14081,37.50598],[127.14101,37.50548],[127.14342,37.50441],[127.1441,37.5044],[127.14595,37.50323],[127.14719,37.50338],[127.14769,37.50321],[127.1502,37.50474],[127.15211,37.50297],[127.15284,37.50306],[127.15656,37.50189],[127.15773,37.50318],[127.15887,37.50239],[127.1594,37.50136],[127.1605,37.50109],[127.16139,37.5002],[127.16135,37.49954],[127.16061,37.49843],[127.16059,37.49763],[127.15978,37.49682],[127.16003,37.49437],[127.15952,37.49327],[127.15865,37.49243],[127.15826,37.49115],[127.15833,37.49067],[127.15747,37.49002],[127.15851,37.48967],[127.15545,37.48806],[127.15359,37.48692],[127.15043,37.48525],[127.14909,37.48388],[127.14868,37.48404],[127.14767,37.48243],[127.14746,37.48159],[127.14715,37.47722],[127.14437,37.47733],[127.1443,37.4765],[127.14368,37.47534],[127.14353,37.47393],[127.13547,37.47424],[127.13286,37.47463],[127.13269,37.47429],[127.1326,37.47253],[127.13285,37.47154],[127.13198,37.4698],[127.13278,37.4696],[127.1324,37.46906],[127.1328,37.46839],[127.13054,37.46774],[127.12934,37.46796],[127.12827,37.46839],[127.12667,37.46863],[127.1252,37.46962],[127.1252,37.46783],[127.12449,37.46664],[127.12377,37.46633],[127.12218,37.46522],[127.12144,37.46437],[127.1201,37.46349],[127.11753,37.46227],[127.11699,37.46148],[127.1169,37.45864],[127.11589,37.45859],[127.11396,37.45952],[127.11327,37.46005],[127.11297,37.46113],[127.11182,37.46164],[127.10989,37.46194],[127.10946,37.46187],[127.10815,37.46227],[127.1073,37.46218],[127.10647,37.46242],[127.10561,37.46218],[127.10434,37.46217],[127.10478,37.46116],[127.10402,37.46056],[127.10394,37.46005],[127.10269,37.45972],[127.10138,37.45897],[127.10128,37.45824],[127.10077,37.45776],[127.09974,37.45735],[127.0991,37.45622],[127.09824,37.45637],[127.09637,37.45635],[127.09577,37.45652],[127.09431,37.45622],[127.09354,37.45589],[127.09273,37.45363],[127.09188,37.45347],[127.09096,37.45278],[127.0903,37.45127],[127.08962,37.45089],[127.08954,37.45017],[127.08833,37.44863],[127.08864,37.4476],[127.08837,37.44724],[127.08816,37.44538],[127.08786,37.44489],[127.08642,37.44426],[127.0857,37.44442],[127.08386,37.44392],[127.08381,37.44342],[127.08243,37.44158],[127.08125,37.44112],[127.08017,37.44105],[127.07736,37.44163],[127.07601,37.44214],[127.07524,37.44194],[127.07476,37.44222],[127.07299,37.44202],[127.07214,37.44226],[127.07163,37.44152],[127.07221,37.43938],[127.07201,37.43886],[127.07376,37.43779],[127.07384,37.43741],[127.07302,37.43641],[127.07144,37.43586],[127.07152,37.43412],[127.07073,37.43294],[127.07063,37.43204],[127.07121,37.43082],[127.07088,37.43019],[127.07003,37.43091],[127.06896,37.43043],[127.06827,37.43068],[127.06672,37.43013],[127.06568,37.42899],[127.06439,37.42911],[127.06332,37.42975],[127.06114,37.42999],[127.05996,37.42957],[127.05807,37.43001],[127.05611,37.42961],[127.05368,37.42897],[127.05217,37.42834],[127.05136,37.4292],[127.04958,37.43027],[127.04737,37.4307],[127.04722,37.43204],[127.04654,37.43265],[127.04631,37.43345],[127.04495,37.43385],[127.04436,37.43442],[127.04419,37.43506],[127.04265,37.43637],[127.04144,37.43711],[127.04109,37.43777],[127.04005,37.43824],[127.03903,37.43815],[127.03844,37.43836],[127.03707,37.43827],[127.03557,37.439],[127.03517,37.44094],[127.03643,37.44183],[127.03697,37.4429],[127.03748,37.44327],[127.03823,37.44518],[127.03821,37.44586],[127.03725,37.44645],[127.03753,37.44736],[127.03716,37.44801],[127.03781,37.44892],[127.03774,37.44942],[127.03691,37.45081],[127.03578,37.4522],[127.03475,37.45262],[127.03482,37.45311],[127.03547,37.45344],[127.03559,37.45409],[127.03627,37.45426],[127.03713,37.45521],[127.03674,37.45644],[127.03576,37.45748],[127.03502,37.45789],[127.03492,37.46018],[127.03389,37.46008],[127.03375,37.46118],[127.03392,37.46213],[127.03453,37.46334],[127.03456,37.46418],[127.03348,37.46464],[127.03314,37.46502],[127.0312,37.46563],[127.02953,37.46537],[127.02969,37.46391],[127.02932,37.4627],[127.02804,37.46125],[127.02846,37.46013],[127.02822,37.45986],[127.02657,37.45964],[127.02645,37.45834],[127.02528,37.45749],[127.02279,37.45725],[127.0215,37.45623],[127.02037,37.45616],[127.01969,37.45579],[127.01884,37.45579],[127.01755,37.45614],[127.01695,37.45597],[127.01629,37.45523],[127.01557,37.45492],[127.01451,37.45486],[127.01339,37.45535],[127.01237,37.45555],[127.01082,37.45542],[127.01066,37.45615],[127.00923,37.45722],[127.00853,37.45805],[127.00821,37.4591],[127.00704,37.46022],[127.00577,37.46255],[127.00497,37.46319],[127.00447,37.46407],[127.00491,37.46584],[127.00452,37.4668],[127.00368,37.46772],[127.00273,37.46712],[127.00149,37.46732],[127.00048,37.46706],[126.99878,37.46723],[126.9978,37.46702],[126.99675,37.46707],[126.99623,37.46661],[126.99664,37.46543],[126.99662,37.46478],[126.99737,37.46369],[126.99698,37.46316],[126.99677,37.46187],[126.99429,37.46142],[126.99335,37.4615],[126.99266,37.46034],[126.9917,37.46052],[126.99133,37.46014],[126.98999,37.45946],[126.9895,37.45852],[126.98678,37.4574],[126.98661,37.45721],[126.98439,37.45711],[126.98289,37.45683],[126.9819,37.45694],[126.9824,37.45589],[126.97979,37.45565],[126.97848,37.45573],[126.97776,37.4552],[126.97458,37.45441],[126.97337,37.45324],[126.97284,37.45238],[126.97175,37.45174],[126.97057,37.44945],[126.96766,37.44838],[126.96429,37.44627],[126.96393,37.44521],[126.96442,37.44431],[126.96438,37.44258],[126.96463,37.44204],[126.96378,37.44129],[126.9638,37.44079],[126.96294,37.44028],[126.96006,37.4404],[126.95897,37.43907],[126.95511,37.43869],[126.9539,37.43901],[126.95241,37.43919],[126.95147,37.43858],[126.95003,37.43862],[126.94928,37.43825],[126.94836,37.43871],[126.94679,37.43817],[126.94568,37.43731],[126.94509,37.43709],[126.94198,37.43751],[126.94142,37.4374],[126.94022,37.43571],[126.93857,37.43642],[126.93775,37.43739],[126.93725,37.43921],[126.93786,37.4402],[126.93665,37.44175],[126.93564,37.44218],[126.93489,37.44322],[126.93456,37.4432],[126.93175,37.44498],[126.93055,37.44547],[126.93016,37.44638],[126.93037,37.4477],[126.93017,37.44838],[126.92891,37.44987],[126.92828,37.44935],[126.92652,37.44839],[126.92602,37.4477],[126.92498,37.44678],[126.92325,37.44577],[126.9229,37.44517],[126.92276,37.44404],[126.92166,37.44281],[126.92117,37.44255],[126.92027,37.44047],[126.91926,37.43985],[126.91786,37.44015],[126.91612,37.44005],[126.91483,37.43938],[126.91319,37.4391],[126.91231,37.43858],[126.9112,37.4372],[126.91133,37.43617],[126.91068,37.4355],[126.91003,37.43432],[126.9094,37.43386],[126.90663,37.4336],[126.90608,37.43399],[126.90299,37.43407],[126.90275,37.43586],[126.90085,37.43698],[126.90034,37.43773],[126.89914,37.43867],[126.89876,37.43928],[126.8999,37.43955],[126.89949,37.4406],[126.899,37.44118],[126.89878,37.44206],[126.89727,37.44544],[126.89676,37.4457],[126.89551,37.44578],[126.89502,37.44668],[126.89475,37.4477],[126.89523,37.44837],[126.89591,37.44842],[126.8946,37.45116],[126.89398,37.45272],[126.89305,37.45259],[126.89276,37.45204],[126.89136,37.45221],[126.8895,37.4527],[126.88967,37.45352],[126.88909,37.45397],[126.88926,37.45448],[126.88737,37.45546],[126.8864,37.45617],[126.88588,37.45751],[126.88632,37.45845],[126.88629,37.45911],[126.88538,37.45947],[126.88535,37.45986],[126.88607,37.46086],[126.88747,37.46107],[126.88834,37.46078],[126.88888,37.46095],[126.88712,37.4629],[126.88514,37.46247],[126.88432,37.46272],[126.88275,37.46439],[126.88315,37.46513],[126.88419,37.46539],[126.88462,37.46601],[126.88399,37.46667],[126.88301,37.46706],[126.88253,37.46793],[126.88163,37.46846],[126.88159,37.46942],[126.88047,37.47069],[126.87801,37.47383],[126.87599,37.4771],[126.87427,37.48042],[126.87338,37.48243],[126.87274,37.48242],[126.87277,37.48338],[126.8733,37.48409],[126.87221,37.48443],[126.87176,37.48527],[126.87244,37.48611],[126.87314,37.48615],[126.87422,37.48519],[126.87494,37.4857],[126.875,37.48649],[126.87597,37.48691],[126.87669,37.48785],[126.87679,37.48857],[126.87582,37.48903],[126.875,37.48849],[126.87407,37.4888],[126.87308,37.48825],[126.87267,37.48855],[126.87244,37.48954],[126.87358,37.49048],[126.87409,37.49021],[126.87484,37.49075],[126.87437,37.49122],[126.87225,37.4906],[126.87183,37.49078],[126.87126,37.48977],[126.87023,37.4896],[126.86968,37.49049],[126.86989,37.49125],[126.86935,37.49164],[126.86958,37.49311],[126.87007,37.49349],[126.86971,37.4941],[126.86835,37.49511],[126.86761,37.49426],[126.86776,37.49358],[126.86737,37.49307],[126.8663,37.49263],[126.8654,37.49151],[126.86403,37.49102],[126.86259,37.49076],[126.86138,37.48997],[126.85797,37.48608],[126.85729,37.48576],[126.85551,37.48541],[126.85487,37.48479],[126.85395,37.48297],[126.8527,37.48182],[126.85167,37.48159],[126.85042,37.48157],[126.84847,37.48209],[126.84702,37.48191],[126.84605,37.48093],[126.84536,37.47381],[126.84492,37.4735],[126.84396,37.47448],[126.84278,37.47497],[126.84103,37.47465],[126.84011,37.47476],[126.83969,37.47514],[126.83834,37.47541],[126.8372,37.47488],[126.83618,37.47481],[126.83573,37.47438],[126.83483,37.47442],[126.83461,37.47487],[126.83487,37.47575],[126.83348,37.47716],[126.83175,37.47765],[126.83046,37.47734],[126.82962,37.4769],[126.8292,37.4762],[126.82787,37.47599],[126.82627,37.4762],[126.82365,37.47613],[126.82211,37.47575],[126.82115,37.4763],[126.81908,37.47613],[126.81907,37.47545],[126.81832,37.4753],[126.81863,37.47408],[126.81708,37.47329],[126.81656,37.47399],[126.81547,37.47405],[126.81463,37.47465],[126.8153,37.47636],[126.81611,37.47674],[126.81641,37.47754],[126.81721,37.47814],[126.81826,37.47816],[126.819,37.47916],[126.81998,37.48164],[126.81958,37.48244],[126.81932,37.48413],[126.81932,37.4855],[126.82129,37.48618],[126.82351,37.48773],[126.82301,37.48815],[126.82305,37.48929],[126.82276,37.48998],[126.82034,37.49073],[126.81857,37.49156],[126.81789,37.49154],[126.81587,37.49263],[126.81549,37.4932],[126.81457,37.49319],[126.81435,37.49442],[126.81387,37.4949],[126.81301,37.4964],[126.81404,37.49735],[126.81414,37.49813],[126.81514,37.49801],[126.8161,37.49764],[126.81758,37.49823],[126.81821,37.49886],[126.81891,37.49875],[126.81964,37.49921],[126.81942,37.50079],[126.82,37.50143],[126.82156,37.50216],[126.82156,37.5029],[126.82198,37.5039],[126.82183,37.50454],[126.82255,37.50568],[126.82222,37.50769],[126.82469,37.50832],[126.8239,37.5091],[126.82434,37.51023],[126.82386,37.51087],[126.82441,37.51318],[126.82426,37.51447],[126.8234,37.51495],[126.8231,37.51622],[126.8245,37.51772],[126.82562,37.52008],[126.82548,37.52175],[126.82566,37.52223],[126.82514,37.52301],[126.82582,37.52371],[126.82675,37.52513],[126.82815,37.52583],[126.82843,37.5267],[126.82787,37.52836],[126.82821,37.52903],[126.82707,37.52971],[126.82556,37.52985],[126.82474,37.5306],[126.82458,37.53122],[126.82343,37.53262],[126.82355,37.53376],[126.82262,37.5342],[126.82192,37.53483],[126.82243,37.53654],[126.82233,37.53799],[126.82159,37.53971],[126.82205,37.54066],[126.82094,37.54075],[126.81735,37.54066],[126.81657,37.54056],[126.81233,37.54074],[126.81059,37.5415],[126.80865,37.54288],[126.8075,37.54354],[126.80681,37.5436],[126.80349,37.54309],[126.80185,37.54272],[126.80047,37.54177],[126.80039,37.5408],[126.79927,37.54063],[126.79886,37.54029],[126.79874,37.5394],[126.79919,37.53883],[126.79948,37.53777],[126.79825,37.5377],[126.79781,37.53705],[126.79701,37.53706],[126.79604,37.53675],[126.79479,37.53596],[126.79437,37.53625],[126.79396,37.53736],[126.79422,37.53829],[126.79389,37.53955],[126.79494,37.54137],[126.79302,37.54159],[126.79181,37.5419],[126.79158,37.54306],[126.79182,37.54375],[126.79076,37.54384],[126.78871,37.54482],[126.78726,37.54608],[126.78331,37.54602],[126.78197,37.5463],[126.78167,37.54614],[126.77875,37.54671],[126.77756,37.54671],[126.77674,37.5482],[126.77529,37.54897],[126.77258,37.54875],[126.77169,37.54831],[126.77105,37.54869],[126.77084,37.54935],[126.76992,37.55018],[126.76979,37.55107],[126.76935,37.55136],[126.76747,37.55195],[126.76771,37.55283],[126.76741,37.55422],[126.7662,37.55424],[126.76568,37.55401],[126.76653,37.55311],[126.76577,37.55264],[126.76564,37.55197],[126.76457,37.5511],[126.76528,37.55053],[126.76556,37.54984],[126.76387,37.54998],[126.76452,37.54906],[126.76389,37.5484],[126.76398,37.54768],[126.76339,37.54673],[126.7634,37.54529],[126.76302,37.54489],[126.76325,37.54412],[126.76238,37.54367],[126.76268,37.5433],[126.76371,37.54317],[126.76373,37.54275],[126.76212,37.54198],[126.76188,37.54147],[126.7626,37.54106],[126.76158,37.54026],[126.76232,37.5395],[126.76145,37.53838],[126.76173,37.53761],[126.76066,37.53762],[126.76057,37.53661],[126.76098,37.53635],[126.76014,37.53549],[126.76056,37.53487],[126.7603,37.53388],[126.7604,37.53139],[126.7602,37.53088],[126.76034,37.52952],[126.76022,37.52783],[126.76041,37.52764],[126.76011,37.52541],[126.76029,37.52441],[126.76023,37.52315],[126.76058,37.5227],[126.76061,37.51971],[126.76021,37.5191],[126.7601,37.51742],[126.76051,37.51686],[126.76028,37.51592],[126.75941,37.51556],[126.75855,37.51589],[126.757,37.51588],[126.75628,37.51661],[126.75507,37.51673],[126.75452,37.5164],[126.75318,37.51682],[126.75298,37.51622],[126.75205,37.51644],[126.75183,37.51589],[126.75239,37.51542],[126.75014,37.51477],[126.75001,37.51402],[126.749,37.51468],[126.74747,37.51485],[126.74652,37.51454],[126.74622,37.51518],[126.74511,37.51414],[126.74446,37.51259],[126.74365,37.51025],[126.74147,37.50899],[126.74219,37.50752],[126.74249,37.50546],[126.74286,37.50397],[126.74374,37.50179],[126.74322,37.49934],[126.74274,37.49828],[126.74176,37.49508],[126.74201,37.49222],[126.74241,37.49056],[126.74251,37.48843],[126.74235,37.48695],[126.74305,37.48652],[126.74556,37.48602],[126.746,37.48558],[126.74734,37.48533],[126.74871,37.48536],[126.7492,37.48513],[126.74999,37.48541],[126.75148,37.48472],[126.75238,37.4846],[126.7544,37.48366],[126.75555,37.48287],[126.75496,37.48092],[126.75585,37.4809],[126.75611,37.47988],[126.75735,37.47908],[126.75826,37.47882],[126.75866,37.47753],[126.75916,37.47692],[126.76038,37.47635],[126.76132,37.4766],[126.76219,37.47604],[126.76219,37.4757],[126.76384,37.4755],[126.76516,37.47518],[126.76708,37.47365],[126.76761,37.47282],[126.76776,37.47176],[126.76955,37.47198],[126.77097,37.47181],[126.77196,37.47231],[126.77282,37.47238],[126.7746,37.47142],[126.77606,37.47167],[126.77711,37.47222],[126.7782,37.47179],[126.77787,37.47002],[126.77943,37.4683],[126.77919,37.46778],[126.77959,37.46713],[126.77982,37.46583],[126.77826,37.46333],[126.77774,37.46279],[126.77853,37.46204],[126.77884,37.4597],[126.77777,37.4591],[126.77737,37.45716],[126.77806,37.457],[126.78043,37.45498],[126.78001,37.45445],[126.78,37.45339],[126.77902,37.45102],[126.77823,37.45106],[126.77374,37.45052],[126.77163,37.44932],[126.77068,37.44847],[126.77033,37.4475],[126.77111,37.44641],[126.7703,37.44551],[126.76875,37.44416],[126.76824,37.44346],[126.76872,37.44317],[126.7694,37.44194],[126.76927,37.44139],[126.76978,37.44082],[126.77017,37.43951],[126.77046,37.4378],[126.7712,37.43648],[126.77114,37.43477],[126.77024,37.43296],[126.769,37.43195],[126.76957,37.43162],[126.77109,37.4315],[126.7706,37.42978],[126.76968,37.42866],[126.76921,37.42751],[126.76807,37.4272],[126.76732,37.42671],[126.76571,37.42642],[126.76453,37.42603],[126.76229,37.4263],[126.76223,37.42683],[126.76055,37.42631],[126.75898,37.4269],[126.75843,37.42646],[126.75868,37.4258],[126.75849,37.4251],[126.75738,37.42485],[126.75602,37.4241],[126.75514,37.42318],[126.75325,37.4227],[126.75505,37.41821],[126.75436,37.41751],[126.7557,37.4153],[126.75461,37.41498],[126.75468,37.41433],[126.7554,37.41344],[126.75361,37.41245],[126.75326,37.41122],[126.75317,37.40981],[126.7534,37.40709],[126.75164,37.4073],[126.75115,37.40695],[126.74921,37.40428],[126.74905,37.40345],[126.75016,37.40095],[126.75052,37.40067],[126.76016,37.39968],[126.76377,37.39934],[126.76612,37.39767],[126.7669,37.39644],[126.76636,37.39553],[126.76677,37.39491],[126.76824,37.39527],[126.7695,37.39509],[126.7716,37.39519],[126.77155,37.39592],[126.77252,37.39582],[126.77351,37.39536],[126.77482,37.39423],[126.77634,37.39415],[126.77792,37.39353],[126.77851,37.39368],[126.77885,37.39456],[126.77932,37.39502],[126.78063,37.39503],[126.78323,37.39246],[126.7841,37.39213],[126.78493,37.39229],[126.78555,37.39314],[126.78769,37.39481],[126.78955,37.39595],[126.7885,37.39663],[126.78855,37.39765],[126.78954,37.39807],[126.78974,37.39847],[126.78853,37.39928],[126.78861,37.40103],[126.78878,37.40154],[126.78633,37.40236],[126.78592,37.40304],[126.78616,37.40357],[126.7871,37.40695],[126.78736,37.40688],[126.78601,37.40289],[126.78667,37.40297],[126.78737,37.40231],[126.7885,37.40229],[126.78867,37.40319],[126.79075,37.40274],[126.79149,37.40335],[126.79207,37.40299],[126.79075,37.40238],[126.789,37.40251],[126.78909,37.40158],[126.78894,37.40003],[126.78907,37.39962],[126.79013,37.39864],[126.79008,37.39791],[126.7894,37.39714],[126.79024,37.39698],[126.79033,37.39585],[126.78951,37.39547],[126.78789,37.39441],[126.78762,37.39402],[126.7861,37.39293],[126.78483,37.39154],[126.78311,37.39189],[126.78089,37.39391],[126.78024,37.39467],[126.77953,37.39459],[126.77888,37.39317],[126.77743,37.39242],[126.77684,37.39192],[126.77273,37.39415],[126.76432,37.39411],[126.763,37.39091],[126.76234,37.3911],[126.76368,37.39433],[126.76276,37.39691],[126.76181,37.39743],[126.75686,37.39685],[126.74465,37.39848],[126.74376,37.39827],[126.73995,37.39547],[126.73949,37.39532],[126.73472,37.39044],[126.73404,37.3895],[126.73396,37.38842],[126.73453,37.3876],[126.73565,37.38725],[126.73748,37.38834],[126.7409,37.387],[126.74007,37.38571],[126.74005,37.3853],[126.74218,37.38447],[126.74248,37.38466],[126.74468,37.38838],[126.74514,37.38846],[126.74567,37.38768],[126.74436,37.38635],[126.74207,37.38259],[126.73446,37.38556],[126.73263,37.38634],[126.73134,37.38658],[126.72991,37.38578],[126.72803,37.3839],[126.72693,37.38262],[126.7248,37.38049],[126.72309,37.37855],[126.72214,37.37779],[126.72163,37.37698],[126.72055,37.37576],[126.71955,37.37487],[126.71789,37.37303],[126.7173,37.37221],[126.71648,37.37157],[126.71495,37.36967],[126.71436,37.36945],[126.70885,37.36358],[126.70837,37.36289],[126.70071,37.3548],[126.7005,37.35356],[126.70153,37.35258],[126.70321,37.35127],[126.70247,37.35093],[126.7003,37.35247],[126.69995,37.35207],[126.70106,37.35154],[126.70144,37.35046],[126.69782,37.34954],[126.69357,37.34835],[126.69264,37.34826],[126.68881,37.34878],[126.68844,37.34866],[126.68593,37.34195],[126.68597,37.34097],[126.68985,37.34002],[126.68988,37.33954],[126.69133,37.33912],[126.6916,37.33692],[126.69132,37.33579],[126.69066,37.33606],[126.69038,37.33527],[126.68629,37.33405],[126.6707,37.32973],[126.65461,37.32524],[126.64421,37.32236],[126.62753,37.3177],[126.61955,37.31552],[126.61593,37.31507],[126.61485,37.31534],[126.61429,37.31517],[126.6144,37.31445],[126.61249,37.31382],[126.6106,37.31306],[126.60995,37.31343],[126.60889,37.31292],[126.60753,37.31322],[126.60614,37.31262],[126.60549,37.31172],[126.6053,37.31024],[126.60566,37.30984],[126.60514,37.30924],[126.59977,37.30609],[126.59869,37.30552],[126.58036,37.2948],[126.57901,37.29576],[126.57795,37.29594],[126.57793,37.29542],[126.57892,37.29506],[126.57954,37.29437],[126.57913,37.29384],[126.57785,37.2931],[126.57666,37.29397],[126.57515,37.29561],[126.57444,37.29677],[126.57335,37.29734],[126.57294,37.297],[126.57425,37.2958],[126.57609,37.29359],[126.57596,37.29272],[126.5772,37.29015],[126.57668,37.28948],[126.57414,37.28748],[126.57055,37.28509],[126.56911,37.28453],[126.56843,37.28479],[126.56672,37.28354],[126.567,37.28314],[126.56802,37.28315],[126.56831,37.28197],[126.56774,37.28062],[126.56605,37.27918],[126.56469,37.27837],[126.56207,37.27758],[126.56129,37.27724],[126.55935,37.27706],[126.55593,37.27731],[126.55649,37.27676],[126.55589,37.27622],[126.55537,37.27697],[126.55636,37.27876],[126.55578,37.27928],[126.55421,37.27977],[126.55421,37.28036],[126.55518,37.28107],[126.55615,37.2809],[126.55728,37.28034],[126.55758,37.28082],[126.55741,37.28147],[126.55668,37.28239],[126.55641,37.28315],[126.55569,37.28353],[126.55522,37.28316],[126.55227,37.2817],[126.55145,37.28167],[126.55048,37.28273],[126.5487,37.28382],[126.54681,37.28468],[126.54542,37.28439],[126.54299,37.28492],[126.5405,37.28656],[126.5382,37.28729],[126.53687,37.28785],[126.53478,37.28919],[126.53399,37.28934],[126.5331,37.28917],[126.53282,37.28872],[126.53402,37.28767],[126.53528,37.28758],[126.53691,37.28659],[126.53761,37.28678],[126.53897,37.28609],[126.53934,37.28543],[126.53926,37.28296],[126.5396,37.2825],[126.54046,37.28223],[126.54206,37.28135],[126.54314,37.28102],[126.54537,37.28059],[126.54626,37.28055],[126.54824,37.28007],[126.5489,37.27931],[126.54918,37.27803],[126.54903,37.27683],[126.54931,37.27643],[126.55048,37.27582],[126.55004,37.27406],[126.55217,37.2727],[126.55413,37.27197],[126.5548,37.27196],[126.55541,37.27147],[126.5558,37.26981],[126.55557,37.26835],[126.55613,37.26763],[126.55602,37.26713],[126.55767,37.26743],[126.55887,37.26645],[126.55892,37.26522],[126.55858,37.26461],[126.55921,37.26375],[126.55858,37.26277],[126.55949,37.26195],[126.55951,37.26136],[126.55887,37.26008],[126.55964,37.25807],[126.5603,37.25755],[126.56226,37.25727],[126.56317,37.25684],[126.56371,37.25585],[126.56296,37.2552],[126.56293,37.25435],[126.56261,37.2535],[126.56311,37.25305],[126.56293,37.25185],[126.56141,37.24969],[126.55989,37.2484],[126.55826,37.24851],[126.55786,37.24828],[126.55945,37.24724],[126.56019,37.24729],[126.56155,37.24594],[126.56153,37.24497],[126.56068,37.24346],[126.56116,37.24204],[126.55285,37.24256],[126.55284,37.24249],[126.56128,37.24198],[126.56274,37.24087],[126.5639,37.2403],[126.56455,37.24026],[126.56538,37.23848],[126.56646,37.23798],[126.56734,37.237],[126.56916,37.23715],[126.56824,37.23633],[126.56739,37.23642],[126.56634,37.23582],[126.56574,37.2363],[126.56439,37.23682],[126.56312,37.23662],[126.56236,37.23629],[126.56082,37.23666],[126.55977,37.23611],[126.55859,37.23609],[126.55801,37.23567],[126.55649,37.23416],[126.55377,37.23335],[126.55235,37.23359],[126.55116,37.23355],[126.55014,37.23416],[126.54876,37.23437],[126.54762,37.23375],[126.54642,37.23341],[126.54548,37.23361],[126.54415,37.23348],[126.54353,37.23405],[126.5425,37.23398],[126.54147,37.23316],[126.54178,37.23272],[126.54291,37.2327],[126.54397,37.23236],[126.54443,37.2315],[126.54457,37.2297],[126.5431,37.22817],[126.54218,37.22815],[126.54141,37.22878],[126.54079,37.22851],[126.54118,37.22694],[126.54188,37.2257],[126.54209,37.22483],[126.54113,37.22402],[126.54123,37.22363],[126.54225,37.22306],[126.54264,37.22415],[126.54337,37.22478],[126.54414,37.2247],[126.54526,37.22422],[126.54617,37.2234],[126.54691,37.22219],[126.54664,37.22133],[126.54794,37.22126],[126.54882,37.22275],[126.54966,37.22367],[126.55072,37.2234],[126.55241,37.22367],[126.55329,37.22269],[126.55267,37.22191],[126.55353,37.22123],[126.55682,37.21826],[126.5571,37.21783],[126.55608,37.21589],[126.55468,37.21482],[126.55335,37.2144],[126.55256,37.21445],[126.55127,37.21498],[126.54773,37.21578],[126.54723,37.21536],[126.54571,37.21515],[126.54526,37.2149],[126.54391,37.21498],[126.54323,37.21454],[126.54401,37.21396],[126.54473,37.21276],[126.54551,37.20977],[126.54557,37.20867],[126.54519,37.20664],[126.54477,37.20604],[126.544,37.2059],[126.5422,37.20617],[126.54094,37.20655],[126.53982,37.20717],[126.5338,37.1992],[126.53609,37.19787],[126.53722,37.19787],[126.53837,37.19856],[126.53907,37.20004],[126.53999,37.20055],[126.54036,37.20229],[126.54096,37.20264],[126.54203,37.20265],[126.54234,37.20311],[126.54227,37.20545],[126.54282,37.20584],[126.54446,37.20567],[126.54555,37.20606],[126.54884,37.20544],[126.54962,37.20553],[126.55108,37.20501],[126.55442,37.20355],[126.55724,37.20171],[126.55886,37.20033],[126.55998,37.19917],[126.56069,37.19811],[126.56051,37.19716],[126.56101,37.1965],[126.56114,37.19573],[126.56218,37.19448],[126.56225,37.19302],[126.56311,37.19281],[126.56391,37.19415],[126.56503,37.19549],[126.56952,37.19923],[126.56955,37.20028],[126.56851,37.20079],[126.56806,37.2013],[126.56813,37.20365],[126.56845,37.20481],[126.56944,37.20567],[126.56908,37.20615],[126.56944,37.20677],[126.5726,37.20917],[126.57292,37.20993],[126.57258,37.21068],[126.57304,37.21147],[126.57415,37.21266],[126.57407,37.21305],[126.57468,37.21507],[126.57582,37.21652],[126.57644,37.21899],[126.57674,37.21946],[126.57583,37.2212],[126.57687,37.22203],[126.57742,37.22194],[126.5794,37.22107],[126.58023,37.22036],[126.58084,37.22081],[126.58219,37.22082],[126.58303,37.22044],[126.58435,37.22037],[126.58488,37.22131],[126.58674,37.22063],[126.58696,37.21958],[126.58769,37.21926],[126.58771,37.21775],[126.58877,37.21551],[126.5888,37.21454],[126.58917,37.21399],[126.59052,37.2135],[126.59214,37.21386],[126.59291,37.21439],[126.59539,37.21442],[126.5963,37.21599],[126.59845,37.21725],[126.59897,37.21694],[126.60064,37.21695],[126.60179,37.21718],[126.60174,37.21782],[126.60031,37.21747],[126.60026,37.21978],[126.60078,37.21982],[126.60058,37.22137],[126.60129,37.22146],[126.60307,37.2164],[126.60263,37.21555],[126.60196,37.21551],[126.6013,37.2143],[126.6023,37.21401],[126.60345,37.21339],[126.60434,37.21265],[126.60457,37.21164],[126.6027,37.20995],[126.60168,37.20872],[126.60266,37.20811],[126.60305,37.2091],[126.60423,37.21027],[126.60487,37.2123],[126.60727,37.21187],[126.608,37.21143],[126.60822,37.20984],[126.61207,37.20871],[126.61239,37.20839],[126.61398,37.2078],[126.61527,37.20935],[126.61464,37.2098],[126.61449,37.21106],[126.61373,37.21138],[126.61325,37.21212],[126.61344,37.2126],[126.6128,37.21366],[126.61191,37.2142],[126.61244,37.21507],[126.61228,37.21592],[126.61138,37.21688],[126.61027,37.21746],[126.61129,37.21914],[126.60988,37.22056],[126.6086,37.22131],[126.60716,37.22187],[126.60718,37.22228],[126.6045,37.22384],[126.60236,37.22395],[126.59862,37.22773],[126.59745,37.22761],[126.59705,37.22859],[126.59602,37.22968],[126.59522,37.22956],[126.59432,37.23033],[126.59303,37.23061],[126.59256,37.23143],[126.59112,37.23238],[126.58931,37.2323],[126.58833,37.23333],[126.58736,37.23325],[126.58633,37.2329],[126.58577,37.23421],[126.58803,37.2337],[126.59031,37.23352],[126.59126,37.23385],[126.59193,37.23474],[126.59194,37.23587],[126.59257,37.23598],[126.59321,37.23519],[126.59193,37.23368],[126.59344,37.23266],[126.59455,37.23224],[126.59537,37.23289],[126.59614,37.23398],[126.59649,37.23382],[126.59537,37.23202],[126.59587,37.23116],[126.60029,37.22822],[126.60239,37.23032],[126.60398,37.23049],[126.60704,37.23008],[126.60715,37.22985],[126.60875,37.22917],[126.61035,37.2294],[126.61068,37.2303],[126.60994,37.23074],[126.60961,37.23253],[126.61089,37.23394],[126.61326,37.23304],[126.6136,37.23229],[126.61442,37.23179],[126.61554,37.23067],[126.61725,37.23032],[126.61749,37.22989],[126.6188,37.2295],[126.61953,37.23015],[126.62003,37.23096],[126.61912,37.23205],[126.6193,37.23328],[126.62036,37.23401],[126.62094,37.23564],[126.62213,37.23619],[126.62408,37.23551],[126.62428,37.23481],[126.62332,37.23402],[126.62342,37.22981],[126.62399,37.22854],[126.62366,37.22801],[126.6238,37.22716],[126.62336,37.22683],[126.62395,37.22542],[126.62494,37.22533],[126.62558,37.22325],[126.6271,37.2222],[126.62595,37.22105],[126.62641,37.21909],[126.62697,37.21859],[126.62899,37.21865],[126.62968,37.21824],[126.63179,37.21748],[126.63336,37.21735],[126.63578,37.21688],[126.63647,37.2166],[126.63734,37.21665],[126.63949,37.21555],[126.63994,37.21558],[126.64109,37.21503],[126.6448,37.21267],[126.64613,37.21168],[126.64682,37.21096],[126.64693,37.20844],[126.64618,37.20757],[126.6461,37.20697],[126.64484,37.20622],[126.64387,37.2063],[126.64248,37.20601],[126.64193,37.20537],[126.64161,37.2043],[126.64239,37.20237],[126.6425,37.20117],[126.64222,37.19926],[126.6411,37.19755],[126.64195,37.19586],[126.64271,37.19579],[126.64368,37.19474],[126.64321,37.19236],[126.64289,37.19207],[126.63255,37.1886],[126.63146,37.18785],[126.63056,37.18641],[126.63083,37.18576],[126.63288,37.18692],[126.63427,37.18834],[126.63309,37.18873],[126.63483,37.1893],[126.63568,37.189],[126.63587,37.18963],[126.64295,37.19202],[126.64313,37.19198],[126.6428,37.18959],[126.64546,37.18956],[126.64579,37.19051],[126.64672,37.19078],[126.64667,37.19145],[126.64724,37.19206],[126.64739,37.1929],[126.64857,37.19367],[126.64991,37.1954],[126.65123,37.19782],[126.65245,37.19776],[126.65283,37.19868],[126.6529,37.19974],[126.65341,37.20284],[126.65384,37.20351],[126.65379,37.20491],[126.65421,37.20567],[126.65474,37.20902],[126.65498,37.20957],[126.65495,37.21189],[126.65536,37.21551],[126.6551,37.21603],[126.6551,37.21865],[126.65482,37.22269],[126.65455,37.22399],[126.65467,37.2246],[126.65413,37.22607],[126.65393,37.22745],[126.65262,37.22903],[126.65203,37.22995],[126.65211,37.23033],[126.65019,37.23238],[126.64932,37.23307],[126.64809,37.23491],[126.64721,37.23573],[126.64694,37.23633],[126.64574,37.23729],[126.64458,37.23853],[126.64342,37.24004],[126.64306,37.24096],[126.64246,37.24144],[126.64155,37.24307],[126.64029,37.24617],[126.6398,37.24666],[126.63943,37.24833],[126.63845,37.24879],[126.63917,37.24929],[126.6389,37.25018],[126.6377,37.25101],[126.63688,37.25362],[126.63679,37.25515],[126.63699,37.25642],[126.63755,37.25792],[126.63826,37.25906],[126.63906,37.25999],[126.64158,37.26229],[126.64271,37.26371],[126.64334,37.26492],[126.64395,37.26666],[126.64386,37.26849],[126.64327,37.27079],[126.64232,37.27241],[126.64143,37.27343],[126.64022,37.27448],[126.63135,37.28088],[126.63106,37.28077],[126.63981,37.27448],[126.64089,37.27361],[126.64238,37.27185],[126.64337,37.26961],[126.64302,37.26885],[126.64055,37.26564],[126.63958,37.26465],[126.64148,37.2626],[126.64072,37.26196],[126.63969,37.264],[126.63928,37.26447],[126.64298,37.269],[126.63829,37.27154],[126.63765,37.27106],[126.63676,37.27118],[126.63423,37.27014],[126.63314,37.26951],[126.6322,37.26873],[126.63164,37.26922],[126.62928,37.26904],[126.62848,37.26779],[126.6267,37.26795],[126.62607,37.26818],[126.62463,37.26734],[126.62471,37.26672],[126.62419,37.26622],[126.62463,37.26516],[126.62443,37.2641],[126.62395,37.26424],[126.62374,37.26501],[126.62316,37.26486],[126.62145,37.26543],[126.62002,37.26617],[126.61856,37.26713],[126.61735,37.26838],[126.61703,37.26846],[126.61597,37.26981],[126.61311,37.2718],[126.6117,37.2726],[126.61171,37.2758],[126.61149,37.27577],[126.61136,37.27333],[126.61109,37.27211],[126.6084,37.27361],[126.60632,37.27452],[126.6053,37.27484],[126.60364,37.27585],[126.60243,37.27598],[126.59998,37.27711],[126.59939,37.27709],[126.59834,37.27756],[126.596,37.27909],[126.595,37.28011],[126.59445,37.2804],[126.59225,37.28214],[126.59187,37.2826],[126.5897,37.28367],[126.58868,37.28435],[126.58839,37.2852],[126.58892,37.28578],[126.58815,37.28608],[126.58782,37.28658],[126.58699,37.28664],[126.58642,37.28611],[126.58601,37.28447],[126.58514,37.28519],[126.58917,37.28997],[126.58927,37.28996],[126.60527,37.28148],[126.61063,37.27861],[126.6109,37.27782],[126.61139,37.27748],[126.61252,37.27769],[126.61298,37.27844],[126.62519,37.28258],[126.62742,37.2815],[126.62797,37.28092],[126.62939,37.28008],[126.63012,37.28056],[126.62883,37.28142],[126.62806,37.28251],[126.62864,37.28255],[126.63056,37.28113],[126.63079,37.28127],[126.62888,37.28263],[126.62869,37.28303],[126.62891,37.28412],[126.62747,37.28362],[126.62695,37.28395],[126.62644,37.28328],[126.61188,37.27837],[126.61175,37.27835],[126.6008,37.28417],[126.58917,37.29031],[126.5844,37.2846],[126.58411,37.28596],[126.58255,37.28692],[126.58217,37.28846],[126.58283,37.28969],[126.5839,37.2901],[126.58394,37.2905],[126.58613,37.29074],[126.58646,37.29003],[126.58748,37.29075],[126.58722,37.29128],[126.58649,37.29101],[126.58296,37.2909],[126.58109,37.2919],[126.57993,37.29184],[126.57913,37.29203],[126.57805,37.29282],[126.57935,37.29358],[126.58056,37.29338],[126.58064,37.29399],[126.58858,37.2986],[126.594,37.30178],[126.60159,37.30618],[126.60476,37.30784],[126.61033,37.31111],[126.61172,37.31158],[126.6129,37.31236],[126.61378,37.31263],[126.61478,37.31333],[126.61618,37.31377],[126.61815,37.31416],[126.62226,37.31538],[126.62368,37.31558],[126.62685,37.31646],[126.62774,37.3169],[126.63553,37.31908],[126.64284,37.32109],[126.64773,37.32248],[126.64958,37.32295],[126.65853,37.32548],[126.66831,37.32813],[126.67067,37.32885],[126.67146,37.32891],[126.67359,37.32583],[126.67519,37.32408],[126.67561,37.32343],[126.67548,37.32294],[126.67646,37.32174],[126.67729,37.32164],[126.67633,37.32035],[126.67723,37.32047],[126.67789,37.3199],[126.68068,37.31966],[126.68231,37.31995],[126.68546,37.32005],[126.69218,37.31891],[126.69265,37.31873],[126.70157,37.31327],[126.7032,37.31195],[126.70386,37.31186],[126.70616,37.31052],[126.71035,37.30929],[126.71247,37.30884],[126.71754,37.30828],[126.72147,37.30589],[126.72994,37.30347],[126.73155,37.30343],[126.73285,37.30266],[126.73267,37.30076],[126.73934,37.29884],[126.7406,37.30086],[126.74326,37.3],[126.74488,37.29908],[126.76764,37.29253],[126.77532,37.29255],[126.7758,37.29178],[126.78253,37.29171],[126.78291,37.29258],[126.78382,37.29258],[126.78451,37.29438],[126.78578,37.29446],[126.78887,37.29511],[126.78937,37.29341],[126.80126,37.29562],[126.8025,37.29577],[126.80554,37.29579],[126.80964,37.29561],[126.81215,37.29543],[126.81329,37.29573],[126.81559,37.2974],[126.81638,37.2981],[126.81723,37.29798],[126.81646,37.29672],[126.81455,37.29549],[126.81426,37.29499],[126.81552,37.2945],[126.81828,37.29315],[126.8199,37.29225],[126.82093,37.29135],[126.82172,37.2909],[126.82274,37.28988],[126.82549,37.28679],[126.82667,37.28458],[126.82727,37.28204],[126.82779,37.28024],[126.8283,37.27943],[126.82948,37.27853],[126.83039,37.27823],[126.83175,37.2781],[126.83308,37.27776],[126.83369,37.27786],[126.83581,37.27752],[126.83707,37.27691],[126.8381,37.27613],[126.83771,37.27391],[126.83868,37.27189],[126.84027,37.2697],[126.84097,37.26891],[126.84235,37.268],[126.84139,37.26773],[126.84006,37.26892],[126.83734,37.27219],[126.8372,37.27502],[126.83561,37.27657],[126.83396,37.27692],[126.83226,37.27691],[126.8302,37.2766],[126.8281,37.27692],[126.82753,37.27735],[126.82699,37.2783],[126.82546,37.28277],[126.82497,37.28396],[126.82312,37.28679],[126.82149,37.28855],[126.81921,37.29046],[126.81684,37.29176],[126.81521,37.29247],[126.81361,37.29297],[126.80925,37.29364],[126.80626,37.29376],[126.80476,37.2937],[126.80475,37.29299],[126.80258,37.29278],[126.79931,37.29215],[126.79653,37.29189],[126.79477,37.29156],[126.79285,37.29142],[126.7892,37.29054],[126.78696,37.29027],[126.78491,37.28983],[126.78313,37.28995],[126.77831,37.28938],[126.77607,37.28917],[126.77364,37.28872],[126.77255,37.28797],[126.77203,37.2871],[126.77276,37.28575],[126.77345,37.28505],[126.7738,37.28412],[126.77454,37.28307],[126.77426,37.28269],[126.77298,37.28196],[126.77295,37.28129],[126.77351,37.2797],[126.7735,37.27857],[126.77287,37.27752],[126.7728,37.27681],[126.77354,37.27544],[126.77174,37.27562],[126.77051,37.27998],[126.76986,37.28142],[126.76863,37.28334],[126.76719,37.28481],[126.76651,37.28531],[126.76486,37.28616],[126.76397,37.28643],[126.76191,37.28662],[126.76023,37.28697],[126.75713,37.28719],[126.75568,37.28688],[126.75516,37.28616],[126.75565,37.28238],[126.75717,37.2786],[126.75628,37.27778],[126.75485,37.27985],[126.75374,37.28176],[126.75345,37.28336],[126.75344,37.28457],[126.75282,37.28519],[126.75289,37.28597],[126.75255,37.2863],[126.74946,37.28717],[126.74719,37.28815],[126.7462,37.28843],[126.74581,37.28896],[126.74522,37.28883],[126.74444,37.28941],[126.74251,37.28998],[126.74121,37.29053],[126.73657,37.29206],[126.73446,37.29244],[126.73273,37.29237],[126.73163,37.29258],[126.73039,37.29224],[126.72857,37.29144],[126.72727,37.29115],[126.72507,37.28986],[126.72375,37.29016],[126.72243,37.2898],[126.7218,37.28935],[126.72187,37.28658],[126.72265,37.2847],[126.72263,37.28427],[126.72324,37.28331],[126.72377,37.28323],[126.72635,37.28174],[126.72729,37.28135],[126.72839,37.2812],[126.73236,37.28101],[126.73287,37.28077],[126.73402,37.28082],[126.73586,37.28062],[126.7366,37.28038],[126.73797,37.27942],[126.7345,37.27982],[126.73246,37.27973],[126.73099,37.2798],[126.72909,37.28021],[126.72776,37.27983],[126.72716,37.27914],[126.7273,37.2779],[126.72799,37.27662],[126.73035,37.27414],[126.73042,37.27373],[126.72971,37.27315],[126.72833,37.27402],[126.72536,37.27555],[126.72371,37.276],[126.72274,37.27543],[126.72257,37.274],[126.7226,37.27253],[126.72144,37.27216],[126.72148,37.27592],[126.72023,37.27727],[126.71738,37.27935],[126.71675,37.28012],[126.71597,37.2802],[126.71474,37.28077],[126.713,37.28103],[126.71076,37.28041],[126.70928,37.27929],[126.70946,37.2779],[126.70999,37.27626],[126.70927,37.27599],[126.7084,37.27513],[126.70777,37.27606],[126.70771,37.27746],[126.70548,37.27867],[126.70395,37.27795],[126.70316,37.27707],[126.70147,37.27731],[126.70025,37.27699],[126.69967,37.27636],[126.69963,37.27485],[126.69989,37.27362],[126.69951,37.2731],[126.69875,37.27421],[126.69837,37.27509],[126.69855,37.2769],[126.69925,37.27891],[126.69996,37.27984],[126.69739,37.2806],[126.69578,37.28007],[126.695,37.27926],[126.69478,37.27823],[126.69297,37.27544],[126.69263,37.27397],[126.692,37.27363],[126.69106,37.27263],[126.68904,37.27246],[126.68761,37.27272],[126.68605,37.27275],[126.6834,37.27101],[126.68122,37.26878],[126.67964,37.26789],[126.67638,37.26686],[126.67439,37.26672],[126.67383,37.2682],[126.67411,37.26855],[126.6756,37.26875],[126.67698,37.26938],[126.67641,37.26965],[126.67507,37.26935],[126.67358,37.26931],[126.67316,37.27002],[126.67196,37.27318],[126.67332,37.27232],[126.67509,37.27244],[126.67963,37.2747],[126.68103,37.27555],[126.68204,37.27647],[126.6837,37.27905],[126.68351,37.28063],[126.68434,37.28105],[126.68324,37.28166],[126.68188,37.28267],[126.6813,37.28281],[126.68047,37.28358],[126.68039,37.28418],[126.67897,37.28587],[126.6772,37.28694],[126.67483,37.28808],[126.67352,37.2884],[126.67065,37.28826],[126.66738,37.28761],[126.66496,37.28691],[126.66283,37.28666],[126.6617,37.286],[126.66165,37.29256],[126.65011,37.293],[126.64818,37.29286],[126.63351,37.2893],[126.63237,37.2888],[126.63143,37.28816],[126.6305,37.28708],[126.62935,37.28492],[126.63006,37.28516],[126.63084,37.28664],[126.63214,37.28833],[126.63414,37.2892],[126.64763,37.29249],[126.64964,37.29275],[126.66006,37.29236],[126.66115,37.29181],[126.66138,37.29131],[126.6614,37.28872],[126.66102,37.28717],[126.66046,37.28696],[126.65917,37.28584],[126.65888,37.28497],[126.65755,37.28281],[126.65682,37.28308],[126.65576,37.28306],[126.65476,37.28259],[126.65427,37.28318],[126.65293,37.28339],[126.6515,37.28227],[126.65138,37.28159],[126.64933,37.28126],[126.64828,37.28067],[126.64728,37.28043],[126.64691,37.28],[126.64703,37.27892],[126.64616,37.27851],[126.64497,37.27841],[126.63289,37.28713],[126.63273,37.28698],[126.65048,37.27419],[126.65197,37.27295],[126.65286,37.27184],[126.65374,37.2699],[126.65394,37.26863],[126.65387,37.26727],[126.65351,37.26608],[126.65295,37.26496],[126.65198,37.26373],[126.64945,37.26142],[126.64832,37.26156],[126.64772,37.26099],[126.64701,37.25984],[126.64637,37.25803],[126.64656,37.25736],[126.64674,37.25501],[126.64702,37.25294],[126.64806,37.25313],[126.64846,37.2525],[126.64841,37.25179],[126.64883,37.25058],[126.64835,37.24987],[126.64807,37.25296],[126.64783,37.25296],[126.6477,37.25066],[126.64717,37.25058],[126.64731,37.248],[126.64775,37.24732],[126.64779,37.24385],[126.64833,37.24281],[126.65071,37.23895],[126.65198,37.23758],[126.65263,37.2366],[126.65561,37.23377],[126.65641,37.23283],[126.6569,37.23314],[126.65743,37.23229],[126.65714,37.23195],[126.65779,37.23118],[126.65862,37.22972],[126.65971,37.22926],[126.65894,37.22866],[126.6596,37.2264],[126.66003,37.22597],[126.6607,37.22352],[126.66091,37.22204],[126.66087,37.22099],[126.66013,37.22],[126.66057,37.21913],[126.66041,37.21722],[126.65995,37.21603],[126.65945,37.21389],[126.65873,37.2119],[126.65812,37.21138],[126.65778,37.20978],[126.65794,37.2095],[126.65728,37.2068],[126.65665,37.206],[126.65617,37.20484],[126.656,37.20336],[126.65562,37.20239],[126.65553,37.20148],[126.65466,37.20024],[126.65477,37.19863],[126.65397,37.19653],[126.6537,37.19619],[126.65319,37.19427],[126.65276,37.19314],[126.65194,37.1916],[126.65077,37.1918],[126.65058,37.19111],[126.65431,37.19046],[126.65521,37.19043],[126.65525,37.18985],[126.65383,37.18838],[126.65318,37.18863],[126.65188,37.18727],[126.64998,37.18557],[126.6504,37.18468],[126.64957,37.18371],[126.65,37.18297],[126.6506,37.18277],[126.65222,37.18274],[126.65391,37.18368],[126.65536,37.18515],[126.65436,37.18596],[126.65823,37.19007],[126.65931,37.18999],[126.65987,37.19075],[126.66099,37.19088],[126.66139,37.19066],[126.66467,37.19164],[126.66529,37.19224],[126.66602,37.19223],[126.66676,37.1908],[126.66989,37.18924],[126.66762,37.18811],[126.66662,37.18904],[126.66546,37.18799],[126.66501,37.18722],[126.66592,37.18667],[126.66604,37.18592],[126.66557,37.18471],[126.6652,37.18232],[126.66398,37.18172],[126.66278,37.1808],[126.66195,37.17917],[126.66002,37.17642],[126.65889,37.17694],[126.65697,37.1762],[126.65666,37.1775],[126.65791,37.17819],[126.6562,37.17888],[126.65541,37.17968],[126.65612,37.18003],[126.65578,37.18066],[126.65496,37.18072],[126.65367,37.18126],[126.65361,37.18029],[126.6554,37.17792],[126.65655,37.17753],[126.65684,37.17619],[126.6556,37.17524],[126.65521,37.17448],[126.65469,37.17415],[126.65607,37.17319],[126.65676,37.1724],[126.65738,37.17034],[126.65767,37.16858],[126.65796,37.16771],[126.656,37.16773],[126.65432,37.168],[126.6536,37.16762],[126.65371,37.16688],[126.65433,37.16664],[126.65554,37.16771],[126.65668,37.16751],[126.65685,37.16693],[126.65825,37.1671],[126.65837,37.16644],[126.65905,37.16519],[126.66018,37.16444],[126.66036,37.16371],[126.66099,37.16369],[126.66091,37.16229],[126.66001,37.16103],[126.65775,37.15913],[126.65669,37.15893],[126.65448,37.15759],[126.65335,37.15657],[126.65041,37.15649],[126.6506,37.15592],[126.64982,37.15464],[126.65048,37.15416],[126.65148,37.15394],[126.65233,37.15454],[126.65382,37.15369],[126.65454,37.15345],[126.6564,37.15432],[126.65767,37.15404],[126.65829,37.15504],[126.66021,37.1547],[126.66135,37.15539],[126.66276,37.15664],[126.66405,37.15692],[126.6685,37.15612],[126.66971,37.15601],[126.67318,37.15726],[126.68235,37.16047],[126.6828,37.16044],[126.68663,37.159],[126.69122,37.15719],[126.69129,37.1566],[126.69297,37.15405],[126.6939,37.15368],[126.69745,37.15142],[126.69673,37.15059],[126.6946,37.15225],[126.68964,37.15064],[126.68589,37.14903],[126.68606,37.14948],[126.68561,37.15012],[126.68395,37.14956],[126.68262,37.1483],[126.68232,37.14693],[126.68125,37.14466],[126.68074,37.14424],[126.67993,37.1445],[126.67896,37.1442],[126.6776,37.14412],[126.67741,37.14326],[126.67957,37.14314],[126.6797,37.14238],[126.67959,37.14108],[126.6791,37.14053],[126.6776,37.14017],[126.67707,37.13934],[126.67508,37.13787],[126.67351,37.13773],[126.67438,37.13627],[126.67484,37.13505],[126.676,37.13591],[126.67713,37.13569],[126.67793,37.13496],[126.67894,37.13336],[126.67973,37.13124],[126.68026,37.13108],[126.68103,37.13016],[126.68204,37.12856],[126.68326,37.12572],[126.68437,37.1222],[126.68432,37.12152],[126.68469,37.12068],[126.68472,37.11914],[126.68336,37.11745],[126.68265,37.11733],[126.67942,37.11828],[126.67532,37.1183],[126.67415,37.11722],[126.67462,37.11711],[126.6755,37.11797],[126.6793,37.11795],[126.68094,37.11732],[126.6807,37.11542],[126.67695,37.11553],[126.67767,37.1152],[126.68084,37.11521],[126.68099,37.11486],[126.68376,37.11462],[126.68356,37.11283],[126.68453,37.11176],[126.69692,37.10206],[126.7323,37.07444],[126.73185,37.07389],[126.73201,37.07325],[126.72969,37.07134],[126.73003,37.07117],[126.73243,37.07332],[126.73355,37.07347],[126.7556,37.05623],[126.75668,37.05546],[126.75527,37.05438],[126.75251,37.05192],[126.75151,37.05117],[126.74943,37.04902],[126.74881,37.04886],[126.74778,37.04628],[126.74633,37.04362],[126.74582,37.04245],[126.74526,37.03975],[126.74552,37.03688],[126.74527,37.03672],[126.73954,37.03952],[126.73624,37.03925],[126.73422,37.03866],[126.73446,37.03838],[126.73577,37.03869],[126.73627,37.0392],[126.73953,37.03947],[126.74643,37.03612],[126.74722,37.03483],[126.74688,37.03382],[126.74812,37.03379],[126.74815,37.03513],[126.7488,37.03517],[126.74877,37.03113],[126.74943,37.03022],[126.75058,37.02971],[126.75227,37.02961],[126.76353,37.02974],[126.76407,37.0295],[126.76666,37.0295],[126.7675,37.03],[126.76914,37.02961],[126.77097,37.02975],[126.77372,37.02966],[126.77712,37.02967],[126.77772,37.02976],[126.78846,37.02983],[126.78964,37.02964],[126.79173,37.0282],[126.7946,37.02648],[126.79517,37.02563],[126.79566,37.01842],[126.79705,37.01716],[126.79751,37.01616],[126.79763,37.01413],[126.78964,37.01307],[126.78929,37.01319],[126.78716,37.01297],[126.77886,37.00744],[126.77894,37.00715],[126.78224,37.00401],[126.78154,37.00394],[126.78156,37.00266],[126.78319,37.00259],[126.78586,36.99978],[126.78881,36.99543],[126.78885,36.99517],[126.7904,36.99448],[126.79306,36.99457],[126.79466,36.99746],[126.79714,36.99746],[126.79765,36.99571],[126.79805,36.99575],[126.7979,36.99709],[126.79952,36.99723],[126.7997,36.99598],[126.80041,36.99605],[126.80024,36.99729],[126.80413,36.99764],[126.80845,36.99625],[126.80925,36.99592],[126.80918,36.99546],[126.80817,36.99345],[126.80681,36.99389],[126.80578,36.99354],[126.80414,36.99026],[126.80884,36.98874],[126.81001,36.99081],[126.81209,36.99497],[126.8234,36.99127],[126.82054,36.98555],[126.81844,36.98624],[126.81818,36.98572],[126.82081,36.98476],[126.82329,36.98498],[126.82378,36.98487],[126.82503,36.98632],[126.82681,36.98731],[126.82811,36.98744],[126.82552,36.9862],[126.82395,36.98446],[126.82351,36.98429],[126.82959,36.97554],[126.83141,36.97301],[126.84251,36.9572],[126.84419,36.95795],[126.84555,36.95597],[126.84663,36.95483],[126.84449,36.95386],[126.84445,36.95356],[126.84531,36.95266],[126.84961,36.94647],[126.85278,36.9478],[126.85468,36.94507],[126.85182,36.9437],[126.85209,36.94331],[126.85508,36.94459],[126.8563,36.94371],[126.85886,36.94209],[126.85917,36.942],[126.86254,36.93987],[126.86354,36.94063],[126.86551,36.93931],[126.86743,36.93327],[126.88709,36.93627],[126.8981,36.93056],[126.8993,36.92984],[126.90305,36.9257],[126.90373,36.92444],[126.90383,36.92365],[126.90355,36.92244],[126.90311,36.92151],[126.90306,36.92078],[126.90358,36.91542],[126.90502,36.91574],[126.90602,36.91388],[126.90648,36.91366],[126.90721,36.91224],[126.90642,36.9118],[126.90627,36.91046],[126.90706,36.90925],[126.90715,36.90861],[126.90803,36.90874],[126.90966,36.9016],[126.91032,36.90168],[126.91674,36.90621],[126.93963,36.91733],[126.9542,36.92057],[126.96524,36.92383],[126.97375,36.92586],[126.97978,36.92821],[126.98555,36.93249],[126.99153,36.93351],[126.99312,36.93456],[126.99518,36.93536],[126.99821,36.93472],[126.99969,36.93378],[127.00079,36.9336],[127.00263,36.93363],[127.00305,36.934],[127.00334,36.93496],[127.00479,36.93499],[127.00641,36.93415],[127.0074,36.93418],[127.00697,36.93522],[127.00744,36.93573],[127.0086,36.93566],[127.0098,36.93591],[127.01049,36.93583],[127.01111,36.93499],[127.01131,36.93431],[127.01195,36.93419],[127.01355,36.93461],[127.01502,36.93542],[127.01557,36.93539],[127.01691,36.93477],[127.0173,36.93437],[127.01911,36.93359],[127.02047,36.9345],[127.0212,36.93426],[127.02131,36.9333],[127.02085,36.93235],[127.02122,36.93125],[127.02203,36.93063],[127.02323,36.93059],[127.02412,36.93036],[127.0258,36.92875],[127.02722,36.9289],[127.0277,36.92859],[127.02884,36.92863],[127.0298,36.92889],[127.03064,36.92816],[127.03128,36.92815],[127.03345,36.92873],[127.03389,36.92942],[127.03474,36.92973],[127.03489,36.93057],[127.03633,36.93082],[127.03652,36.9315],[127.03722,36.93225],[127.03815,36.93245],[127.04008,36.93238],[127.04224,36.9328],[127.04349,36.93369],[127.04593,36.93321],[127.04758,36.93322],[127.04866,36.93377],[127.04968,36.93395],[127.0523,36.93521],[127.05278,36.93527],[127.05379,36.93687],[127.05471,36.93758],[127.05606,36.93748],[127.05639,36.93706],[127.05721,36.93698],[127.0585,36.9374],[127.05949,36.93844],[127.05931,36.93908],[127.06141,36.9397],[127.06237,36.93974],[127.06388,36.94099],[127.06549,36.94193],[127.06773,36.94224],[127.06852,36.94168],[127.06836,36.94026],[127.06897,36.9399],[127.06981,36.93996],[127.07155,36.94068],[127.07294,36.94049],[127.0738,36.93981],[127.07363,36.93891],[127.07449,36.93898],[127.0749,36.93986],[127.07713,36.94113],[127.07815,36.94237],[127.08052,36.94386],[127.08189,36.94446],[127.08416,36.94596],[127.08566,36.94753],[127.08621,36.94774],[127.08805,36.94678],[127.08983,36.9457],[127.09106,36.94453],[127.09191,36.94345],[127.09384,36.94238],[127.09504,36.94218],[127.09576,36.94237],[127.09623,36.94344],[127.09606,36.94392],[127.09698,36.94623],[127.097,36.94799],[127.0984,36.94841],[127.09846,36.94923],[127.09929,36.94962],[127.10292,36.95274],[127.10292,36.95328],[127.10075,36.95443],[127.09844,36.95446],[127.09762,36.9552],[127.0964,36.95572],[127.09661,36.95865],[127.09652,36.95954],[127.0983,36.96079],[127.10051,36.96076],[127.10078,36.96115],[127.10148,36.96347],[127.10251,36.96476],[127.10327,36.96489],[127.10362,36.96534],[127.10455,36.96576],[127.10559,36.96564],[127.10692,36.96626],[127.10748,36.96845],[127.1081,36.96888],[127.10922,36.9688],[127.11034,36.96896],[127.11124,36.96962],[127.11154,36.97128],[127.11242,36.97129],[127.11224,36.97251],[127.1131,36.97307],[127.11366,36.97296],[127.1144,36.97147],[127.11564,36.97091],[127.11748,36.97103],[127.11853,36.97089],[127.12021,36.97035],[127.12058,36.96998],[127.12074,36.96899],[127.12163,36.96823],[127.123,36.96845],[127.12432,36.96836],[127.1255,36.96767],[127.12732,36.96729],[127.12905,36.96652],[127.12966,36.96642],[127.13112,36.96683],[127.13234,36.96699],[127.13348,36.96677],[127.13546,36.96573],[127.13678,36.96566],[127.13687,36.9663],[127.13596,36.96688],[127.13565,36.96762],[127.13657,36.96829],[127.13849,36.96886],[127.14069,36.96984],[127.14366,36.97105],[127.14426,36.97114],[127.14645,36.97105],[127.14721,36.97088],[127.14823,36.96988],[127.14889,36.96955],[127.15236,36.96936],[127.15304,36.96956],[127.15461,36.97045],[127.15621,36.97001],[127.1592,36.96974],[127.15806,36.96883],[127.15801,36.96706],[127.15752,36.96653],[127.15639,36.96631],[127.15552,36.96691],[127.1552,36.96615],[127.15452,36.96571],[127.1554,36.9652],[127.15536,36.96446],[127.15738,36.96427],[127.15844,36.96381],[127.15901,36.96433],[127.15992,36.96448],[127.16175,36.96402],[127.16313,36.96329],[127.16344,36.96274],[127.16494,36.96189],[127.16564,36.96213],[127.16671,36.96212],[127.16889,36.96261],[127.16965,36.96253],[127.17113,36.96313],[127.17232,36.96325],[127.17369,36.96268],[127.17521,36.9623],[127.17667,36.96221],[127.1782,36.96252],[127.17896,36.95983],[127.17918,36.95805],[127.17966,36.95729],[127.18041,36.95675],[127.18334,36.9558],[127.18403,36.95581],[127.18512,36.95499],[127.18659,36.95555],[127.18798,36.95524],[127.18859,36.95417],[127.19017,36.95282],[127.19075,36.95249],[127.19214,36.95218],[127.19358,36.9523],[127.19424,36.95203],[127.19545,36.95195],[127.19755,36.9523],[127.19882,36.95229],[127.20129,36.952],[127.20211,36.95166],[127.20325,36.95086],[127.20427,36.94984],[127.20486,36.94771],[127.20687,36.94613],[127.20621,36.94392],[127.20582,36.9435],[127.20626,36.94291],[127.20573,36.94202],[127.20777,36.94085],[127.20824,36.94035],[127.20911,36.94016],[127.20966,36.93931],[127.21125,36.93856],[127.21179,36.93695],[127.2114,36.93561],[127.21062,36.93501],[127.21016,36.93416],[127.21045,36.9334],[127.20973,36.93273],[127.20986,36.93123],[127.21045,36.93054],[127.21161,36.93017],[127.2129,36.93015],[127.21384,36.93035],[127.2148,36.93012],[127.21525,36.93041],[127.21675,36.93068],[127.21715,36.92964],[127.2177,36.92941],[127.21949,36.93036],[127.22033,36.93045],[127.22116,36.92988],[127.22199,36.9286],[127.22337,36.92822],[127.2243,36.92759],[127.22564,36.92716],[127.22648,36.92612],[127.22865,36.92441],[127.22951,36.92431],[127.23188,36.92468],[127.23246,36.92417],[127.23374,36.92361],[127.23579,36.924],[127.23635,36.92372],[127.23714,36.92197],[127.23731,36.92091],[127.23839,36.9203],[127.23941,36.91946],[127.24314,36.91856],[127.24405,36.9176],[127.24532,36.91782],[127.24624,36.91823],[127.24664,36.91876],[127.24815,36.91853],[127.24893,36.91904],[127.24891,36.92121],[127.24956,36.92149],[127.25046,36.92132],[127.25127,36.92174],[127.25231,36.92185],[127.25313,36.92244],[127.25432,36.92124],[127.25508,36.92027],[127.25588,36.91875],[127.25703,36.91766],[127.25783,36.91652],[127.25861,36.91587],[127.26162,36.91471],[127.26326,36.91457],[127.26463,36.9152],[127.26573,36.91506],[127.26601,36.91443],[127.26688,36.91373],[127.26827,36.9136],[127.26852,36.91382],[127.26986,36.9137],[127.27029,36.91327],[127.27251,36.91356],[127.27305,36.91401],[127.27429,36.91344],[127.27425,36.91295],[127.27329,36.91225],[127.27345,36.91145],[127.27398,36.91068],[127.27401,36.9096],[127.27457,36.90868],[127.27534,36.90808],[127.27742,36.90687],[127.27884,36.90625],[127.27912,36.90482],[127.27975,36.90445],[127.27963,36.90293],[127.27981,36.90199],[127.27916,36.90041],[127.28033,36.89959],[127.28082,36.89947],[127.28182,36.89847],[127.28309,36.89774],[127.28267,36.8974],[127.28315,36.8966],[127.28455,36.89532],[127.28615,36.89434],[127.28783,36.89378],[127.2903,36.89433],[127.28962,36.89565],[127.29033,36.897],[127.29054,36.89797],[127.29187,36.89868],[127.29293,36.89975],[127.29375,36.90031],[127.29451,36.90174],[127.29643,36.90268],[127.29665,36.90392],[127.29737,36.90396],[127.29761,36.90495],[127.29719,36.9057],[127.29729,36.90673],[127.29854,36.90695],[127.29897,36.90782],[127.29971,36.9082],[127.29907,36.90896],[127.30037,36.91008],[127.30088,36.91104],[127.30196,36.91217],[127.30133,36.91283],[127.3021,36.9139],[127.3026,36.91427],[127.30291,36.91577],[127.30336,36.91639],[127.30262,36.917],[127.30163,36.91828],[127.30065,36.9189],[127.30091,36.91978],[127.29964,36.92168],[127.29844,36.92273],[127.29838,36.92404],[127.29801,36.92439],[127.29741,36.92605],[127.29655,36.92678],[127.29538,36.92925],[127.29497,36.93067],[127.29641,36.93007],[127.2982,36.93009],[127.30019,36.9294],[127.30265,36.92965],[127.30385,36.93006],[127.30456,36.92955],[127.30583,36.92942],[127.30734,36.92988],[127.30899,36.92939],[127.3097,36.92995],[127.31062,36.93007],[127.31121,36.93058],[127.3122,36.9307],[127.3133,36.93124],[127.3148,36.93125],[127.31481,36.93254],[127.31522,36.93346],[127.31621,36.93472],[127.31773,36.93459],[127.31815,36.93425],[127.32001,36.93496],[127.32024,36.93537],[127.32129,36.93559],[127.32287,36.93652],[127.32423,36.93591],[127.32681,36.93594],[127.32751,36.93675],[127.32803,36.93665],[127.32931,36.93733],[127.33032,36.93758],[127.3332,36.94035],[127.33654,36.94173],[127.33883,36.94251],[127.3391,36.94313],[127.34018,36.9434],[127.34061,36.94312],[127.34193,36.94313],[127.34316,36.94432],[127.34239,36.94632],[127.34296,36.94668],[127.34343,36.94744],[127.34326,36.94826],[127.34411,36.94839],[127.34484,36.94932],[127.34582,36.95],[127.34675,36.95033],[127.34787,36.95101],[127.34827,36.95159],[127.34904,36.95199],[127.34963,36.95279],[127.35103,36.95284],[127.35251,36.95255],[127.35311,36.9528],[127.354,36.95267],[127.35571,36.9514],[127.35578,36.95063],[127.35665,36.94915],[127.35732,36.94866],[127.35761,36.94769],[127.35875,36.94811],[127.35953,36.9488],[127.36176,36.9495],[127.3631,36.94932],[127.36352,36.94902],[127.36453,36.94895],[127.36578,36.94914],[127.3673,36.9503],[127.36787,36.94976],[127.36862,36.94955],[127.36939,36.95008],[127.36988,36.94987],[127.37202,36.94991],[127.37307,36.94896],[127.37468,36.94856],[127.37533,36.94871],[127.37579,36.94989],[127.37668,36.95036],[127.37821,36.95208],[127.37819,36.95318],[127.37874,36.95409],[127.37851,36.95459],[127.3783,36.95611],[127.37872,36.95698],[127.37872,36.95789],[127.37961,36.95873],[127.38113,36.95879],[127.38213,36.95922],[127.38263,36.95981],[127.38349,36.95938],[127.38482,36.95962],[127.38518,36.96077],[127.38577,36.96149],[127.38643,36.96318],[127.38727,36.96446],[127.38828,36.96473],[127.39006,36.96399],[127.39101,36.96533],[127.39189,36.96559],[127.39303,36.96563],[127.39444,36.96543],[127.39511,36.96503],[127.39579,36.96503],[127.39632,36.96447],[127.39803,36.96486],[127.39895,36.96579],[127.39949,36.96593],[127.40043,36.96692],[127.40153,36.96768],[127.40052,36.96852],[127.39966,36.96986],[127.39835,36.97064],[127.39793,36.97166],[127.39724,36.97269],[127.39634,36.97328],[127.39628,36.97386],[127.39667,36.97461],[127.39536,36.97536],[127.39501,36.97616],[127.39432,36.97698],[127.39233,36.97817],[127.39118,36.97804],[127.39063,36.97829],[127.38938,36.98008],[127.3876,36.98088],[127.3861,36.98141],[127.38607,36.98188],[127.38524,36.98293],[127.38503,36.98419],[127.38551,36.98482],[127.38616,36.98501],[127.38673,36.98633],[127.38837,36.98723],[127.38856,36.98819],[127.3893,36.9895],[127.39093,36.99111],[127.3922,36.99343],[127.39169,36.99396],[127.39219,36.99551],[127.39266,36.99605],[127.39254,36.99669],[127.39311,36.99743],[127.39421,36.99838],[127.39552,36.99875],[127.3973,36.99843],[127.39873,36.99882],[127.39979,36.99986],[127.40131,36.99955],[127.40254,36.99891],[127.40415,36.99881],[127.40684,36.99832],[127.40795,36.99855],[127.4095,36.99978],[127.41009,36.9996],[127.41134,37.00018],[127.41317,36.99997],[127.41391,36.99947],[127.4158,37.00033],[127.41582,37.00057],[127.41855,37.00163],[127.4192,37.00297],[127.42035,37.00376],[127.4218,37.00385],[127.42365,37.003],[127.42456,37.00361],[127.42506,37.00354],[127.4257,37.00283],[127.42705,37.00267],[127.42882,37.00219],[127.42953,37.00172],[127.42957,37.00124],[127.43142,37.00242],[127.43142,37.00306],[127.43304,37.00458],[127.43371,37.00468],[127.43446,37.00523],[127.43619,37.00537],[127.43713,37.00663],[127.43705,37.00825],[127.43777,37.00869],[127.43872,37.01021],[127.43953,37.01053],[127.44061,37.01191],[127.44123,37.01211],[127.44193,37.01176],[127.44456,37.012],[127.44575,37.01133],[127.44623,37.01082],[127.44709,37.01083],[127.44715,37.01197],[127.44828,37.01261],[127.44887,37.01499],[127.44833,37.01654],[127.44946,37.01744],[127.44974,37.01838],[127.4506,37.01855],[127.45093,37.0193],[127.45173,37.01946],[127.45258,37.02037],[127.45334,37.02002],[127.45371,37.02125],[127.45485,37.02139],[127.45606,37.02101],[127.45741,37.02034],[127.45837,37.02047],[127.45838,37.02116],[127.45901,37.0219],[127.45927,37.0227],[127.45904,37.02308],[127.45951,37.02387],[127.45925,37.02442],[127.45974,37.02506],[127.4593,37.02615],[127.45912,37.02745],[127.45836,37.02826],[127.45798,37.02998],[127.45686,37.03003],[127.45626,37.03033],[127.45635,37.03114],[127.45834,37.03346],[127.45847,37.0345],[127.45964,37.03564],[127.45933,37.03716],[127.4597,37.03813],[127.45949,37.03878],[127.45771,37.04026],[127.45719,37.04022],[127.45719,37.04127],[127.45686,37.04221],[127.45741,37.0425],[127.45759,37.04363],[127.45899,37.04411],[127.45931,37.04482],[127.45985,37.04511],[127.46033,37.04616],[127.4612,37.04685],[127.46193,37.04685],[127.4625,37.04762],[127.46342,37.04817],[127.46591,37.0491],[127.46707,37.04993],[127.46838,37.05035],[127.46836,37.05097],[127.46783,37.05222],[127.46746,37.05249],[127.46821,37.05349],[127.46898,37.05347],[127.46966,37.05385],[127.47024,37.0536],[127.4719,37.0538],[127.47235,37.05319],[127.47349,37.0529],[127.47511,37.05291],[127.47718,37.05364],[127.47853,37.05335],[127.47984,37.05357],[127.48135,37.05361],[127.48185,37.05402],[127.48342,37.05361],[127.48437,37.05385],[127.48512,37.05467],[127.48648,37.05478],[127.4882,37.0534],[127.48947,37.05264],[127.49023,37.0528],[127.49037,37.05196],[127.49333,37.05054],[127.49473,37.04941],[127.4956,37.04911],[127.4958,37.04851],[127.49665,37.04812],[127.49733,37.04816],[127.49908,37.04758],[127.49984,37.04764],[127.5026,37.04842],[127.50349,37.04852],[127.50454,37.048],[127.50628,37.04861],[127.50743,37.04887],[127.5079,37.04931],[127.50889,37.04942],[127.50908,37.0501],[127.51018,37.05147],[127.50992,37.05195],[127.51002,37.05288],[127.51068,37.05383],[127.51111,37.05389],[127.51169,37.05471],[127.51158,37.05556],[127.51251,37.05635],[127.51464,37.05705],[127.51543,37.05745],[127.51556,37.05806],[127.51649,37.05802],[127.51821,37.0584],[127.51858,37.05756],[127.51971,37.0568],[127.52249,37.05559],[127.5241,37.05533],[127.52525,37.05553],[127.52818,37.05515],[127.53041,37.05579],[127.53199,37.05564],[127.5328,37.0552],[127.53308,37.05461],[127.5331,37.05359],[127.53468,37.052],[127.5359,37.05152],[127.53721,37.05135],[127.5391,37.05087],[127.54096,37.05074],[127.542,37.05022],[127.54309,37.04907],[127.54501,37.04818],[127.54646,37.04767],[127.5479,37.04657],[127.54865,37.04643],[127.55142,37.04486],[127.55215,37.04521],[127.55321,37.04501],[127.55411,37.04426],[127.55562,37.04329],[127.55472,37.0428],[127.5547,37.04182],[127.55572,37.0417],[127.55691,37.04126],[127.55812,37.0422],[127.56084,37.04326],[127.56191,37.04386],[127.56245,37.0448],[127.56402,37.04568],[127.56503,37.04605],[127.56709,37.04752],[127.56775,37.04747],[127.56912,37.04779],[127.56954,37.04817],[127.56898,37.04897],[127.56799,37.04914],[127.56799,37.0507],[127.56715,37.05175],[127.56712,37.05243],[127.56776,37.05288],[127.56762,37.05415],[127.56826,37.05591],[127.56664,37.05695],[127.56618,37.05763],[127.56472,37.05924],[127.56496,37.06059],[127.56593,37.06223],[127.56577,37.06283],[127.56619,37.06334],[127.56721,37.06354],[127.56845,37.06477],[127.57026,37.06636],[127.57064,37.06739],[127.5704,37.06788],[127.57203,37.06913],[127.57331,37.06953],[127.57373,37.06997],[127.57375,37.07074],[127.57525,37.07227],[127.57549,37.07311],[127.57598,37.07359],[127.57709,37.07392],[127.57725,37.07453],[127.57798,37.07534],[127.57917,37.0755],[127.58083,37.0754],[127.58237,37.07476],[127.58228,37.07527],[127.58305,37.07547],[127.58527,37.07452],[127.58676,37.07441],[127.58927,37.07282],[127.5905,37.07341],[127.59194,37.07289],[127.59354,37.07348],[127.59523,37.07386],[127.59627,37.07371],[127.59769,37.07308],[127.59851,37.07199],[127.59877,37.07103],[127.59995,37.07045],[127.60123,37.07099],[127.60209,37.07054],[127.60282,37.06914],[127.60294,37.06855],[127.60372,37.06853],[127.60518,37.06887],[127.60445,37.0697],[127.60411,37.07054],[127.60419,37.07312],[127.60432,37.07387],[127.60484,37.0743],[127.60507,37.07574],[127.60458,37.07652],[127.60408,37.07666],[127.60338,37.07778],[127.60203,37.07928],[127.60084,37.07994],[127.60018,37.08059],[127.59967,37.08157],[127.59956,37.08231],[127.60013,37.08348],[127.60024,37.08443],[127.59955,37.08583],[127.59774,37.08584],[127.59646,37.08643],[127.59618,37.08749],[127.59542,37.08801],[127.5963,37.08826],[127.59848,37.08695],[127.5998,37.08632],[127.60042,37.08744],[127.60119,37.08773],[127.6039,37.08748],[127.60421,37.08674],[127.60599,37.08644],[127.60727,37.08646],[127.61194,37.08725],[127.61379,37.08803],[127.61506,37.08918],[127.61609,37.0899],[127.61854,37.09094],[127.61942,37.0915],[127.61941,37.0902],[127.62198,37.09204],[127.62417,37.09291],[127.63021,37.09568],[127.63181,37.09648],[127.63403,37.09872],[127.63453,37.09983],[127.63447,37.10049],[127.63517,37.10367],[127.63511,37.1047],[127.63413,37.10728],[127.63468,37.10881],[127.63495,37.11004],[127.63599,37.11254],[127.63627,37.11446],[127.63506,37.11567],[127.63438,37.11808],[127.6331,37.12016],[127.63389,37.12046],[127.63398,37.12374],[127.63426,37.12435],[127.63494,37.12692],[127.63516,37.12974],[127.6355,37.1302],[127.63647,37.13287],[127.63641,37.13486],[127.63676,37.13669],[127.63748,37.13914],[127.63742,37.13991],[127.63777,37.14119],[127.63699,37.14243],[127.63493,37.14368],[127.6343,37.14461],[127.63294,37.14568],[127.63201,37.14693],[127.63113,37.14694],[127.63114,37.14786],[127.62928,37.14976],[127.62871,37.15085],[127.62745,37.15172],[127.62731,37.15226],[127.62746,37.15388],[127.62833,37.15527],[127.6297,37.15459],[127.62987,37.15414],[127.63223,37.15389],[127.63454,37.15294],[127.63517,37.15318],[127.63718,37.15283],[127.63867,37.15311],[127.63923,37.15278],[127.64029,37.15162],[127.64153,37.15119],[127.64233,37.15177],[127.64366,37.15169],[127.6451,37.1509],[127.64641,37.1512],[127.64718,37.15065],[127.64809,37.1506],[127.64837,37.14983],[127.64928,37.14919],[127.65014,37.14782],[127.65118,37.14739],[127.65237,37.14805],[127.65397,37.1466],[127.65466,37.14629],[127.65536,37.14543],[127.65637,37.14488],[127.65637,37.14426],[127.65575,37.14404],[127.65553,37.14265],[127.65583,37.14242],[127.65733,37.14234],[127.65848,37.14114],[127.65988,37.14069],[127.65994,37.13992],[127.6613,37.13938],[127.66245,37.13919],[127.66372,37.13951],[127.66434,37.13925],[127.666,37.13946],[127.66665,37.13878],[127.66802,37.13798],[127.66944,37.13653],[127.67021,37.13611],[127.67127,37.13646],[127.67163,37.13617],[127.67337,37.13661],[127.67474,37.13627],[127.67649,37.13645],[127.6774,37.13676],[127.67848,37.13629],[127.6797,37.13606],[127.68064,37.13565],[127.68203,37.13598],[127.68246,37.13641],[127.6868,37.13506],[127.68859,37.13554],[127.69045,37.13736],[127.69214,37.13792],[127.69545,37.14042],[127.69453,37.14126],[127.69457,37.14348],[127.69408,37.1456],[127.695,37.14696],[127.6945,37.14883],[127.69473,37.14998],[127.69521,37.15124],[127.69624,37.15212],[127.69846,37.1526],[127.70057,37.15365],[127.70097,37.15426],[127.70252,37.15556],[127.70305,37.15641],[127.70427,37.15765],[127.70402,37.15873],[127.70436,37.15962],[127.70483,37.15988],[127.70489,37.16066],[127.70432,37.16117],[127.70476,37.16238],[127.70489,37.16605],[127.70459,37.16651],[127.70485,37.16752],[127.70661,37.16983],[127.70675,37.17069],[127.70753,37.17093],[127.70837,37.17077],[127.70965,37.17219],[127.70964,37.17329],[127.71023,37.17397],[127.71026,37.1746],[127.71081,37.17509],[127.71038,37.17573],[127.71111,37.17661],[127.71234,37.1768],[127.71281,37.17735],[127.71302,37.1783],[127.71391,37.17845],[127.71418,37.17948],[127.71479,37.18024],[127.71452,37.18112],[127.71599,37.1818],[127.71661,37.18235],[127.7169,37.18343],[127.71764,37.18383],[127.71907,37.18354],[127.72003,37.18353],[127.72152,37.18306],[127.72218,37.18183],[127.7228,37.18157],[127.72416,37.18211],[127.72571,37.1822],[127.72641,37.18254],[127.72663,37.18415],[127.72733,37.18473],[127.7276,37.18598],[127.72796,37.18647],[127.72791,37.18765],[127.72827,37.18834],[127.72776,37.18882],[127.72835,37.19179],[127.72946,37.19234],[127.73077,37.19414],[127.73046,37.19481],[127.73145,37.19502],[127.7325,37.1958],[127.73272,37.19714],[127.73247,37.19812],[127.73283,37.19879],[127.73221,37.19986],[127.7326,37.20055],[127.73222,37.20108],[127.7324,37.20159],[127.73314,37.20166],[127.73384,37.20227],[127.73383,37.20283],[127.73444,37.20315],[127.7348,37.20466],[127.73558,37.20553],[127.7353,37.20584],[127.73548,37.20667],[127.73514,37.20705],[127.73526,37.20807],[127.73588,37.20832],[127.73674,37.21019],[127.73804,37.21096],[127.73871,37.21088],[127.74045,37.21199],[127.7418,37.21218],[127.7429,37.21379],[127.74413,37.21486],[127.74464,37.21439],[127.74475,37.21365]],[[126.8723,37.27585],[126.87293,37.27594],[126.8742,37.27662],[126.87476,37.27658],[126.8745,37.27521],[126.87359,37.27591],[126.8725,37.27558],[126.87179,37.27487],[126.87042,37.27409],[126.86895,37.27392],[126.86567,37.27288],[126.8651,37.27254],[126.86384,37.27221],[126.86264,37.27251],[126.85744,37.27267],[126.85696,37.27151],[126.8557,37.26952],[126.8542,37.26809],[126.85171,37.2674],[126.84984,37.266],[126.84988,37.26562],[126.85142,37.26433],[126.85065,37.26365],[126.84886,37.26174],[126.84972,37.26038],[126.85074,37.26045],[126.85064,37.25966],[126.84946,37.25969],[126.84937,37.26036],[126.84868,37.26066],[126.84793,37.25994],[126.84604,37.2597],[126.84545,37.25996],[126.84522,37.26083],[126.84595,37.26216],[126.84651,37.26398],[126.84601,37.26428],[126.84446,37.26629],[126.84499,37.2668],[126.84391,37.26748],[126.84728,37.26845],[126.84909,37.26866],[126.85285,37.27238],[126.8533,37.27234],[126.8578,37.27386],[126.86119,37.27319],[126.86313,37.27306],[126.86295,37.27379],[126.8633,37.27419],[126.86392,37.27281],[126.86516,37.27318],[126.8657,37.27393],[126.8684,37.27445],[126.86921,37.2748],[126.87043,37.27474],[126.87128,37.27517],[126.87147,37.27569],[126.8723,37.27585]],[[126.7898,37.17512],[126.7918,37.17429],[126.7907,37.17044],[126.7897,37.16865],[126.78817,37.16651],[126.78448,37.16308],[126.77804,37.15772],[126.77632,37.15686],[126.77426,37.15606],[126.7679,37.15546],[126.76051,37.15468],[126.75715,37.15419],[126.75537,37.15379],[126.75366,37.15317],[126.74976,37.15102],[126.74182,37.14506],[126.7376,37.14123],[126.73725,37.14064],[126.73754,37.13974],[126.73869,37.13961],[126.74029,37.14045],[126.74303,37.14154],[126.74569,37.14235],[126.74961,37.1433],[126.75615,37.14497],[126.7667,37.14639],[126.76931,37.14671],[126.77324,37.14675],[126.77637,37.14705],[126.78235,37.14773],[126.79051,37.14881],[126.79608,37.14963],[126.8027,37.15056],[126.80352,37.14881],[126.79306,37.1471],[126.77938,37.14482],[126.7701,37.14335],[126.76229,37.1426],[126.76064,37.14238],[126.75503,37.14095],[126.74772,37.13859],[126.74613,37.13793],[126.74475,37.13707],[126.73725,37.1317],[126.72943,37.12497],[126.72586,37.12038],[126.72544,37.11941],[126.72533,37.1184],[126.72597,37.11392],[126.72714,37.10715],[126.72834,37.09909],[126.7301,37.08777],[126.73038,37.08576],[126.73528,37.07641],[126.73519,37.07607],[126.73354,37.07462],[126.73243,37.07513],[126.71907,37.08558],[126.70301,37.0982],[126.6981,37.10211],[126.69789,37.10303],[126.68981,37.10934],[126.68889,37.10948],[126.68612,37.11163],[126.6862,37.11285],[126.68596,37.11329],[126.68399,37.11352],[126.68405,37.11461],[126.68642,37.11473],[126.6864,37.11517],[126.68957,37.11594],[126.69145,37.11602],[126.69392,37.11545],[126.69577,37.11554],[126.70264,37.11794],[126.70496,37.11915],[126.70903,37.12155],[126.71364,37.12435],[126.71472,37.12506],[126.71716,37.12694],[126.72091,37.1297],[126.72465,37.13238],[126.72603,37.1336],[126.72911,37.13668],[126.73688,37.14422],[126.74247,37.14895],[126.74639,37.15192],[126.74774,37.15287],[126.75129,37.15512],[126.74635,37.16017],[126.746,37.16043],[126.74693,37.1617],[126.74617,37.16344],[126.74696,37.16499],[126.74613,37.16635],[126.74717,37.16758],[126.74763,37.16737],[126.75002,37.1681],[126.75491,37.16703],[126.75933,37.16611],[126.75923,37.1657],[126.75995,37.16487],[126.75942,37.15673],[126.76044,37.15686],[126.76897,37.15739],[126.77297,37.15772],[126.77507,37.15825],[126.77611,37.15883],[126.78207,37.16339],[126.78496,37.1657],[126.78694,37.16796],[126.78821,37.16991],[126.78899,37.17324],[126.78881,37.17383],[126.7898,37.17512]]]]},"properties":{"code":"41","name":"경기도"}},{"type":"Feature","geometry":{"type":"Polygon","coordinates":[[[128.6521,37.06544],[128.6506,37.06583],[128.64822,37.06768],[128.64696,37.06809],[128.64593,37.0691],[128.64467,37.06905],[128.64412,37.06975],[128.64267,37.07076],[128.64046,37.07104],[128.6391,37.07066],[128.63885,37.07117],[128.63774,37.07178],[128.6374,37.07226],[128.63631,37.07196],[128.63436,37.0707],[128.63353,37.07232],[128.63227,37.0731],[128.63114,37.07347],[128.62985,37.07412],[128.62821,37.07516],[128.62822,37.07652],[128.6273,37.07747],[128.62765,37.07839],[128.62775,37.08049],[128.62828,37.08133],[128.62688,37.08255],[128.6258,37.08322],[128.62456,37.08443],[128.62395,37.0858],[128.62264,37.0874],[128.62065,37.08583],[128.61838,37.08547],[128.61766,37.08514],[128.61754,37.08423],[128.61522,37.08217],[128.61402,37.08124],[128.61202,37.08068],[128.6113,37.07982],[128.60992,37.07991],[128.60923,37.07922],[128.60797,37.07751],[128.60701,37.07677],[128.6061,37.07671],[128.60486,37.07822],[128.60513,37.07918],[128.60449,37.07937],[128.60225,37.07832],[128.60101,37.07887],[128.60069,37.07955],[128.60088,37.08049],[128.60137,37.08152],[128.60201,37.0822],[128.60154,37.08303],[128.60032,37.08289],[128.59969,37.08315],[128.59922,37.08209],[128.59827,37.08247],[128.5969,37.08242],[128.59614,37.08188],[128.59504,37.08154],[128.59398,37.08086],[128.59403,37.0797],[128.59357,37.07884],[128.59185,37.07816],[128.59083,37.07837],[128.59016,37.07915],[128.58868,37.07998],[128.58709,37.07997],[128.58445,37.0807],[128.5832,37.08075],[128.58173,37.08167],[128.58042,37.08142],[128.57971,37.0816],[128.57887,37.08142],[128.57565,37.08123],[128.57441,37.08132],[128.57419,37.08212],[128.57223,37.08383],[128.57037,37.08447],[128.57073,37.08597],[128.57048,37.0865],[128.56918,37.08671],[128.56741,37.08824],[128.56484,37.08866],[128.56331,37.08965],[128.5617,37.09024],[128.56054,37.08949],[128.55864,37.08867],[128.55668,37.08723],[128.55385,37.08659],[128.55191,37.08674],[128.55046,37.08655],[128.54975,37.08619],[128.54934,37.08656],[128.54796,37.08688],[128.5471,37.08728],[128.54532,37.0877],[128.54447,37.08759],[128.54156,37.08903],[128.54104,37.08894],[128.53954,37.08938],[128.53813,37.08963],[128.53775,37.09],[128.53683,37.09014],[128.53557,37.09187],[128.53517,37.09302],[128.5354,37.09383],[128.53492,37.09483],[128.53472,37.09591],[128.53416,37.09708],[128.53414,37.09811],[128.53117,37.10001],[128.5303,37.10028],[128.52953,37.1008],[128.52771,37.10153],[128.52705,37.10138],[128.52494,37.10146],[128.52359,37.10225],[128.52285,37.10243],[128.52184,37.10309],[128.52073,37.10224],[128.51933,37.10228],[128.51843,37.10189],[128.51739,37.10255],[128.51552,37.10325],[128.51447,37.10135],[128.51391,37.10511],[128.51326,37.10713],[128.5122,37.10943],[128.51119,37.11087],[128.51097,37.11157],[128.51076,37.11395],[128.51003,37.114],[128.50667,37.11544],[128.50607,37.11629],[128.50518,37.11712],[128.50387,37.11801],[128.5032,37.11877],[128.50299,37.11967],[128.50175,37.12085],[128.50037,37.12188],[128.49833,37.12374],[128.49655,37.12579],[128.49357,37.12469],[128.49262,37.12461],[128.49213,37.12419],[128.491,37.12382],[128.49042,37.12326],[128.48953,37.12172],[128.48945,37.12101],[128.48685,37.12007],[128.48556,37.11777],[128.48452,37.11741],[128.48404,37.11648],[128.48239,37.11496],[128.48176,37.11418],[128.48187,37.1127],[128.48087,37.11169],[128.47928,37.11133],[128.47781,37.11015],[128.47322,37.11016],[128.4723,37.10984],[128.46817,37.11021],[128.46508,37.10987],[128.46236,37.11046],[128.46174,37.11016],[128.4612,37.11047],[128.45805,37.11028],[128.45685,37.11061],[128.45531,37.11185],[128.45238,37.11175],[128.45117,37.11211],[128.45019,37.112],[128.44905,37.11109],[128.44752,37.10942],[128.44666,37.10902],[128.44645,37.10829],[128.44532,37.10747],[128.44476,37.10629],[128.44414,37.10742],[128.44334,37.10804],[128.44292,37.10901],[128.44241,37.10934],[128.44143,37.10943],[128.44071,37.10984],[128.43982,37.10996],[128.43645,37.11186],[128.43514,37.11148],[128.43555,37.10951],[128.43415,37.1087],[128.43265,37.10807],[128.43058,37.10675],[128.43007,37.10531],[128.43012,37.10367],[128.42843,37.10329],[128.42799,37.10337],[128.42539,37.10256],[128.4247,37.10246],[128.42306,37.10325],[128.423,37.10412],[128.42259,37.10473],[128.42249,37.10606],[128.42262,37.10689],[128.42216,37.10779],[128.42257,37.10939],[128.42216,37.11016],[128.42356,37.11224],[128.42105,37.1137],[128.42075,37.11494],[128.41989,37.1163],[128.41974,37.11722],[128.42002,37.118],[128.41942,37.11852],[128.41847,37.11981],[128.41615,37.12082],[128.41536,37.12024],[128.41311,37.12101],[128.41242,37.12176],[128.41104,37.12213],[128.40952,37.12356],[128.40864,37.12503],[128.40729,37.12638],[128.40575,37.12699],[128.40479,37.12701],[128.40407,37.1273],[128.40268,37.12747],[128.4013,37.12788],[128.39879,37.12814],[128.39772,37.12844],[128.39658,37.12836],[128.396,37.12859],[128.39683,37.12937],[128.39703,37.13007],[128.3979,37.13062],[128.39809,37.13165],[128.40079,37.13333],[128.40088,37.13409],[128.40179,37.13481],[128.40132,37.13543],[128.40187,37.13678],[128.40147,37.1376],[128.40182,37.13852],[128.40338,37.13914],[128.40366,37.13962],[128.40302,37.14086],[128.40241,37.14155],[128.40204,37.14329],[128.40104,37.14553],[128.40087,37.14688],[128.39934,37.14774],[128.39848,37.14773],[128.39637,37.14857],[128.39608,37.14935],[128.39563,37.14944],[128.39537,37.15054],[128.39419,37.15147],[128.39318,37.15173],[128.39321,37.15253],[128.39253,37.15339],[128.3928,37.1548],[128.39188,37.15513],[128.39024,37.15501],[128.38876,37.15462],[128.38824,37.15532],[128.38746,37.15557],[128.38608,37.15688],[128.38435,37.15812],[128.38374,37.15802],[128.38332,37.1566],[128.38222,37.15594],[128.38146,37.1559],[128.38051,37.15499],[128.37971,37.15503],[128.37865,37.15452],[128.37881,37.15393],[128.37813,37.15318],[128.3783,37.15254],[128.37802,37.15171],[128.37672,37.1517],[128.37583,37.15331],[128.37492,37.1533],[128.37194,37.15414],[128.36931,37.15512],[128.36839,37.15444],[128.36789,37.15443],[128.36682,37.15546],[128.36597,37.15701],[128.36535,37.15764],[128.36442,37.15763],[128.36424,37.15619],[128.36339,37.15462],[128.36258,37.15394],[128.36217,37.1527],[128.3602,37.15064],[128.35948,37.15069],[128.35885,37.15125],[128.35828,37.15228],[128.35602,37.15329],[128.35532,37.15389],[128.35398,37.15567],[128.35233,37.15666],[128.35151,37.15741],[128.3508,37.15757],[128.35015,37.15693],[128.34875,37.15699],[128.34763,37.1565],[128.34705,37.15717],[128.34601,37.15632],[128.34526,37.15607],[128.34343,37.15631],[128.34259,37.15594],[128.3415,37.15677],[128.34144,37.15732],[128.34049,37.15809],[128.33896,37.15775],[128.33848,37.15814],[128.33709,37.15785],[128.3355,37.15725],[128.33446,37.15598],[128.33487,37.15512],[128.33398,37.15374],[128.33347,37.15248],[128.33305,37.15256],[128.33219,37.15157],[128.33067,37.15034],[128.32922,37.15201],[128.32784,37.15301],[128.32725,37.15257],[128.32704,37.15109],[128.32661,37.15024],[128.32613,37.14995],[128.32599,37.14911],[128.32444,37.14796],[128.32306,37.14851],[128.32202,37.14922],[128.31979,37.14726],[128.31853,37.14784],[128.31672,37.14756],[128.31586,37.14722],[128.31548,37.1467],[128.31358,37.14586],[128.31211,37.145],[128.31111,37.14578],[128.30952,37.14493],[128.30922,37.14396],[128.30948,37.14315],[128.30873,37.14244],[128.30754,37.14079],[128.30633,37.13971],[128.30588,37.13953],[128.30636,37.13753],[128.30353,37.13652],[128.30099,37.13595],[128.30073,37.13527],[128.29834,37.13419],[128.2964,37.13405],[128.29611,37.13422],[128.29571,37.13603],[128.2939,37.13767],[128.29267,37.1393],[128.29062,37.13985],[128.2899,37.14023],[128.28889,37.14123],[128.28654,37.14188],[128.28558,37.14245],[128.28497,37.14237],[128.28469,37.14315],[128.28185,37.14307],[128.27993,37.14246],[128.27759,37.14416],[128.27736,37.14517],[128.27672,37.14614],[128.27526,37.14647],[128.27329,37.14763],[128.27226,37.14895],[128.2724,37.15029],[128.2719,37.15215],[128.27059,37.15423],[128.26774,37.15561],[128.26724,37.15603],[128.2662,37.15603],[128.26592,37.15787],[128.26511,37.1589],[128.26444,37.16042],[128.26632,37.16127],[128.26863,37.16162],[128.27039,37.16177],[128.27012,37.16349],[128.27005,37.16488],[128.27072,37.16636],[128.2732,37.16835],[128.27375,37.16929],[128.27367,37.16964],[128.27499,37.17021],[128.27592,37.17106],[128.27645,37.17228],[128.2763,37.17268],[128.27842,37.17213],[128.28111,37.1734],[128.28218,37.17243],[128.28243,37.17179],[128.28512,37.17172],[128.28646,37.17137],[128.28782,37.1713],[128.28968,37.17015],[128.29215,37.17046],[128.29391,37.17107],[128.29483,37.17116],[128.29587,37.17155],[128.29669,37.17144],[128.29807,37.17166],[128.29751,37.17291],[128.29713,37.17505],[128.2973,37.17615],[128.29606,37.17846],[128.29578,37.18087],[128.29562,37.18329],[128.29765,37.18366],[128.29992,37.18358],[128.30264,37.18662],[128.30599,37.18707],[128.30639,37.18626],[128.30766,37.186],[128.30841,37.18654],[128.30866,37.18747],[128.31049,37.18734],[128.3111,37.18984],[128.31302,37.18979],[128.3142,37.19],[128.31299,37.19114],[128.31371,37.19333],[128.31285,37.19505],[128.31339,37.19678],[128.3145,37.19681],[128.31593,37.19656],[128.3188,37.19644],[128.31951,37.196],[128.32176,37.19555],[128.32185,37.19666],[128.3215,37.19758],[128.32244,37.19835],[128.32367,37.19798],[128.32428,37.1975],[128.32574,37.19693],[128.32639,37.19729],[128.32746,37.1985],[128.3275,37.1996],[128.32811,37.20028],[128.32872,37.20141],[128.32964,37.20226],[128.32969,37.2032],[128.32916,37.20438],[128.3287,37.20461],[128.3288,37.20618],[128.32988,37.2078],[128.32985,37.20965],[128.33052,37.21166],[128.33111,37.2127],[128.33287,37.21446],[128.3334,37.21579],[128.33209,37.2159],[128.32974,37.21633],[128.32897,37.21682],[128.32707,37.21681],[128.32606,37.21724],[128.32445,37.21847],[128.32383,37.21923],[128.3217,37.21915],[128.32006,37.21986],[128.31868,37.22165],[128.31632,37.22245],[128.31659,37.22339],[128.31404,37.22269],[128.3137,37.222],[128.3126,37.22146],[128.31086,37.21971],[128.31015,37.21926],[128.30914,37.21746],[128.30795,37.21711],[128.30421,37.21715],[128.30367,37.21683],[128.30138,37.2169],[128.30125,37.21658],[128.29886,37.21609],[128.29704,37.21634],[128.29608,37.21599],[128.29498,37.216],[128.29469,37.21563],[128.29365,37.21595],[128.29259,37.21514],[128.29128,37.2146],[128.28985,37.21505],[128.28818,37.21507],[128.2877,37.2144],[128.28692,37.21402],[128.28623,37.21293],[128.28465,37.21167],[128.28395,37.21018],[128.28253,37.21027],[128.28136,37.20994],[128.28044,37.20943],[128.27984,37.20978],[128.27854,37.2101],[128.27805,37.20992],[128.27606,37.2099],[128.27479,37.20965],[128.27286,37.20986],[128.27243,37.20946],[128.27102,37.20878],[128.26839,37.20792],[128.26704,37.20909],[128.26651,37.2106],[128.2654,37.21125],[128.2641,37.21233],[128.26169,37.21412],[128.25979,37.21641],[128.25865,37.21874],[128.25864,37.21956],[128.25798,37.22124],[128.25722,37.22195],[128.25712,37.22239],[128.25617,37.22346],[128.25395,37.22507],[128.25393,37.22595],[128.25263,37.22714],[128.25265,37.22798],[128.25194,37.22822],[128.25093,37.22958],[128.25022,37.22974],[128.24812,37.22895],[128.24647,37.2278],[128.24451,37.22662],[128.24372,37.22701],[128.24179,37.22716],[128.24096,37.22757],[128.2404,37.22844],[128.23912,37.22906],[128.23758,37.22888],[128.23742,37.22932],[128.23565,37.22864],[128.23446,37.22734],[128.23368,37.22754],[128.23302,37.22702],[128.23175,37.22701],[128.23072,37.22738],[128.22924,37.22757],[128.2285,37.22803],[128.22829,37.22905],[128.22862,37.23018],[128.22718,37.23122],[128.22681,37.23235],[128.22623,37.23284],[128.22435,37.23294],[128.22402,37.23389],[128.22363,37.23391],[128.22284,37.23533],[128.22283,37.23632],[128.22197,37.23729],[128.22185,37.23811],[128.22031,37.2403],[128.21971,37.24029],[128.21581,37.24177],[128.21479,37.24184],[128.21461,37.24237],[128.21502,37.24361],[128.21465,37.24607],[128.21312,37.24581],[128.21202,37.24536],[128.21144,37.24565],[128.21024,37.24579],[128.20814,37.24796],[128.2078,37.24882],[128.20581,37.24871],[128.20339,37.24904],[128.20118,37.24897],[128.20062,37.24837],[128.2002,37.24724],[128.19658,37.24574],[128.19466,37.24574],[128.1928,37.24486],[128.19091,37.24336],[128.18988,37.2428],[128.18923,37.24203],[128.18616,37.24011],[128.18496,37.23885],[128.18419,37.23828],[128.18019,37.23639],[128.17914,37.23576],[128.17788,37.23533],[128.1771,37.23392],[128.17599,37.23372],[128.17556,37.23318],[128.1741,37.23261],[128.17362,37.23101],[128.17491,37.22924],[128.17593,37.22855],[128.17488,37.22685],[128.17399,37.22637],[128.17357,37.22558],[128.17253,37.22494],[128.17265,37.22173],[128.17307,37.21906],[128.17213,37.21803],[128.17148,37.21786],[128.16967,37.21781],[128.16867,37.21666],[128.16828,37.21596],[128.16702,37.21522],[128.16664,37.21477],[128.16404,37.21331],[128.16296,37.21385],[128.16234,37.21458],[128.16166,37.21486],[128.16146,37.2154],[128.16038,37.21549],[128.15802,37.21631],[128.15656,37.21594],[128.15467,37.21567],[128.15416,37.21586],[128.15254,37.21745],[128.15086,37.22074],[128.14945,37.22057],[128.14881,37.22068],[128.14689,37.22232],[128.14561,37.22184],[128.14466,37.22232],[128.14363,37.22338],[128.14232,37.22434],[128.14214,37.2261],[128.14228,37.22726],[128.14204,37.2286],[128.14055,37.22955],[128.13844,37.22997],[128.13729,37.22981],[128.13349,37.22973],[128.13231,37.23018],[128.13226,37.23093],[128.13045,37.23229],[128.12957,37.23375],[128.12799,37.23361],[128.12761,37.23423],[128.12629,37.23459],[128.12532,37.23454],[128.12459,37.23382],[128.12463,37.23326],[128.124,37.23259],[128.1233,37.23096],[128.12249,37.23048],[128.12151,37.22933],[128.12167,37.22895],[128.12127,37.22768],[128.1208,37.2273],[128.12182,37.22641],[128.12236,37.2252],[128.12017,37.22371],[128.11844,37.22284],[128.11601,37.22089],[128.11551,37.22027],[128.11473,37.21814],[128.11521,37.21664],[128.11449,37.21569],[128.11418,37.21478],[128.11417,37.21305],[128.11326,37.21238],[128.11223,37.21078],[128.11115,37.21015],[128.11173,37.20924],[128.11185,37.20835],[128.1115,37.20767],[128.10945,37.20667],[128.1088,37.20573],[128.10662,37.205],[128.10509,37.2038],[128.10439,37.20364],[128.1033,37.20293],[128.1,37.2017],[128.09952,37.20174],[128.09722,37.20099],[128.09646,37.2005],[128.09535,37.2004],[128.09506,37.19992],[128.09394,37.19982],[128.09257,37.19928],[128.08827,37.19941],[128.08707,37.19852],[128.08565,37.19703],[128.08256,37.19594],[128.07946,37.19474],[128.07754,37.1937],[128.07649,37.19388],[128.0756,37.19373],[128.07431,37.19309],[128.07392,37.19311],[128.07202,37.19449],[128.07003,37.19449],[128.06733,37.19394],[128.06577,37.19389],[128.06356,37.19282],[128.06288,37.19282],[128.06206,37.19344],[128.06047,37.19409],[128.05881,37.19376],[128.05547,37.19224],[128.05473,37.19153],[128.05182,37.19091],[128.05069,37.19035],[128.04981,37.18958],[128.04894,37.18977],[128.04703,37.18964],[128.04428,37.19086],[128.04304,37.19048],[128.04246,37.18977],[128.04107,37.18899],[128.0372,37.18928],[128.03587,37.18979],[128.03391,37.19141],[128.03222,37.19388],[128.03237,37.19612],[128.03224,37.19804],[128.03162,37.19934],[128.02952,37.20087],[128.0283,37.20232],[128.02835,37.20304],[128.02954,37.20367],[128.02999,37.20577],[128.03053,37.20703],[128.03114,37.20781],[128.03223,37.20815],[128.03298,37.20938],[128.03282,37.21015],[128.03308,37.21081],[128.03377,37.2113],[128.03586,37.21211],[128.03688,37.21276],[128.0371,37.21339],[128.03782,37.21368],[128.03888,37.21471],[128.03875,37.21604],[128.03723,37.21764],[128.03608,37.21861],[128.0353,37.21874],[128.03344,37.21952],[128.03216,37.22108],[128.03201,37.2219],[128.03213,37.2238],[128.03122,37.22382],[128.02989,37.22431],[128.02879,37.22451],[128.02771,37.22513],[128.02671,37.22509],[128.02583,37.22597],[128.02421,37.22562],[128.02302,37.22563],[128.02229,37.22755],[128.02186,37.22825],[128.0211,37.2303],[128.02093,37.23285],[128.0203,37.23488],[128.01992,37.23657],[128.01976,37.23814],[128.02009,37.24044],[128.01995,37.24138],[128.01941,37.24295],[128.01922,37.24438],[128.01826,37.24571],[128.01659,37.2469],[128.01556,37.2468],[128.01391,37.24704],[128.01259,37.24769],[128.01084,37.25003],[128.00868,37.25092],[128.00797,37.25212],[128.00643,37.25252],[128.00566,37.25231],[128.00509,37.25254],[128.0022,37.25324],[128.00127,37.25361],[128.00005,37.25357],[127.99973,37.25446],[127.999,37.25486],[127.99845,37.25464],[127.99537,37.25431],[127.99423,37.25357],[127.99277,37.25483],[127.99108,37.25519],[127.99031,37.25551],[127.98895,37.25644],[127.98837,37.2571],[127.98769,37.25727],[127.98694,37.25784],[127.98546,37.25814],[127.98471,37.25769],[127.98316,37.25744],[127.98261,37.25685],[127.98141,37.25688],[127.9799,37.25833],[127.97892,37.25785],[127.9768,37.25738],[127.97399,37.25631],[127.97191,37.25638],[127.96974,37.2557],[127.9688,37.25446],[127.96744,37.25383],[127.96635,37.25291],[127.96455,37.25101],[127.96323,37.25073],[127.95765,37.2498],[127.95409,37.24859],[127.95268,37.24792],[127.94908,37.24568],[127.94738,37.24418],[127.94694,37.24184],[127.94519,37.24056],[127.94374,37.24059],[127.9425,37.24042],[127.93888,37.24074],[127.93557,37.23805],[127.9312,37.23416],[127.92662,37.2316],[127.92284,37.2267],[127.92191,37.22584],[127.92158,37.22505],[127.92175,37.22401],[127.92246,37.22215],[127.9235,37.22131],[127.9271,37.22015],[127.92729,37.21745],[127.92956,37.21169],[127.93065,37.21057],[127.93247,37.20699],[127.93257,37.20597],[127.93173,37.20498],[127.9317,37.20326],[127.93153,37.20169],[127.93092,37.20113],[127.93176,37.19829],[127.93216,37.19523],[127.93296,37.19308],[127.93449,37.19038],[127.93626,37.18877],[127.93555,37.18786],[127.93587,37.18684],[127.93505,37.18563],[127.934,37.18527],[127.93341,37.18359],[127.9326,37.18237],[127.93305,37.18099],[127.93331,37.17931],[127.93292,37.17868],[127.93284,37.17788],[127.93363,37.1758],[127.93242,37.17532],[127.93171,37.17478],[127.93101,37.17342],[127.93066,37.17201],[127.92945,37.17099],[127.92823,37.17048],[127.9273,37.16978],[127.92707,37.16823],[127.92648,37.16661],[127.92633,37.16553],[127.92423,37.16417],[127.92384,37.16363],[127.92317,37.16396],[127.922,37.16497],[127.92153,37.16504],[127.9208,37.16587],[127.91889,37.16695],[127.9174,37.16755],[127.91505,37.16888],[127.91301,37.1682],[127.91141,37.16753],[127.90863,37.16712],[127.90715,37.16523],[127.90711,37.16428],[127.90618,37.16173],[127.90408,37.16022],[127.90346,37.16005],[127.90403,37.15874],[127.90387,37.15696],[127.90317,37.15588],[127.90306,37.15515],[127.90191,37.1532],[127.90164,37.1518],[127.90063,37.15126],[127.89994,37.15046],[127.89889,37.1498],[127.89839,37.15046],[127.89777,37.15218],[127.89709,37.15345],[127.89643,37.15431],[127.89543,37.15609],[127.89452,37.15652],[127.89222,37.15796],[127.89163,37.15804],[127.89057,37.15921],[127.88838,37.15964],[127.88742,37.16015],[127.88657,37.16107],[127.88479,37.16123],[127.88344,37.16185],[127.88291,37.16174],[127.88189,37.16203],[127.88016,37.16225],[127.87905,37.16179],[127.87698,37.16273],[127.87585,37.1631],[127.87506,37.16376],[127.87332,37.16393],[127.87205,37.16434],[127.87054,37.16412],[127.86932,37.1637],[127.8676,37.16244],[127.8672,37.16229],[127.8658,37.16249],[127.86419,37.16238],[127.86354,37.16183],[127.86283,37.16164],[127.86196,37.16105],[127.8614,37.15937],[127.86138,37.15861],[127.86185,37.15653],[127.8618,37.15583],[127.8613,37.15535],[127.86023,37.15565],[127.85923,37.15634],[127.85635,37.15638],[127.85577,37.15659],[127.85528,37.15799],[127.85529,37.15995],[127.85481,37.16029],[127.85379,37.16037],[127.85266,37.16014],[127.85195,37.15955],[127.85122,37.15835],[127.85067,37.15658],[127.85053,37.15508],[127.8496,37.1538],[127.84739,37.15294],[127.84463,37.15284],[127.84296,37.15244],[127.84081,37.15213],[127.83859,37.15214],[127.83738,37.15163],[127.83426,37.15179],[127.8309,37.15259],[127.82896,37.15257],[127.8284,37.15229],[127.82621,37.15201],[127.82537,37.15226],[127.82358,37.15111],[127.82195,37.1503],[127.81926,37.14839],[127.81739,37.14722],[127.81527,37.14667],[127.8116,37.14651],[127.80965,37.14707],[127.80806,37.14721],[127.80694,37.14706],[127.80486,37.14578],[127.80165,37.14426],[127.79767,37.1455],[127.79549,37.14526],[127.79336,37.14574],[127.79212,37.14469],[127.78952,37.14341],[127.78783,37.14424],[127.78732,37.14523],[127.78446,37.14659],[127.78303,37.14758],[127.77918,37.14966],[127.77795,37.15075],[127.77568,37.15217],[127.77345,37.15372],[127.77092,37.15505],[127.76869,37.15665],[127.76755,37.15795],[127.76632,37.15856],[127.76466,37.16002],[127.76207,37.16335],[127.76089,37.16518],[127.75987,37.16647],[127.75888,37.16724],[127.75707,37.1692],[127.75553,37.17144],[127.75515,37.17349],[127.75467,37.17475],[127.75286,37.17886],[127.75223,37.18073],[127.75189,37.18226],[127.75104,37.18246],[127.75078,37.18376],[127.7501,37.18589],[127.74939,37.18956],[127.75013,37.19038],[127.74891,37.19676],[127.74785,37.20033],[127.74651,37.20033],[127.7456,37.20394],[127.74426,37.20755],[127.7441,37.20955],[127.74413,37.21123],[127.74482,37.21304],[127.74475,37.21365],[127.74464,37.21439],[127.74413,37.21486],[127.7429,37.21379],[127.7418,37.21218],[127.74045,37.21199],[127.73871,37.21088],[127.73804,37.21096],[127.73674,37.21019],[127.73588,37.20832],[127.73526,37.20807],[127.73514,37.20705],[127.73548,37.20667],[127.7353,37.20584],[127.73558,37.20553],[127.7348,37.20466],[127.73444,37.20315],[127.73383,37.20283],[127.73384,37.20227],[127.73314,37.20166],[127.7324,37.20159],[127.73222,37.20108],[127.7326,37.20055],[127.73221,37.19986],[127.73283,37.19879],[127.73247,37.19812],[127.73272,37.19714],[127.7325,37.1958],[127.73145,37.19502],[127.73046,37.19481],[127.73077,37.19414],[127.72946,37.19234],[127.72835,37.19179],[127.72776,37.18882],[127.72827,37.18834],[127.72791,37.18765],[127.72796,37.18647],[127.7276,37.18598],[127.72733,37.18473],[127.72663,37.18415],[127.72641,37.18254],[127.72571,37.1822],[127.72416,37.18211],[127.7228,37.18157],[127.72218,37.18183],[127.72152,37.18306],[127.72003,37.18353],[127.71907,37.18354],[127.71764,37.18383],[127.7169,37.18343],[127.71661,37.18235],[127.71599,37.1818],[127.71452,37.18112],[127.71479,37.18024],[127.71418,37.17948],[127.71391,37.17845],[127.71302,37.1783],[127.71281,37.17735],[127.71234,37.1768],[127.71111,37.17661],[127.71038,37.17573],[127.71081,37.17509],[127.71026,37.1746],[127.71023,37.17397],[127.70964,37.17329],[127.70965,37.17219],[127.70837,37.17077],[127.70753,37.17093],[127.70675,37.17069],[127.70661,37.16983],[127.70485,37.16752],[127.70459,37.16651],[127.70489,37.16605],[127.70476,37.16238],[127.70432,37.16117],[127.70489,37.16066],[127.70483,37.15988],[127.70436,37.15962],[127.70402,37.15873],[127.70427,37.15765],[127.70305,37.15641],[127.70252,37.15556],[127.70097,37.15426],[127.70057,37.15365],[127.69846,37.1526],[127.69624,37.15212],[127.69521,37.15124],[127.69473,37.14998],[127.6945,37.14883],[127.695,37.14696],[127.69408,37.1456],[127.69457,37.14348],[127.69453,37.14126],[127.69545,37.14042],[127.69214,37.13792],[127.69045,37.13736],[127.68859,37.13554],[127.6868,37.13506],[127.68246,37.13641],[127.68203,37.13598],[127.68064,37.13565],[127.6797,37.13606],[127.67848,37.13629],[127.6774,37.13676],[127.67649,37.13645],[127.67474,37.13627],[127.67337,37.13661],[127.67163,37.13617],[127.67127,37.13646],[127.67021,37.13611],[127.66944,37.13653],[127.66802,37.13798],[127.66665,37.13878],[127.666,37.13946],[127.66434,37.13925],[127.66372,37.13951],[127.66245,37.13919],[127.6613,37.13938],[127.65994,37.13992],[127.65988,37.14069],[127.65848,37.14114],[127.65733,37.14234],[127.65583,37.14242],[127.65553,37.14265],[127.65575,37.14404],[127.65637,37.14426],[127.65637,37.14488],[127.65536,37.14543],[127.65466,37.14629],[127.65397,37.1466],[127.65237,37.14805],[127.65118,37.14739],[127.65014,37.14782],[127.64928,37.14919],[127.64837,37.14983],[127.64809,37.1506],[127.64718,37.15065],[127.64641,37.1512],[127.6451,37.1509],[127.64366,37.15169],[127.64233,37.15177],[127.64153,37.15119],[127.64029,37.15162],[127.63923,37.15278],[127.63867,37.15311],[127.63718,37.15283],[127.63517,37.15318],[127.63454,37.15294],[127.63223,37.15389],[127.62987,37.15414],[127.6297,37.15459],[127.62833,37.15527],[127.62746,37.15388],[127.62731,37.15226],[127.62745,37.15172],[127.62871,37.15085],[127.62928,37.14976],[127.63114,37.14786],[127.63113,37.14694],[127.63201,37.14693],[127.63294,37.14568],[127.6343,37.14461],[127.63493,37.14368],[127.63699,37.14243],[127.63777,37.14119],[127.63742,37.13991],[127.63748,37.13914],[127.63676,37.13669],[127.63641,37.13486],[127.63647,37.13287],[127.6355,37.1302],[127.63516,37.12974],[127.63494,37.12692],[127.63426,37.12435],[127.63398,37.12374],[127.63389,37.12046],[127.6331,37.12016],[127.63438,37.11808],[127.63506,37.11567],[127.63627,37.11446],[127.63599,37.11254],[127.63495,37.11004],[127.63468,37.10881],[127.63413,37.10728],[127.63511,37.1047],[127.63517,37.10367],[127.63447,37.10049],[127.63453,37.09983],[127.63403,37.09872],[127.63181,37.09648],[127.63021,37.09568],[127.62417,37.09291],[127.62198,37.09204],[127.61941,37.0902],[127.61942,37.0915],[127.61854,37.09094],[127.61609,37.0899],[127.61506,37.08918],[127.61379,37.08803],[127.61194,37.08725],[127.60727,37.08646],[127.60599,37.08644],[127.60421,37.08674],[127.6039,37.08748],[127.60119,37.08773],[127.60042,37.08744],[127.5998,37.08632],[127.59848,37.08695],[127.5963,37.08826],[127.59542,37.08801],[127.59618,37.08749],[127.59646,37.08643],[127.59774,37.08584],[127.59955,37.08583],[127.60024,37.08443],[127.60013,37.08348],[127.59956,37.08231],[127.59967,37.08157],[127.60018,37.08059],[127.60084,37.07994],[127.60203,37.07928],[127.60338,37.07778],[127.60408,37.07666],[127.60458,37.07652],[127.60507,37.07574],[127.60484,37.0743],[127.60432,37.07387],[127.60419,37.07312],[127.60411,37.07054],[127.60445,37.0697],[127.60518,37.06887],[127.60372,37.06853],[127.60294,37.06855],[127.60282,37.06914],[127.60209,37.07054],[127.60123,37.07099],[127.59995,37.07045],[127.59877,37.07103],[127.59851,37.07199],[127.59769,37.07308],[127.59627,37.07371],[127.59523,37.07386],[127.59354,37.07348],[127.59194,37.07289],[127.5905,37.07341],[127.58927,37.07282],[127.58676,37.07441],[127.58527,37.07452],[127.58305,37.07547],[127.58228,37.07527],[127.58237,37.07476],[127.58083,37.0754],[127.57917,37.0755],[127.57798,37.07534],[127.57725,37.07453],[127.57709,37.07392],[127.57598,37.07359],[127.57549,37.07311],[127.57525,37.07227],[127.57375,37.07074],[127.57373,37.06997],[127.57331,37.06953],[127.57203,37.06913],[127.5704,37.06788],[127.57064,37.06739],[127.57026,37.06636],[127.56845,37.06477],[127.56721,37.06354],[127.56619,37.06334],[127.56577,37.06283],[127.56593,37.06223],[127.56496,37.06059],[127.56472,37.05924],[127.56618,37.05763],[127.56664,37.05695],[127.56826,37.05591],[127.56762,37.05415],[127.56776,37.05288],[127.56712,37.05243],[127.56715,37.05175],[127.56799,37.0507],[127.56799,37.04914],[127.56898,37.04897],[127.56954,37.04817],[127.56912,37.04779],[127.56775,37.04747],[127.56709,37.04752],[127.56503,37.04605],[127.56402,37.04568],[127.56245,37.0448],[127.56191,37.04386],[127.56084,37.04326],[127.55812,37.0422],[127.55691,37.04126],[127.55572,37.0417],[127.5547,37.04182],[127.55472,37.0428],[127.55562,37.04329],[127.55411,37.04426],[127.55321,37.04501],[127.55215,37.04521],[127.55142,37.04486],[127.54865,37.04643],[127.5479,37.04657],[127.54646,37.04767],[127.54501,37.04818],[127.54309,37.04907],[127.542,37.05022],[127.54096,37.05074],[127.5391,37.05087],[127.53721,37.05135],[127.5359,37.05152],[127.53468,37.052],[127.5331,37.05359],[127.53308,37.05461],[127.5328,37.0552],[127.53199,37.05564],[127.53041,37.05579],[127.52818,37.05515],[127.52525,37.05553],[127.5241,37.05533],[127.52249,37.05559],[127.51971,37.0568],[127.51858,37.05756],[127.51821,37.0584],[127.51649,37.05802],[127.51556,37.05806],[127.51543,37.05745],[127.51464,37.05705],[127.51251,37.05635],[127.51158,37.05556],[127.51169,37.05471],[127.51111,37.05389],[127.51068,37.05383],[127.51002,37.05288],[127.50992,37.05195],[127.51018,37.05147],[127.50908,37.0501],[127.50889,37.04942],[127.5079,37.04931],[127.50743,37.04887],[127.50628,37.04861],[127.50454,37.048],[127.50349,37.04852],[127.5026,37.04842],[127.49984,37.04764],[127.49908,37.04758],[127.49733,37.04816],[127.49665,37.04812],[127.4958,37.04851],[127.4956,37.04911],[127.49473,37.04941],[127.49333,37.05054],[127.49037,37.05196],[127.49023,37.0528],[127.48947,37.05264],[127.4882,37.0534],[127.48648,37.05478],[127.48512,37.05467],[127.48437,37.05385],[127.48342,37.05361],[127.48185,37.05402],[127.48135,37.05361],[127.47984,37.05357],[127.47853,37.05335],[127.47718,37.05364],[127.47511,37.05291],[127.47349,37.0529],[127.47235,37.05319],[127.4719,37.0538],[127.47024,37.0536],[127.46966,37.05385],[127.46898,37.05347],[127.46821,37.05349],[127.46746,37.05249],[127.46783,37.05222],[127.46836,37.05097],[127.46838,37.05035],[127.46707,37.04993],[127.46591,37.0491],[127.46342,37.04817],[127.4625,37.04762],[127.46193,37.04685],[127.4612,37.04685],[127.46033,37.04616],[127.45985,37.04511],[127.45931,37.04482],[127.45899,37.04411],[127.45759,37.04363],[127.45741,37.0425],[127.45686,37.04221],[127.45719,37.04127],[127.45719,37.04022],[127.45771,37.04026],[127.45949,37.03878],[127.4597,37.03813],[127.45933,37.03716],[127.45964,37.03564],[127.45847,37.0345],[127.45834,37.03346],[127.45635,37.03114],[127.45626,37.03033],[127.45686,37.03003],[127.45798,37.02998],[127.45836,37.02826],[127.45912,37.02745],[127.4593,37.02615],[127.45974,37.02506],[127.45925,37.02442],[127.45951,37.02387],[127.45904,37.02308],[127.45927,37.0227],[127.45901,37.0219],[127.45838,37.02116],[127.45837,37.02047],[127.45741,37.02034],[127.45606,37.02101],[127.45485,37.02139],[127.45371,37.02125],[127.45334,37.02002],[127.45258,37.02037],[127.45173,37.01946],[127.45093,37.0193],[127.4506,37.01855],[127.44974,37.01838],[127.44946,37.01744],[127.44833,37.01654],[127.44887,37.01499],[127.44828,37.01261],[127.44715,37.01197],[127.44709,37.01083],[127.44623,37.01082],[127.44575,37.01133],[127.44456,37.012],[127.44193,37.01176],[127.44123,37.01211],[127.44061,37.01191],[127.43953,37.01053],[127.43872,37.01021],[127.43777,37.00869],[127.43705,37.00825],[127.43713,37.00663],[127.43619,37.00537],[127.43446,37.00523],[127.43371,37.00468],[127.43304,37.00458],[127.43142,37.00306],[127.43142,37.00242],[127.42957,37.00124],[127.42953,37.00172],[127.42882,37.00219],[127.42705,37.00267],[127.4257,37.00283],[127.42506,37.00354],[127.42456,37.00361],[127.42365,37.003],[127.4218,37.00385],[127.42035,37.00376],[127.4192,37.00297],[127.41855,37.00163],[127.41582,37.00057],[127.4158,37.00033],[127.41391,36.99947],[127.41317,36.99997],[127.41134,37.00018],[127.41009,36.9996],[127.4095,36.99978],[127.40795,36.99855],[127.40684,36.99832],[127.40415,36.99881],[127.40254,36.99891],[127.40131,36.99955],[127.39979,36.99986],[127.39873,36.99882],[127.3973,36.99843],[127.39552,36.99875],[127.39421,36.99838],[127.39311,36.99743],[127.39254,36.99669],[127.39266,36.99605],[127.39219,36.99551],[127.39169,36.99396],[127.3922,36.99343],[127.39093,36.99111],[127.3893,36.9895],[127.38856,36.98819],[127.38837,36.98723],[127.38673,36.98633],[127.38616,36.98501],[127.38551,36.98482],[127.38503,36.98419],[127.38524,36.98293],[127.38607,36.98188],[127.3861,36.98141],[127.3876,36.98088],[127.38938,36.98008],[127.39063,36.97829],[127.39118,36.97804],[127.39233,36.97817],[127.39432,36.97698],[127.39501,36.97616],[127.39536,36.97536],[127.39667,36.97461],[127.39628,36.97386],[127.39634,36.97328],[127.39724,36.97269],[127.39793,36.97166],[127.39835,36.97064],[127.39966,36.96986],[127.40052,36.96852],[127.40153,36.96768],[127.40043,36.96692],[127.39949,36.96593],[127.39895,36.96579],[127.39803,36.96486],[127.39632,36.96447],[127.39579,36.96503],[127.39511,36.96503],[127.39444,36.96543],[127.39303,36.96563],[127.39189,36.96559],[127.39101,36.96533],[127.39006,36.96399],[127.38828,36.96473],[127.38727,36.96446],[127.38643,36.96318],[127.38577,36.96149],[127.38518,36.96077],[127.38482,36.95962],[127.38349,36.95938],[127.38263,36.95981],[127.38213,36.95922],[127.38113,36.95879],[127.37961,36.95873],[127.37872,36.95789],[127.37872,36.95698],[127.3783,36.95611],[127.37851,36.95459],[127.37874,36.95409],[127.37819,36.95318],[127.37821,36.95208],[127.37668,36.95036],[127.37579,36.94989],[127.37533,36.94871],[127.37468,36.94856],[127.37307,36.94896],[127.37202,36.94991],[127.36988,36.94987],[127.36939,36.95008],[127.36862,36.94955],[127.36787,36.94976],[127.3673,36.9503],[127.36578,36.94914],[127.36453,36.94895],[127.36352,36.94902],[127.3631,36.94932],[127.36176,36.9495],[127.35953,36.9488],[127.35875,36.94811],[127.35761,36.94769],[127.35732,36.94866],[127.35665,36.94915],[127.35578,36.95063],[127.35571,36.9514],[127.354,36.95267],[127.35311,36.9528],[127.35251,36.95255],[127.35103,36.95284],[127.34963,36.95279],[127.34904,36.95199],[127.34827,36.95159],[127.34787,36.95101],[127.34675,36.95033],[127.34582,36.95],[127.34484,36.94932],[127.34411,36.94839],[127.34326,36.94826],[127.34343,36.94744],[127.34296,36.94668],[127.34239,36.94632],[127.34316,36.94432],[127.34193,36.94313],[127.34061,36.94312],[127.34018,36.9434],[127.3391,36.94313],[127.33883,36.94251],[127.33654,36.94173],[127.3332,36.94035],[127.33032,36.93758],[127.32931,36.93733],[127.32803,36.93665],[127.32751,36.93675],[127.32681,36.93594],[127.32423,36.93591],[127.32287,36.93652],[127.32129,36.93559],[127.32024,36.93537],[127.32001,36.93496],[127.31815,36.93425],[127.31773,36.93459],[127.31621,36.93472],[127.31522,36.93346],[127.31481,36.93254],[127.3148,36.93125],[127.3133,36.93124],[127.3122,36.9307],[127.31121,36.93058],[127.31062,36.93007],[127.3097,36.92995],[127.30899,36.92939],[127.30734,36.92988],[127.30583,36.92942],[127.30456,36.92955],[127.30385,36.93006],[127.30265,36.92965],[127.30019,36.9294],[127.2982,36.93009],[127.29641,36.93007],[127.29497,36.93067],[127.29538,36.92925],[127.29655,36.92678],[127.29741,36.92605],[127.29801,36.92439],[127.29838,36.92404],[127.29844,36.92273],[127.29964,36.92168],[127.30091,36.91978],[127.30065,36.9189],[127.30163,36.91828],[127.30262,36.917],[127.30336,36.91639],[127.30291,36.91577],[127.3026,36.91427],[127.3021,36.9139],[127.30133,36.91283],[127.30196,36.91217],[127.30088,36.91104],[127.30037,36.91008],[127.29907,36.90896],[127.29971,36.9082],[127.29897,36.90782],[127.29854,36.90695],[127.29729,36.90673],[127.29719,36.9057],[127.29761,36.90495],[127.29737,36.90396],[127.29665,36.90392],[127.29643,36.90268],[127.29451,36.90174],[127.29375,36.90031],[127.29293,36.89975],[127.29187,36.89868],[127.29054,36.89797],[127.29033,36.897],[127.28962,36.89565],[127.2903,36.89433],[127.28783,36.89378],[127.28849,36.89362],[127.28988,36.89402],[127.29041,36.8924],[127.29248,36.89196],[127.29342,36.8912],[127.29456,36.89098],[127.29459,36.89032],[127.29599,36.88975],[127.29722,36.88965],[127.29927,36.8898],[127.30006,36.88919],[127.30058,36.8883],[127.30166,36.8873],[127.30233,36.88718],[127.30388,36.88611],[127.30402,36.88542],[127.30558,36.88551],[127.30788,36.88539],[127.30843,36.88345],[127.30835,36.88217],[127.3093,36.8817],[127.31121,36.88034],[127.31069,36.87948],[127.3096,36.87859],[127.30951,36.87821],[127.31006,36.87557],[127.31068,36.87482],[127.30986,36.87344],[127.31035,36.87252],[127.31034,36.87188],[127.31129,36.87049],[127.31071,36.86944],[127.31061,36.86788],[127.30858,36.86696],[127.30766,36.86599],[127.30756,36.86503],[127.30579,36.86338],[127.30717,36.86131],[127.3073,36.8597],[127.30875,36.85978],[127.30917,36.85929],[127.30994,36.85916],[127.31034,36.85863],[127.31124,36.85849],[127.312,36.85778],[127.31273,36.85747],[127.3135,36.858],[127.31483,36.85825],[127.31536,36.85898],[127.31661,36.85919],[127.3173,36.85869],[127.3193,36.85906],[127.31992,36.85847],[127.32092,36.85792],[127.32258,36.85762],[127.32307,36.85725],[127.32451,36.8569],[127.32633,36.85778],[127.3265,36.85804],[127.32813,36.85816],[127.32958,36.85751],[127.3312,36.85733],[127.33211,36.8569],[127.33265,36.85697],[127.3341,36.85628],[127.3348,36.85618],[127.33649,36.85469],[127.33692,36.8537],[127.33633,36.85285],[127.33623,36.84912],[127.33665,36.84802],[127.33603,36.8473],[127.33667,36.84648],[127.33666,36.84507],[127.33568,36.84432],[127.33462,36.84214],[127.33464,36.84046],[127.33409,36.83932],[127.33418,36.83809],[127.33561,36.83743],[127.33521,36.83684],[127.33534,36.83562],[127.335,36.83444],[127.33439,36.83343],[127.3341,36.83236],[127.33355,36.83197],[127.33454,36.83067],[127.33544,36.83042],[127.3366,36.82973],[127.33777,36.8305],[127.33819,36.83102],[127.33929,36.83125],[127.34231,36.8304],[127.34453,36.83027],[127.34515,36.82958],[127.34637,36.82931],[127.34763,36.8298],[127.34818,36.83036],[127.35103,36.83081],[127.35174,36.83066],[127.35252,36.83],[127.35445,36.82947],[127.35605,36.82865],[127.35723,36.8275],[127.35808,36.82544],[127.35741,36.82446],[127.35715,36.82356],[127.35811,36.82246],[127.35918,36.822],[127.35953,36.82142],[127.36075,36.82055],[127.36184,36.82041],[127.36354,36.81967],[127.36397,36.81974],[127.36563,36.81839],[127.36661,36.81697],[127.36857,36.81639],[127.36952,36.81626],[127.37095,36.81671],[127.37411,36.81598],[127.37534,36.81503],[127.37647,36.81515],[127.37779,36.81498],[127.37854,36.81462],[127.37885,36.81387],[127.38149,36.81408],[127.38298,36.81297],[127.38337,36.8123],[127.38409,36.81196],[127.38467,36.81111],[127.38627,36.80964],[127.38741,36.80941],[127.38787,36.80847],[127.38898,36.80792],[127.39042,36.8075],[127.39161,36.80659],[127.39297,36.80421],[127.39351,36.80382],[127.39421,36.80393],[127.39493,36.80309],[127.39568,36.8015],[127.3972,36.80045],[127.39749,36.79967],[127.39877,36.79903],[127.39952,36.79922],[127.40081,36.79909],[127.40118,36.79875],[127.4008,36.79782],[127.40125,36.79697],[127.40172,36.79515],[127.40057,36.7945],[127.39976,36.79318],[127.39972,36.79262],[127.39865,36.79169],[127.39731,36.79115],[127.39674,36.79028],[127.39649,36.7884],[127.396,36.78784],[127.39616,36.78704],[127.39675,36.78593],[127.39564,36.78535],[127.39498,36.78409],[127.3955,36.78302],[127.3955,36.78248],[127.39643,36.78191],[127.39746,36.78214],[127.39982,36.78086],[127.39977,36.78043],[127.40049,36.77951],[127.40156,36.77879],[127.40179,36.77805],[127.40124,36.77719],[127.40177,36.77645],[127.4019,36.77571],[127.40326,36.77507],[127.40332,36.77447],[127.40444,36.77467],[127.4051,36.77425],[127.40594,36.77421],[127.40638,36.77383],[127.40865,36.77388],[127.40941,36.7732],[127.41001,36.77325],[127.41085,36.77283],[127.41228,36.77285],[127.41295,36.77322],[127.41407,36.7717],[127.41435,36.77101],[127.41391,36.76985],[127.41441,36.76919],[127.41504,36.76784],[127.41686,36.76632],[127.41708,36.76547],[127.41684,36.76426],[127.41764,36.76307],[127.41888,36.76232],[127.42032,36.76101],[127.42015,36.75835],[127.4197,36.75766],[127.4186,36.75726],[127.41657,36.75679],[127.41515,36.75661],[127.41432,36.75717],[127.4128,36.75742],[127.41205,36.75711],[127.41146,36.75608],[127.41162,36.75422],[127.41137,36.75356],[127.41073,36.75296],[127.40972,36.75263],[127.40958,36.75226],[127.40843,36.75221],[127.40784,36.75187],[127.40691,36.75085],[127.4056,36.75026],[127.40528,36.74928],[127.40558,36.74872],[127.40513,36.74821],[127.40444,36.74602],[127.40478,36.74516],[127.40401,36.74488],[127.40129,36.74646],[127.40095,36.74729],[127.40022,36.74742],[127.39907,36.74693],[127.39763,36.74764],[127.39602,36.74793],[127.39581,36.74877],[127.39514,36.74882],[127.39456,36.74982],[127.39463,36.75117],[127.39338,36.75195],[127.39365,36.75253],[127.39251,36.75251],[127.38993,36.75288],[127.38866,36.75349],[127.38869,36.75409],[127.38831,36.75494],[127.38717,36.75595],[127.38788,36.75681],[127.38726,36.75715],[127.38637,36.75929],[127.38502,36.75964],[127.38411,36.75897],[127.3826,36.75866],[127.38188,36.75817],[127.38097,36.75816],[127.37919,36.75858],[127.37924,36.75908],[127.378,36.75899],[127.37764,36.75865],[127.37567,36.75853],[127.37486,36.75798],[127.3726,36.75809],[127.37146,36.75856],[127.37098,36.75948],[127.36987,36.76011],[127.36959,36.76158],[127.36693,36.76094],[127.36549,36.76096],[127.36456,36.76154],[127.36379,36.76112],[127.36245,36.76109],[127.36092,36.76002],[127.36008,36.75972],[127.35848,36.76077],[127.35781,36.76097],[127.35723,36.76025],[127.35693,36.75894],[127.35617,36.75741],[127.35613,36.75668],[127.35557,36.75602],[127.35417,36.75565],[127.35379,36.75467],[127.35225,36.75408],[127.35116,36.75412],[127.35018,36.75369],[127.34844,36.75332],[127.34784,36.75293],[127.34705,36.75306],[127.34653,36.75348],[127.34557,36.75361],[127.34466,36.75335],[127.34392,36.75371],[127.34229,36.75318],[127.34099,36.75336],[127.33965,36.753],[127.3389,36.75259],[127.33832,36.75283],[127.33713,36.75254],[127.33551,36.75264],[127.33532,36.75129],[127.33435,36.74983],[127.33429,36.74887],[127.33298,36.74815],[127.33264,36.74752],[127.33268,36.74681],[127.33408,36.74694],[127.3346,36.74635],[127.33644,36.74499],[127.3366,36.74435],[127.33745,36.74326],[127.33753,36.7418],[127.3374,36.74012],[127.33989,36.7398],[127.34037,36.73891],[127.34151,36.73847],[127.34317,36.7357],[127.34317,36.73524],[127.34253,36.73379],[127.34247,36.73282],[127.34136,36.73274],[127.34,36.73152],[127.3392,36.72973],[127.33755,36.7293],[127.33493,36.73132],[127.33335,36.7311],[127.33245,36.73197],[127.33107,36.73271],[127.33064,36.73271],[127.33038,36.73363],[127.32945,36.73444],[127.3283,36.73456],[127.32546,36.73367],[127.3252,36.73206],[127.32447,36.73147],[127.3227,36.73094],[127.32089,36.72863],[127.31977,36.7268],[127.31902,36.72647],[127.31846,36.72525],[127.31685,36.72438],[127.31242,36.72378],[127.31044,36.72437],[127.30942,36.72455],[127.30925,36.7241],[127.31069,36.72382],[127.31091,36.72319],[127.3093,36.72177],[127.30871,36.72065],[127.30881,36.72019],[127.30799,36.71813],[127.30843,36.71682],[127.308,36.71644],[127.30801,36.71526],[127.30887,36.71446],[127.30814,36.71389],[127.30755,36.71233],[127.30695,36.71158],[127.30723,36.71134],[127.30691,36.71007],[127.3061,36.70827],[127.30702,36.70759],[127.30765,36.70662],[127.30742,36.70589],[127.30811,36.70531],[127.30775,36.70417],[127.30664,36.70344],[127.30558,36.70306],[127.30503,36.70245],[127.30408,36.70215],[127.30349,36.70129],[127.30132,36.69998],[127.29748,36.69914],[127.2968,36.69783],[127.29503,36.69758],[127.29461,36.69718],[127.29331,36.69702],[127.29201,36.69728],[127.28949,36.69541],[127.28874,36.69428],[127.28793,36.6938],[127.28699,36.69266],[127.28567,36.69199],[127.28529,36.69067],[127.28695,36.69042],[127.28802,36.68955],[127.28886,36.6895],[127.28954,36.68819],[127.29087,36.68775],[127.29214,36.68709],[127.29555,36.68662],[127.29666,36.68577],[127.29957,36.68593],[127.30082,36.68524],[127.30183,36.68574],[127.30306,36.68546],[127.30376,36.68502],[127.30442,36.68504],[127.30456,36.68414],[127.30557,36.6835],[127.30599,36.68287],[127.30676,36.6827],[127.30763,36.68202],[127.30724,36.67952],[127.30753,36.67832],[127.30716,36.67783],[127.30679,36.67656],[127.30623,36.67547],[127.30521,36.67424],[127.30556,36.67354],[127.30549,36.67284],[127.30609,36.67225],[127.30585,36.67057],[127.30527,36.66883],[127.30485,36.66809],[127.30509,36.66757],[127.30389,36.66706],[127.30232,36.66575],[127.30124,36.66406],[127.30101,36.66205],[127.29975,36.66219],[127.29831,36.66142],[127.29675,36.66078],[127.29593,36.65957],[127.29541,36.6598],[127.29462,36.65961],[127.29294,36.65984],[127.29209,36.65945],[127.28916,36.65932],[127.28869,36.6589],[127.28909,36.65814],[127.2889,36.65675],[127.28813,36.65626],[127.28681,36.6542],[127.28662,36.65286],[127.28615,36.65167],[127.28649,36.65105],[127.2859,36.65015],[127.2844,36.64999],[127.28367,36.6487],[127.28363,36.64736],[127.28285,36.64696],[127.28249,36.64611],[127.28162,36.64514],[127.28221,36.6432],[127.28278,36.64229],[127.28059,36.64138],[127.27952,36.6407],[127.27858,36.64134],[127.27701,36.64187],[127.27649,36.64133],[127.276,36.64008],[127.27565,36.6398],[127.27645,36.63856],[127.27686,36.63736],[127.27736,36.63659],[127.27837,36.63575],[127.27893,36.63494],[127.27889,36.63417],[127.27948,36.6335],[127.27997,36.63397],[127.28114,36.63445],[127.28228,36.6346],[127.28493,36.63419],[127.2859,36.63418],[127.28601,36.63471],[127.28723,36.63613],[127.28845,36.6367],[127.28948,36.63693],[127.29056,36.63689],[127.29203,36.63583],[127.29226,36.63519],[127.29113,36.6326],[127.2907,36.63107],[127.29074,36.63016],[127.29141,36.62657],[127.29201,36.62504],[127.29251,36.62467],[127.29394,36.62439],[127.29597,36.6244],[127.2963,36.62424],[127.2962,36.62201],[127.29582,36.62097],[127.29591,36.6197],[127.29641,36.61898],[127.29888,36.61866],[127.29961,36.61794],[127.30027,36.61646],[127.30005,36.61436],[127.30064,36.61299],[127.30181,36.61281],[127.302,36.61144],[127.3012,36.61118],[127.30159,36.6093],[127.30129,36.60861],[127.30062,36.60841],[127.30013,36.60773],[127.30117,36.60766],[127.30325,36.60566],[127.30495,36.60437],[127.30572,36.60338],[127.30641,36.60204],[127.30663,36.60062],[127.30613,36.59871],[127.30495,36.59664],[127.30464,36.59536],[127.3046,36.59396],[127.30499,36.59255],[127.30484,36.59139],[127.30436,36.59065],[127.30334,36.59003],[127.30251,36.58906],[127.30143,36.58834],[127.29986,36.5877],[127.29946,36.58658],[127.29982,36.58595],[127.30183,36.58532],[127.30249,36.58431],[127.30405,36.58334],[127.30577,36.583],[127.30807,36.58301],[127.30973,36.5829],[127.31321,36.58287],[127.31526,36.58327],[127.31701,36.58337],[127.31935,36.58376],[127.32144,36.58378],[127.32273,36.58213],[127.32276,36.58173],[127.32149,36.58131],[127.32296,36.58056],[127.32479,36.58033],[127.32503,36.57959],[127.32476,36.57902],[127.32526,36.57845],[127.32545,36.57771],[127.32741,36.57603],[127.32942,36.57531],[127.33008,36.5748],[127.33097,36.57505],[127.33182,36.57452],[127.33226,36.57395],[127.33202,36.57347],[127.33251,36.57259],[127.33375,36.57222],[127.33408,36.57172],[127.33576,36.57106],[127.33577,36.57061],[127.33655,36.56999],[127.33515,36.5681],[127.33547,36.56726],[127.33658,36.56535],[127.33691,36.5641],[127.33702,36.56284],[127.33824,36.56235],[127.33969,36.56294],[127.34075,36.56365],[127.34243,36.56372],[127.34285,36.56446],[127.34418,36.56455],[127.34453,36.56401],[127.34713,36.56445],[127.34785,36.56386],[127.34899,36.56381],[127.351,36.56221],[127.35312,36.56223],[127.35488,36.56282],[127.35626,36.56168],[127.36048,36.56228],[127.36148,36.56384],[127.36258,36.56444],[127.36308,36.56429],[127.36535,36.56421],[127.36609,36.56394],[127.36801,36.56502],[127.36826,36.5662],[127.36866,36.56637],[127.37076,36.56649],[127.37159,36.56683],[127.37322,36.56699],[127.37558,36.56748],[127.37694,36.56794],[127.37755,36.56783],[127.37699,36.56662],[127.37584,36.56589],[127.37396,36.56524],[127.37301,36.56462],[127.37204,36.56362],[127.37398,36.56406],[127.37556,36.56416],[127.37603,36.5644],[127.37677,36.56405],[127.37798,36.56294],[127.37614,36.56148],[127.37649,36.56094],[127.375,36.56021],[127.37317,36.56015],[127.3727,36.55996],[127.37321,36.55838],[127.37375,36.55764],[127.37556,36.55786],[127.3781,36.55517],[127.37862,36.55421],[127.37923,36.55259],[127.37871,36.55219],[127.37897,36.55155],[127.37843,36.5511],[127.37852,36.54981],[127.37918,36.54939],[127.38169,36.54888],[127.38319,36.54786],[127.38267,36.54638],[127.38387,36.54548],[127.38393,36.54381],[127.38355,36.54314],[127.38357,36.5422],[127.38388,36.54153],[127.38509,36.54105],[127.38568,36.54126],[127.38674,36.54101],[127.38782,36.54114],[127.38898,36.54039],[127.38981,36.54031],[127.39128,36.54054],[127.39233,36.54001],[127.39424,36.54028],[127.39547,36.54004],[127.39746,36.54025],[127.39853,36.54055],[127.40019,36.54178],[127.40182,36.54124],[127.40246,36.53994],[127.40267,36.53864],[127.40325,36.53782],[127.40413,36.53793],[127.40501,36.53731],[127.40524,36.53661],[127.40538,36.53422],[127.40585,36.53298],[127.40562,36.5314],[127.40625,36.53057],[127.40854,36.52852],[127.40798,36.52781],[127.40841,36.52718],[127.40819,36.52638],[127.40869,36.52529],[127.4086,36.52369],[127.40766,36.52308],[127.4068,36.52317],[127.40618,36.5238],[127.40433,36.52393],[127.40313,36.52333],[127.40192,36.52376],[127.40149,36.52365],[127.4009,36.52267],[127.39938,36.52169],[127.39789,36.52135],[127.39764,36.52058],[127.40002,36.51965],[127.40036,36.51902],[127.40117,36.51899],[127.40139,36.51848],[127.40375,36.51738],[127.40416,36.51677],[127.40417,36.51552],[127.40535,36.51303],[127.40468,36.51268],[127.40495,36.51195],[127.40623,36.51178],[127.40743,36.5105],[127.40904,36.50975],[127.4085,36.50897],[127.40892,36.50828],[127.40906,36.50664],[127.40879,36.50632],[127.40762,36.50298],[127.40819,36.50212],[127.409,36.50188],[127.40836,36.50118],[127.40788,36.50015],[127.40943,36.49883],[127.41033,36.49835],[127.4108,36.49775],[127.41056,36.49628],[127.40999,36.49597],[127.40983,36.49532],[127.40833,36.49526],[127.40672,36.49479],[127.40452,36.49389],[127.40278,36.49341],[127.4003,36.49344],[127.397,36.49235],[127.39612,36.49172],[127.40016,36.48798],[127.40301,36.48548],[127.40416,36.48099],[127.40416,36.47657],[127.40204,36.4723],[127.40105,36.46735],[127.40138,36.46555],[127.40122,36.46391],[127.40139,36.46267],[127.3992,36.46268],[127.39968,36.46184],[127.39996,36.46047],[127.39995,36.45918],[127.39973,36.45754],[127.4009,36.45757],[127.40144,36.4567],[127.40255,36.45556],[127.40344,36.45524],[127.40796,36.45474],[127.41303,36.45481],[127.41497,36.45471],[127.41629,36.45481],[127.42093,36.45561],[127.42284,36.45587],[127.42745,36.45687],[127.43677,36.4564],[127.43578,36.45614],[127.43402,36.45615],[127.43395,36.45578],[127.43744,36.45577],[127.44133,36.45247],[127.44242,36.45127],[127.4441,36.4504],[127.44716,36.44919],[127.45133,36.44925],[127.45476,36.45027],[127.45841,36.4523],[127.46096,36.45448],[127.46258,36.45616],[127.46351,36.4603],[127.46359,36.4634],[127.46378,36.46451],[127.46668,36.47007],[127.47077,36.47403],[127.47243,36.47502],[127.47613,36.47633],[127.48061,36.47721],[127.48403,36.47662],[127.48454,36.47454],[127.48329,36.47001],[127.48161,36.46641],[127.48054,36.46499],[127.4794,36.46375],[127.47902,36.46282],[127.4781,36.46146],[127.47768,36.46052],[127.47746,36.45913],[127.47758,36.45842],[127.47896,36.4565],[127.48211,36.45389],[127.48454,36.45293],[127.4869,36.45278],[127.49162,36.45335],[127.50059,36.4562],[127.50279,36.45551],[127.5038,36.45369],[127.50447,36.45183],[127.50348,36.44936],[127.49937,36.44625],[127.49714,36.44472],[127.4935,36.44119],[127.49243,36.43937],[127.48972,36.43413],[127.48992,36.43243],[127.49128,36.42953],[127.49335,36.4258],[127.49523,36.42357],[127.49567,36.42267],[127.49651,36.42034],[127.49694,36.41949],[127.49709,36.41657],[127.49742,36.41536],[127.49943,36.413],[127.49989,36.41227],[127.50155,36.40865],[127.50448,36.40821],[127.50806,36.40827],[127.5095,36.40862],[127.51102,36.41031],[127.51163,36.41222],[127.51359,36.41931],[127.51451,36.42247],[127.51614,36.42249],[127.5176,36.42141],[127.51768,36.42115],[127.51904,36.42022],[127.51991,36.41985],[127.52095,36.42158],[127.52231,36.42189],[127.52322,36.4231],[127.52392,36.42343],[127.5248,36.42313],[127.52501,36.42271],[127.52601,36.42193],[127.52592,36.4211],[127.52821,36.42105],[127.52877,36.41979],[127.52938,36.41922],[127.53012,36.41913],[127.53223,36.41931],[127.53352,36.4192],[127.53479,36.41933],[127.53524,36.41895],[127.53641,36.41945],[127.53655,36.41999],[127.53732,36.42038],[127.53778,36.42012],[127.53962,36.42061],[127.54228,36.41928],[127.54184,36.41569],[127.54289,36.41208],[127.54557,36.40882],[127.54665,36.40877],[127.54848,36.40775],[127.5501,36.40712],[127.5517,36.40549],[127.5532,36.40122],[127.55504,36.40011],[127.55711,36.39955],[127.55878,36.39986],[127.55968,36.39822],[127.55916,36.39782],[127.55743,36.39731],[127.55723,36.39685],[127.55508,36.39519],[127.55402,36.39487],[127.55264,36.39524],[127.55135,36.39502],[127.55108,36.39521],[127.55003,36.39687],[127.54857,36.39703],[127.54687,36.39643],[127.54611,36.39652],[127.54466,36.39616],[127.54361,36.3961],[127.54311,36.39701],[127.54123,36.39719],[127.5402,36.39712],[127.53983,36.39775],[127.53916,36.39719],[127.53743,36.39495],[127.53529,36.39454],[127.53392,36.39362],[127.53342,36.39175],[127.53177,36.39092],[127.53077,36.3913],[127.5301,36.39105],[127.52906,36.3901],[127.5294,36.38936],[127.52831,36.38903],[127.5268,36.38766],[127.52567,36.38732],[127.52493,36.38751],[127.52458,36.38646],[127.52557,36.38522],[127.5248,36.3838],[127.52509,36.38214],[127.52498,36.38143],[127.52539,36.38046],[127.52532,36.37971],[127.52589,36.37896],[127.52561,36.37865],[127.52576,36.37754],[127.52488,36.37646],[127.52499,36.37494],[127.52585,36.37398],[127.52598,36.37257],[127.5259,36.37124],[127.52658,36.37007],[127.52612,36.36897],[127.52598,36.36801],[127.52497,36.36741],[127.52482,36.3665],[127.52409,36.36591],[127.52442,36.3656],[127.52485,36.36363],[127.52437,36.36305],[127.52446,36.36149],[127.52302,36.35952],[127.52281,36.35852],[127.522,36.35788],[127.52309,36.35635],[127.5224,36.35432],[127.52161,36.35375],[127.52044,36.35143],[127.51937,36.35035],[127.51772,36.34973],[127.51711,36.34906],[127.51728,36.34801],[127.51578,36.34868],[127.51489,36.34778],[127.51429,36.34753],[127.51331,36.34761],[127.51265,36.34722],[127.51197,36.34612],[127.51058,36.34628],[127.5103,36.34663],[127.50915,36.34678],[127.50746,36.34629],[127.50742,36.34539],[127.50794,36.34485],[127.50807,36.34324],[127.50674,36.34281],[127.50652,36.34249],[127.50454,36.34207],[127.50488,36.34099],[127.50218,36.34039],[127.50134,36.34007],[127.50056,36.33929],[127.50054,36.33777],[127.50157,36.33623],[127.50108,36.33484],[127.50129,36.33406],[127.50092,36.33293],[127.50172,36.33179],[127.50142,36.33073],[127.5017,36.33018],[127.50164,36.32898],[127.5022,36.32782],[127.50202,36.3275],[127.50286,36.32638],[127.50296,36.32562],[127.50153,36.32283],[127.50094,36.32258],[127.49997,36.32077],[127.49598,36.31988],[127.49687,36.31945],[127.497,36.31795],[127.49783,36.31641],[127.49768,36.31568],[127.49693,36.31484],[127.49692,36.31439],[127.4958,36.31296],[127.4944,36.31258],[127.4941,36.3121],[127.49509,36.31169],[127.49617,36.31063],[127.4964,36.30962],[127.49709,36.3085],[127.49819,36.30792],[127.49824,36.30718],[127.49877,36.30676],[127.49898,36.30567],[127.49849,36.30494],[127.49783,36.30467],[127.49773,36.30364],[127.4972,36.30157],[127.49618,36.30054],[127.49602,36.29941],[127.49479,36.30078],[127.49415,36.30104],[127.49249,36.30018],[127.49161,36.2993],[127.4912,36.29659],[127.49184,36.29616],[127.49268,36.295],[127.49278,36.29451],[127.49408,36.29245],[127.49513,36.29042],[127.49577,36.28779],[127.49761,36.28654],[127.49779,36.2847],[127.49899,36.28308],[127.49866,36.2826],[127.49853,36.28132],[127.4973,36.28035],[127.49678,36.27923],[127.49535,36.27831],[127.49299,36.27631],[127.49262,36.27547],[127.49129,36.27472],[127.49097,36.27417],[127.48956,36.2734],[127.48875,36.27271],[127.48937,36.27061],[127.49026,36.26837],[127.48987,36.26775],[127.48833,36.26722],[127.4877,36.26531],[127.48747,36.26337],[127.48715,36.26323],[127.48689,36.26217],[127.48629,36.26185],[127.48605,36.26125],[127.48646,36.26064],[127.48611,36.25973],[127.48631,36.25922],[127.48725,36.25876],[127.48771,36.25818],[127.48894,36.25836],[127.48974,36.25799],[127.48998,36.25734],[127.4895,36.25594],[127.48965,36.25505],[127.49038,36.25403],[127.48981,36.2538],[127.48854,36.25258],[127.48761,36.25144],[127.48878,36.24874],[127.48854,36.24754],[127.48925,36.24705],[127.48941,36.24601],[127.49027,36.245],[127.49176,36.24517],[127.49232,36.24438],[127.49271,36.24306],[127.49227,36.2424],[127.49322,36.24106],[127.49314,36.24003],[127.49265,36.23949],[127.49258,36.23795],[127.49452,36.23822],[127.49755,36.23833],[127.49993,36.2382],[127.50217,36.23765],[127.50262,36.23789],[127.50498,36.23807],[127.50555,36.23842],[127.50651,36.23833],[127.50726,36.23867],[127.50949,36.23892],[127.51033,36.23925],[127.51164,36.2402],[127.51195,36.24069],[127.51323,36.24067],[127.51368,36.24033],[127.51474,36.24122],[127.51537,36.24064],[127.51656,36.24052],[127.51813,36.24064],[127.51864,36.24136],[127.52013,36.24255],[127.52118,36.24384],[127.5219,36.24385],[127.52285,36.24495],[127.52352,36.24534],[127.52385,36.24649],[127.52623,36.24709],[127.52695,36.24834],[127.52774,36.2485],[127.529,36.24818],[127.52961,36.24862],[127.53044,36.24871],[127.53198,36.25016],[127.53257,36.25089],[127.53483,36.25096],[127.53624,36.25123],[127.53681,36.25086],[127.5357,36.24905],[127.53509,36.24732],[127.5358,36.24662],[127.53579,36.24625],[127.53665,36.24532],[127.53669,36.24474],[127.53739,36.24402],[127.53792,36.24278],[127.54041,36.24182],[127.54228,36.24141],[127.54342,36.24155],[127.54511,36.24089],[127.54615,36.24007],[127.54722,36.2396],[127.54908,36.23973],[127.54986,36.23842],[127.54878,36.23772],[127.54869,36.23624],[127.54838,36.23493],[127.54712,36.23148],[127.54651,36.2305],[127.54609,36.2293],[127.54509,36.22843],[127.54498,36.22715],[127.54533,36.22551],[127.54644,36.22527],[127.549,36.22544],[127.55095,36.22587],[127.55283,36.22586],[127.55437,36.22619],[127.55569,36.22675],[127.55603,36.22715],[127.55825,36.22754],[127.56022,36.22877],[127.56158,36.22897],[127.56232,36.2286],[127.56267,36.22795],[127.5636,36.22767],[127.56515,36.22874],[127.5657,36.22944],[127.56699,36.23197],[127.56904,36.2326],[127.57024,36.23352],[127.57285,36.23302],[127.57486,36.232],[127.57685,36.23252],[127.57729,36.23245],[127.57955,36.2328],[127.58022,36.23185],[127.58168,36.23137],[127.58243,36.23163],[127.58358,36.2313],[127.58481,36.23025],[127.58597,36.228],[127.58631,36.22758],[127.58636,36.22565],[127.58712,36.22486],[127.58874,36.2255],[127.59051,36.22529],[127.59032,36.2244],[127.59066,36.22257],[127.59111,36.22166],[127.59245,36.22132],[127.59276,36.21982],[127.59464,36.21948],[127.59638,36.2184],[127.59802,36.21709],[127.59769,36.21622],[127.59809,36.21483],[127.59732,36.21298],[127.59631,36.21188],[127.59699,36.21157],[127.59747,36.21086],[127.59879,36.21022],[127.59895,36.20959],[127.59843,36.20851],[127.59925,36.20727],[127.59951,36.2064],[127.59953,36.20456],[127.599,36.20335],[127.59928,36.20264],[127.59826,36.20238],[127.59815,36.20172],[127.59734,36.20027],[127.59641,36.19947],[127.59533,36.19896],[127.59419,36.19684],[127.593,36.19597],[127.59247,36.19514],[127.59361,36.19439],[127.59292,36.19294],[127.59298,36.19223],[127.59343,36.19171],[127.59456,36.19102],[127.59455,36.1904],[127.59518,36.18985],[127.59538,36.1891],[127.59609,36.18848],[127.59702,36.18687],[127.59748,36.18504],[127.59743,36.18433],[127.59627,36.18338],[127.59544,36.18295],[127.59419,36.18166],[127.59466,36.18102],[127.59491,36.17962],[127.59424,36.17893],[127.59399,36.17817],[127.59306,36.17738],[127.59388,36.17652],[127.5945,36.17553],[127.59595,36.17482],[127.59714,36.17402],[127.59863,36.1738],[127.59912,36.17269],[127.59963,36.17229],[127.6006,36.17046],[127.6008,36.16974],[127.60148,36.16905],[127.6011,36.16825],[127.60109,36.16751],[127.60148,36.16701],[127.60127,36.16538],[127.60128,36.164],[127.60101,36.16329],[127.60124,36.1628],[127.6012,36.16118],[127.60166,36.16002],[127.60055,36.15796],[127.59969,36.15694],[127.5985,36.1549],[127.59767,36.15417],[127.59646,36.15392],[127.59483,36.15229],[127.59483,36.15202],[127.59351,36.15019],[127.59302,36.1487],[127.593,36.14806],[127.59245,36.14709],[127.59205,36.14691],[127.5917,36.14596],[127.59186,36.14561],[127.59095,36.14483],[127.59081,36.14376],[127.59042,36.14313],[127.59063,36.14062],[127.59112,36.13949],[127.59073,36.1387],[127.59095,36.13807],[127.59086,36.1371],[127.5903,36.13673],[127.59027,36.13578],[127.58947,36.13514],[127.58944,36.13446],[127.59026,36.1329],[127.59131,36.13248],[127.59256,36.1301],[127.5937,36.12935],[127.59375,36.12878],[127.59512,36.12829],[127.59563,36.12736],[127.59578,36.12593],[127.59634,36.12545],[127.59766,36.12556],[127.59863,36.12537],[127.59896,36.12477],[127.59897,36.12344],[127.5992,36.12294],[127.59997,36.12265],[127.60218,36.12108],[127.6032,36.12061],[127.6039,36.11977],[127.60553,36.1182],[127.60599,36.11679],[127.60764,36.11708],[127.60858,36.11778],[127.60859,36.11844],[127.60963,36.11849],[127.61003,36.11736],[127.6106,36.11659],[127.61076,36.11563],[127.61156,36.11522],[127.61219,36.11408],[127.61247,36.11306],[127.61291,36.11267],[127.61308,36.11181],[127.61478,36.11145],[127.61632,36.11155],[127.61751,36.11018],[127.6191,36.10889],[127.61899,36.10711],[127.61772,36.10604],[127.61692,36.10488],[127.61706,36.1038],[127.61704,36.10136],[127.61728,36.1001],[127.61827,36.09871],[127.61764,36.09815],[127.61733,36.09704],[127.6177,36.09617],[127.61734,36.09546],[127.61752,36.09412],[127.61727,36.09358],[127.61849,36.09186],[127.61862,36.0913],[127.61924,36.0907],[127.62001,36.09109],[127.62186,36.09097],[127.62334,36.09069],[127.62378,36.08971],[127.62386,36.08885],[127.6244,36.08828],[127.62625,36.08778],[127.62672,36.08721],[127.62777,36.08656],[127.62827,36.08544],[127.62934,36.08467],[127.62979,36.08383],[127.63112,36.08285],[127.63215,36.08236],[127.63305,36.08089],[127.63219,36.07964],[127.63344,36.07829],[127.63364,36.07781],[127.63466,36.07673],[127.63413,36.07486],[127.6342,36.07362],[127.6361,36.0714],[127.63681,36.07104],[127.63739,36.07035],[127.6382,36.06823],[127.6397,36.06834],[127.64152,36.06777],[127.64225,36.06739],[127.6435,36.06739],[127.64455,36.06681],[127.64513,36.06605],[127.64593,36.06558],[127.64665,36.06436],[127.64809,36.06313],[127.64854,36.06192],[127.64846,36.06086],[127.64883,36.05993],[127.64867,36.05897],[127.64905,36.05799],[127.65058,36.05728],[127.65127,36.05751],[127.65284,36.0571],[127.65355,36.05651],[127.65444,36.05662],[127.65422,36.05565],[127.65488,36.05504],[127.65526,36.054],[127.65477,36.05264],[127.65586,36.05166],[127.65636,36.05093],[127.65632,36.05006],[127.65688,36.04901],[127.65743,36.04862],[127.658,36.04761],[127.65792,36.04691],[127.65837,36.04583],[127.65847,36.04441],[127.65936,36.04276],[127.65995,36.0422],[127.65924,36.0405],[127.65942,36.03963],[127.66023,36.03854],[127.6609,36.03819],[127.66225,36.03861],[127.66441,36.03751],[127.66612,36.03817],[127.66756,36.03833],[127.66803,36.03866],[127.66906,36.03866],[127.6694,36.03962],[127.67053,36.03989],[127.67274,36.04163],[127.6727,36.04195],[127.67177,36.04325],[127.67092,36.04384],[127.67053,36.04502],[127.67088,36.04603],[127.67163,36.04678],[127.67181,36.04848],[127.6713,36.04925],[127.67029,36.04946],[127.66919,36.05061],[127.66917,36.05115],[127.67077,36.05199],[127.67156,36.05307],[127.67307,36.05362],[127.67435,36.05472],[127.67448,36.05507],[127.67596,36.05591],[127.67717,36.0555],[127.6774,36.05614],[127.6792,36.05758],[127.68084,36.05824],[127.68178,36.05926],[127.68214,36.05927],[127.68391,36.06099],[127.68466,36.06138],[127.68555,36.06219],[127.68902,36.06267],[127.69074,36.05803],[127.69154,36.05838],[127.69314,36.05792],[127.69461,36.05898],[127.69509,36.05873],[127.69493,36.05742],[127.69552,36.05574],[127.69579,36.05371],[127.6952,36.05272],[127.696,36.05143],[127.69604,36.05038],[127.69511,36.0497],[127.69538,36.04664],[127.69502,36.04591],[127.69543,36.04473],[127.69615,36.04382],[127.69622,36.04223],[127.69646,36.0411],[127.69744,36.04063],[127.69845,36.0395],[127.69958,36.03889],[127.70022,36.03659],[127.70175,36.03578],[127.70193,36.03527],[127.70362,36.03441],[127.70574,36.03493],[127.70606,36.0347],[127.70722,36.03512],[127.70968,36.03541],[127.71093,36.03581],[127.71247,36.03589],[127.71437,36.03546],[127.7157,36.03486],[127.71666,36.03473],[127.71802,36.03392],[127.71918,36.03186],[127.72117,36.03177],[127.72239,36.03198],[127.72355,36.03131],[127.72504,36.03242],[127.72662,36.03173],[127.72798,36.03091],[127.72858,36.03092],[127.72936,36.03154],[127.73083,36.03231],[127.73151,36.03239],[127.73484,36.03232],[127.7368,36.03047],[127.73732,36.02982],[127.73911,36.02688],[127.73945,36.02573],[127.74063,36.02499],[127.74149,36.0248],[127.74253,36.0253],[127.74356,36.02736],[127.74359,36.02847],[127.74415,36.02887],[127.74548,36.02889],[127.74731,36.0297],[127.74826,36.02936],[127.74969,36.02805],[127.75074,36.02661],[127.75162,36.02568],[127.75235,36.02524],[127.7552,36.0242],[127.75714,36.02477],[127.75824,36.02528],[127.75976,36.0256],[127.76161,36.02518],[127.76225,36.02411],[127.76264,36.02157],[127.7609,36.01836],[127.75929,36.01592],[127.75936,36.01497],[127.75993,36.01438],[127.76156,36.01332],[127.76349,36.01266],[127.76505,36.0123],[127.76618,36.01221],[127.76791,36.01235],[127.76982,36.01287],[127.77174,36.01368],[127.77527,36.01538],[127.78,36.01634],[127.78153,36.01651],[127.78362,36.01642],[127.78461,36.01603],[127.78762,36.0145],[127.78862,36.0153],[127.79001,36.01726],[127.79009,36.01786],[127.79081,36.0188],[127.7923,36.01994],[127.79363,36.01997],[127.79364,36.02079],[127.79419,36.02138],[127.79499,36.0217],[127.7955,36.02232],[127.79682,36.02288],[127.79737,36.02448],[127.79727,36.02501],[127.79865,36.02546],[127.79944,36.02607],[127.80108,36.02659],[127.80157,36.02608],[127.80312,36.02666],[127.8035,36.02631],[127.8055,36.02596],[127.80697,36.02667],[127.80765,36.02731],[127.80842,36.02742],[127.80923,36.02694],[127.81109,36.02737],[127.81154,36.02781],[127.81287,36.02791],[127.81357,36.02815],[127.81461,36.02901],[127.81597,36.02845],[127.81627,36.02809],[127.81759,36.02789],[127.8185,36.02813],[127.81912,36.02927],[127.81979,36.0298],[127.82183,36.03031],[127.82241,36.03103],[127.82329,36.0313],[127.82396,36.03185],[127.82523,36.03214],[127.82603,36.0328],[127.82957,36.03401],[127.8304,36.03523],[127.83159,36.03548],[127.83305,36.0355],[127.834,36.03593],[127.83485,36.03581],[127.83619,36.03613],[127.8385,36.03629],[127.83909,36.03588],[127.84064,36.0366],[127.84196,36.03688],[127.8432,36.03801],[127.84589,36.03912],[127.84857,36.03973],[127.84898,36.03931],[127.85281,36.03911],[127.85359,36.03691],[127.85472,36.03491],[127.85566,36.03293],[127.85814,36.03243],[127.8606,36.03146],[127.86185,36.02974],[127.86362,36.02785],[127.86432,36.0257],[127.86615,36.02429],[127.86774,36.02377],[127.87144,36.02383],[127.87266,36.02324],[127.87677,36.02251],[127.87731,36.02341],[127.88059,36.02525],[127.88346,36.02806],[127.88337,36.02941],[127.88344,36.03234],[127.88491,36.03344],[127.88484,36.03589],[127.8862,36.03572],[127.88752,36.03469],[127.88854,36.03485],[127.88996,36.03573],[127.89156,36.03603],[127.89384,36.03765],[127.89549,36.03734],[127.89717,36.03735],[127.89753,36.03803],[127.89951,36.03827],[127.90269,36.0391],[127.90303,36.03937],[127.90329,36.04055],[127.90335,36.04198],[127.90362,36.04234],[127.90351,36.04342],[127.90516,36.045],[127.90612,36.04668],[127.90795,36.048],[127.90797,36.04832],[127.90909,36.0497],[127.91043,36.05065],[127.91179,36.05047],[127.9131,36.0513],[127.91392,36.05224],[127.9152,36.0532],[127.91634,36.05447],[127.91757,36.05403],[127.91959,36.05369],[127.92058,36.0541],[127.92279,36.05323],[127.92393,36.05293],[127.9252,36.05284],[127.92636,36.0518],[127.92772,36.05123],[127.92856,36.05012],[127.93018,36.04944],[127.93198,36.05028],[127.93346,36.05081],[127.93517,36.0511],[127.93629,36.05108],[127.93935,36.05298],[127.94154,36.05472],[127.94384,36.05625],[127.94518,36.05679],[127.94719,36.05718],[127.94768,36.05862],[127.94989,36.05972],[127.9508,36.061],[127.9514,36.06246],[127.95192,36.06295],[127.95222,36.06374],[127.95197,36.06471],[127.9529,36.06572],[127.9546,36.06727],[127.95775,36.06923],[127.95872,36.06949],[127.96087,36.07034],[127.96117,36.07296],[127.96097,36.07399],[127.96182,36.07582],[127.96183,36.07717],[127.96114,36.07836],[127.96094,36.07964],[127.9614,36.08037],[127.96169,36.08298],[127.96105,36.08314],[127.96117,36.08387],[127.96079,36.08495],[127.96083,36.08562],[127.95935,36.086],[127.95873,36.08753],[127.95858,36.0909],[127.95961,36.0924],[127.95971,36.09451],[127.96077,36.09455],[127.96224,36.09509],[127.96463,36.09555],[127.96504,36.0972],[127.96489,36.09862],[127.96665,36.10026],[127.96791,36.10185],[127.96869,36.10313],[127.96898,36.10435],[127.96795,36.10728],[127.96576,36.10979],[127.96549,36.11066],[127.96575,36.11189],[127.9652,36.11283],[127.9667,36.11539],[127.96652,36.11683],[127.9668,36.11806],[127.96772,36.11921],[127.96968,36.12079],[127.97016,36.12188],[127.97298,36.12187],[127.97427,36.12229],[127.97606,36.1226],[127.97711,36.1231],[127.9779,36.12443],[127.9786,36.12521],[127.9809,36.12535],[127.98407,36.1277],[127.98686,36.12805],[127.98778,36.12882],[127.98846,36.13036],[127.98773,36.13133],[127.98833,36.13235],[127.98885,36.13266],[127.98869,36.13394],[127.98821,36.13462],[127.98827,36.13508],[127.98772,36.13649],[127.98735,36.13675],[127.98739,36.13775],[127.98797,36.13831],[127.98737,36.13961],[127.98729,36.14087],[127.98788,36.1415],[127.98791,36.14228],[127.98917,36.14397],[127.98798,36.14499],[127.98781,36.14667],[127.98748,36.14738],[127.98833,36.14826],[127.9898,36.14903],[127.99084,36.15014],[127.99047,36.15096],[127.99077,36.15142],[127.99218,36.15186],[127.99338,36.15186],[127.99337,36.15252],[127.99449,36.15309],[127.99503,36.15312],[127.9972,36.15547],[127.99673,36.15621],[127.99482,36.15747],[127.99336,36.15746],[127.99268,36.15821],[127.991,36.15842],[127.99048,36.15888],[127.99046,36.1608],[127.98999,36.16257],[127.9896,36.16334],[127.98967,36.16481],[127.99018,36.16567],[127.98926,36.16588],[127.98656,36.1671],[127.98653,36.16781],[127.98462,36.16887],[127.98416,36.16948],[127.98295,36.16988],[127.9826,36.17056],[127.98236,36.17217],[127.98302,36.17405],[127.98263,36.17464],[127.98322,36.17509],[127.98407,36.17701],[127.98413,36.17817],[127.98278,36.17821],[127.98214,36.17884],[127.98134,36.17913],[127.98085,36.18],[127.98083,36.18061],[127.98032,36.18129],[127.98018,36.18264],[127.97917,36.18309],[127.97877,36.18406],[127.97725,36.18531],[127.97623,36.18687],[127.97533,36.18771],[127.97617,36.18842],[127.97649,36.19091],[127.97626,36.19205],[127.97738,36.19233],[127.97876,36.19323],[127.98042,36.19517],[127.9812,36.19588],[127.9812,36.19629],[127.97991,36.19593],[127.97855,36.19708],[127.97802,36.19811],[127.98043,36.1986],[127.98243,36.19945],[127.9841,36.2005],[127.98447,36.20118],[127.98635,36.20108],[127.98753,36.20083],[127.98921,36.19957],[127.99203,36.19978],[127.99304,36.20003],[127.99335,36.20092],[127.99311,36.20155],[127.99441,36.20293],[127.99475,36.20421],[127.99555,36.20473],[127.9959,36.20533],[127.99674,36.20586],[127.99796,36.20621],[127.99845,36.2073],[127.99878,36.20747],[128.00005,36.20693],[128.00174,36.20723],[128.00254,36.20715],[128.00302,36.20773],[128.00459,36.20725],[128.00637,36.20732],[128.00782,36.20812],[128.00975,36.20936],[128.01198,36.20867],[128.01351,36.20913],[128.01408,36.20873],[128.01547,36.20836],[128.01602,36.20869],[128.01816,36.20825],[128.01993,36.20801],[128.02117,36.20768],[128.02261,36.20692],[128.02405,36.20665],[128.02425,36.20625],[128.02668,36.20519],[128.0272,36.20462],[128.02803,36.20255],[128.02961,36.20243],[128.03041,36.20205],[128.03173,36.20102],[128.03176,36.20032],[128.03328,36.20018],[128.03435,36.19926],[128.03481,36.19831],[128.03625,36.19775],[128.03667,36.19655],[128.03741,36.19592],[128.03863,36.19416],[128.03944,36.19468],[128.04002,36.19444],[128.04078,36.19463],[128.04158,36.19537],[128.04237,36.19653],[128.04299,36.19601],[128.04447,36.19595],[128.04632,36.19673],[128.04754,36.1983],[128.04869,36.19895],[128.04991,36.19905],[128.05069,36.19986],[128.05167,36.20016],[128.0529,36.20082],[128.05345,36.20047],[128.05481,36.20046],[128.05551,36.20108],[128.05738,36.20081],[128.05815,36.20125],[128.05785,36.20209],[128.05627,36.20208],[128.05494,36.20302],[128.05321,36.20461],[128.05183,36.2051],[128.05079,36.206],[128.05041,36.20728],[128.05061,36.20776],[128.05022,36.20825],[128.04935,36.21073],[128.04985,36.21149],[128.04979,36.21345],[128.05031,36.21469],[128.05009,36.21646],[128.04944,36.2166],[128.04758,36.21614],[128.04616,36.21666],[128.04222,36.21755],[128.04129,36.21915],[128.04047,36.22002],[128.04025,36.2209],[128.03951,36.22134],[128.039,36.22218],[128.03913,36.2229],[128.03995,36.22352],[128.03983,36.22412],[128.04046,36.22468],[128.03948,36.22557],[128.03927,36.22659],[128.03957,36.22771],[128.03934,36.22868],[128.03806,36.22953],[128.03682,36.22972],[128.03656,36.23041],[128.03667,36.2312],[128.03584,36.23165],[128.0353,36.23263],[128.03401,36.23302],[128.03313,36.23371],[128.0329,36.23527],[128.03224,36.23608],[128.03161,36.23645],[128.03177,36.23717],[128.0312,36.23774],[128.03112,36.23863],[128.03072,36.23972],[128.0299,36.24001],[128.03105,36.24093],[128.03226,36.24153],[128.03368,36.24175],[128.03398,36.24233],[128.03504,36.24328],[128.03566,36.24347],[128.03581,36.24468],[128.03549,36.24613],[128.03768,36.24766],[128.03815,36.24837],[128.0384,36.24936],[128.04026,36.25203],[128.04268,36.2523],[128.04543,36.2519],[128.04608,36.25369],[128.04685,36.25478],[128.04735,36.25655],[128.0464,36.25677],[128.0436,36.2584],[128.04078,36.25859],[128.03963,36.25922],[128.03741,36.26013],[128.0361,36.26033],[128.03374,36.26153],[128.0323,36.26192],[128.03133,36.262],[128.03114,36.26312],[128.03022,36.2643],[128.02897,36.26499],[128.02814,36.26476],[128.02692,36.26535],[128.02622,36.2679],[128.02524,36.26771],[128.02394,36.26781],[128.02107,36.26731],[128.01903,36.26729],[128.01815,36.26775],[128.01714,36.26781],[128.0156,36.2683],[128.01517,36.26943],[128.01312,36.27078],[128.01257,36.27092],[128.01134,36.27195],[128.01032,36.27215],[128.00907,36.27201],[128.00829,36.27171],[128.00758,36.27087],[128.00671,36.27064],[128.00553,36.26991],[128.00469,36.26995],[128.00422,36.26898],[128.00249,36.26762],[128.00163,36.26745],[128.00123,36.26681],[128.00048,36.26644],[127.9984,36.26841],[127.99752,36.26799],[127.99628,36.26813],[127.99553,36.26768],[127.99407,36.26726],[127.9928,36.26615],[127.99262,36.26554],[127.99186,36.26524],[127.99172,36.26415],[127.99053,36.26338],[127.98919,36.2633],[127.98777,36.26385],[127.98708,36.26373],[127.98626,36.26305],[127.98393,36.26284],[127.98119,36.26365],[127.98001,36.26247],[127.97868,36.26092],[127.97787,36.26081],[127.97672,36.25929],[127.97796,36.25731],[127.97792,36.25664],[127.97864,36.25608],[127.97832,36.25459],[127.97461,36.25295],[127.97304,36.25258],[127.97199,36.25213],[127.97159,36.25145],[127.97056,36.2504],[127.96812,36.25033],[127.9658,36.25187],[127.96482,36.25318],[127.96248,36.25206],[127.96017,36.25237],[127.95945,36.25327],[127.95794,36.25412],[127.95735,36.25512],[127.95631,36.25545],[127.95541,36.25674],[127.95462,36.25721],[127.95309,36.25714],[127.95257,36.25682],[127.95149,36.25687],[127.94925,36.25665],[127.94834,36.25748],[127.94825,36.25871],[127.94863,36.25934],[127.94864,36.26063],[127.94839,36.26096],[127.94816,36.26229],[127.94848,36.26313],[127.94774,36.26494],[127.94787,36.26627],[127.94736,36.26723],[127.94578,36.26703],[127.9449,36.26723],[127.9428,36.26673],[127.94225,36.26729],[127.93958,36.2681],[127.93872,36.26885],[127.93793,36.26906],[127.93714,36.27004],[127.93693,36.27111],[127.93655,36.2712],[127.9353,36.27221],[127.93468,36.27225],[127.93399,36.2743],[127.93378,36.27592],[127.93266,36.27674],[127.93194,36.27673],[127.93091,36.27801],[127.92947,36.27816],[127.92648,36.27868],[127.92553,36.27952],[127.92353,36.27871],[127.92124,36.27957],[127.91843,36.28022],[127.9155,36.28187],[127.91267,36.28294],[127.91153,36.28319],[127.90969,36.28436],[127.90811,36.28551],[127.90712,36.28649],[127.90557,36.29122],[127.90637,36.29269],[127.90611,36.29531],[127.90544,36.297],[127.90563,36.2986],[127.90521,36.29991],[127.90428,36.30145],[127.90337,36.30131],[127.90157,36.30005],[127.89973,36.29843],[127.89846,36.29758],[127.89711,36.29634],[127.89624,36.29515],[127.89574,36.29497],[127.89477,36.29371],[127.89357,36.29265],[127.8921,36.29193],[127.89175,36.29112],[127.89112,36.2906],[127.8904,36.28955],[127.88991,36.28924],[127.88871,36.28736],[127.88813,36.2862],[127.88744,36.28438],[127.88683,36.28371],[127.88585,36.2802],[127.88485,36.27839],[127.8836,36.27642],[127.88321,36.27493],[127.88264,36.27375],[127.87971,36.27485],[127.87643,36.27579],[127.87378,36.27609],[127.87045,36.27658],[127.86824,36.27634],[127.86739,36.2766],[127.86609,36.27629],[127.86484,36.27563],[127.86325,36.2763],[127.86086,36.27706],[127.86008,36.27646],[127.85796,36.27603],[127.85639,36.27542],[127.85539,36.27529],[127.85377,36.27454],[127.85291,36.27388],[127.85232,36.27383],[127.85099,36.27446],[127.8514,36.27546],[127.85059,36.27693],[127.85077,36.27844],[127.84952,36.28119],[127.85024,36.2821],[127.85027,36.2835],[127.84942,36.28565],[127.84948,36.28646],[127.84916,36.28801],[127.84918,36.2888],[127.84679,36.29137],[127.84622,36.29248],[127.84559,36.29483],[127.84581,36.29558],[127.84581,36.2968],[127.84647,36.2978],[127.84653,36.29894],[127.84693,36.29972],[127.84686,36.30076],[127.84508,36.3032],[127.84516,36.30438],[127.84447,36.30542],[127.84328,36.30614],[127.84266,36.30738],[127.84157,36.30821],[127.84148,36.31],[127.84282,36.31207],[127.84465,36.31335],[127.84468,36.31382],[127.84424,36.31505],[127.84532,36.31638],[127.84577,36.31812],[127.84661,36.31804],[127.84885,36.31896],[127.84919,36.31976],[127.85039,36.32025],[127.85084,36.32124],[127.85087,36.322],[127.85151,36.32401],[127.85124,36.32525],[127.85123,36.32673],[127.85202,36.32734],[127.85216,36.32816],[127.85186,36.32891],[127.85256,36.32963],[127.85203,36.33041],[127.85273,36.33147],[127.85372,36.33165],[127.8546,36.33064],[127.8567,36.33128],[127.85686,36.33193],[127.8583,36.33245],[127.85931,36.33319],[127.86035,36.33369],[127.86189,36.33308],[127.86181,36.33449],[127.86153,36.33552],[127.86243,36.33627],[127.86431,36.33536],[127.86579,36.33567],[127.86596,36.33703],[127.86695,36.33703],[127.86781,36.33729],[127.86826,36.3385],[127.86899,36.33928],[127.86978,36.33955],[127.87021,36.34105],[127.87063,36.34144],[127.87068,36.34227],[127.87015,36.34349],[127.87194,36.3441],[127.87363,36.34511],[127.87461,36.34504],[127.87545,36.34559],[127.87599,36.34533],[127.87706,36.34568],[127.87933,36.34495],[127.88042,36.34536],[127.88134,36.34507],[127.88261,36.34592],[127.88286,36.34683],[127.88278,36.34774],[127.88371,36.34905],[127.88512,36.34911],[127.88551,36.35016],[127.88528,36.35074],[127.88505,36.35246],[127.88516,36.35372],[127.88564,36.3547],[127.88819,36.35565],[127.88953,36.35631],[127.89084,36.35657],[127.89109,36.35815],[127.89088,36.35893],[127.89127,36.35968],[127.89023,36.36123],[127.88833,36.36276],[127.88653,36.36361],[127.88586,36.36488],[127.88595,36.36559],[127.88541,36.36603],[127.88553,36.36754],[127.88522,36.36889],[127.88386,36.36987],[127.88367,36.37064],[127.88007,36.37121],[127.8799,36.37145],[127.88047,36.37237],[127.88202,36.37304],[127.8831,36.37417],[127.88365,36.37572],[127.88313,36.37736],[127.88334,36.37834],[127.88371,36.37853],[127.88417,36.38001],[127.88336,36.38056],[127.88301,36.38128],[127.8822,36.38205],[127.88084,36.38217],[127.88042,36.38278],[127.8792,36.38336],[127.87825,36.38562],[127.87856,36.38643],[127.87814,36.38728],[127.87759,36.38768],[127.87735,36.38857],[127.87645,36.38921],[127.87568,36.39048],[127.87482,36.39104],[127.87359,36.39076],[127.87245,36.39091],[127.87153,36.39074],[127.87115,36.39121],[127.87003,36.39158],[127.86913,36.39154],[127.86855,36.3911],[127.86783,36.39117],[127.86672,36.39163],[127.86464,36.39147],[127.86364,36.39269],[127.8629,36.39297],[127.86301,36.39356],[127.86394,36.39392],[127.86528,36.39406],[127.86615,36.3948],[127.86561,36.3956],[127.86582,36.39643],[127.86528,36.39678],[127.86527,36.39809],[127.8646,36.39855],[127.86391,36.39978],[127.86394,36.40083],[127.8643,36.40158],[127.86387,36.40304],[127.86463,36.40326],[127.86734,36.40313],[127.8681,36.40363],[127.86951,36.40364],[127.87011,36.40425],[127.87093,36.40433],[127.87216,36.40506],[127.8727,36.40579],[127.87367,36.40657],[127.87331,36.40801],[127.87322,36.40955],[127.87469,36.41123],[127.87539,36.41131],[127.87578,36.41312],[127.87551,36.41331],[127.87569,36.41435],[127.8767,36.41516],[127.87707,36.41572],[127.87907,36.41661],[127.87943,36.41757],[127.88029,36.41852],[127.88097,36.42004],[127.88201,36.42054],[127.88259,36.42155],[127.88272,36.42435],[127.88111,36.42448],[127.8793,36.42427],[127.87851,36.42437],[127.87778,36.42394],[127.87368,36.42385],[127.87299,36.42428],[127.8738,36.42615],[127.87486,36.42707],[127.87535,36.42717],[127.8756,36.428],[127.87523,36.42897],[127.87547,36.42967],[127.87478,36.43096],[127.87494,36.43251],[127.8746,36.43334],[127.8745,36.43472],[127.87335,36.43636],[127.87347,36.43736],[127.87424,36.43831],[127.87337,36.43963],[127.87208,36.44089],[127.87142,36.44104],[127.87139,36.44157],[127.87261,36.44167],[127.87313,36.44225],[127.87353,36.44327],[127.87376,36.44473],[127.87342,36.44539],[127.87391,36.44673],[127.87392,36.44729],[127.87477,36.44882],[127.87599,36.44897],[127.87738,36.44939],[127.87832,36.45049],[127.87832,36.45154],[127.87858,36.45236],[127.87924,36.45294],[127.87968,36.45407],[127.87879,36.45513],[127.87898,36.45774],[127.87984,36.4582],[127.88027,36.45879],[127.88071,36.46052],[127.88196,36.46184],[127.8811,36.46356],[127.88023,36.46487],[127.87906,36.46575],[127.87837,36.46708],[127.88082,36.46852],[127.88078,36.46914],[127.88022,36.47066],[127.88022,36.47123],[127.88096,36.4723],[127.88055,36.47284],[127.88032,36.474],[127.8818,36.47513],[127.88238,36.47587],[127.88175,36.47813],[127.88131,36.47839],[127.88062,36.48063],[127.87949,36.48094],[127.87835,36.48147],[127.87738,36.48243],[127.87528,36.48317],[127.87552,36.48567],[127.87585,36.48657],[127.87609,36.48837],[127.87873,36.48949],[127.87986,36.48963],[127.88036,36.48997],[127.87975,36.49129],[127.88047,36.49327],[127.88201,36.49316],[127.8841,36.49337],[127.88524,36.49364],[127.8862,36.493],[127.88734,36.49327],[127.88802,36.49295],[127.88871,36.49314],[127.89024,36.49486],[127.89285,36.49601],[127.89388,36.49733],[127.89475,36.49791],[127.89486,36.49836],[127.89632,36.49852],[127.89761,36.49848],[127.89867,36.49928],[127.90082,36.50002],[127.90088,36.50117],[127.90132,36.5019],[127.90291,36.50311],[127.90463,36.50402],[127.90511,36.50518],[127.90611,36.50614],[127.90634,36.50694],[127.90614,36.50802],[127.90533,36.50845],[127.90535,36.50898],[127.90422,36.50961],[127.90318,36.51101],[127.90303,36.51194],[127.90254,36.51324],[127.90305,36.51488],[127.90339,36.51727],[127.90209,36.5185],[127.90137,36.51871],[127.90107,36.51946],[127.90173,36.51997],[127.90217,36.52071],[127.90154,36.52178],[127.90104,36.52344],[127.90127,36.52418],[127.90091,36.52501],[127.90145,36.5264],[127.9026,36.52745],[127.90246,36.52807],[127.90144,36.52873],[127.89959,36.52936],[127.89896,36.53028],[127.89635,36.5312],[127.89452,36.53028],[127.89297,36.53052],[127.89214,36.53098],[127.8916,36.53166],[127.8905,36.5325],[127.88918,36.53308],[127.88872,36.53369],[127.88768,36.53349],[127.88709,36.53379],[127.88572,36.53395],[127.88477,36.53462],[127.88393,36.53455],[127.88334,36.5349],[127.88262,36.53472],[127.88118,36.53474],[127.88068,36.53496],[127.87901,36.53471],[127.87807,36.53553],[127.87609,36.53702],[127.87545,36.5379],[127.87512,36.54001],[127.87388,36.54132],[127.87291,36.54184],[127.87129,36.54231],[127.87048,36.54282],[127.87094,36.54399],[127.87098,36.54554],[127.87198,36.54803],[127.87238,36.54873],[127.87299,36.55133],[127.87281,36.55298],[127.87199,36.55431],[127.87128,36.55682],[127.87032,36.55915],[127.86908,36.55981],[127.86647,36.56042],[127.86602,36.56181],[127.86456,36.56401],[127.86173,36.56535],[127.86022,36.56592],[127.86042,36.56795],[127.85744,36.56955],[127.85556,36.57009],[127.85236,36.57115],[127.84889,36.57091],[127.84856,36.57058],[127.84483,36.56911],[127.84326,36.56898],[127.84262,36.57054],[127.84015,36.57014],[127.83868,36.57043],[127.83707,36.5701],[127.83611,36.57052],[127.83605,36.57114],[127.83541,36.5722],[127.83421,36.57312],[127.83176,36.57364],[127.83016,36.57428],[127.82912,36.57326],[127.8277,36.57079],[127.82736,36.57152],[127.82449,36.57091],[127.82362,36.57177],[127.8219,36.57254],[127.82155,36.5731],[127.81926,36.57429],[127.81818,36.57468],[127.81741,36.57591],[127.81681,36.5759],[127.81675,36.5773],[127.8162,36.57808],[127.81535,36.57768],[127.81476,36.57793],[127.81434,36.57859],[127.81345,36.57892],[127.81297,36.57951],[127.81134,36.57945],[127.81033,36.57996],[127.80924,36.5799],[127.80902,36.58039],[127.80809,36.58015],[127.80631,36.58108],[127.80589,36.58148],[127.8049,36.58139],[127.80468,36.58253],[127.80414,36.58347],[127.80346,36.5836],[127.80326,36.58416],[127.8016,36.58449],[127.80061,36.58532],[127.80048,36.58615],[127.79848,36.58644],[127.79848,36.58727],[127.79958,36.58855],[127.79943,36.58953],[127.79897,36.58989],[127.79855,36.5908],[127.79763,36.59128],[127.79759,36.5919],[127.79659,36.59266],[127.79644,36.59428],[127.79615,36.59526],[127.79655,36.59623],[127.79723,36.59705],[127.79694,36.59785],[127.79743,36.6003],[127.79847,36.60208],[127.79918,36.60238],[127.80198,36.60185],[127.80319,36.60214],[127.80464,36.60328],[127.80648,36.60365],[127.8072,36.60461],[127.80796,36.60503],[127.80835,36.6058],[127.80931,36.60607],[127.81052,36.60681],[127.81191,36.60741],[127.81299,36.60768],[127.81431,36.60744],[127.81594,36.60824],[127.81741,36.60817],[127.81857,36.6083],[127.81912,36.60899],[127.82025,36.60985],[127.8213,36.61143],[127.821,36.61331],[127.82212,36.61292],[127.82274,36.61234],[127.82399,36.61237],[127.82489,36.61178],[127.82665,36.61142],[127.82753,36.61077],[127.82906,36.61156],[127.82994,36.61262],[127.83108,36.61248],[127.83216,36.6126],[127.83293,36.61226],[127.83338,36.61168],[127.83437,36.61116],[127.83524,36.61118],[127.83679,36.61022],[127.83745,36.61009],[127.83766,36.60937],[127.83907,36.60885],[127.83964,36.60893],[127.8407,36.60829],[127.84123,36.60879],[127.84324,36.60971],[127.84542,36.61091],[127.84726,36.61112],[127.84911,36.61282],[127.8502,36.61318],[127.85161,36.61325],[127.85336,36.61268],[127.85519,36.61188],[127.8583,36.61353],[127.85679,36.61603],[127.85573,36.61758],[127.8538,36.61821],[127.85301,36.61803],[127.85119,36.61835],[127.85038,36.61887],[127.84981,36.61958],[127.84982,36.62117],[127.84884,36.62218],[127.84798,36.6239],[127.84784,36.62494],[127.84823,36.62576],[127.84894,36.62636],[127.84953,36.62786],[127.8506,36.62915],[127.85046,36.6304],[127.85056,36.63125],[127.84963,36.63209],[127.84814,36.63291],[127.84675,36.63399],[127.84809,36.63418],[127.84891,36.63463],[127.84972,36.63448],[127.85137,36.63477],[127.85211,36.63579],[127.8528,36.63545],[127.85303,36.63481],[127.85426,36.63467],[127.85507,36.63492],[127.85658,36.63447],[127.85944,36.63541],[127.86063,36.63537],[127.86197,36.6361],[127.86224,36.63711],[127.86307,36.63768],[127.86328,36.63976],[127.86353,36.6407],[127.86541,36.64129],[127.86664,36.64312],[127.86714,36.64344],[127.86745,36.64416],[127.87013,36.64552],[127.87016,36.64607],[127.8697,36.64691],[127.87005,36.6486],[127.87233,36.65025],[127.87248,36.65074],[127.87344,36.6522],[127.87361,36.65422],[127.87394,36.65505],[127.87496,36.65546],[127.87575,36.6562],[127.87632,36.65639],[127.88002,36.65675],[127.88012,36.65509],[127.88124,36.6527],[127.88148,36.65111],[127.88221,36.64882],[127.88217,36.64734],[127.88235,36.6465],[127.8832,36.64531],[127.88465,36.64434],[127.88493,36.64278],[127.88559,36.64222],[127.88767,36.64141],[127.88803,36.6409],[127.88895,36.64041],[127.88932,36.63955],[127.8894,36.63809],[127.88921,36.63676],[127.8881,36.63547],[127.8879,36.63464],[127.88875,36.63341],[127.88856,36.63161],[127.88877,36.63073],[127.88934,36.62972],[127.89017,36.62887],[127.89228,36.62848],[127.8938,36.62837],[127.89629,36.62699],[127.89818,36.62662],[127.89907,36.62688],[127.90079,36.62705],[127.90149,36.62755],[127.90304,36.62752],[127.90413,36.627],[127.90529,36.62609],[127.90682,36.62578],[127.90859,36.62593],[127.90921,36.62471],[127.90837,36.62355],[127.90863,36.62217],[127.91044,36.61912],[127.91099,36.61747],[127.91138,36.61532],[127.9118,36.61454],[127.91282,36.61326],[127.91392,36.61222],[127.91717,36.60998],[127.91816,36.6094],[127.9188,36.60868],[127.91849,36.60685],[127.91872,36.60343],[127.91996,36.60112],[127.92122,36.60164],[127.92395,36.60202],[127.92386,36.60254],[127.92592,36.60294],[127.92486,36.60406],[127.92509,36.6047],[127.92483,36.60733],[127.92489,36.60784],[127.92424,36.60983],[127.92438,36.61099],[127.92397,36.61277],[127.92443,36.61345],[127.92409,36.61545],[127.9251,36.61644],[127.92644,36.61679],[127.92857,36.61706],[127.93238,36.61874],[127.93235,36.6192],[127.93288,36.62041],[127.93208,36.62282],[127.9314,36.62411],[127.93139,36.62459],[127.93195,36.62523],[127.93249,36.62641],[127.93285,36.62874],[127.93413,36.63039],[127.9346,36.63143],[127.93596,36.633],[127.93522,36.63494],[127.93381,36.63608],[127.93373,36.63686],[127.93425,36.63925],[127.93431,36.64109],[127.93546,36.64287],[127.93573,36.64418],[127.93764,36.64545],[127.939,36.64599],[127.93921,36.64706],[127.93871,36.64877],[127.93908,36.65275],[127.93657,36.65297],[127.93407,36.65332],[127.93164,36.6554],[127.93179,36.65887],[127.9316,36.65963],[127.93227,36.66141],[127.93221,36.66452],[127.92983,36.6666],[127.92957,36.66877],[127.92777,36.66895],[127.92319,36.66812],[127.92188,36.6686],[127.92028,36.66857],[127.91862,36.66791],[127.91771,36.66785],[127.91755,36.66845],[127.91586,36.67184],[127.91507,36.67239],[127.9145,36.67478],[127.91297,36.67767],[127.91258,36.6779],[127.91003,36.67793],[127.90937,36.67884],[127.90857,36.67948],[127.90656,36.67993],[127.90432,36.6803],[127.90376,36.68055],[127.90171,36.68053],[127.9008,36.68112],[127.90037,36.6822],[127.89895,36.68224],[127.89716,36.68129],[127.89474,36.68114],[127.89167,36.68244],[127.89032,36.68146],[127.88957,36.68117],[127.88965,36.68057],[127.88762,36.67863],[127.88658,36.67908],[127.88501,36.67944],[127.88431,36.67916],[127.88292,36.67943],[127.88194,36.68002],[127.88104,36.67896],[127.88001,36.67871],[127.87885,36.67908],[127.87822,36.67959],[127.87726,36.67973],[127.87707,36.68078],[127.87429,36.68196],[127.87467,36.6826],[127.87574,36.68307],[127.87759,36.68235],[127.8786,36.68246],[127.87889,36.68293],[127.88034,36.68328],[127.88072,36.68369],[127.88207,36.68357],[127.88187,36.68575],[127.88167,36.68624],[127.88065,36.68667],[127.88069,36.68705],[127.8816,36.68774],[127.88298,36.68782],[127.88411,36.68757],[127.88583,36.68825],[127.88636,36.68924],[127.88646,36.69011],[127.88729,36.69116],[127.88858,36.69186],[127.89059,36.69229],[127.89242,36.69236],[127.89418,36.69216],[127.89448,36.69265],[127.89442,36.69347],[127.89382,36.69454],[127.89419,36.69491],[127.89502,36.69486],[127.89607,36.69439],[127.89785,36.69325],[127.89855,36.6931],[127.90014,36.69321],[127.90117,36.69312],[127.90309,36.69359],[127.90437,36.69349],[127.90682,36.69265],[127.90794,36.69269],[127.90889,36.6932],[127.91018,36.69322],[127.91161,36.69269],[127.91272,36.69265],[127.91452,36.6931],[127.91535,36.69397],[127.91624,36.69386],[127.91731,36.69333],[127.91807,36.69246],[127.91872,36.69224],[127.92153,36.69233],[127.92261,36.69213],[127.92449,36.69128],[127.92516,36.69123],[127.92597,36.69054],[127.92806,36.6906],[127.92892,36.69095],[127.92977,36.69223],[127.93059,36.69257],[127.93159,36.69442],[127.93181,36.69557],[127.93166,36.69756],[127.93109,36.69973],[127.93086,36.70136],[127.93357,36.70649],[127.93459,36.70571],[127.93603,36.7061],[127.93783,36.70687],[127.93898,36.70656],[127.9429,36.70689],[127.94461,36.70604],[127.9457,36.70641],[127.94648,36.70621],[127.94712,36.70675],[127.94775,36.70683],[127.94953,36.70805],[127.94918,36.70925],[127.94963,36.71264],[127.94886,36.71401],[127.94965,36.71599],[127.94915,36.71732],[127.94874,36.71755],[127.94933,36.7189],[127.94918,36.71988],[127.95096,36.72066],[127.95145,36.72062],[127.95361,36.72268],[127.95399,36.72359],[127.95447,36.72638],[127.95485,36.72716],[127.95426,36.72822],[127.95534,36.72949],[127.95539,36.73111],[127.95516,36.732],[127.95665,36.73349],[127.95697,36.73559],[127.95846,36.73684],[127.96055,36.73719],[127.96166,36.73571],[127.96249,36.73422],[127.96316,36.73339],[127.96824,36.73129],[127.96927,36.73142],[127.97072,36.73091],[127.97184,36.72937],[127.97193,36.72862],[127.97267,36.72689],[127.97315,36.7262],[127.97506,36.72478],[127.97651,36.72425],[127.97619,36.72363],[127.97767,36.72219],[127.97896,36.72139],[127.98009,36.7203],[127.98245,36.71955],[127.98365,36.71851],[127.98481,36.71864],[127.98685,36.71755],[127.98939,36.71747],[127.99017,36.71722],[127.99099,36.71742],[127.99146,36.718],[127.99346,36.71753],[127.99529,36.7182],[127.99744,36.71832],[127.99934,36.7174],[128.00106,36.71745],[128.00194,36.71726],[128.00273,36.71882],[128.0037,36.71995],[128.00417,36.7212],[128.0061,36.72302],[128.00598,36.72404],[128.00695,36.72483],[128.00651,36.72545],[128.00868,36.72657],[128.00936,36.72837],[128.01127,36.72961],[128.01412,36.73017],[128.01484,36.73019],[128.01581,36.72872],[128.01727,36.72761],[128.01955,36.72502],[128.01939,36.7237],[128.02093,36.72193],[128.02232,36.72157],[128.02373,36.72054],[128.02563,36.71933],[128.02649,36.71922],[128.02881,36.71946],[128.03086,36.71929],[128.03191,36.71878],[128.03309,36.71723],[128.03473,36.71613],[128.03677,36.71493],[128.03796,36.715],[128.03936,36.71396],[128.04087,36.71328],[128.04319,36.71242],[128.0456,36.71072],[128.04569,36.71022],[128.04646,36.7094],[128.04903,36.70801],[128.04969,36.70776],[128.05217,36.70776],[128.05389,36.70824],[128.05662,36.70884],[128.0587,36.70895],[128.06183,36.70854],[128.06382,36.70803],[128.0669,36.7083],[128.06841,36.70817],[128.07038,36.7077],[128.07235,36.71097],[128.07272,36.71189],[128.07149,36.71561],[128.07058,36.71645],[128.06994,36.71822],[128.06933,36.71882],[128.06882,36.71984],[128.06822,36.72029],[128.06779,36.72127],[128.06799,36.72223],[128.06568,36.7238],[128.06396,36.72481],[128.0626,36.72612],[128.062,36.72603],[128.06064,36.72688],[128.05846,36.73016],[128.05725,36.73108],[128.0561,36.7303],[128.05556,36.73042],[128.05391,36.7319],[128.05278,36.7334],[128.05207,36.73516],[128.05072,36.73671],[128.049,36.73746],[128.04627,36.73915],[128.04451,36.73964],[128.04235,36.74068],[128.03993,36.74228],[128.0384,36.74365],[128.0363,36.74441],[128.03498,36.74539],[128.03438,36.74556],[128.03363,36.74669],[128.03232,36.74758],[128.03262,36.74938],[128.03236,36.75055],[128.03273,36.75265],[128.0323,36.7544],[128.03237,36.75517],[128.0329,36.75564],[128.03348,36.75677],[128.03422,36.75737],[128.03452,36.75811],[128.03579,36.75902],[128.03625,36.75991],[128.03736,36.76104],[128.03751,36.76148],[128.03866,36.76323],[128.03893,36.76401],[128.04006,36.76568],[128.04052,36.76603],[128.04109,36.76726],[128.0412,36.76834],[128.04215,36.76842],[128.04257,36.76895],[128.04379,36.76981],[128.0448,36.77105],[128.04485,36.77398],[128.04468,36.7746],[128.04587,36.77695],[128.04577,36.778],[128.04691,36.77861],[128.04666,36.77934],[128.04563,36.7813],[128.04556,36.78244],[128.04671,36.78297],[128.04831,36.78322],[128.04877,36.78362],[128.05006,36.7856],[128.05051,36.78724],[128.0512,36.78884],[128.05324,36.79168],[128.05498,36.79266],[128.05556,36.79443],[128.05573,36.79595],[128.05526,36.79684],[128.05613,36.79842],[128.05554,36.79944],[128.05557,36.80029],[128.0552,36.80106],[128.05493,36.80398],[128.05406,36.80505],[128.05408,36.80561],[128.05501,36.8061],[128.05795,36.80701],[128.05774,36.80831],[128.05683,36.80913],[128.05758,36.80974],[128.05737,36.81047],[128.05769,36.81175],[128.05823,36.81207],[128.05864,36.81315],[128.05926,36.81359],[128.05923,36.81638],[128.05964,36.81677],[128.06108,36.81716],[128.06212,36.81723],[128.06345,36.81696],[128.0642,36.81744],[128.06569,36.81718],[128.06632,36.8168],[128.06736,36.81677],[128.07067,36.81455],[128.0718,36.81455],[128.07443,36.81282],[128.07561,36.81162],[128.07716,36.81098],[128.07798,36.81007],[128.07804,36.8095],[128.0791,36.80853],[128.08267,36.80683],[128.08434,36.80493],[128.08537,36.8042],[128.08506,36.80312],[128.08429,36.80286],[128.08386,36.80223],[128.0841,36.80004],[128.08383,36.7993],[128.08595,36.79811],[128.08799,36.79723],[128.09007,36.79664],[128.0935,36.79678],[128.09344,36.8005],[128.09293,36.80163],[128.09296,36.80286],[128.09414,36.80362],[128.09537,36.80398],[128.09625,36.80373],[128.09768,36.80484],[128.09943,36.80509],[128.10195,36.80629],[128.10585,36.80595],[128.10708,36.80731],[128.1072,36.80806],[128.10786,36.80894],[128.10818,36.81044],[128.10811,36.812],[128.10827,36.81351],[128.10972,36.81539],[128.10925,36.8162],[128.10977,36.81901],[128.10982,36.82132],[128.11055,36.82159],[128.11291,36.82101],[128.11576,36.82119],[128.11844,36.82149],[128.11896,36.82236],[128.11902,36.82304],[128.12017,36.82322],[128.12131,36.82307],[128.12266,36.82327],[128.12461,36.82399],[128.12634,36.825],[128.12893,36.8248],[128.12988,36.82515],[128.13082,36.82615],[128.13186,36.82654],[128.13305,36.82738],[128.13398,36.82844],[128.13398,36.83077],[128.13357,36.8328],[128.13464,36.83294],[128.13869,36.83278],[128.14106,36.83348],[128.14178,36.83334],[128.14262,36.83239],[128.14335,36.83085],[128.14422,36.83017],[128.14745,36.82936],[128.149,36.82863],[128.14984,36.82758],[128.15068,36.82426],[128.15143,36.82324],[128.15313,36.82244],[128.15534,36.822],[128.15687,36.82205],[128.15834,36.82232],[128.16,36.82201],[128.16263,36.82099],[128.16535,36.82111],[128.16815,36.82185],[128.17132,36.8221],[128.17263,36.82182],[128.17522,36.82085],[128.17602,36.8203],[128.17825,36.8193],[128.18031,36.81864],[128.1848,36.81663],[128.18827,36.81628],[128.19079,36.81642],[128.19368,36.81712],[128.20132,36.81433],[128.20367,36.81335],[128.20577,36.81288],[128.20717,36.81242],[128.20853,36.81239],[128.2099,36.81199],[128.21186,36.81171],[128.21422,36.8117],[128.21537,36.812],[128.21621,36.81246],[128.21672,36.81325],[128.21634,36.81444],[128.21682,36.81614],[128.21692,36.81715],[128.21733,36.81828],[128.21732,36.81937],[128.21639,36.82073],[128.21639,36.82251],[128.21589,36.82433],[128.21603,36.82496],[128.21584,36.82613],[128.21584,36.82787],[128.21545,36.82925],[128.21434,36.83081],[128.21472,36.83235],[128.21422,36.83361],[128.21451,36.83485],[128.21403,36.83605],[128.2136,36.838],[128.21301,36.83913],[128.21191,36.84018],[128.21112,36.84117],[128.21072,36.84243],[128.21076,36.84549],[128.21125,36.8469],[128.21275,36.84918],[128.21254,36.84973],[128.21405,36.84948],[128.21666,36.84929],[128.21826,36.8487],[128.22039,36.84832],[128.22211,36.84726],[128.22378,36.84671],[128.22616,36.84615],[128.23013,36.84537],[128.23308,36.8452],[128.23702,36.84535],[128.23684,36.8476],[128.23794,36.8487],[128.23871,36.85018],[128.23772,36.85101],[128.23623,36.85184],[128.23551,36.85321],[128.2346,36.8542],[128.23423,36.85599],[128.23465,36.85629],[128.23454,36.85764],[128.23524,36.85825],[128.23535,36.86095],[128.23478,36.86206],[128.23466,36.86283],[128.23604,36.86332],[128.2372,36.86438],[128.2395,36.8651],[128.23967,36.86775],[128.24008,36.86888],[128.2408,36.86949],[128.24102,36.87021],[128.24037,36.87131],[128.24088,36.87211],[128.24184,36.87233],[128.24278,36.87181],[128.24452,36.87056],[128.24685,36.86933],[128.24928,36.86874],[128.25008,36.86818],[128.25162,36.8675],[128.25196,36.86702],[128.25313,36.86683],[128.25406,36.86645],[128.2553,36.86628],[128.25663,36.86654],[128.25712,36.86588],[128.25865,36.86551],[128.25942,36.86509],[128.26044,36.86518],[128.26257,36.8645],[128.26314,36.86412],[128.26398,36.86429],[128.26527,36.86398],[128.26551,36.86345],[128.26629,36.8629],[128.26727,36.86262],[128.26774,36.86207],[128.26831,36.86054],[128.26907,36.86013],[128.2702,36.8601],[128.27084,36.85938],[128.272,36.85913],[128.27376,36.85835],[128.27494,36.85806],[128.27607,36.85719],[128.27763,36.85704],[128.27902,36.85673],[128.28036,36.85696],[128.2815,36.85651],[128.28243,36.8564],[128.28321,36.85451],[128.28423,36.85296],[128.28495,36.85091],[128.28565,36.84978],[128.28551,36.84731],[128.28656,36.84503],[128.28898,36.84391],[128.29016,36.84275],[128.29068,36.84123],[128.29134,36.84046],[128.29294,36.83947],[128.29463,36.83663],[128.29562,36.83534],[128.29683,36.83485],[128.29786,36.83474],[128.29883,36.83352],[128.30164,36.83266],[128.30187,36.83235],[128.30431,36.83051],[128.30463,36.82958],[128.306,36.82886],[128.308,36.82863],[128.30906,36.82896],[128.31082,36.82828],[128.31035,36.82722],[128.31092,36.826],[128.31152,36.82585],[128.31185,36.8249],[128.31321,36.82486],[128.31357,36.82383],[128.31404,36.82334],[128.31504,36.82333],[128.31575,36.82276],[128.31575,36.82226],[128.31631,36.82126],[128.31537,36.81992],[128.31592,36.81912],[128.31579,36.81742],[128.31668,36.81664],[128.31826,36.81693],[128.32009,36.81616],[128.32085,36.81564],[128.32418,36.81596],[128.32597,36.81634],[128.32725,36.8168],[128.32822,36.81661],[128.32894,36.81619],[128.33083,36.81641],[128.33279,36.81698],[128.33446,36.81696],[128.33523,36.81674],[128.33726,36.81562],[128.341,36.81457],[128.34592,36.8136],[128.34824,36.81302],[128.35123,36.81294],[128.35318,36.81245],[128.35418,36.81121],[128.35515,36.81111],[128.35676,36.81062],[128.35684,36.80929],[128.35729,36.80864],[128.35687,36.80677],[128.35708,36.80632],[128.35807,36.80564],[128.35872,36.80564],[128.35978,36.80447],[128.36109,36.80396],[128.36088,36.80343],[128.36128,36.80286],[128.3621,36.80312],[128.36276,36.80236],[128.3635,36.80281],[128.36408,36.80222],[128.36555,36.80303],[128.36751,36.80264],[128.3684,36.80208],[128.36991,36.80332],[128.37275,36.80541],[128.37331,36.80767],[128.37455,36.80827],[128.37539,36.8092],[128.37638,36.8095],[128.37771,36.81097],[128.37861,36.81108],[128.37936,36.81173],[128.38126,36.81388],[128.38335,36.81393],[128.3848,36.81381],[128.38763,36.81436],[128.38867,36.81429],[128.39119,36.81445],[128.3921,36.8144],[128.39436,36.81487],[128.39591,36.81438],[128.39963,36.81287],[128.40199,36.81268],[128.40341,36.81214],[128.40452,36.81223],[128.40607,36.81192],[128.40819,36.81227],[128.4115,36.8114],[128.41297,36.81127],[128.41374,36.81145],[128.4151,36.81219],[128.4167,36.81221],[128.41735,36.81198],[128.41875,36.81189],[128.42048,36.81151],[128.42114,36.81181],[128.42525,36.81478],[128.42593,36.8159],[128.42584,36.81677],[128.42604,36.81837],[128.42748,36.81926],[128.42801,36.82087],[128.4297,36.8221],[128.42996,36.82246],[128.43116,36.82295],[128.43205,36.82407],[128.4326,36.82582],[128.43361,36.82762],[128.43319,36.82891],[128.43381,36.83042],[128.43382,36.83135],[128.43432,36.8329],[128.43411,36.83414],[128.43568,36.83472],[128.43781,36.83582],[128.43935,36.83632],[128.4415,36.8376],[128.44246,36.83911],[128.44245,36.84029],[128.44419,36.84142],[128.44494,36.84222],[128.44672,36.84328],[128.44723,36.84452],[128.44716,36.84616],[128.44876,36.84742],[128.44903,36.84784],[128.44873,36.84971],[128.44802,36.85095],[128.44824,36.85142],[128.44698,36.85265],[128.44666,36.85337],[128.44794,36.85552],[128.44793,36.85633],[128.44729,36.85681],[128.44788,36.85864],[128.44774,36.85964],[128.4478,36.86147],[128.44913,36.86287],[128.448,36.86439],[128.44676,36.86531],[128.44334,36.86845],[128.44248,36.86822],[128.43955,36.87113],[128.43873,36.87232],[128.43843,36.87327],[128.43644,36.87365],[128.43423,36.87442],[128.43171,36.87554],[128.42924,36.87554],[128.42822,36.87506],[128.42638,36.87553],[128.4249,36.87647],[128.42397,36.87653],[128.42478,36.87939],[128.42587,36.88051],[128.42705,36.88126],[128.42756,36.88222],[128.4278,36.88332],[128.42748,36.88371],[128.42816,36.88477],[128.42793,36.88577],[128.42724,36.88743],[128.42724,36.88822],[128.42679,36.88924],[128.42814,36.8911],[128.42897,36.89145],[128.42938,36.89223],[128.43188,36.89287],[128.4336,36.89544],[128.43449,36.89586],[128.43616,36.89708],[128.43651,36.89833],[128.43705,36.89904],[128.43805,36.89962],[128.43857,36.90063],[128.43919,36.90057],[128.44028,36.90125],[128.44016,36.90287],[128.44089,36.90443],[128.44114,36.90544],[128.44238,36.90822],[128.44323,36.91175],[128.4431,36.9124],[128.44475,36.91369],[128.44438,36.91511],[128.44466,36.91556],[128.44477,36.9168],[128.44517,36.91741],[128.44371,36.91875],[128.44283,36.91985],[128.44314,36.92285],[128.44226,36.92493],[128.44222,36.92615],[128.44159,36.92735],[128.44321,36.92752],[128.44546,36.92813],[128.44607,36.92876],[128.44773,36.92935],[128.44849,36.92995],[128.45044,36.93079],[128.45198,36.93053],[128.45267,36.93072],[128.45397,36.93197],[128.45418,36.9324],[128.45563,36.93359],[128.45598,36.93405],[128.45688,36.93373],[128.45944,36.93401],[128.4604,36.93401],[128.46008,36.93605],[128.4604,36.93661],[128.46019,36.93772],[128.46087,36.93924],[128.46144,36.93956],[128.46204,36.94144],[128.46283,36.94244],[128.46342,36.94376],[128.46278,36.94738],[128.46615,36.95022],[128.46707,36.95073],[128.46717,36.95145],[128.46966,36.95282],[128.47229,36.95449],[128.47314,36.95535],[128.47414,36.95562],[128.47547,36.95687],[128.47705,36.95744],[128.47996,36.95767],[128.48144,36.9579],[128.4849,36.95747],[128.48558,36.96008],[128.48598,36.96096],[128.48602,36.96193],[128.48744,36.96277],[128.48819,36.96287],[128.48956,36.96373],[128.49087,36.96369],[128.49385,36.96442],[128.49557,36.96517],[128.49628,36.96572],[128.49765,36.96607],[128.49921,36.96675],[128.50007,36.96752],[128.50226,36.96789],[128.50279,36.96837],[128.50398,36.96867],[128.5065,36.97005],[128.50662,36.97082],[128.50642,36.97319],[128.50975,36.97462],[128.5113,36.97555],[128.51311,36.97644],[128.51461,36.97758],[128.51403,36.97935],[128.51387,36.9804],[128.51464,36.98207],[128.51462,36.98252],[128.51562,36.98358],[128.51547,36.98682],[128.51693,36.98691],[128.51771,36.9874],[128.52011,36.98806],[128.52132,36.98815],[128.52323,36.98914],[128.52423,36.98921],[128.52603,36.99007],[128.52735,36.99018],[128.52968,36.99081],[128.53053,36.99041],[128.53245,36.99047],[128.53357,36.99017],[128.53422,36.99038],[128.53553,36.99022],[128.53791,36.99139],[128.5387,36.9909],[128.54171,36.99199],[128.54303,36.99209],[128.54421,36.99257],[128.5457,36.99434],[128.5473,36.99381],[128.54763,36.9944],[128.55269,36.99722],[128.55473,36.99829],[128.55471,36.9989],[128.55561,37.00008],[128.55547,37.00073],[128.55582,37.00195],[128.55575,37.00283],[128.55508,37.00357],[128.5556,37.00414],[128.55594,37.0057],[128.55756,37.00578],[128.56074,37.00717],[128.5615,37.00772],[128.56292,37.00789],[128.56346,37.01013],[128.56741,37.01151],[128.56817,37.01242],[128.56914,37.01277],[128.57034,37.014],[128.57154,37.01679],[128.57141,37.01813],[128.57194,37.01855],[128.57207,37.01948],[128.57291,37.0208],[128.57261,37.02197],[128.57142,37.02287],[128.57102,37.02286],[128.56913,37.02373],[128.56882,37.02457],[128.56828,37.02483],[128.56693,37.026],[128.56666,37.02681],[128.56662,37.02794],[128.56687,37.02937],[128.56618,37.03034],[128.56541,37.03072],[128.56564,37.03153],[128.56618,37.03183],[128.56668,37.03262],[128.56929,37.03488],[128.56995,37.03479],[128.57158,37.03565],[128.57297,37.03594],[128.57433,37.03543],[128.57574,37.03571],[128.57715,37.03541],[128.57773,37.03557],[128.57773,37.03655],[128.57838,37.03733],[128.57886,37.03837],[128.58056,37.0392],[128.58088,37.04026],[128.58213,37.04264],[128.58353,37.04373],[128.58603,37.04295],[128.58666,37.04357],[128.58746,37.04313],[128.59074,37.0431],[128.59248,37.04189],[128.59412,37.04205],[128.59683,37.04177],[128.59796,37.04224],[128.59806,37.04311],[128.60164,37.0441],[128.60424,37.04381],[128.60516,37.04333],[128.60679,37.0434],[128.60713,37.04385],[128.6067,37.04495],[128.60666,37.04617],[128.60784,37.04722],[128.60789,37.04776],[128.6071,37.04975],[128.60824,37.05188],[128.60844,37.05281],[128.60976,37.05203],[128.61031,37.05214],[128.61179,37.05159],[128.61299,37.05166],[128.61375,37.0514],[128.61774,37.05066],[128.62171,37.04908],[128.62208,37.04791],[128.62174,37.04668],[128.62283,37.04534],[128.62467,37.04547],[128.62608,37.04381],[128.62827,37.04214],[128.63109,37.04096],[128.63292,37.0405],[128.63281,37.04171],[128.63331,37.04208],[128.63409,37.04567],[128.63453,37.04655],[128.63583,37.04771],[128.63588,37.0482],[128.63659,37.04931],[128.63663,37.05001],[128.63759,37.05062],[128.63787,37.05144],[128.63671,37.05237],[128.63747,37.05303],[128.63904,37.0525],[128.63935,37.054],[128.64018,37.05428],[128.64174,37.05528],[128.64267,37.05685],[128.64437,37.05872],[128.64469,37.05965],[128.64613,37.06109],[128.64955,37.06277],[128.65043,37.06254],[128.65187,37.06349],[128.65155,37.06435],[128.6521,37.06544]]]},"properties":{"code":"43","name":"충청북도"}},{"type":"Feature","geometry":{"type":"MultiPolygon","coordinates":[[[[129.41847,36.01908],[129.41471,36.02133],[129.41463,36.02124],[129.41839,36.019],[129.41847,36.01908]]],[[[129.46202,36.1],[129.45047,36.10948],[129.43974,36.11824],[129.43958,36.11813],[129.45026,36.10939],[129.46351,36.09849],[129.464,36.09776],[129.46394,36.08978],[129.46433,36.09113],[129.46424,36.09254],[129.46434,36.09449],[129.46427,36.09741],[129.46439,36.09802],[129.46202,36.1]]],[[[129.46968,36.75037],[129.47016,36.75052],[129.46988,36.7519],[129.46937,36.75183],[129.46968,36.75037]]],[[[129.3634,37.146],[129.36277,37.14577],[129.36201,37.14494],[129.35915,37.14496],[129.35829,37.14523],[129.35792,37.14494],[129.35638,37.14486],[129.35485,37.14574],[129.35396,37.1458],[129.35326,37.14617],[129.35074,37.1463],[129.349,37.14523],[129.34909,37.14645],[129.34784,37.14645],[129.34606,37.14574],[129.34461,37.14602],[129.34279,37.14508],[129.3416,37.14514],[129.34099,37.1446],[129.33996,37.14533],[129.33975,37.1466],[129.33901,37.14606],[129.33898,37.1452],[129.33835,37.14346],[129.33734,37.14289],[129.33644,37.14198],[129.33458,37.14265],[129.33375,37.14213],[129.33324,37.14071],[129.33057,37.1405],[129.32872,37.14152],[129.32708,37.14216],[129.32483,37.14229],[129.32406,37.14177],[129.32359,37.14072],[129.32299,37.13995],[129.32281,37.13918],[129.32295,37.1382],[129.32156,37.13759],[129.32162,37.13677],[129.32063,37.13577],[129.31946,37.13578],[129.3194,37.13444],[129.31897,37.13361],[129.31815,37.13295],[129.31708,37.1329],[129.31641,37.13235],[129.31496,37.132],[129.31445,37.13134],[129.31313,37.13157],[129.3118,37.13221],[129.31104,37.13167],[129.31116,37.13022],[129.31098,37.12958],[129.31027,37.12885],[129.30889,37.12794],[129.30618,37.12768],[129.30387,37.12824],[129.30229,37.12754],[129.30113,37.12658],[129.30055,37.12494],[129.29931,37.12411],[129.298,37.12454],[129.29763,37.12351],[129.29759,37.12248],[129.29651,37.1216],[129.29523,37.1203],[129.29528,37.11891],[129.29476,37.11757],[129.29512,37.11702],[129.29459,37.11437],[129.29255,37.11432],[129.29045,37.11513],[129.28865,37.11525],[129.28754,37.11561],[129.28626,37.11643],[129.28539,37.11725],[129.28389,37.11694],[129.28309,37.11644],[129.282,37.1161],[129.27951,37.11711],[129.27849,37.11706],[129.27824,37.11758],[129.27674,37.11855],[129.27629,37.11798],[129.27452,37.11727],[129.27202,37.11701],[129.27124,37.11638],[129.27098,37.11537],[129.27107,37.11445],[129.27083,37.11397],[129.26978,37.11298],[129.27053,37.11117],[129.26919,37.11021],[129.26943,37.10921],[129.26914,37.10851],[129.26995,37.10764],[129.27024,37.10692],[129.26886,37.10628],[129.26854,37.1057],[129.26718,37.10436],[129.2669,37.10319],[129.26566,37.10215],[129.26329,37.102],[129.26243,37.1015],[129.26023,37.10096],[129.25908,37.10105],[129.25831,37.10048],[129.25695,37.10015],[129.25651,37.09972],[129.25526,37.09935],[129.25521,37.098],[129.25394,37.0976],[129.25316,37.09679],[129.25179,37.09712],[129.24903,37.09615],[129.24881,37.09565],[129.2477,37.09487],[129.24624,37.09317],[129.24617,37.09261],[129.24438,37.09022],[129.24384,37.08983],[129.2434,37.08816],[129.24195,37.0876],[129.24046,37.08504],[129.23818,37.08435],[129.23725,37.08381],[129.23578,37.08155],[129.23592,37.08106],[129.23418,37.08066],[129.23288,37.07977],[129.23214,37.07807],[129.23086,37.07662],[129.23015,37.07645],[129.22851,37.07535],[129.22712,37.07503],[129.22538,37.07372],[129.22587,37.07273],[129.22649,37.07216],[129.22764,37.07209],[129.22854,37.07161],[129.22994,37.06984],[129.23086,37.0689],[129.23047,37.06722],[129.23093,37.06695],[129.2319,37.06577],[129.23307,37.06388],[129.23223,37.06218],[129.23167,37.06041],[129.2308,37.05884],[129.22938,37.05821],[129.2288,37.05826],[129.22852,37.05723],[129.22885,37.05611],[129.22954,37.05474],[129.23069,37.05468],[129.23177,37.05426],[129.23113,37.05222],[129.23201,37.05097],[129.23282,37.05024],[129.23306,37.04876],[129.23272,37.04681],[129.23312,37.04635],[129.23312,37.04544],[129.23252,37.04467],[129.23369,37.04359],[129.23434,37.04346],[129.23471,37.04289],[129.23681,37.04155],[129.2375,37.04136],[129.23821,37.04079],[129.23891,37.03937],[129.23786,37.03868],[129.23722,37.0398],[129.23645,37.04036],[129.23454,37.04015],[129.23359,37.0404],[129.23173,37.0417],[129.23086,37.04182],[129.23034,37.04248],[129.22835,37.04293],[129.22642,37.04374],[129.22531,37.04456],[129.22419,37.0444],[129.22344,37.04391],[129.22277,37.04426],[129.22074,37.04424],[129.21933,37.0437],[129.21824,37.04362],[129.21665,37.04402],[129.21511,37.04392],[129.2138,37.04303],[129.21145,37.04323],[129.21055,37.04372],[129.20932,37.04367],[129.20806,37.04395],[129.2075,37.04441],[129.20505,37.04497],[129.20215,37.04443],[129.19961,37.04268],[129.19856,37.04247],[129.19727,37.04267],[129.19594,37.04249],[129.19475,37.04063],[129.19337,37.04094],[129.19259,37.04064],[129.19061,37.04065],[129.18998,37.04092],[129.18757,37.04135],[129.18693,37.04186],[129.18541,37.04172],[129.18445,37.04378],[129.18495,37.0447],[129.18503,37.04658],[129.18381,37.04725],[129.18401,37.04785],[129.18368,37.04886],[129.18307,37.04948],[129.1817,37.05039],[129.18133,37.05162],[129.18045,37.05241],[129.18043,37.05321],[129.17911,37.05412],[129.1791,37.05461],[129.17705,37.05672],[129.17628,37.05686],[129.17571,37.0578],[129.17494,37.05796],[129.17398,37.0587],[129.17366,37.05858],[129.17225,37.05921],[129.17155,37.05992],[129.1704,37.06036],[129.16973,37.06153],[129.16922,37.06344],[129.1682,37.06447],[129.16676,37.06526],[129.16625,37.06667],[129.16581,37.06734],[129.16614,37.06916],[129.16458,37.06937],[129.16338,37.06924],[129.16177,37.06883],[129.16069,37.06955],[129.15943,37.06968],[129.15923,37.07074],[129.158,37.07132],[129.15524,37.07028],[129.1548,37.07172],[129.15259,37.07343],[129.15212,37.07323],[129.15118,37.07416],[129.14976,37.07448],[129.14855,37.07539],[129.14805,37.07613],[129.14674,37.07633],[129.14596,37.07624],[129.14427,37.07658],[129.14384,37.07703],[129.14388,37.0778],[129.14236,37.07939],[129.14218,37.08035],[129.14145,37.0806],[129.14125,37.08114],[129.13947,37.08227],[129.13852,37.08155],[129.13787,37.08139],[129.13659,37.08178],[129.13358,37.08178],[129.1317,37.08314],[129.12719,37.08444],[129.12649,37.08506],[129.1265,37.08612],[129.12621,37.08753],[129.12661,37.08863],[129.12633,37.08917],[129.12485,37.08957],[129.12351,37.08956],[129.12256,37.08995],[129.12289,37.09128],[129.12075,37.09181],[129.12013,37.09233],[129.11872,37.0922],[129.11799,37.09273],[129.1161,37.0926],[129.11553,37.09284],[129.11466,37.09235],[129.112,37.0925],[129.11057,37.09316],[129.10939,37.09316],[129.10876,37.09359],[129.10778,37.0935],[129.10695,37.09477],[129.10644,37.09494],[129.10594,37.09577],[129.10494,37.09691],[129.1045,37.0977],[129.1033,37.09823],[129.10173,37.09916],[129.1004,37.09944],[129.0982,37.09897],[129.0977,37.09991],[129.09679,37.1],[129.09578,37.1004],[129.0944,37.09939],[129.0924,37.09864],[129.09128,37.09725],[129.08856,37.09722],[129.08749,37.09711],[129.08501,37.09585],[129.08382,37.09481],[129.08268,37.09409],[129.08081,37.09337],[129.07999,37.09354],[129.07891,37.09302],[129.07695,37.09299],[129.07577,37.09153],[129.07415,37.09102],[129.07288,37.09005],[129.07132,37.08858],[129.07042,37.08822],[129.07013,37.08746],[129.07087,37.08528],[129.07081,37.08401],[129.07016,37.08389],[129.06878,37.082],[129.06715,37.08098],[129.0656,37.07875],[129.06581,37.07817],[129.06692,37.0772],[129.06742,37.07619],[129.0672,37.07478],[129.06737,37.07445],[129.06623,37.07355],[129.06563,37.07205],[129.06521,37.07175],[129.0651,37.07077],[129.06462,37.07041],[129.06395,37.06844],[129.06213,37.06827],[129.06068,37.06596],[129.05963,37.06566],[129.05944,37.06525],[129.0574,37.06505],[129.05651,37.06519],[129.05633,37.06578],[129.05674,37.06739],[129.05707,37.0679],[129.05428,37.06982],[129.05343,37.07019],[129.05177,37.06861],[129.05238,37.06789],[129.05132,37.06783],[129.05002,37.0684],[129.04833,37.07009],[129.04716,37.07042],[129.04552,37.07052],[129.04379,37.0711],[129.04187,37.07106],[129.04128,37.07197],[129.04035,37.0724],[129.03927,37.07407],[129.03693,37.07487],[129.03667,37.07617],[129.0353,37.0757],[129.03444,37.07565],[129.03241,37.07492],[129.03129,37.07598],[129.03044,37.07703],[129.0295,37.07697],[129.02602,37.07775],[129.02435,37.07835],[129.02308,37.07814],[129.02188,37.07689],[129.02085,37.07654],[129.01953,37.07696],[129.01865,37.07797],[129.01734,37.07846],[129.01517,37.07953],[129.0139,37.07855],[129.00958,37.07855],[129.00846,37.07908],[129.00731,37.07909],[129.00679,37.07936],[129.00391,37.07962],[129.00322,37.08011],[129.00063,37.08036],[128.99941,37.08092],[128.9988,37.08147],[128.99727,37.08174],[128.99644,37.08126],[128.99434,37.08207],[128.9924,37.08225],[128.99124,37.08256],[128.98861,37.08437],[128.9857,37.0843],[128.98417,37.08469],[128.9834,37.08462],[128.98266,37.08414],[128.98185,37.08293],[128.98067,37.08296],[128.97951,37.08228],[128.97744,37.08145],[128.97659,37.08172],[128.97539,37.08101],[128.97369,37.08142],[128.9718,37.08151],[128.97102,37.08109],[128.97096,37.08059],[128.96999,37.07982],[128.96891,37.07979],[128.96688,37.07933],[128.96559,37.07923],[128.96285,37.07842],[128.96136,37.0783],[128.96101,37.07798],[128.95927,37.07758],[128.95854,37.07845],[128.95631,37.07939],[128.95482,37.07959],[128.95416,37.08054],[128.9533,37.08125],[128.9531,37.08177],[128.95301,37.08374],[128.95343,37.08492],[128.9524,37.08589],[128.95126,37.08646],[128.95029,37.08798],[128.95025,37.08871],[128.94749,37.09168],[128.94576,37.09279],[128.94566,37.09378],[128.94422,37.09359],[128.94374,37.09333],[128.94045,37.09341],[128.93989,37.09295],[128.93782,37.0928],[128.93674,37.09211],[128.93439,37.09201],[128.93313,37.0918],[128.93206,37.09087],[128.9275,37.09132],[128.92641,37.09183],[128.92452,37.09177],[128.92332,37.09212],[128.92178,37.09143],[128.92132,37.09063],[128.92017,37.08984],[128.91948,37.08902],[128.91794,37.08583],[128.91616,37.08442],[128.91506,37.08371],[128.91651,37.08208],[128.91722,37.0801],[128.91693,37.0787],[128.9153,37.07745],[128.91419,37.07603],[128.91429,37.07502],[128.91323,37.07309],[128.91223,37.07205],[128.91084,37.07115],[128.91019,37.07022],[128.91037,37.06962],[128.91042,37.06613],[128.90888,37.06539],[128.90805,37.06538],[128.90686,37.06485],[128.90555,37.06397],[128.90486,37.06204],[128.90344,37.06131],[128.90141,37.05971],[128.90031,37.05906],[128.8993,37.05874],[128.89807,37.0576],[128.89777,37.05656],[128.8968,37.05506],[128.89711,37.0543],[128.8969,37.05331],[128.89709,37.05173],[128.89698,37.05057],[128.89769,37.04975],[128.89739,37.0489],[128.89765,37.04546],[128.89642,37.04452],[128.89479,37.04525],[128.89325,37.04671],[128.89284,37.04748],[128.89168,37.0477],[128.89042,37.0487],[128.88927,37.04939],[128.8892,37.04975],[128.88734,37.05036],[128.88517,37.05024],[128.88431,37.05118],[128.88345,37.05129],[128.88168,37.05194],[128.88097,37.05183],[128.88009,37.05245],[128.87854,37.05326],[128.8779,37.05186],[128.87835,37.05086],[128.87778,37.05028],[128.87712,37.04904],[128.87725,37.04782],[128.87695,37.04725],[128.87684,37.04608],[128.87566,37.04475],[128.87344,37.04434],[128.87248,37.04395],[128.87032,37.04495],[128.86971,37.04555],[128.86842,37.04605],[128.86737,37.04621],[128.86714,37.04691],[128.86595,37.04794],[128.86463,37.04803],[128.86365,37.0487],[128.86221,37.04889],[128.85898,37.04966],[128.85813,37.0492],[128.85699,37.04892],[128.85621,37.04935],[128.85204,37.05038],[128.85108,37.0502],[128.8504,37.05073],[128.84887,37.05096],[128.84751,37.05157],[128.84687,37.05161],[128.84611,37.05228],[128.84606,37.05293],[128.84392,37.05462],[128.84371,37.05575],[128.84403,37.05648],[128.84384,37.05723],[128.84097,37.05906],[128.84065,37.05936],[128.84067,37.0604],[128.83998,37.06167],[128.83906,37.06239],[128.83657,37.06507],[128.83595,37.06594],[128.83512,37.0662],[128.83296,37.06731],[128.83167,37.0674],[128.83093,37.07017],[128.83126,37.07411],[128.83208,37.07508],[128.82938,37.07846],[128.82841,37.0789],[128.8277,37.07872],[128.82581,37.0787],[128.82435,37.07785],[128.82116,37.07723],[128.82081,37.07744],[128.81943,37.07703],[128.81762,37.07777],[128.81531,37.078],[128.81437,37.07847],[128.81257,37.07871],[128.81052,37.07779],[128.80987,37.07721],[128.80787,37.076],[128.80566,37.07721],[128.80521,37.07713],[128.80381,37.07794],[128.80219,37.07771],[128.80077,37.07832],[128.79997,37.07897],[128.80048,37.08003],[128.80011,37.08128],[128.80067,37.08206],[128.80153,37.08435],[128.80109,37.0856],[128.79942,37.08694],[128.79737,37.08716],[128.79506,37.08717],[128.79257,37.08731],[128.79188,37.08754],[128.78581,37.08785],[128.78476,37.08879],[128.78269,37.09144],[128.78162,37.09177],[128.78128,37.09227],[128.78028,37.09234],[128.77985,37.09184],[128.77872,37.09145],[128.77767,37.09037],[128.77643,37.08978],[128.77668,37.08879],[128.77578,37.08827],[128.77359,37.08751],[128.77493,37.08596],[128.77545,37.08574],[128.77657,37.08438],[128.77784,37.08328],[128.77769,37.08273],[128.77773,37.08012],[128.77797,37.07929],[128.77777,37.07883],[128.77541,37.07865],[128.77423,37.07735],[128.77134,37.07635],[128.77099,37.07563],[128.77008,37.07523],[128.76999,37.07434],[128.76945,37.0734],[128.76858,37.07271],[128.76848,37.07203],[128.76883,37.07104],[128.76841,37.06961],[128.76856,37.06841],[128.76839,37.06781],[128.76723,37.0668],[128.76718,37.06619],[128.76559,37.06428],[128.76475,37.06355],[128.76406,37.06399],[128.7623,37.06549],[128.76015,37.06676],[128.75949,37.0674],[128.75886,37.0685],[128.75808,37.06908],[128.75815,37.06972],[128.75718,37.07001],[128.75704,37.06917],[128.75655,37.06863],[128.75636,37.06782],[128.75662,37.06722],[128.75526,37.06622],[128.75582,37.06497],[128.75525,37.06445],[128.7547,37.06324],[128.75449,37.06224],[128.75406,37.06194],[128.75469,37.06114],[128.75455,37.05975],[128.75398,37.05927],[128.75317,37.05811],[128.75258,37.05786],[128.75232,37.05593],[128.75302,37.05372],[128.75464,37.05279],[128.75448,37.05238],[128.75472,37.05125],[128.75519,37.05016],[128.75664,37.04909],[128.75725,37.04758],[128.7591,37.047],[128.76001,37.04549],[128.76142,37.04444],[128.76177,37.04323],[128.76168,37.04269],[128.7622,37.04179],[128.76187,37.04021],[128.76254,37.03786],[128.76215,37.03685],[128.76218,37.03616],[128.76091,37.03603],[128.75978,37.03562],[128.75776,37.03444],[128.75675,37.03346],[128.75455,37.03196],[128.75419,37.03119],[128.75414,37.02953],[128.75376,37.02783],[128.7528,37.02821],[128.75098,37.0281],[128.74973,37.0289],[128.74908,37.02886],[128.74714,37.03056],[128.7465,37.03132],[128.74521,37.03238],[128.74451,37.03344],[128.74311,37.03392],[128.74322,37.03449],[128.74249,37.03493],[128.74057,37.0367],[128.73953,37.03714],[128.73894,37.03791],[128.73819,37.03797],[128.73583,37.03975],[128.73462,37.04023],[128.73311,37.04052],[128.732,37.04038],[128.73118,37.04085],[128.73012,37.04113],[128.72908,37.04098],[128.72746,37.04103],[128.72663,37.04192],[128.72588,37.04235],[128.72225,37.0425],[128.72013,37.04343],[128.71867,37.04375],[128.71726,37.04328],[128.71664,37.04337],[128.71422,37.04267],[128.71275,37.04265],[128.71237,37.0422],[128.71152,37.0419],[128.71101,37.04118],[128.7091,37.03936],[128.70813,37.03947],[128.70632,37.04009],[128.70506,37.04012],[128.70413,37.04092],[128.70238,37.0408],[128.7004,37.04083],[128.69711,37.04408],[128.69671,37.04529],[128.69527,37.04619],[128.69459,37.04693],[128.6945,37.04741],[128.69217,37.04947],[128.69153,37.0504],[128.69028,37.05164],[128.68907,37.05305],[128.68667,37.05218],[128.68539,37.05215],[128.68373,37.05144],[128.68288,37.05314],[128.68177,37.05366],[128.68061,37.05383],[128.67984,37.05508],[128.67976,37.05579],[128.6783,37.05646],[128.67752,37.05701],[128.67688,37.05806],[128.67632,37.05815],[128.67565,37.05885],[128.67464,37.05872],[128.67425,37.05904],[128.67313,37.05898],[128.67192,37.05859],[128.67031,37.05944],[128.66927,37.0594],[128.66731,37.06026],[128.66428,37.0609],[128.66237,37.06089],[128.66191,37.06104],[128.65941,37.06035],[128.6574,37.06117],[128.65667,37.06307],[128.65601,37.06446],[128.65484,37.06515],[128.6533,37.06551],[128.6521,37.06544],[128.65155,37.06435],[128.65187,37.06349],[128.65043,37.06254],[128.64955,37.06277],[128.64613,37.06109],[128.64469,37.05965],[128.64437,37.05872],[128.64267,37.05685],[128.64174,37.05528],[128.64018,37.05428],[128.63935,37.054],[128.63904,37.0525],[128.63747,37.05303],[128.63671,37.05237],[128.63787,37.05144],[128.63759,37.05062],[128.63663,37.05001],[128.63659,37.04931],[128.63588,37.0482],[128.63583,37.04771],[128.63453,37.04655],[128.63409,37.04567],[128.63331,37.04208],[128.63281,37.04171],[128.63292,37.0405],[128.63109,37.04096],[128.62827,37.04214],[128.62608,37.04381],[128.62467,37.04547],[128.62283,37.04534],[128.62174,37.04668],[128.62208,37.04791],[128.62171,37.04908],[128.61774,37.05066],[128.61375,37.0514],[128.61299,37.05166],[128.61179,37.05159],[128.61031,37.05214],[128.60976,37.05203],[128.60844,37.05281],[128.60824,37.05188],[128.6071,37.04975],[128.60789,37.04776],[128.60784,37.04722],[128.60666,37.04617],[128.6067,37.04495],[128.60713,37.04385],[128.60679,37.0434],[128.60516,37.04333],[128.60424,37.04381],[128.60164,37.0441],[128.59806,37.04311],[128.59796,37.04224],[128.59683,37.04177],[128.59412,37.04205],[128.59248,37.04189],[128.59074,37.0431],[128.58746,37.04313],[128.58666,37.04357],[128.58603,37.04295],[128.58353,37.04373],[128.58213,37.04264],[128.58088,37.04026],[128.58056,37.0392],[128.57886,37.03837],[128.57838,37.03733],[128.57773,37.03655],[128.57773,37.03557],[128.57715,37.03541],[128.57574,37.03571],[128.57433,37.03543],[128.57297,37.03594],[128.57158,37.03565],[128.56995,37.03479],[128.56929,37.03488],[128.56668,37.03262],[128.56618,37.03183],[128.56564,37.03153],[128.56541,37.03072],[128.56618,37.03034],[128.56687,37.02937],[128.56662,37.02794],[128.56666,37.02681],[128.56693,37.026],[128.56828,37.02483],[128.56882,37.02457],[128.56913,37.02373],[128.57102,37.02286],[128.57142,37.02287],[128.57261,37.02197],[128.57291,37.0208],[128.57207,37.01948],[128.57194,37.01855],[128.57141,37.01813],[128.57154,37.01679],[128.57034,37.014],[128.56914,37.01277],[128.56817,37.01242],[128.56741,37.01151],[128.56346,37.01013],[128.56292,37.00789],[128.5615,37.00772],[128.56074,37.00717],[128.55756,37.00578],[128.55594,37.0057],[128.5556,37.00414],[128.55508,37.00357],[128.55575,37.00283],[128.55582,37.00195],[128.55547,37.00073],[128.55561,37.00008],[128.55471,36.9989],[128.55473,36.99829],[128.55269,36.99722],[128.54763,36.9944],[128.5473,36.99381],[128.5457,36.99434],[128.54421,36.99257],[128.54303,36.99209],[128.54171,36.99199],[128.5387,36.9909],[128.53791,36.99139],[128.53553,36.99022],[128.53422,36.99038],[128.53357,36.99017],[128.53245,36.99047],[128.53053,36.99041],[128.52968,36.99081],[128.52735,36.99018],[128.52603,36.99007],[128.52423,36.98921],[128.52323,36.98914],[128.52132,36.98815],[128.52011,36.98806],[128.51771,36.9874],[128.51693,36.98691],[128.51547,36.98682],[128.51562,36.98358],[128.51462,36.98252],[128.51464,36.98207],[128.51387,36.9804],[128.51403,36.97935],[128.51461,36.97758],[128.51311,36.97644],[128.5113,36.97555],[128.50975,36.97462],[128.50642,36.97319],[128.50662,36.97082],[128.5065,36.97005],[128.50398,36.96867],[128.50279,36.96837],[128.50226,36.96789],[128.50007,36.96752],[128.49921,36.96675],[128.49765,36.96607],[128.49628,36.96572],[128.49557,36.96517],[128.49385,36.96442],[128.49087,36.96369],[128.48956,36.96373],[128.48819,36.96287],[128.48744,36.96277],[128.48602,36.96193],[128.48598,36.96096],[128.48558,36.96008],[128.4849,36.95747],[128.48144,36.9579],[128.47996,36.95767],[128.47705,36.95744],[128.47547,36.95687],[128.47414,36.95562],[128.47314,36.95535],[128.47229,36.95449],[128.46966,36.95282],[128.46717,36.95145],[128.46707,36.95073],[128.46615,36.95022],[128.46278,36.94738],[128.46342,36.94376],[128.46283,36.94244],[128.46204,36.94144],[128.46144,36.93956],[128.46087,36.93924],[128.46019,36.93772],[128.4604,36.93661],[128.46008,36.93605],[128.4604,36.93401],[128.45944,36.93401],[128.45688,36.93373],[128.45598,36.93405],[128.45563,36.93359],[128.45418,36.9324],[128.45397,36.93197],[128.45267,36.93072],[128.45198,36.93053],[128.45044,36.93079],[128.44849,36.92995],[128.44773,36.92935],[128.44607,36.92876],[128.44546,36.92813],[128.44321,36.92752],[128.44159,36.92735],[128.44222,36.92615],[128.44226,36.92493],[128.44314,36.92285],[128.44283,36.91985],[128.44371,36.91875],[128.44517,36.91741],[128.44477,36.9168],[128.44466,36.91556],[128.44438,36.91511],[128.44475,36.91369],[128.4431,36.9124],[128.44323,36.91175],[128.44238,36.90822],[128.44114,36.90544],[128.44089,36.90443],[128.44016,36.90287],[128.44028,36.90125],[128.43919,36.90057],[128.43857,36.90063],[128.43805,36.89962],[128.43705,36.89904],[128.43651,36.89833],[128.43616,36.89708],[128.43449,36.89586],[128.4336,36.89544],[128.43188,36.89287],[128.42938,36.89223],[128.42897,36.89145],[128.42814,36.8911],[128.42679,36.88924],[128.42724,36.88822],[128.42724,36.88743],[128.42793,36.88577],[128.42816,36.88477],[128.42748,36.88371],[128.4278,36.88332],[128.42756,36.88222],[128.42705,36.88126],[128.42587,36.88051],[128.42478,36.87939],[128.42397,36.87653],[128.4249,36.87647],[128.42638,36.87553],[128.42822,36.87506],[128.42924,36.87554],[128.43171,36.87554],[128.43423,36.87442],[128.43644,36.87365],[128.43843,36.87327],[128.43873,36.87232],[128.43955,36.87113],[128.44248,36.86822],[128.44334,36.86845],[128.44676,36.86531],[128.448,36.86439],[128.44913,36.86287],[128.4478,36.86147],[128.44774,36.85964],[128.44788,36.85864],[128.44729,36.85681],[128.44793,36.85633],[128.44794,36.85552],[128.44666,36.85337],[128.44698,36.85265],[128.44824,36.85142],[128.44802,36.85095],[128.44873,36.84971],[128.44903,36.84784],[128.44876,36.84742],[128.44716,36.84616],[128.44723,36.84452],[128.44672,36.84328],[128.44494,36.84222],[128.44419,36.84142],[128.44245,36.84029],[128.44246,36.83911],[128.4415,36.8376],[128.43935,36.83632],[128.43781,36.83582],[128.43568,36.83472],[128.43411,36.83414],[128.43432,36.8329],[128.43382,36.83135],[128.43381,36.83042],[128.43319,36.82891],[128.43361,36.82762],[128.4326,36.82582],[128.43205,36.82407],[128.43116,36.82295],[128.42996,36.82246],[128.4297,36.8221],[128.42801,36.82087],[128.42748,36.81926],[128.42604,36.81837],[128.42584,36.81677],[128.42593,36.8159],[128.42525,36.81478],[128.42114,36.81181],[128.42048,36.81151],[128.41875,36.81189],[128.41735,36.81198],[128.4167,36.81221],[128.4151,36.81219],[128.41374,36.81145],[128.41297,36.81127],[128.4115,36.8114],[128.40819,36.81227],[128.40607,36.81192],[128.40452,36.81223],[128.40341,36.81214],[128.40199,36.81268],[128.39963,36.81287],[128.39591,36.81438],[128.39436,36.81487],[128.3921,36.8144],[128.39119,36.81445],[128.38867,36.81429],[128.38763,36.81436],[128.3848,36.81381],[128.38335,36.81393],[128.38126,36.81388],[128.37936,36.81173],[128.37861,36.81108],[128.37771,36.81097],[128.37638,36.8095],[128.37539,36.8092],[128.37455,36.80827],[128.37331,36.80767],[128.37275,36.80541],[128.36991,36.80332],[128.3684,36.80208],[128.36751,36.80264],[128.36555,36.80303],[128.36408,36.80222],[128.3635,36.80281],[128.36276,36.80236],[128.3621,36.80312],[128.36128,36.80286],[128.36088,36.80343],[128.36109,36.80396],[128.35978,36.80447],[128.35872,36.80564],[128.35807,36.80564],[128.35708,36.80632],[128.35687,36.80677],[128.35729,36.80864],[128.35684,36.80929],[128.35676,36.81062],[128.35515,36.81111],[128.35418,36.81121],[128.35318,36.81245],[128.35123,36.81294],[128.34824,36.81302],[128.34592,36.8136],[128.341,36.81457],[128.33726,36.81562],[128.33523,36.81674],[128.33446,36.81696],[128.33279,36.81698],[128.33083,36.81641],[128.32894,36.81619],[128.32822,36.81661],[128.32725,36.8168],[128.32597,36.81634],[128.32418,36.81596],[128.32085,36.81564],[128.32009,36.81616],[128.31826,36.81693],[128.31668,36.81664],[128.31579,36.81742],[128.31592,36.81912],[128.31537,36.81992],[128.31631,36.82126],[128.31575,36.82226],[128.31575,36.82276],[128.31504,36.82333],[128.31404,36.82334],[128.31357,36.82383],[128.31321,36.82486],[128.31185,36.8249],[128.31152,36.82585],[128.31092,36.826],[128.31035,36.82722],[128.31082,36.82828],[128.30906,36.82896],[128.308,36.82863],[128.306,36.82886],[128.30463,36.82958],[128.30431,36.83051],[128.30187,36.83235],[128.30164,36.83266],[128.29883,36.83352],[128.29786,36.83474],[128.29683,36.83485],[128.29562,36.83534],[128.29463,36.83663],[128.29294,36.83947],[128.29134,36.84046],[128.29068,36.84123],[128.29016,36.84275],[128.28898,36.84391],[128.28656,36.84503],[128.28551,36.84731],[128.28565,36.84978],[128.28495,36.85091],[128.28423,36.85296],[128.28321,36.85451],[128.28243,36.8564],[128.2815,36.85651],[128.28036,36.85696],[128.27902,36.85673],[128.27763,36.85704],[128.27607,36.85719],[128.27494,36.85806],[128.27376,36.85835],[128.272,36.85913],[128.27084,36.85938],[128.2702,36.8601],[128.26907,36.86013],[128.26831,36.86054],[128.26774,36.86207],[128.26727,36.86262],[128.26629,36.8629],[128.26551,36.86345],[128.26527,36.86398],[128.26398,36.86429],[128.26314,36.86412],[128.26257,36.8645],[128.26044,36.86518],[128.25942,36.86509],[128.25865,36.86551],[128.25712,36.86588],[128.25663,36.86654],[128.2553,36.86628],[128.25406,36.86645],[128.25313,36.86683],[128.25196,36.86702],[128.25162,36.8675],[128.25008,36.86818],[128.24928,36.86874],[128.24685,36.86933],[128.24452,36.87056],[128.24278,36.87181],[128.24184,36.87233],[128.24088,36.87211],[128.24037,36.87131],[128.24102,36.87021],[128.2408,36.86949],[128.24008,36.86888],[128.23967,36.86775],[128.2395,36.8651],[128.2372,36.86438],[128.23604,36.86332],[128.23466,36.86283],[128.23478,36.86206],[128.23535,36.86095],[128.23524,36.85825],[128.23454,36.85764],[128.23465,36.85629],[128.23423,36.85599],[128.2346,36.8542],[128.23551,36.85321],[128.23623,36.85184],[128.23772,36.85101],[128.23871,36.85018],[128.23794,36.8487],[128.23684,36.8476],[128.23702,36.84535],[128.23308,36.8452],[128.23013,36.84537],[128.22616,36.84615],[128.22378,36.84671],[128.22211,36.84726],[128.22039,36.84832],[128.21826,36.8487],[128.21666,36.84929],[128.21405,36.84948],[128.21254,36.84973],[128.21275,36.84918],[128.21125,36.8469],[128.21076,36.84549],[128.21072,36.84243],[128.21112,36.84117],[128.21191,36.84018],[128.21301,36.83913],[128.2136,36.838],[128.21403,36.83605],[128.21451,36.83485],[128.21422,36.83361],[128.21472,36.83235],[128.21434,36.83081],[128.21545,36.82925],[128.21584,36.82787],[128.21584,36.82613],[128.21603,36.82496],[128.21589,36.82433],[128.21639,36.82251],[128.21639,36.82073],[128.21732,36.81937],[128.21733,36.81828],[128.21692,36.81715],[128.21682,36.81614],[128.21634,36.81444],[128.21672,36.81325],[128.21621,36.81246],[128.21537,36.812],[128.21422,36.8117],[128.21186,36.81171],[128.2099,36.81199],[128.20853,36.81239],[128.20717,36.81242],[128.20577,36.81288],[128.20367,36.81335],[128.20132,36.81433],[128.19368,36.81712],[128.19079,36.81642],[128.18827,36.81628],[128.1848,36.81663],[128.18031,36.81864],[128.17825,36.8193],[128.17602,36.8203],[128.17522,36.82085],[128.17263,36.82182],[128.17132,36.8221],[128.16815,36.82185],[128.16535,36.82111],[128.16263,36.82099],[128.16,36.82201],[128.15834,36.82232],[128.15687,36.82205],[128.15534,36.822],[128.15313,36.82244],[128.15143,36.82324],[128.15068,36.82426],[128.14984,36.82758],[128.149,36.82863],[128.14745,36.82936],[128.14422,36.83017],[128.14335,36.83085],[128.14262,36.83239],[128.14178,36.83334],[128.14106,36.83348],[128.13869,36.83278],[128.13464,36.83294],[128.13357,36.8328],[128.13398,36.83077],[128.13398,36.82844],[128.13305,36.82738],[128.13186,36.82654],[128.13082,36.82615],[128.12988,36.82515],[128.12893,36.8248],[128.12634,36.825],[128.12461,36.82399],[128.12266,36.82327],[128.12131,36.82307],[128.12017,36.82322],[128.11902,36.82304],[128.11896,36.82236],[128.11844,36.82149],[128.11576,36.82119],[128.11291,36.82101],[128.11055,36.82159],[128.10982,36.82132],[128.10977,36.81901],[128.10925,36.8162],[128.10972,36.81539],[128.10827,36.81351],[128.10811,36.812],[128.10818,36.81044],[128.10786,36.80894],[128.1072,36.80806],[128.10708,36.80731],[128.10585,36.80595],[128.10195,36.80629],[128.09943,36.80509],[128.09768,36.80484],[128.09625,36.80373],[128.09537,36.80398],[128.09414,36.80362],[128.09296,36.80286],[128.09293,36.80163],[128.09344,36.8005],[128.0935,36.79678],[128.09007,36.79664],[128.08799,36.79723],[128.08595,36.79811],[128.08383,36.7993],[128.0841,36.80004],[128.08386,36.80223],[128.08429,36.80286],[128.08506,36.80312],[128.08537,36.8042],[128.08434,36.80493],[128.08267,36.80683],[128.0791,36.80853],[128.07804,36.8095],[128.07798,36.81007],[128.07716,36.81098],[128.07561,36.81162],[128.07443,36.81282],[128.0718,36.81455],[128.07067,36.81455],[128.06736,36.81677],[128.06632,36.8168],[128.06569,36.81718],[128.0642,36.81744],[128.06345,36.81696],[128.06212,36.81723],[128.06108,36.81716],[128.05964,36.81677],[128.05923,36.81638],[128.05926,36.81359],[128.05864,36.81315],[128.05823,36.81207],[128.05769,36.81175],[128.05737,36.81047],[128.05758,36.80974],[128.05683,36.80913],[128.05774,36.80831],[128.05795,36.80701],[128.05501,36.8061],[128.05408,36.80561],[128.05406,36.80505],[128.05493,36.80398],[128.0552,36.80106],[128.05557,36.80029],[128.05554,36.79944],[128.05613,36.79842],[128.05526,36.79684],[128.05573,36.79595],[128.05556,36.79443],[128.05498,36.79266],[128.05324,36.79168],[128.0512,36.78884],[128.05051,36.78724],[128.05006,36.7856],[128.04877,36.78362],[128.04831,36.78322],[128.04671,36.78297],[128.04556,36.78244],[128.04563,36.7813],[128.04666,36.77934],[128.04691,36.77861],[128.04577,36.778],[128.04587,36.77695],[128.04468,36.7746],[128.04485,36.77398],[128.0448,36.77105],[128.04379,36.76981],[128.04257,36.76895],[128.04215,36.76842],[128.0412,36.76834],[128.04109,36.76726],[128.04052,36.76603],[128.04006,36.76568],[128.03893,36.76401],[128.03866,36.76323],[128.03751,36.76148],[128.03736,36.76104],[128.03625,36.75991],[128.03579,36.75902],[128.03452,36.75811],[128.03422,36.75737],[128.03348,36.75677],[128.0329,36.75564],[128.03237,36.75517],[128.0323,36.7544],[128.03273,36.75265],[128.03236,36.75055],[128.03262,36.74938],[128.03232,36.74758],[128.03363,36.74669],[128.03438,36.74556],[128.03498,36.74539],[128.0363,36.74441],[128.0384,36.74365],[128.03993,36.74228],[128.04235,36.74068],[128.04451,36.73964],[128.04627,36.73915],[128.049,36.73746],[128.05072,36.73671],[128.05207,36.73516],[128.05278,36.7334],[128.05391,36.7319],[128.05556,36.73042],[128.0561,36.7303],[128.05725,36.73108],[128.05846,36.73016],[128.06064,36.72688],[128.062,36.72603],[128.0626,36.72612],[128.06396,36.72481],[128.06568,36.7238],[128.06799,36.72223],[128.06779,36.72127],[128.06822,36.72029],[128.06882,36.71984],[128.06933,36.71882],[128.06994,36.71822],[128.07058,36.71645],[128.07149,36.71561],[128.07272,36.71189],[128.07235,36.71097],[128.07038,36.7077],[128.06841,36.70817],[128.0669,36.7083],[128.06382,36.70803],[128.06183,36.70854],[128.0587,36.70895],[128.05662,36.70884],[128.05389,36.70824],[128.05217,36.70776],[128.04969,36.70776],[128.04903,36.70801],[128.04646,36.7094],[128.04569,36.71022],[128.0456,36.71072],[128.04319,36.71242],[128.04087,36.71328],[128.03936,36.71396],[128.03796,36.715],[128.03677,36.71493],[128.03473,36.71613],[128.03309,36.71723],[128.03191,36.71878],[128.03086,36.71929],[128.02881,36.71946],[128.02649,36.71922],[128.02563,36.71933],[128.02373,36.72054],[128.02232,36.72157],[128.02093,36.72193],[128.01939,36.7237],[128.01955,36.72502],[128.01727,36.72761],[128.01581,36.72872],[128.01484,36.73019],[128.01412,36.73017],[128.01127,36.72961],[128.00936,36.72837],[128.00868,36.72657],[128.00651,36.72545],[128.00695,36.72483],[128.00598,36.72404],[128.0061,36.72302],[128.00417,36.7212],[128.0037,36.71995],[128.00273,36.71882],[128.00194,36.71726],[128.00106,36.71745],[127.99934,36.7174],[127.99744,36.71832],[127.99529,36.7182],[127.99346,36.71753],[127.99146,36.718],[127.99099,36.71742],[127.99017,36.71722],[127.98939,36.71747],[127.98685,36.71755],[127.98481,36.71864],[127.98365,36.71851],[127.98245,36.71955],[127.98009,36.7203],[127.97896,36.72139],[127.97767,36.72219],[127.97619,36.72363],[127.97651,36.72425],[127.97506,36.72478],[127.97315,36.7262],[127.97267,36.72689],[127.97193,36.72862],[127.97184,36.72937],[127.97072,36.73091],[127.96927,36.73142],[127.96824,36.73129],[127.96316,36.73339],[127.96249,36.73422],[127.96166,36.73571],[127.96055,36.73719],[127.95846,36.73684],[127.95697,36.73559],[127.95665,36.73349],[127.95516,36.732],[127.95539,36.73111],[127.95534,36.72949],[127.95426,36.72822],[127.95485,36.72716],[127.95447,36.72638],[127.95399,36.72359],[127.95361,36.72268],[127.95145,36.72062],[127.95096,36.72066],[127.94918,36.71988],[127.94933,36.7189],[127.94874,36.71755],[127.94915,36.71732],[127.94965,36.71599],[127.94886,36.71401],[127.94963,36.71264],[127.94918,36.70925],[127.94953,36.70805],[127.94775,36.70683],[127.94712,36.70675],[127.94648,36.70621],[127.9457,36.70641],[127.94461,36.70604],[127.9429,36.70689],[127.93898,36.70656],[127.93783,36.70687],[127.93603,36.7061],[127.93459,36.70571],[127.93357,36.70649],[127.93086,36.70136],[127.93109,36.69973],[127.93166,36.69756],[127.93181,36.69557],[127.93159,36.69442],[127.93059,36.69257],[127.92977,36.69223],[127.92892,36.69095],[127.92806,36.6906],[127.92597,36.69054],[127.92516,36.69123],[127.92449,36.69128],[127.92261,36.69213],[127.92153,36.69233],[127.91872,36.69224],[127.91807,36.69246],[127.91731,36.69333],[127.91624,36.69386],[127.91535,36.69397],[127.91452,36.6931],[127.91272,36.69265],[127.91161,36.69269],[127.91018,36.69322],[127.90889,36.6932],[127.90794,36.69269],[127.90682,36.69265],[127.90437,36.69349],[127.90309,36.69359],[127.90117,36.69312],[127.90014,36.69321],[127.89855,36.6931],[127.89785,36.69325],[127.89607,36.69439],[127.89502,36.69486],[127.89419,36.69491],[127.89382,36.69454],[127.89442,36.69347],[127.89448,36.69265],[127.89418,36.69216],[127.89242,36.69236],[127.89059,36.69229],[127.88858,36.69186],[127.88729,36.69116],[127.88646,36.69011],[127.88636,36.68924],[127.88583,36.68825],[127.88411,36.68757],[127.88298,36.68782],[127.8816,36.68774],[127.88069,36.68705],[127.88065,36.68667],[127.88167,36.68624],[127.88187,36.68575],[127.88207,36.68357],[127.88072,36.68369],[127.88034,36.68328],[127.87889,36.68293],[127.8786,36.68246],[127.87759,36.68235],[127.87574,36.68307],[127.87467,36.6826],[127.87429,36.68196],[127.87707,36.68078],[127.87726,36.67973],[127.87822,36.67959],[127.87885,36.67908],[127.88001,36.67871],[127.88104,36.67896],[127.88194,36.68002],[127.88292,36.67943],[127.88431,36.67916],[127.88501,36.67944],[127.88658,36.67908],[127.88762,36.67863],[127.88965,36.68057],[127.88957,36.68117],[127.89032,36.68146],[127.89167,36.68244],[127.89474,36.68114],[127.89716,36.68129],[127.89895,36.68224],[127.90037,36.6822],[127.9008,36.68112],[127.90171,36.68053],[127.90376,36.68055],[127.90432,36.6803],[127.90656,36.67993],[127.90857,36.67948],[127.90937,36.67884],[127.91003,36.67793],[127.91258,36.6779],[127.91297,36.67767],[127.9145,36.67478],[127.91507,36.67239],[127.91586,36.67184],[127.91755,36.66845],[127.91771,36.66785],[127.91862,36.66791],[127.92028,36.66857],[127.92188,36.6686],[127.92319,36.66812],[127.92777,36.66895],[127.92957,36.66877],[127.92983,36.6666],[127.93221,36.66452],[127.93227,36.66141],[127.9316,36.65963],[127.93179,36.65887],[127.93164,36.6554],[127.93407,36.65332],[127.93657,36.65297],[127.93908,36.65275],[127.93871,36.64877],[127.93921,36.64706],[127.939,36.64599],[127.93764,36.64545],[127.93573,36.64418],[127.93546,36.64287],[127.93431,36.64109],[127.93425,36.63925],[127.93373,36.63686],[127.93381,36.63608],[127.93522,36.63494],[127.93596,36.633],[127.9346,36.63143],[127.93413,36.63039],[127.93285,36.62874],[127.93249,36.62641],[127.93195,36.62523],[127.93139,36.62459],[127.9314,36.62411],[127.93208,36.62282],[127.93288,36.62041],[127.93235,36.6192],[127.93238,36.61874],[127.92857,36.61706],[127.92644,36.61679],[127.9251,36.61644],[127.92409,36.61545],[127.92443,36.61345],[127.92397,36.61277],[127.92438,36.61099],[127.92424,36.60983],[127.92489,36.60784],[127.92483,36.60733],[127.92509,36.6047],[127.92486,36.60406],[127.92592,36.60294],[127.92386,36.60254],[127.92395,36.60202],[127.92122,36.60164],[127.91996,36.60112],[127.91872,36.60343],[127.91849,36.60685],[127.9188,36.60868],[127.91816,36.6094],[127.91717,36.60998],[127.91392,36.61222],[127.91282,36.61326],[127.9118,36.61454],[127.91138,36.61532],[127.91099,36.61747],[127.91044,36.61912],[127.90863,36.62217],[127.90837,36.62355],[127.90921,36.62471],[127.90859,36.62593],[127.90682,36.62578],[127.90529,36.62609],[127.90413,36.627],[127.90304,36.62752],[127.90149,36.62755],[127.90079,36.62705],[127.89907,36.62688],[127.89818,36.62662],[127.89629,36.62699],[127.8938,36.62837],[127.89228,36.62848],[127.89017,36.62887],[127.88934,36.62972],[127.88877,36.63073],[127.88856,36.63161],[127.88875,36.63341],[127.8879,36.63464],[127.8881,36.63547],[127.88921,36.63676],[127.8894,36.63809],[127.88932,36.63955],[127.88895,36.64041],[127.88803,36.6409],[127.88767,36.64141],[127.88559,36.64222],[127.88493,36.64278],[127.88465,36.64434],[127.8832,36.64531],[127.88235,36.6465],[127.88217,36.64734],[127.88221,36.64882],[127.88148,36.65111],[127.88124,36.6527],[127.88012,36.65509],[127.88002,36.65675],[127.87632,36.65639],[127.87575,36.6562],[127.87496,36.65546],[127.87394,36.65505],[127.87361,36.65422],[127.87344,36.6522],[127.87248,36.65074],[127.87233,36.65025],[127.87005,36.6486],[127.8697,36.64691],[127.87016,36.64607],[127.87013,36.64552],[127.86745,36.64416],[127.86714,36.64344],[127.86664,36.64312],[127.86541,36.64129],[127.86353,36.6407],[127.86328,36.63976],[127.86307,36.63768],[127.86224,36.63711],[127.86197,36.6361],[127.86063,36.63537],[127.85944,36.63541],[127.85658,36.63447],[127.85507,36.63492],[127.85426,36.63467],[127.85303,36.63481],[127.8528,36.63545],[127.85211,36.63579],[127.85137,36.63477],[127.84972,36.63448],[127.84891,36.63463],[127.84809,36.63418],[127.84675,36.63399],[127.84814,36.63291],[127.84963,36.63209],[127.85056,36.63125],[127.85046,36.6304],[127.8506,36.62915],[127.84953,36.62786],[127.84894,36.62636],[127.84823,36.62576],[127.84784,36.62494],[127.84798,36.6239],[127.84884,36.62218],[127.84982,36.62117],[127.84981,36.61958],[127.85038,36.61887],[127.85119,36.61835],[127.85301,36.61803],[127.8538,36.61821],[127.85573,36.61758],[127.85679,36.61603],[127.8583,36.61353],[127.85519,36.61188],[127.85336,36.61268],[127.85161,36.61325],[127.8502,36.61318],[127.84911,36.61282],[127.84726,36.61112],[127.84542,36.61091],[127.84324,36.60971],[127.84123,36.60879],[127.8407,36.60829],[127.83964,36.60893],[127.83907,36.60885],[127.83766,36.60937],[127.83745,36.61009],[127.83679,36.61022],[127.83524,36.61118],[127.83437,36.61116],[127.83338,36.61168],[127.83293,36.61226],[127.83216,36.6126],[127.83108,36.61248],[127.82994,36.61262],[127.82906,36.61156],[127.82753,36.61077],[127.82665,36.61142],[127.82489,36.61178],[127.82399,36.61237],[127.82274,36.61234],[127.82212,36.61292],[127.821,36.61331],[127.8213,36.61143],[127.82025,36.60985],[127.81912,36.60899],[127.81857,36.6083],[127.81741,36.60817],[127.81594,36.60824],[127.81431,36.60744],[127.81299,36.60768],[127.81191,36.60741],[127.81052,36.60681],[127.80931,36.60607],[127.80835,36.6058],[127.80796,36.60503],[127.8072,36.60461],[127.80648,36.60365],[127.80464,36.60328],[127.80319,36.60214],[127.80198,36.60185],[127.79918,36.60238],[127.79847,36.60208],[127.79743,36.6003],[127.79694,36.59785],[127.79723,36.59705],[127.79655,36.59623],[127.79615,36.59526],[127.79644,36.59428],[127.79659,36.59266],[127.79759,36.5919],[127.79763,36.59128],[127.79855,36.5908],[127.79897,36.58989],[127.79943,36.58953],[127.79958,36.58855],[127.79848,36.58727],[127.79848,36.58644],[127.80048,36.58615],[127.80061,36.58532],[127.8016,36.58449],[127.80326,36.58416],[127.80346,36.5836],[127.80414,36.58347],[127.80468,36.58253],[127.8049,36.58139],[127.80589,36.58148],[127.80631,36.58108],[127.80809,36.58015],[127.80902,36.58039],[127.80924,36.5799],[127.81033,36.57996],[127.81134,36.57945],[127.81297,36.57951],[127.81345,36.57892],[127.81434,36.57859],[127.81476,36.57793],[127.81535,36.57768],[127.8162,36.57808],[127.81675,36.5773],[127.81681,36.5759],[127.81741,36.57591],[127.81818,36.57468],[127.81926,36.57429],[127.82155,36.5731],[127.8219,36.57254],[127.82362,36.57177],[127.82449,36.57091],[127.82736,36.57152],[127.8277,36.57079],[127.82912,36.57326],[127.83016,36.57428],[127.83176,36.57364],[127.83421,36.57312],[127.83541,36.5722],[127.83605,36.57114],[127.83611,36.57052],[127.83707,36.5701],[127.83868,36.57043],[127.84015,36.57014],[127.84262,36.57054],[127.84326,36.56898],[127.84483,36.56911],[127.84856,36.57058],[127.84889,36.57091],[127.85236,36.57115],[127.85556,36.57009],[127.85744,36.56955],[127.86042,36.56795],[127.86022,36.56592],[127.86173,36.56535],[127.86456,36.56401],[127.86602,36.56181],[127.86647,36.56042],[127.86908,36.55981],[127.87032,36.55915],[127.87128,36.55682],[127.87199,36.55431],[127.87281,36.55298],[127.87299,36.55133],[127.87238,36.54873],[127.87198,36.54803],[127.87098,36.54554],[127.87094,36.54399],[127.87048,36.54282],[127.87129,36.54231],[127.87291,36.54184],[127.87388,36.54132],[127.87512,36.54001],[127.87545,36.5379],[127.87609,36.53702],[127.87807,36.53553],[127.87901,36.53471],[127.88068,36.53496],[127.88118,36.53474],[127.88262,36.53472],[127.88334,36.5349],[127.88393,36.53455],[127.88477,36.53462],[127.88572,36.53395],[127.88709,36.53379],[127.88768,36.53349],[127.88872,36.53369],[127.88918,36.53308],[127.8905,36.5325],[127.8916,36.53166],[127.89214,36.53098],[127.89297,36.53052],[127.89452,36.53028],[127.89635,36.5312],[127.89896,36.53028],[127.89959,36.52936],[127.90144,36.52873],[127.90246,36.52807],[127.9026,36.52745],[127.90145,36.5264],[127.90091,36.52501],[127.90127,36.52418],[127.90104,36.52344],[127.90154,36.52178],[127.90217,36.52071],[127.90173,36.51997],[127.90107,36.51946],[127.90137,36.51871],[127.90209,36.5185],[127.90339,36.51727],[127.90305,36.51488],[127.90254,36.51324],[127.90303,36.51194],[127.90318,36.51101],[127.90422,36.50961],[127.90535,36.50898],[127.90533,36.50845],[127.90614,36.50802],[127.90634,36.50694],[127.90611,36.50614],[127.90511,36.50518],[127.90463,36.50402],[127.90291,36.50311],[127.90132,36.5019],[127.90088,36.50117],[127.90082,36.50002],[127.89867,36.49928],[127.89761,36.49848],[127.89632,36.49852],[127.89486,36.49836],[127.89475,36.49791],[127.89388,36.49733],[127.89285,36.49601],[127.89024,36.49486],[127.88871,36.49314],[127.88802,36.49295],[127.88734,36.49327],[127.8862,36.493],[127.88524,36.49364],[127.8841,36.49337],[127.88201,36.49316],[127.88047,36.49327],[127.87975,36.49129],[127.88036,36.48997],[127.87986,36.48963],[127.87873,36.48949],[127.87609,36.48837],[127.87585,36.48657],[127.87552,36.48567],[127.87528,36.48317],[127.87738,36.48243],[127.87835,36.48147],[127.87949,36.48094],[127.88062,36.48063],[127.88131,36.47839],[127.88175,36.47813],[127.88238,36.47587],[127.8818,36.47513],[127.88032,36.474],[127.88055,36.47284],[127.88096,36.4723],[127.88022,36.47123],[127.88022,36.47066],[127.88078,36.46914],[127.88082,36.46852],[127.87837,36.46708],[127.87906,36.46575],[127.88023,36.46487],[127.8811,36.46356],[127.88196,36.46184],[127.88071,36.46052],[127.88027,36.45879],[127.87984,36.4582],[127.87898,36.45774],[127.87879,36.45513],[127.87968,36.45407],[127.87924,36.45294],[127.87858,36.45236],[127.87832,36.45154],[127.87832,36.45049],[127.87738,36.44939],[127.87599,36.44897],[127.87477,36.44882],[127.87392,36.44729],[127.87391,36.44673],[127.87342,36.44539],[127.87376,36.44473],[127.87353,36.44327],[127.87313,36.44225],[127.87261,36.44167],[127.87139,36.44157],[127.87142,36.44104],[127.87208,36.44089],[127.87337,36.43963],[127.87424,36.43831],[127.87347,36.43736],[127.87335,36.43636],[127.8745,36.43472],[127.8746,36.43334],[127.87494,36.43251],[127.87478,36.43096],[127.87547,36.42967],[127.87523,36.42897],[127.8756,36.428],[127.87535,36.42717],[127.87486,36.42707],[127.8738,36.42615],[127.87299,36.42428],[127.87368,36.42385],[127.87778,36.42394],[127.87851,36.42437],[127.8793,36.42427],[127.88111,36.42448],[127.88272,36.42435],[127.88259,36.42155],[127.88201,36.42054],[127.88097,36.42004],[127.88029,36.41852],[127.87943,36.41757],[127.87907,36.41661],[127.87707,36.41572],[127.8767,36.41516],[127.87569,36.41435],[127.87551,36.41331],[127.87578,36.41312],[127.87539,36.41131],[127.87469,36.41123],[127.87322,36.40955],[127.87331,36.40801],[127.87367,36.40657],[127.8727,36.40579],[127.87216,36.40506],[127.87093,36.40433],[127.87011,36.40425],[127.86951,36.40364],[127.8681,36.40363],[127.86734,36.40313],[127.86463,36.40326],[127.86387,36.40304],[127.8643,36.40158],[127.86394,36.40083],[127.86391,36.39978],[127.8646,36.39855],[127.86527,36.39809],[127.86528,36.39678],[127.86582,36.39643],[127.86561,36.3956],[127.86615,36.3948],[127.86528,36.39406],[127.86394,36.39392],[127.86301,36.39356],[127.8629,36.39297],[127.86364,36.39269],[127.86464,36.39147],[127.86672,36.39163],[127.86783,36.39117],[127.86855,36.3911],[127.86913,36.39154],[127.87003,36.39158],[127.87115,36.39121],[127.87153,36.39074],[127.87245,36.39091],[127.87359,36.39076],[127.87482,36.39104],[127.87568,36.39048],[127.87645,36.38921],[127.87735,36.38857],[127.87759,36.38768],[127.87814,36.38728],[127.87856,36.38643],[127.87825,36.38562],[127.8792,36.38336],[127.88042,36.38278],[127.88084,36.38217],[127.8822,36.38205],[127.88301,36.38128],[127.88336,36.38056],[127.88417,36.38001],[127.88371,36.37853],[127.88334,36.37834],[127.88313,36.37736],[127.88365,36.37572],[127.8831,36.37417],[127.88202,36.37304],[127.88047,36.37237],[127.8799,36.37145],[127.88007,36.37121],[127.88367,36.37064],[127.88386,36.36987],[127.88522,36.36889],[127.88553,36.36754],[127.88541,36.36603],[127.88595,36.36559],[127.88586,36.36488],[127.88653,36.36361],[127.88833,36.36276],[127.89023,36.36123],[127.89127,36.35968],[127.89088,36.35893],[127.89109,36.35815],[127.89084,36.35657],[127.88953,36.35631],[127.88819,36.35565],[127.88564,36.3547],[127.88516,36.35372],[127.88505,36.35246],[127.88528,36.35074],[127.88551,36.35016],[127.88512,36.34911],[127.88371,36.34905],[127.88278,36.34774],[127.88286,36.34683],[127.88261,36.34592],[127.88134,36.34507],[127.88042,36.34536],[127.87933,36.34495],[127.87706,36.34568],[127.87599,36.34533],[127.87545,36.34559],[127.87461,36.34504],[127.87363,36.34511],[127.87194,36.3441],[127.87015,36.34349],[127.87068,36.34227],[127.87063,36.34144],[127.87021,36.34105],[127.86978,36.33955],[127.86899,36.33928],[127.86826,36.3385],[127.86781,36.33729],[127.86695,36.33703],[127.86596,36.33703],[127.86579,36.33567],[127.86431,36.33536],[127.86243,36.33627],[127.86153,36.33552],[127.86181,36.33449],[127.86189,36.33308],[127.86035,36.33369],[127.85931,36.33319],[127.8583,36.33245],[127.85686,36.33193],[127.8567,36.33128],[127.8546,36.33064],[127.85372,36.33165],[127.85273,36.33147],[127.85203,36.33041],[127.85256,36.32963],[127.85186,36.32891],[127.85216,36.32816],[127.85202,36.32734],[127.85123,36.32673],[127.85124,36.32525],[127.85151,36.32401],[127.85087,36.322],[127.85084,36.32124],[127.85039,36.32025],[127.84919,36.31976],[127.84885,36.31896],[127.84661,36.31804],[127.84577,36.31812],[127.84532,36.31638],[127.84424,36.31505],[127.84468,36.31382],[127.84465,36.31335],[127.84282,36.31207],[127.84148,36.31],[127.84157,36.30821],[127.84266,36.30738],[127.84328,36.30614],[127.84447,36.30542],[127.84516,36.30438],[127.84508,36.3032],[127.84686,36.30076],[127.84693,36.29972],[127.84653,36.29894],[127.84647,36.2978],[127.84581,36.2968],[127.84581,36.29558],[127.84559,36.29483],[127.84622,36.29248],[127.84679,36.29137],[127.84918,36.2888],[127.84916,36.28801],[127.84948,36.28646],[127.84942,36.28565],[127.85027,36.2835],[127.85024,36.2821],[127.84952,36.28119],[127.85077,36.27844],[127.85059,36.27693],[127.8514,36.27546],[127.85099,36.27446],[127.85232,36.27383],[127.85291,36.27388],[127.85377,36.27454],[127.85539,36.27529],[127.85639,36.27542],[127.85796,36.27603],[127.86008,36.27646],[127.86086,36.27706],[127.86325,36.2763],[127.86484,36.27563],[127.86609,36.27629],[127.86739,36.2766],[127.86824,36.27634],[127.87045,36.27658],[127.87378,36.27609],[127.87643,36.27579],[127.87971,36.27485],[127.88264,36.27375],[127.88321,36.27493],[127.8836,36.27642],[127.88485,36.27839],[127.88585,36.2802],[127.88683,36.28371],[127.88744,36.28438],[127.88813,36.2862],[127.88871,36.28736],[127.88991,36.28924],[127.8904,36.28955],[127.89112,36.2906],[127.89175,36.29112],[127.8921,36.29193],[127.89357,36.29265],[127.89477,36.29371],[127.89574,36.29497],[127.89624,36.29515],[127.89711,36.29634],[127.89846,36.29758],[127.89973,36.29843],[127.90157,36.30005],[127.90337,36.30131],[127.90428,36.30145],[127.90521,36.29991],[127.90563,36.2986],[127.90544,36.297],[127.90611,36.29531],[127.90637,36.29269],[127.90557,36.29122],[127.90712,36.28649],[127.90811,36.28551],[127.90969,36.28436],[127.91153,36.28319],[127.91267,36.28294],[127.9155,36.28187],[127.91843,36.28022],[127.92124,36.27957],[127.92353,36.27871],[127.92553,36.27952],[127.92648,36.27868],[127.92947,36.27816],[127.93091,36.27801],[127.93194,36.27673],[127.93266,36.27674],[127.93378,36.27592],[127.93399,36.2743],[127.93468,36.27225],[127.9353,36.27221],[127.93655,36.2712],[127.93693,36.27111],[127.93714,36.27004],[127.93793,36.26906],[127.93872,36.26885],[127.93958,36.2681],[127.94225,36.26729],[127.9428,36.26673],[127.9449,36.26723],[127.94578,36.26703],[127.94736,36.26723],[127.94787,36.26627],[127.94774,36.26494],[127.94848,36.26313],[127.94816,36.26229],[127.94839,36.26096],[127.94864,36.26063],[127.94863,36.25934],[127.94825,36.25871],[127.94834,36.25748],[127.94925,36.25665],[127.95149,36.25687],[127.95257,36.25682],[127.95309,36.25714],[127.95462,36.25721],[127.95541,36.25674],[127.95631,36.25545],[127.95735,36.25512],[127.95794,36.25412],[127.95945,36.25327],[127.96017,36.25237],[127.96248,36.25206],[127.96482,36.25318],[127.9658,36.25187],[127.96812,36.25033],[127.97056,36.2504],[127.97159,36.25145],[127.97199,36.25213],[127.97304,36.25258],[127.97461,36.25295],[127.97832,36.25459],[127.97864,36.25608],[127.97792,36.25664],[127.97796,36.25731],[127.97672,36.25929],[127.97787,36.26081],[127.97868,36.26092],[127.98001,36.26247],[127.98119,36.26365],[127.98393,36.26284],[127.98626,36.26305],[127.98708,36.26373],[127.98777,36.26385],[127.98919,36.2633],[127.99053,36.26338],[127.99172,36.26415],[127.99186,36.26524],[127.99262,36.26554],[127.9928,36.26615],[127.99407,36.26726],[127.99553,36.26768],[127.99628,36.26813],[127.99752,36.26799],[127.9984,36.26841],[128.00048,36.26644],[128.00123,36.26681],[128.00163,36.26745],[128.00249,36.26762],[128.00422,36.26898],[128.00469,36.26995],[128.00553,36.26991],[128.00671,36.27064],[128.00758,36.27087],[128.00829,36.27171],[128.00907,36.27201],[128.01032,36.27215],[128.01134,36.27195],[128.01257,36.27092],[128.01312,36.27078],[128.01517,36.26943],[128.0156,36.2683],[128.01714,36.26781],[128.01815,36.26775],[128.01903,36.26729],[128.02107,36.26731],[128.02394,36.26781],[128.02524,36.26771],[128.02622,36.2679],[128.02692,36.26535],[128.02814,36.26476],[128.02897,36.26499],[128.03022,36.2643],[128.03114,36.26312],[128.03133,36.262],[128.0323,36.26192],[128.03374,36.26153],[128.0361,36.26033],[128.03741,36.26013],[128.03963,36.25922],[128.04078,36.25859],[128.0436,36.2584],[128.0464,36.25677],[128.04735,36.25655],[128.04685,36.25478],[128.04608,36.25369],[128.04543,36.2519],[128.04268,36.2523],[128.04026,36.25203],[128.0384,36.24936],[128.03815,36.24837],[128.03768,36.24766],[128.03549,36.24613],[128.03581,36.24468],[128.03566,36.24347],[128.03504,36.24328],[128.03398,36.24233],[128.03368,36.24175],[128.03226,36.24153],[128.03105,36.24093],[128.0299,36.24001],[128.03072,36.23972],[128.03112,36.23863],[128.0312,36.23774],[128.03177,36.23717],[128.03161,36.23645],[128.03224,36.23608],[128.0329,36.23527],[128.03313,36.23371],[128.03401,36.23302],[128.0353,36.23263],[128.03584,36.23165],[128.03667,36.2312],[128.03656,36.23041],[128.03682,36.22972],[128.03806,36.22953],[128.03934,36.22868],[128.03957,36.22771],[128.03927,36.22659],[128.03948,36.22557],[128.04046,36.22468],[128.03983,36.22412],[128.03995,36.22352],[128.03913,36.2229],[128.039,36.22218],[128.03951,36.22134],[128.04025,36.2209],[128.04047,36.22002],[128.04129,36.21915],[128.04222,36.21755],[128.04616,36.21666],[128.04758,36.21614],[128.04944,36.2166],[128.05009,36.21646],[128.05031,36.21469],[128.04979,36.21345],[128.04985,36.21149],[128.04935,36.21073],[128.05022,36.20825],[128.05061,36.20776],[128.05041,36.20728],[128.05079,36.206],[128.05183,36.2051],[128.05321,36.20461],[128.05494,36.20302],[128.05627,36.20208],[128.05785,36.20209],[128.05815,36.20125],[128.05738,36.20081],[128.05551,36.20108],[128.05481,36.20046],[128.05345,36.20047],[128.0529,36.20082],[128.05167,36.20016],[128.05069,36.19986],[128.04991,36.19905],[128.04869,36.19895],[128.04754,36.1983],[128.04632,36.19673],[128.04447,36.19595],[128.04299,36.19601],[128.04237,36.19653],[128.04158,36.19537],[128.04078,36.19463],[128.04002,36.19444],[128.03944,36.19468],[128.03863,36.19416],[128.03741,36.19592],[128.03667,36.19655],[128.03625,36.19775],[128.03481,36.19831],[128.03435,36.19926],[128.03328,36.20018],[128.03176,36.20032],[128.03173,36.20102],[128.03041,36.20205],[128.02961,36.20243],[128.02803,36.20255],[128.0272,36.20462],[128.02668,36.20519],[128.02425,36.20625],[128.02405,36.20665],[128.02261,36.20692],[128.02117,36.20768],[128.01993,36.20801],[128.01816,36.20825],[128.01602,36.20869],[128.01547,36.20836],[128.01408,36.20873],[128.01351,36.20913],[128.01198,36.20867],[128.00975,36.20936],[128.00782,36.20812],[128.00637,36.20732],[128.00459,36.20725],[128.00302,36.20773],[128.00254,36.20715],[128.00174,36.20723],[128.00005,36.20693],[127.99878,36.20747],[127.99845,36.2073],[127.99796,36.20621],[127.99674,36.20586],[127.9959,36.20533],[127.99555,36.20473],[127.99475,36.20421],[127.99441,36.20293],[127.99311,36.20155],[127.99335,36.20092],[127.99304,36.20003],[127.99203,36.19978],[127.98921,36.19957],[127.98753,36.20083],[127.98635,36.20108],[127.98447,36.20118],[127.9841,36.2005],[127.98243,36.19945],[127.98043,36.1986],[127.97802,36.19811],[127.97855,36.19708],[127.97991,36.19593],[127.9812,36.19629],[127.9812,36.19588],[127.98042,36.19517],[127.97876,36.19323],[127.97738,36.19233],[127.97626,36.19205],[127.97649,36.19091],[127.97617,36.18842],[127.97533,36.18771],[127.97623,36.18687],[127.97725,36.18531],[127.97877,36.18406],[127.97917,36.18309],[127.98018,36.18264],[127.98032,36.18129],[127.98083,36.18061],[127.98085,36.18],[127.98134,36.17913],[127.98214,36.17884],[127.98278,36.17821],[127.98413,36.17817],[127.98407,36.17701],[127.98322,36.17509],[127.98263,36.17464],[127.98302,36.17405],[127.98236,36.17217],[127.9826,36.17056],[127.98295,36.16988],[127.98416,36.16948],[127.98462,36.16887],[127.98653,36.16781],[127.98656,36.1671],[127.98926,36.16588],[127.99018,36.16567],[127.98967,36.16481],[127.9896,36.16334],[127.98999,36.16257],[127.99046,36.1608],[127.99048,36.15888],[127.991,36.15842],[127.99268,36.15821],[127.99336,36.15746],[127.99482,36.15747],[127.99673,36.15621],[127.9972,36.15547],[127.99503,36.15312],[127.99449,36.15309],[127.99337,36.15252],[127.99338,36.15186],[127.99218,36.15186],[127.99077,36.15142],[127.99047,36.15096],[127.99084,36.15014],[127.9898,36.14903],[127.98833,36.14826],[127.98748,36.14738],[127.98781,36.14667],[127.98798,36.14499],[127.98917,36.14397],[127.98791,36.14228],[127.98788,36.1415],[127.98729,36.14087],[127.98737,36.13961],[127.98797,36.13831],[127.98739,36.13775],[127.98735,36.13675],[127.98772,36.13649],[127.98827,36.13508],[127.98821,36.13462],[127.98869,36.13394],[127.98885,36.13266],[127.98833,36.13235],[127.98773,36.13133],[127.98846,36.13036],[127.98778,36.12882],[127.98686,36.12805],[127.98407,36.1277],[127.9809,36.12535],[127.9786,36.12521],[127.9779,36.12443],[127.97711,36.1231],[127.97606,36.1226],[127.97427,36.12229],[127.97298,36.12187],[127.97016,36.12188],[127.96968,36.12079],[127.96772,36.11921],[127.9668,36.11806],[127.96652,36.11683],[127.9667,36.11539],[127.9652,36.11283],[127.96575,36.11189],[127.96549,36.11066],[127.96576,36.10979],[127.96795,36.10728],[127.96898,36.10435],[127.96869,36.10313],[127.96791,36.10185],[127.96665,36.10026],[127.96489,36.09862],[127.96504,36.0972],[127.96463,36.09555],[127.96224,36.09509],[127.96077,36.09455],[127.95971,36.09451],[127.95961,36.0924],[127.95858,36.0909],[127.95873,36.08753],[127.95935,36.086],[127.96083,36.08562],[127.96079,36.08495],[127.96117,36.08387],[127.96105,36.08314],[127.96169,36.08298],[127.9614,36.08037],[127.96094,36.07964],[127.96114,36.07836],[127.96183,36.07717],[127.96182,36.07582],[127.96097,36.07399],[127.96117,36.07296],[127.96087,36.07034],[127.95872,36.06949],[127.95775,36.06923],[127.9546,36.06727],[127.9529,36.06572],[127.95197,36.06471],[127.95222,36.06374],[127.95192,36.06295],[127.9514,36.06246],[127.9508,36.061],[127.94989,36.05972],[127.94768,36.05862],[127.94719,36.05718],[127.94518,36.05679],[127.94384,36.05625],[127.94154,36.05472],[127.93935,36.05298],[127.93629,36.05108],[127.93517,36.0511],[127.93346,36.05081],[127.93198,36.05028],[127.93018,36.04944],[127.92856,36.05012],[127.92772,36.05123],[127.92636,36.0518],[127.9252,36.05284],[127.92393,36.05293],[127.92279,36.05323],[127.92058,36.0541],[127.91959,36.05369],[127.91757,36.05403],[127.91634,36.05447],[127.9152,36.0532],[127.91392,36.05224],[127.9131,36.0513],[127.91179,36.05047],[127.91043,36.05065],[127.90909,36.0497],[127.90797,36.04832],[127.90795,36.048],[127.90612,36.04668],[127.90516,36.045],[127.90351,36.04342],[127.90362,36.04234],[127.90335,36.04198],[127.90329,36.04055],[127.90303,36.03937],[127.90269,36.0391],[127.89951,36.03827],[127.89753,36.03803],[127.89717,36.03735],[127.89549,36.03734],[127.89384,36.03765],[127.89156,36.03603],[127.88996,36.03573],[127.88854,36.03485],[127.88752,36.03469],[127.8862,36.03572],[127.88484,36.03589],[127.88491,36.03344],[127.88344,36.03234],[127.88337,36.02941],[127.88346,36.02806],[127.88059,36.02525],[127.87731,36.02341],[127.87677,36.02251],[127.87636,36.02109],[127.87627,36.01973],[127.87588,36.01915],[127.87584,36.01798],[127.87545,36.01721],[127.87527,36.01594],[127.87542,36.01484],[127.87579,36.01405],[127.87594,36.01248],[127.87577,36.01163],[127.87591,36.0105],[127.8757,36.00894],[127.87638,36.00733],[127.87682,36.00682],[127.87795,36.00631],[127.87815,36.00443],[127.87864,36.0025],[127.87827,36.00102],[127.87731,36.00073],[127.87632,36.00017],[127.87586,35.99919],[127.87549,35.99698],[127.87744,35.99564],[127.87886,35.99495],[127.87969,35.99411],[127.88107,35.99419],[127.8827,35.99348],[127.88402,35.99254],[127.88644,35.99223],[127.88697,35.99127],[127.88771,35.99061],[127.88864,35.99011],[127.89131,35.98782],[127.89207,35.98756],[127.89322,35.98678],[127.89416,35.98543],[127.89415,35.98464],[127.89299,35.9843],[127.8917,35.98331],[127.89079,35.98178],[127.88994,35.98097],[127.88961,35.97966],[127.89236,35.97856],[127.89512,35.97842],[127.89635,35.97766],[127.89685,35.97559],[127.89692,35.97406],[127.8963,35.97263],[127.89645,35.97158],[127.89752,35.97076],[127.89847,35.96857],[127.89959,35.96794],[127.90015,35.96656],[127.90022,35.96432],[127.89982,35.96297],[127.90011,35.96225],[127.90145,35.96154],[127.90162,35.96061],[127.90202,35.96009],[127.9018,35.95813],[127.90227,35.9569],[127.90346,35.95631],[127.90358,35.95461],[127.90395,35.95409],[127.90559,35.95392],[127.90648,35.95366],[127.90719,35.95256],[127.90776,35.95218],[127.91008,35.95123],[127.91042,35.95023],[127.91137,35.94918],[127.91012,35.94592],[127.90946,35.94513],[127.90825,35.94448],[127.90798,35.94382],[127.90859,35.9416],[127.90778,35.94102],[127.90633,35.94077],[127.90572,35.94044],[127.9042,35.94005],[127.90197,35.93888],[127.90064,35.93843],[127.89994,35.93787],[127.89896,35.9376],[127.89726,35.93642],[127.89656,35.93571],[127.89568,35.93419],[127.89477,35.93401],[127.89332,35.93311],[127.89183,35.93236],[127.88996,35.93185],[127.88782,35.93177],[127.88607,35.93158],[127.88531,35.9313],[127.88321,35.93001],[127.88224,35.92888],[127.88228,35.9273],[127.88364,35.9248],[127.88311,35.92224],[127.88276,35.92115],[127.88221,35.92044],[127.88253,35.91924],[127.88438,35.91741],[127.8857,35.91645],[127.88807,35.91495],[127.88781,35.91317],[127.88786,35.91206],[127.88574,35.91081],[127.88506,35.90961],[127.8847,35.90761],[127.88313,35.90586],[127.88299,35.90517],[127.88219,35.90319],[127.88402,35.90131],[127.88377,35.89996],[127.88273,35.89904],[127.88309,35.89817],[127.88444,35.89788],[127.88463,35.89716],[127.88429,35.89582],[127.88504,35.89536],[127.88454,35.89449],[127.88478,35.89311],[127.88648,35.89308],[127.88692,35.89265],[127.88824,35.89235],[127.88949,35.8911],[127.89081,35.89035],[127.89116,35.88936],[127.89314,35.88708],[127.89425,35.88691],[127.89506,35.8874],[127.89806,35.88782],[127.89921,35.88772],[127.89969,35.88714],[127.90114,35.88756],[127.90159,35.88873],[127.90218,35.88923],[127.90236,35.89038],[127.90277,35.89068],[127.90523,35.89045],[127.90575,35.88983],[127.90667,35.88928],[127.90926,35.88987],[127.91082,35.88974],[127.912,35.88984],[127.9121,35.89048],[127.91307,35.89074],[127.91384,35.89066],[127.91547,35.89156],[127.91585,35.89213],[127.91698,35.89209],[127.9195,35.89317],[127.91978,35.89243],[127.9187,35.89145],[127.91852,35.89038],[127.91907,35.88948],[127.91984,35.88881],[127.92099,35.88689],[127.92202,35.88557],[127.92217,35.88465],[127.92287,35.88258],[127.92403,35.88196],[127.9255,35.88188],[127.92605,35.88122],[127.92721,35.8815],[127.92808,35.88127],[127.92879,35.88064],[127.92926,35.87943],[127.93022,35.87863],[127.92996,35.878],[127.92873,35.87768],[127.92842,35.87677],[127.92913,35.8753],[127.92915,35.87439],[127.9299,35.87371],[127.92925,35.87264],[127.92948,35.87194],[127.92896,35.87126],[127.92879,35.87035],[127.92943,35.86983],[127.93009,35.86872],[127.9308,35.86862],[127.93173,35.86801],[127.93183,35.86711],[127.93284,35.86547],[127.93321,35.86424],[127.93298,35.86327],[127.93194,35.86162],[127.93191,35.85967],[127.93134,35.85899],[127.93037,35.85881],[127.92925,35.858],[127.92806,35.85805],[127.9272,35.85843],[127.92579,35.85698],[127.92554,35.85645],[127.92578,35.85562],[127.92817,35.8559],[127.92889,35.85634],[127.93035,35.85637],[127.93114,35.85585],[127.93305,35.85569],[127.93416,35.85502],[127.93476,35.85508],[127.93576,35.85453],[127.93762,35.85523],[127.93872,35.85517],[127.94224,35.85454],[127.94369,35.85521],[127.94475,35.8559],[127.94506,35.85693],[127.94543,35.85718],[127.9458,35.85813],[127.94656,35.85884],[127.94705,35.85972],[127.94864,35.8599],[127.95011,35.86167],[127.95118,35.86164],[127.95155,35.86114],[127.95238,35.86112],[127.95286,35.86066],[127.95423,35.86062],[127.95535,35.8608],[127.95663,35.86063],[127.9575,35.86021],[127.95963,35.8603],[127.96029,35.85978],[127.96025,35.85932],[127.96072,35.85797],[127.96115,35.85766],[127.96127,35.85625],[127.96214,35.85587],[127.96255,35.85537],[127.9646,35.85493],[127.96674,35.85496],[127.96858,35.85394],[127.96949,35.8531],[127.97111,35.85234],[127.97319,35.85205],[127.97398,35.85207],[127.97539,35.8528],[127.97635,35.85363],[127.97672,35.85434],[127.97785,35.85565],[127.9802,35.85782],[127.98175,35.85874],[127.98264,35.85782],[127.98422,35.85764],[127.98434,35.8569],[127.9853,35.85503],[127.98596,35.85462],[127.98651,35.85389],[127.9865,35.85199],[127.98735,35.85099],[127.98937,35.84829],[127.99033,35.84773],[127.99092,35.84669],[127.99077,35.84584],[127.99251,35.84316],[127.9929,35.84317],[127.9935,35.84207],[127.99469,35.84083],[127.99592,35.84004],[127.99648,35.83764],[127.99699,35.83705],[127.99912,35.83617],[128.00174,35.83575],[128.00219,35.83543],[128.00404,35.83512],[128.00425,35.83464],[128.00507,35.83407],[128.00589,35.83394],[128.00682,35.83305],[128.00727,35.83178],[128.00795,35.83079],[128.01031,35.82946],[128.01178,35.82893],[128.01223,35.82988],[128.01425,35.83032],[128.01498,35.83112],[128.0166,35.83183],[128.01751,35.83252],[128.01909,35.83274],[128.02161,35.83352],[128.02234,35.83305],[128.02428,35.83292],[128.02529,35.83322],[128.02689,35.83454],[128.02865,35.83545],[128.02978,35.83565],[128.03146,35.83558],[128.03209,35.83539],[128.034,35.83529],[128.03528,35.83478],[128.03845,35.83405],[128.03947,35.83336],[128.04055,35.83295],[128.04198,35.83199],[128.04343,35.83128],[128.0453,35.83131],[128.04793,35.83018],[128.04966,35.83019],[128.05165,35.82988],[128.05256,35.83109],[128.05308,35.83235],[128.0533,35.83336],[128.05433,35.83371],[128.05487,35.83436],[128.05705,35.83358],[128.05878,35.83369],[128.06013,35.83432],[128.06159,35.83468],[128.06244,35.83648],[128.06476,35.83767],[128.0659,35.83872],[128.06843,35.84016],[128.06895,35.84027],[128.06979,35.8412],[128.07095,35.84077],[128.07216,35.83978],[128.07315,35.83978],[128.07421,35.83896],[128.07595,35.83945],[128.07736,35.83966],[128.07836,35.8389],[128.07909,35.83883],[128.07998,35.83815],[128.08229,35.8375],[128.08331,35.83693],[128.0844,35.837],[128.08447,35.83605],[128.08557,35.83485],[128.08585,35.8337],[128.08627,35.833],[128.08782,35.83212],[128.08931,35.83156],[128.09003,35.83097],[128.09112,35.83056],[128.09265,35.83124],[128.09302,35.83175],[128.09478,35.83226],[128.09596,35.83227],[128.09701,35.83202],[128.09899,35.83032],[128.09984,35.82994],[128.10185,35.82949],[128.10231,35.82915],[128.10351,35.82915],[128.10401,35.8286],[128.1054,35.82814],[128.10849,35.82555],[128.1093,35.82464],[128.11092,35.82388],[128.11568,35.82348],[128.11703,35.82347],[128.11937,35.8249],[128.12085,35.82314],[128.12309,35.8224],[128.12399,35.82004],[128.12455,35.81944],[128.12393,35.81869],[128.12334,35.81608],[128.12254,35.81442],[128.12315,35.81427],[128.12366,35.81286],[128.12194,35.8118],[128.12207,35.81025],[128.12164,35.80915],[128.12203,35.80724],[128.1234,35.80561],[128.12307,35.80541],[128.12283,35.80417],[128.1219,35.80349],[128.12243,35.80304],[128.12294,35.80156],[128.12382,35.80135],[128.12457,35.80086],[128.12436,35.80044],[128.12487,35.79927],[128.12622,35.7973],[128.12687,35.79693],[128.127,35.79615],[128.12789,35.79494],[128.12872,35.79429],[128.12846,35.79301],[128.1288,35.79062],[128.12863,35.78934],[128.1299,35.78927],[128.13052,35.789],[128.13221,35.78783],[128.13465,35.78593],[128.13578,35.78484],[128.13753,35.78426],[128.13956,35.78412],[128.14041,35.78452],[128.1418,35.78435],[128.14379,35.78478],[128.14487,35.78488],[128.14612,35.78439],[128.14669,35.78446],[128.14797,35.78401],[128.14896,35.78415],[128.15027,35.78505],[128.15235,35.7859],[128.15437,35.78645],[128.15478,35.78526],[128.1559,35.78462],[128.15739,35.78444],[128.15904,35.78367],[128.15807,35.78146],[128.15884,35.78053],[128.15894,35.78007],[128.16044,35.77833],[128.16155,35.77821],[128.16288,35.77778],[128.16351,35.77701],[128.16307,35.77565],[128.16293,35.77451],[128.16226,35.77298],[128.16193,35.77171],[128.16167,35.77153],[128.16153,35.77001],[128.16261,35.76729],[128.16364,35.76591],[128.16374,35.76504],[128.16315,35.76423],[128.16342,35.76373],[128.16317,35.76317],[128.165,35.76349],[128.16667,35.7626],[128.16823,35.76203],[128.16954,35.76053],[128.17058,35.76043],[128.17138,35.75967],[128.17252,35.75914],[128.17339,35.75897],[128.17588,35.75812],[128.17722,35.75781],[128.17879,35.75718],[128.17918,35.75671],[128.18073,35.75611],[128.18255,35.7547],[128.18463,35.75407],[128.18611,35.75384],[128.18728,35.7533],[128.18928,35.75176],[128.18852,35.74967],[128.19064,35.74761],[128.19089,35.74693],[128.19144,35.74442],[128.19179,35.74373],[128.19262,35.7413],[128.19344,35.73971],[128.19347,35.73839],[128.19378,35.73798],[128.19509,35.73795],[128.19589,35.73724],[128.19671,35.73691],[128.19809,35.73606],[128.19796,35.7339],[128.19661,35.73146],[128.19663,35.73038],[128.19829,35.72856],[128.19868,35.72763],[128.19897,35.72624],[128.19949,35.72593],[128.20073,35.72359],[128.20125,35.72316],[128.20073,35.72211],[128.19996,35.72128],[128.1994,35.72029],[128.20151,35.71997],[128.20197,35.71917],[128.20153,35.71867],[128.20226,35.7176],[128.20188,35.71704],[128.20206,35.71629],[128.20194,35.7143],[128.20247,35.71334],[128.2025,35.71192],[128.20176,35.71062],[128.2009,35.71031],[128.20025,35.70931],[128.2004,35.7075],[128.20084,35.7064],[128.20153,35.7057],[128.20151,35.70516],[128.20278,35.70385],[128.20331,35.70304],[128.20363,35.70077],[128.20396,35.70006],[128.20374,35.69896],[128.20438,35.69749],[128.20436,35.69657],[128.20355,35.69533],[128.20312,35.69435],[128.20246,35.69369],[128.20241,35.69241],[128.20217,35.69162],[128.20408,35.68919],[128.20422,35.68851],[128.20365,35.68729],[128.2037,35.68636],[128.20482,35.68392],[128.20211,35.68373],[128.2014,35.68427],[128.1993,35.68451],[128.19846,35.68425],[128.19839,35.68339],[128.1977,35.68323],[128.19823,35.68233],[128.19664,35.68143],[128.19479,35.68111],[128.19249,35.68187],[128.19212,35.67947],[128.19131,35.67878],[128.18867,35.68016],[128.18722,35.67965],[128.18414,35.68005],[128.18386,35.67674],[128.1823,35.67636],[128.18222,35.67568],[128.18107,35.67533],[128.1793,35.67302],[128.17888,35.67293],[128.1763,35.67404],[128.17569,35.67417],[128.17474,35.67382],[128.17413,35.67329],[128.17319,35.67297],[128.16854,35.67371],[128.16703,35.67382],[128.1666,35.67409],[128.16482,35.67348],[128.16392,35.67346],[128.16293,35.67222],[128.16233,35.67201],[128.16243,35.67082],[128.16213,35.66947],[128.16122,35.66879],[128.16009,35.6675],[128.15986,35.66571],[128.16083,35.66409],[128.16139,35.66156],[128.16117,35.66059],[128.16166,35.65978],[128.16103,35.65932],[128.15953,35.65753],[128.15933,35.65677],[128.16022,35.65522],[128.16018,35.65488],[128.1615,35.65379],[128.16389,35.65307],[128.16589,35.65299],[128.1674,35.6537],[128.16788,35.65373],[128.17066,35.65448],[128.17127,35.65432],[128.17298,35.65485],[128.17512,35.65589],[128.1768,35.65695],[128.1771,35.65678],[128.17961,35.65704],[128.18129,35.65687],[128.18524,35.65767],[128.18877,35.65645],[128.19174,35.65494],[128.19273,35.65391],[128.19301,35.6533],[128.19388,35.65286],[128.19581,35.65089],[128.197,35.6508],[128.19806,35.64969],[128.19887,35.64915],[128.19967,35.64766],[128.19995,35.64663],[128.19986,35.64559],[128.20044,35.64461],[128.20123,35.64372],[128.20365,35.6435],[128.20436,35.64371],[128.20636,35.64376],[128.20812,35.64337],[128.2085,35.64367],[128.21039,35.64379],[128.21071,35.64301],[128.21124,35.64254],[128.21179,35.64135],[128.21386,35.64078],[128.21542,35.64099],[128.21747,35.64099],[128.2184,35.64051],[128.22018,35.63999],[128.22092,35.64014],[128.2219,35.64075],[128.22358,35.64112],[128.22654,35.64154],[128.2275,35.64091],[128.22915,35.63956],[128.23061,35.63957],[128.23186,35.64011],[128.23252,35.63988],[128.23408,35.63993],[128.23573,35.64044],[128.23767,35.6437],[128.23774,35.64457],[128.23708,35.64658],[128.23651,35.64738],[128.23685,35.64802],[128.23654,35.6493],[128.23636,35.65108],[128.23776,35.65188],[128.24023,35.65208],[128.24125,35.65325],[128.24107,35.65416],[128.24184,35.65512],[128.24351,35.65545],[128.24444,35.65543],[128.24543,35.65407],[128.24828,35.65231],[128.24988,35.65119],[128.25068,35.65123],[128.25144,35.65071],[128.25224,35.65074],[128.25383,35.64957],[128.25642,35.64867],[128.25864,35.6478],[128.25955,35.64702],[128.26012,35.64615],[128.26164,35.64341],[128.26234,35.64274],[128.26381,35.64339],[128.2643,35.64415],[128.26698,35.64519],[128.27039,35.64565],[128.27204,35.64683],[128.27415,35.64692],[128.27542,35.64673],[128.27679,35.64697],[128.27736,35.64729],[128.27826,35.64869],[128.2778,35.65031],[128.27856,35.6517],[128.27949,35.65231],[128.28123,35.65251],[128.28207,35.65226],[128.28438,35.65246],[128.28632,35.6523],[128.28814,35.65246],[128.28995,35.65222],[128.2918,35.65156],[128.29301,35.65086],[128.29492,35.65101],[128.29625,35.65073],[128.297,35.6521],[128.29766,35.6543],[128.29779,35.65531],[128.29728,35.65632],[128.29905,35.65611],[128.29978,35.65576],[128.30149,35.65537],[128.30301,35.65479],[128.30398,35.65489],[128.30466,35.65535],[128.30599,35.65548],[128.30899,35.65438],[128.30988,35.65429],[128.31352,35.65304],[128.31624,35.65154],[128.31791,35.65149],[128.31926,35.65079],[128.32017,35.65005],[128.32102,35.6487],[128.32192,35.64832],[128.32404,35.64661],[128.32678,35.64684],[128.3281,35.64754],[128.32862,35.6481],[128.32954,35.64853],[128.33217,35.64756],[128.33481,35.64709],[128.33592,35.64632],[128.33644,35.64622],[128.33697,35.64525],[128.33782,35.64481],[128.33923,35.64464],[128.34168,35.64482],[128.34244,35.64625],[128.34373,35.64628],[128.34447,35.64607],[128.34551,35.64612],[128.3465,35.64577],[128.34771,35.64601],[128.34784,35.6463],[128.34917,35.64645],[128.35214,35.64458],[128.35309,35.64373],[128.35476,35.64181],[128.35692,35.63894],[128.35794,35.63736],[128.36043,35.63247],[128.36193,35.62893],[128.36277,35.626],[128.36321,35.62238],[128.3636,35.62025],[128.36371,35.61853],[128.36424,35.61495],[128.36463,35.61336],[128.3656,35.61339],[128.37175,35.61088],[128.37341,35.61249],[128.37841,35.61365],[128.38339,35.61587],[128.38838,35.61793],[128.38965,35.61922],[128.39224,35.62253],[128.39331,35.62325],[128.39527,35.62584],[128.3972,35.62914],[128.39821,35.63011],[128.40125,35.63273],[128.40195,35.63574],[128.40146,35.63902],[128.40047,35.64228],[128.40004,35.64555],[128.39791,35.64881],[128.39227,35.65345],[128.38887,35.65527],[128.38774,35.65625],[128.38369,35.65849],[128.38267,35.65954],[128.37809,35.66262],[128.37474,35.66494],[128.37251,35.66662],[128.37076,35.66818],[128.36741,35.67141],[128.36232,35.67557],[128.35993,35.67859],[128.35719,35.6822],[128.35595,35.6844],[128.35457,35.68766],[128.3533,35.69092],[128.35229,35.69419],[128.35155,35.69746],[128.35148,35.69943],[128.3518,35.70402],[128.35534,35.70733],[128.3579,35.70854],[128.35888,35.7087],[128.36177,35.70823],[128.36499,35.70744],[128.36682,35.70669],[128.37208,35.7051],[128.37692,35.70306],[128.38197,35.70155],[128.38724,35.7013],[128.39203,35.70094],[128.39706,35.70022],[128.40715,35.69743],[128.4122,35.69584],[128.41541,35.69603],[128.41721,35.69644],[128.41911,35.69639],[128.42222,35.69727],[128.42321,35.69774],[128.42546,35.69923],[128.42777,35.70157],[128.43215,35.70489],[128.43313,35.70588],[128.43398,35.70707],[128.43459,35.70927],[128.43482,35.71054],[128.43489,35.71476],[128.43386,35.7213],[128.43321,35.72333],[128.43182,35.7256],[128.42842,35.7278],[128.42389,35.73103],[128.42165,35.73313],[128.41941,35.73426],[128.41658,35.7359],[128.41151,35.73856],[128.40645,35.74067],[128.40138,35.74335],[128.39632,35.74531],[128.39324,35.74708],[128.39125,35.74835],[128.38773,35.75358],[128.38481,35.75682],[128.38368,35.7579],[128.38329,35.75859],[128.38347,35.76009],[128.38439,35.76161],[128.38597,35.76339],[128.38769,35.76669],[128.38963,35.76999],[128.39212,35.77329],[128.3958,35.77661],[128.3969,35.77768],[128.39759,35.77865],[128.39881,35.781],[128.39939,35.7832],[128.40068,35.7865],[128.40246,35.78979],[128.40468,35.79309],[128.40629,35.79639],[128.40812,35.79921],[128.41055,35.79935],[128.41074,35.80109],[128.41244,35.80282],[128.41577,35.80281],[128.41579,35.80609],[128.42029,35.80608],[128.42082,35.8063],[128.42083,35.80935],[128.44095,35.80929],[128.44103,35.80602],[128.45747,35.80596],[128.46041,35.80627],[128.46167,35.80585],[128.46336,35.80606],[128.46382,35.80594],[128.47043,35.80592],[128.47219,35.80648],[128.47388,35.80718],[128.47279,35.80898],[128.47326,35.80919],[128.4779,35.81235],[128.48154,35.81601],[128.48272,35.81552],[128.48295,35.81801],[128.48307,35.82114],[128.48296,35.82301],[128.48246,35.826],[128.48146,35.82875],[128.48122,35.83009],[128.47416,35.83254],[128.47255,35.83361],[128.46869,35.83846],[128.46875,35.83955],[128.4666,35.83973],[128.46036,35.84161],[128.45543,35.84416],[128.45,35.84666],[128.44472,35.84792],[128.43618,35.84833],[128.43077,35.84972],[128.41918,35.85055],[128.41598,35.85176],[128.41096,35.85189],[128.3996,35.85194],[128.39457,35.85206],[128.38953,35.85201],[128.38759,35.85241],[128.38654,35.85131],[128.3855,35.8523],[128.38351,35.85283],[128.38351,35.85568],[128.38371,35.85659],[128.38344,35.85777],[128.38354,35.85874],[128.38348,35.86091],[128.38359,35.86255],[128.38421,35.86566],[128.38535,35.86799],[128.38575,35.86857],[128.38717,35.87003],[128.38845,35.87176],[128.38956,35.87464],[128.38971,35.87636],[128.39031,35.87825],[128.39155,35.88057],[128.39265,35.88187],[128.39321,35.88369],[128.39469,35.88726],[128.39517,35.88802],[128.396,35.88986],[128.39756,35.89182],[128.39807,35.89271],[128.39913,35.89632],[128.39897,35.8984],[128.39898,35.89993],[128.40247,35.90048],[128.40415,35.90052],[128.40677,35.90142],[128.40713,35.90072],[128.40839,35.90295],[128.40893,35.90318],[128.40896,35.90378],[128.4097,35.90569],[128.41017,35.90655],[128.41092,35.90708],[128.41179,35.90852],[128.413,35.90917],[128.41361,35.91023],[128.41383,35.91125],[128.41482,35.91235],[128.41647,35.91268],[128.41662,35.91457],[128.41754,35.9161],[128.41829,35.91663],[128.41801,35.9178],[128.41795,35.91915],[128.41822,35.92024],[128.41809,35.92129],[128.41884,35.92143],[128.42027,35.9221],[128.4214,35.92193],[128.42219,35.92249],[128.42378,35.92311],[128.424,35.92409],[128.42456,35.92465],[128.42436,35.92651],[128.4249,35.92804],[128.4265,35.92724],[128.42754,35.92733],[128.42745,35.92801],[128.42802,35.92893],[128.42863,35.92941],[128.43104,35.93053],[128.43195,35.9315],[128.43293,35.931],[128.43573,35.9314],[128.43719,35.93185],[128.43875,35.93152],[128.44013,35.93253],[128.44111,35.93494],[128.44238,35.93528],[128.4428,35.93483],[128.44434,35.93485],[128.44544,35.93533],[128.44835,35.93479],[128.45034,35.93504],[128.45278,35.93662],[128.4528,35.9374],[128.45379,35.93889],[128.45347,35.94007],[128.45384,35.94234],[128.45416,35.94315],[128.45541,35.94283],[128.45607,35.94216],[128.4578,35.94157],[128.4582,35.94122],[128.45987,35.94145],[128.46078,35.94096],[128.46202,35.93996],[128.46268,35.93968],[128.46277,35.93883],[128.46338,35.93869],[128.46538,35.93879],[128.46635,35.93796],[128.46793,35.93853],[128.46959,35.93862],[128.46982,35.93809],[128.471,35.93785],[128.47166,35.93745],[128.47245,35.93737],[128.47276,35.93667],[128.47432,35.93652],[128.47584,35.93547],[128.47642,35.93444],[128.47632,35.93351],[128.47664,35.93205],[128.47618,35.93158],[128.47606,35.93023],[128.4763,35.92991],[128.47617,35.92821],[128.47536,35.92642],[128.47453,35.9257],[128.47441,35.92508],[128.47326,35.92321],[128.47336,35.9212],[128.47376,35.91992],[128.4735,35.918],[128.47397,35.91742],[128.47276,35.91444],[128.47011,35.91211],[128.46942,35.91191],[128.46872,35.91084],[128.46662,35.91019],[128.4654,35.90859],[128.46586,35.9079],[128.46734,35.90642],[128.4676,35.90529],[128.46716,35.90381],[128.46756,35.90303],[128.4676,35.90161],[128.46791,35.90066],[128.46775,35.90022],[128.46838,35.89947],[128.4691,35.89901],[128.46971,35.89811],[128.47077,35.89788],[128.47201,35.89651],[128.47329,35.8955],[128.47527,35.89446],[128.47676,35.89536],[128.47741,35.89606],[128.47848,35.89682],[128.48161,35.89553],[128.48259,35.8952],[128.48326,35.89537],[128.48365,35.89479],[128.48449,35.89434],[128.48512,35.89587],[128.48495,35.89653],[128.48658,35.89641],[128.48798,35.89762],[128.48893,35.89785],[128.48947,35.89757],[128.49062,35.89758],[128.4909,35.89714],[128.49254,35.89615],[128.4925,35.89509],[128.49323,35.89373],[128.49416,35.89242],[128.49472,35.89079],[128.49597,35.88995],[128.49636,35.88923],[128.49897,35.88991],[128.49936,35.88988],[128.50013,35.88843],[128.50034,35.88645],[128.50225,35.88707],[128.50405,35.88856],[128.50459,35.88915],[128.50416,35.88959],[128.50466,35.89174],[128.50463,35.89339],[128.50544,35.8952],[128.50585,35.89668],[128.50544,35.89753],[128.50465,35.89801],[128.50486,35.89933],[128.50597,35.90039],[128.50561,35.90214],[128.50512,35.90281],[128.50574,35.90325],[128.50603,35.90407],[128.50663,35.90471],[128.50691,35.9061],[128.50819,35.90755],[128.50894,35.9079],[128.50966,35.90889],[128.51012,35.90993],[128.51188,35.9104],[128.51346,35.91152],[128.51408,35.91154],[128.51501,35.911],[128.5157,35.91144],[128.5169,35.91184],[128.51714,35.91258],[128.51887,35.9139],[128.52001,35.91545],[128.52233,35.91657],[128.52316,35.91757],[128.52328,35.9196],[128.52452,35.92036],[128.52486,35.9213],[128.5256,35.92201],[128.5258,35.92292],[128.52671,35.92273],[128.52864,35.92367],[128.52946,35.92359],[128.52966,35.92517],[128.53001,35.92567],[128.53022,35.92789],[128.53067,35.92904],[128.5321,35.93101],[128.533,35.93156],[128.53352,35.93245],[128.53375,35.93479],[128.53438,35.93534],[128.53439,35.937],[128.53505,35.93789],[128.53512,35.93849],[128.53471,35.93963],[128.53478,35.94184],[128.53428,35.94232],[128.53408,35.94446],[128.53336,35.94552],[128.53402,35.94608],[128.53353,35.94777],[128.53381,35.94833],[128.53365,35.94918],[128.53301,35.94953],[128.53255,35.95054],[128.53284,35.95153],[128.53322,35.95369],[128.53408,35.95564],[128.53481,35.95838],[128.53348,35.96088],[128.53282,35.96126],[128.53089,35.96156],[128.5305,35.96199],[128.52986,35.96503],[128.52942,35.96594],[128.5292,35.9688],[128.52774,35.9715],[128.52818,35.97324],[128.52769,35.97373],[128.5269,35.97585],[128.52895,35.9772],[128.52895,35.97774],[128.52828,35.97901],[128.52835,35.98035],[128.53124,35.98056],[128.53422,35.97923],[128.53612,35.97944],[128.53728,35.9775],[128.53794,35.97703],[128.53919,35.97657],[128.54042,35.97657],[128.541,35.97597],[128.54282,35.97524],[128.54374,35.97444],[128.54366,35.97317],[128.54566,35.97022],[128.54624,35.96895],[128.54642,35.96754],[128.54634,35.96634],[128.54667,35.96567],[128.54775,35.9648],[128.54858,35.96386],[128.54933,35.96232],[128.55057,35.96246],[128.5509,35.96206],[128.55206,35.96159],[128.55294,35.96089],[128.55347,35.96104],[128.55408,35.96333],[128.55497,35.96489],[128.55558,35.9655],[128.55618,35.96692],[128.5559,35.96841],[128.5562,35.96977],[128.55665,35.96976],[128.55632,35.97107],[128.55637,35.97174],[128.55707,35.97223],[128.55852,35.97275],[128.55961,35.97274],[128.56039,35.97304],[128.56166,35.97253],[128.56349,35.97303],[128.56471,35.97294],[128.56568,35.97373],[128.56567,35.97492],[128.57284,35.97831],[128.5743,35.97782],[128.57856,35.97843],[128.58124,35.97805],[128.58234,35.97825],[128.58331,35.97785],[128.58322,35.97728],[128.5851,35.97796],[128.58736,35.97939],[128.58799,35.97898],[128.59016,35.97924],[128.59087,35.98008],[128.59304,35.98084],[128.59293,35.98336],[128.59612,35.98455],[128.5984,35.98506],[128.6035,35.98601],[128.60336,35.98799],[128.60481,35.98942],[128.60599,35.99081],[128.60651,35.99208],[128.60769,35.99311],[128.60864,35.9936],[128.609,35.99464],[128.60958,35.99508],[128.61022,35.9961],[128.61005,35.99675],[128.61182,35.99796],[128.61252,35.9993],[128.61363,35.99954],[128.61449,35.99997],[128.61572,36.00098],[128.61665,36.00364],[128.61749,36.00674],[128.62052,36.00602],[128.6236,36.00639],[128.62404,36.00746],[128.6261,36.00785],[128.63058,36.00712],[128.63243,36.00814],[128.6339,36.00856],[128.63485,36.00903],[128.63881,36.00924],[128.63996,36.00957],[128.64072,36.01051],[128.63923,36.01287],[128.63726,36.01526],[128.6369,36.01689],[128.63454,36.01856],[128.63153,36.02006],[128.62879,36.02134],[128.62643,36.02188],[128.62463,36.02334],[128.62263,36.02408],[128.62135,36.02524],[128.62175,36.02615],[128.62124,36.02806],[128.62196,36.02987],[128.62188,36.03099],[128.62128,36.03264],[128.62171,36.03392],[128.62258,36.03497],[128.62307,36.03592],[128.62312,36.03661],[128.62259,36.03781],[128.62396,36.03921],[128.62439,36.03996],[128.62612,36.04188],[128.62625,36.04264],[128.62602,36.04366],[128.627,36.04428],[128.62768,36.04498],[128.62791,36.04567],[128.62745,36.04662],[128.62731,36.04759],[128.62778,36.04831],[128.62824,36.04963],[128.62891,36.05074],[128.62889,36.05158],[128.62934,36.05265],[128.62875,36.05319],[128.62921,36.05521],[128.6286,36.05696],[128.62872,36.05795],[128.62829,36.05921],[128.62844,36.05995],[128.62959,36.06023],[128.63059,36.05996],[128.63044,36.06137],[128.63186,36.06362],[128.63194,36.06521],[128.63269,36.06684],[128.63159,36.06766],[128.63075,36.06793],[128.62922,36.06884],[128.62759,36.06901],[128.62768,36.06937],[128.62875,36.07018],[128.62914,36.07112],[128.62831,36.07205],[128.62919,36.07243],[128.63032,36.07354],[128.6315,36.07536],[128.63136,36.07671],[128.63033,36.07758],[128.6285,36.07883],[128.62817,36.07981],[128.62776,36.08016],[128.62609,36.08021],[128.62536,36.08054],[128.62473,36.08014],[128.62464,36.07919],[128.62395,36.07804],[128.6223,36.07732],[128.62067,36.07708],[128.61965,36.07725],[128.61821,36.07694],[128.61727,36.07737],[128.61557,36.0779],[128.61437,36.07718],[128.61303,36.0771],[128.61211,36.07651],[128.60897,36.07658],[128.60714,36.07611],[128.60773,36.07535],[128.60604,36.07562],[128.60373,36.07568],[128.60021,36.07541],[128.59881,36.07498],[128.59788,36.07496],[128.59733,36.07409],[128.59692,36.07191],[128.59696,36.07092],[128.59671,36.07032],[128.59697,36.06873],[128.59759,36.06689],[128.59662,36.06608],[128.59615,36.06603],[128.59544,36.06519],[128.59446,36.06283],[128.59344,36.06297],[128.59226,36.0628],[128.59114,36.06286],[128.58847,36.06344],[128.58811,36.06378],[128.58698,36.06365],[128.58479,36.06664],[128.58347,36.06789],[128.58257,36.0672],[128.58035,36.06671],[128.5801,36.06527],[128.579,36.06384],[128.57818,36.06359],[128.57739,36.06278],[128.57563,36.06264],[128.57527,36.06229],[128.57304,36.0612],[128.57199,36.05985],[128.57139,36.05934],[128.5694,36.05823],[128.56895,36.05925],[128.56892,36.062],[128.56676,36.06576],[128.56674,36.06696],[128.56561,36.06768],[128.56384,36.06976],[128.56385,36.07183],[128.56487,36.07342],[128.56559,36.07411],[128.565,36.07604],[128.56529,36.07721],[128.56772,36.07984],[128.56676,36.08075],[128.56651,36.08144],[128.56676,36.0822],[128.568,36.0837],[128.5686,36.0873],[128.56901,36.0885],[128.56809,36.09057],[128.56784,36.09254],[128.56791,36.09348],[128.56746,36.09471],[128.56756,36.09555],[128.56711,36.09628],[128.56572,36.0978],[128.56489,36.09822],[128.56336,36.09833],[128.56279,36.09964],[128.56293,36.10047],[128.56401,36.10142],[128.56462,36.1026],[128.56493,36.10391],[128.56463,36.10685],[128.56516,36.10866],[128.56522,36.10962],[128.56367,36.11075],[128.56288,36.11102],[128.56283,36.11215],[128.56308,36.11363],[128.56374,36.11438],[128.564,36.11586],[128.56365,36.11694],[128.56306,36.11779],[128.56159,36.11937],[128.56039,36.11965],[128.55957,36.12011],[128.55903,36.11962],[128.55799,36.11949],[128.55675,36.1206],[128.55488,36.12162],[128.55467,36.12289],[128.5525,36.1256],[128.55292,36.12759],[128.5521,36.12883],[128.55077,36.12936],[128.54979,36.1307],[128.54858,36.13097],[128.54859,36.13216],[128.55005,36.13431],[128.55138,36.13586],[128.55167,36.13688],[128.55291,36.13906],[128.5514,36.14009],[128.5486,36.14034],[128.54876,36.14309],[128.54967,36.14526],[128.54944,36.14632],[128.54876,36.14804],[128.54905,36.14902],[128.54982,36.14964],[128.55019,36.15065],[128.54854,36.1514],[128.54742,36.15235],[128.54665,36.15381],[128.54552,36.15385],[128.54447,36.15429],[128.54241,36.15467],[128.5426,36.15524],[128.54173,36.158],[128.54088,36.1603],[128.54008,36.16109],[128.54043,36.16172],[128.54212,36.16371],[128.54391,36.16499],[128.54445,36.16601],[128.54487,36.1661],[128.54732,36.16461],[128.54831,36.16426],[128.55034,36.16437],[128.55237,36.16491],[128.55338,36.16669],[128.55396,36.16831],[128.55395,36.17015],[128.5538,36.17204],[128.55418,36.17347],[128.55478,36.17467],[128.55688,36.17717],[128.55599,36.17776],[128.55393,36.17811],[128.55294,36.17792],[128.55041,36.17815],[128.54883,36.17781],[128.54864,36.18004],[128.54788,36.18084],[128.54597,36.18152],[128.54497,36.18398],[128.54386,36.18442],[128.54289,36.18504],[128.54285,36.18617],[128.54255,36.18705],[128.54088,36.18964],[128.53884,36.19133],[128.53871,36.1924],[128.53661,36.19493],[128.53364,36.19626],[128.533,36.19632],[128.53116,36.19725],[128.5286,36.19769],[128.5275,36.19749],[128.5266,36.19834],[128.52635,36.19914],[128.5255,36.20022],[128.52324,36.20107],[128.52278,36.20142],[128.52143,36.20066],[128.51931,36.20032],[128.51819,36.20038],[128.51601,36.1997],[128.51578,36.19912],[128.51533,36.19664],[128.51342,36.19223],[128.51184,36.19162],[128.50975,36.18813],[128.50907,36.1873],[128.50711,36.18557],[128.50537,36.18509],[128.50294,36.18488],[128.50179,36.18609],[128.50171,36.1873],[128.5019,36.1882],[128.50167,36.18935],[128.50192,36.18999],[128.50126,36.19127],[128.50023,36.19171],[128.49961,36.19267],[128.4996,36.19427],[128.49887,36.19601],[128.49646,36.19598],[128.49544,36.19647],[128.49439,36.19779],[128.49362,36.20002],[128.49321,36.2007],[128.49379,36.20398],[128.49407,36.20622],[128.49343,36.20706],[128.49324,36.20915],[128.49207,36.21123],[128.49213,36.21209],[128.49156,36.21272],[128.48949,36.21375],[128.48792,36.21472],[128.48773,36.21559],[128.48902,36.2176],[128.4887,36.21828],[128.4894,36.21917],[128.48916,36.22028],[128.48803,36.22083],[128.4874,36.22198],[128.48553,36.22319],[128.48506,36.22427],[128.48301,36.22466],[128.48138,36.22381],[128.48052,36.22396],[128.47953,36.22447],[128.47974,36.22562],[128.48134,36.22663],[128.48268,36.22732],[128.4834,36.22847],[128.48488,36.22944],[128.48561,36.23026],[128.48588,36.23099],[128.48574,36.23197],[128.48506,36.2332],[128.48278,36.23401],[128.48034,36.23413],[128.47956,36.23463],[128.47845,36.23471],[128.4763,36.23331],[128.47576,36.23253],[128.47577,36.23162],[128.47489,36.23139],[128.47437,36.23084],[128.47289,36.23057],[128.4716,36.22916],[128.46985,36.22915],[128.46811,36.22949],[128.46739,36.23026],[128.46657,36.22984],[128.46536,36.22889],[128.46368,36.22808],[128.46204,36.22667],[128.46116,36.22628],[128.45971,36.22678],[128.45875,36.22613],[128.45834,36.22626],[128.45646,36.22536],[128.45365,36.22432],[128.45319,36.22334],[128.45275,36.22299],[128.45158,36.2227],[128.4509,36.22174],[128.44657,36.22092],[128.44553,36.221],[128.44492,36.22142],[128.44386,36.22122],[128.44336,36.22],[128.44257,36.21976],[128.44223,36.21916],[128.44095,36.21836],[128.44001,36.21959],[128.43906,36.22051],[128.43785,36.22275],[128.43763,36.2239],[128.43777,36.2271],[128.43659,36.22872],[128.43532,36.22954],[128.43453,36.23051],[128.43456,36.23189],[128.43434,36.23352],[128.434,36.23435],[128.43241,36.23534],[128.43137,36.23563],[128.43017,36.23632],[128.42925,36.23616],[128.4274,36.23658],[128.42683,36.23618],[128.42545,36.23616],[128.4238,36.237],[128.42331,36.23823],[128.42357,36.24036],[128.42415,36.24081],[128.42382,36.24225],[128.42166,36.24276],[128.42053,36.24383],[128.41765,36.24586],[128.41744,36.24794],[128.4178,36.2492],[128.4188,36.2517],[128.42018,36.25206],[128.42007,36.25378],[128.41923,36.25546],[128.41718,36.25644],[128.41665,36.25684],[128.41617,36.25769],[128.41871,36.25818],[128.42058,36.25971],[128.42156,36.26186],[128.42103,36.26412],[128.42074,36.26619],[128.42115,36.26768],[128.42258,36.26978],[128.42397,36.27096],[128.42468,36.27084],[128.42487,36.27199],[128.42627,36.2733],[128.42651,36.27463],[128.42644,36.27541],[128.42541,36.27669],[128.42407,36.27783],[128.42173,36.27864],[128.4215,36.27955],[128.41846,36.28031],[128.4164,36.2826],[128.41527,36.28207],[128.41352,36.28289],[128.41327,36.28426],[128.4126,36.28504],[128.41144,36.2857],[128.41044,36.2872],[128.41116,36.28825],[128.41357,36.2906],[128.4139,36.29127],[128.41321,36.29222],[128.41282,36.29369],[128.41379,36.29487],[128.41414,36.29607],[128.41541,36.29732],[128.41624,36.29796],[128.41651,36.29872],[128.41776,36.29928],[128.41802,36.29906],[128.41982,36.29916],[128.42112,36.29836],[128.42267,36.29876],[128.42376,36.29886],[128.42474,36.29858],[128.42549,36.29913],[128.42789,36.29891],[128.42983,36.30049],[128.43185,36.30264],[128.43192,36.30439],[128.4334,36.30538],[128.43461,36.30569],[128.43566,36.30518],[128.43619,36.30443],[128.43733,36.30432],[128.43852,36.3051],[128.43893,36.30595],[128.43849,36.30693],[128.43887,36.30805],[128.43867,36.30868],[128.43894,36.30983],[128.43838,36.31018],[128.43905,36.31104],[128.43921,36.31232],[128.43881,36.31335],[128.43804,36.31404],[128.43861,36.31468],[128.44019,36.31576],[128.44199,36.31597],[128.44338,36.31686],[128.44511,36.3184],[128.44529,36.31963],[128.44699,36.32165],[128.44704,36.32269],[128.44819,36.32358],[128.44911,36.3234],[128.45102,36.3248],[128.45067,36.32577],[128.45163,36.3272],[128.45306,36.32684],[128.45387,36.32724],[128.45544,36.32689],[128.45545,36.3254],[128.45576,36.32502],[128.45764,36.3246],[128.45824,36.32416],[128.46015,36.3242],[128.46083,36.32336],[128.4625,36.32278],[128.46456,36.32267],[128.4664,36.32186],[128.46858,36.3218],[128.46955,36.32091],[128.47012,36.32012],[128.47103,36.32093],[128.47182,36.31866],[128.47351,36.31795],[128.47309,36.31567],[128.47342,36.3143],[128.47319,36.31218],[128.47407,36.31169],[128.4757,36.3117],[128.47759,36.31108],[128.47913,36.31103],[128.47965,36.31006],[128.48088,36.30976],[128.48265,36.30879],[128.48354,36.30784],[128.4844,36.30749],[128.48568,36.3077],[128.48619,36.30813],[128.48723,36.30794],[128.48773,36.30811],[128.4891,36.30729],[128.49036,36.30602],[128.49085,36.30435],[128.49115,36.30403],[128.49218,36.30456],[128.49304,36.30471],[128.49619,36.30349],[128.49644,36.30295],[128.50024,36.30379],[128.5022,36.30376],[128.50391,36.30323],[128.50657,36.30335],[128.50702,36.30365],[128.50851,36.30332],[128.50906,36.30219],[128.51078,36.30067],[128.51206,36.30133],[128.51321,36.30087],[128.51431,36.30119],[128.51506,36.30201],[128.51591,36.30182],[128.51805,36.30193],[128.51866,36.30102],[128.51961,36.30025],[128.52057,36.30008],[128.52181,36.3005],[128.52317,36.2996],[128.52495,36.29997],[128.52588,36.29931],[128.52654,36.29799],[128.52655,36.29708],[128.52849,36.29519],[128.52932,36.29378],[128.52994,36.29383],[128.53332,36.2951],[128.53379,36.29505],[128.53567,36.29583],[128.53613,36.29485],[128.53843,36.29435],[128.53975,36.29475],[128.5428,36.29389],[128.54332,36.29297],[128.54551,36.29195],[128.54527,36.29057],[128.54567,36.2901],[128.54732,36.2894],[128.54778,36.28869],[128.54806,36.28691],[128.54896,36.28606],[128.54875,36.28471],[128.54986,36.28424],[128.54979,36.28268],[128.54996,36.28142],[128.54992,36.27938],[128.55094,36.27855],[128.55196,36.27802],[128.55159,36.27745],[128.55183,36.27503],[128.55369,36.27433],[128.55483,36.27511],[128.55562,36.27423],[128.55756,36.27407],[128.55885,36.27467],[128.56021,36.27555],[128.56314,36.27533],[128.56334,36.27584],[128.56531,36.27503],[128.56597,36.27446],[128.56675,36.27421],[128.56996,36.27466],[128.57172,36.27536],[128.57154,36.27602],[128.57318,36.27651],[128.57399,36.27735],[128.57416,36.27842],[128.57542,36.27916],[128.57581,36.27993],[128.57858,36.27973],[128.58008,36.2793],[128.58063,36.2795],[128.58179,36.27908],[128.58277,36.27901],[128.58328,36.27866],[128.58499,36.27865],[128.58544,36.27822],[128.58678,36.27845],[128.5877,36.27831],[128.58871,36.2777],[128.58881,36.27728],[128.59066,36.27713],[128.59148,36.27761],[128.59302,36.27709],[128.5945,36.27772],[128.5956,36.27704],[128.59651,36.27553],[128.59673,36.27394],[128.5975,36.27332],[128.59772,36.27274],[128.59741,36.27175],[128.59763,36.27133],[128.59942,36.27049],[128.6008,36.27043],[128.60179,36.27006],[128.60337,36.26993],[128.60511,36.27025],[128.60677,36.27113],[128.60891,36.27121],[128.61059,36.27068],[128.61161,36.27014],[128.61355,36.26971],[128.615,36.26842],[128.61528,36.26795],[128.61631,36.26735],[128.61755,36.2675],[128.61961,36.2681],[128.62065,36.26746],[128.62304,36.26718],[128.62448,36.26672],[128.62606,36.26559],[128.62702,36.26523],[128.62786,36.26448],[128.62903,36.26379],[128.62993,36.26241],[128.63126,36.26287],[128.63256,36.26191],[128.63404,36.26164],[128.63614,36.26151],[128.63704,36.2606],[128.63716,36.25991],[128.6377,36.25983],[128.63816,36.25916],[128.63899,36.25857],[128.63986,36.25829],[128.6406,36.25751],[128.64003,36.25569],[128.64051,36.25442],[128.64056,36.25319],[128.63985,36.25248],[128.63972,36.25198],[128.63849,36.25183],[128.63862,36.24997],[128.63837,36.24932],[128.63875,36.24869],[128.63878,36.24769],[128.63963,36.24744],[128.64024,36.24611],[128.64137,36.2448],[128.63986,36.24447],[128.63976,36.24366],[128.63894,36.24295],[128.63947,36.24132],[128.63746,36.24078],[128.63645,36.24038],[128.63574,36.24036],[128.63462,36.23948],[128.63313,36.23866],[128.6348,36.23731],[128.63431,36.2364],[128.63525,36.23565],[128.63521,36.2353],[128.63665,36.2331],[128.63611,36.23223],[128.63445,36.23115],[128.63527,36.23018],[128.63681,36.22985],[128.63718,36.22842],[128.63707,36.2276],[128.63641,36.22702],[128.63446,36.226],[128.63291,36.22551],[128.63325,36.22504],[128.6346,36.22469],[128.63627,36.22383],[128.63582,36.22079],[128.63489,36.21847],[128.63384,36.21742],[128.63202,36.21686],[128.63182,36.21621],[128.63353,36.21423],[128.63431,36.21367],[128.63453,36.21219],[128.63541,36.209],[128.63783,36.20827],[128.63941,36.20748],[128.64192,36.21074],[128.64254,36.21211],[128.64391,36.21306],[128.6457,36.21452],[128.6464,36.21476],[128.6475,36.21594],[128.64736,36.21671],[128.6487,36.21807],[128.65044,36.2175],[128.65146,36.21756],[128.65203,36.21709],[128.65303,36.21713],[128.65434,36.21804],[128.65561,36.21835],[128.65587,36.21906],[128.65567,36.22012],[128.65905,36.22024],[128.65976,36.22138],[128.66092,36.22105],[128.6625,36.22039],[128.66245,36.21903],[128.66464,36.21896],[128.66455,36.2177],[128.66588,36.21689],[128.66536,36.21575],[128.66753,36.21472],[128.6677,36.21355],[128.66741,36.21215],[128.66875,36.21067],[128.66938,36.20937],[128.67067,36.20902],[128.67211,36.20822],[128.67261,36.20927],[128.67261,36.21],[128.6731,36.21023],[128.67332,36.21102],[128.67389,36.21194],[128.67471,36.21227],[128.67485,36.21272],[128.67618,36.21272],[128.67699,36.21353],[128.67779,36.21349],[128.68153,36.21479],[128.68198,36.21525],[128.68271,36.21529],[128.68385,36.21474],[128.68511,36.21476],[128.68566,36.21418],[128.68798,36.21376],[128.68878,36.21269],[128.69017,36.21219],[128.69159,36.21254],[128.69308,36.21384],[128.69421,36.21396],[128.69498,36.21314],[128.69625,36.21277],[128.69696,36.21187],[128.69807,36.21167],[128.6979,36.21021],[128.69989,36.20884],[128.69895,36.2079],[128.69833,36.20775],[128.69788,36.206],[128.69685,36.20526],[128.6963,36.20448],[128.69633,36.20215],[128.69914,36.20119],[128.70003,36.20128],[128.70189,36.20108],[128.70294,36.20024],[128.70366,36.20026],[128.7043,36.19904],[128.70583,36.19923],[128.70857,36.19858],[128.70957,36.1988],[128.71113,36.19944],[128.71218,36.19912],[128.7135,36.20003],[128.71525,36.20013],[128.71668,36.20044],[128.71791,36.20004],[128.71863,36.20011],[128.71913,36.19868],[128.71913,36.19808],[128.721,36.19811],[128.72262,36.19919],[128.72393,36.19894],[128.72498,36.1993],[128.72555,36.19986],[128.72477,36.20052],[128.72555,36.20076],[128.72644,36.20038],[128.72748,36.20076],[128.72952,36.19881],[128.73086,36.19931],[128.73242,36.19941],[128.735,36.20073],[128.73557,36.20016],[128.73692,36.20032],[128.73847,36.19994],[128.73923,36.19924],[128.74045,36.19918],[128.74174,36.19853],[128.74308,36.19744],[128.74325,36.19622],[128.74405,36.196],[128.74511,36.19498],[128.74592,36.19445],[128.74743,36.19523],[128.74959,36.19596],[128.74983,36.19673],[128.75039,36.19712],[128.75052,36.19809],[128.74997,36.19888],[128.75073,36.19977],[128.75141,36.20006],[128.75181,36.20114],[128.7516,36.20166],[128.75269,36.20281],[128.75499,36.20244],[128.75598,36.20247],[128.75798,36.20286],[128.75864,36.20165],[128.75857,36.20116],[128.75959,36.20021],[128.76137,36.19938],[128.76334,36.19933],[128.76577,36.19698],[128.76585,36.19658],[128.76751,36.19535],[128.76923,36.19388],[128.76996,36.19343],[128.77239,36.19472],[128.77485,36.1949],[128.77549,36.19453],[128.77696,36.1945],[128.77771,36.19426],[128.78004,36.19424],[128.78066,36.19438],[128.78192,36.19372],[128.78421,36.19385],[128.78528,36.19354],[128.7877,36.1931],[128.79205,36.1913],[128.79439,36.19071],[128.79645,36.19082],[128.79799,36.19345],[128.79886,36.19604],[128.80152,36.19787],[128.80321,36.20105],[128.80338,36.20208],[128.80319,36.20252],[128.80379,36.20318],[128.8029,36.20419],[128.80229,36.20459],[128.80164,36.20579],[128.80337,36.20626],[128.80523,36.207],[128.80456,36.20826],[128.8042,36.2097],[128.80497,36.21029],[128.80787,36.21011],[128.8109,36.21034],[128.81141,36.21006],[128.81235,36.2105],[128.81337,36.21053],[128.8142,36.21098],[128.81558,36.21209],[128.81722,36.21384],[128.81779,36.21396],[128.81854,36.21483],[128.81976,36.21542],[128.82118,36.21589],[128.82186,36.2165],[128.82296,36.21709],[128.82381,36.21723],[128.82521,36.2179],[128.82656,36.21824],[128.82875,36.2179],[128.83068,36.21805],[128.83247,36.21577],[128.83422,36.2146],[128.83537,36.21458],[128.83648,36.21515],[128.83896,36.21515],[128.84054,36.21557],[128.84205,36.21614],[128.84318,36.21621],[128.84367,36.21556],[128.8456,36.21457],[128.84797,36.2148],[128.84851,36.21471],[128.84981,36.21336],[128.85117,36.21264],[128.85264,36.21265],[128.85315,36.2117],[128.85473,36.21086],[128.85711,36.20978],[128.85749,36.20876],[128.85837,36.20781],[128.85935,36.20724],[128.86034,36.20695],[128.86163,36.20732],[128.86378,36.20664],[128.86591,36.2054],[128.86869,36.20553],[128.87122,36.20516],[128.87207,36.20365],[128.87311,36.20214],[128.87436,36.19981],[128.87605,36.19869],[128.88077,36.19886],[128.88322,36.19837],[128.88257,36.19701],[128.88234,36.19529],[128.88256,36.19373],[128.88238,36.19245],[128.88131,36.1917],[128.88076,36.19023],[128.88346,36.18844],[128.88417,36.18527],[128.88371,36.1839],[128.88508,36.18401],[128.88618,36.18379],[128.88668,36.18332],[128.8899,36.18224],[128.89105,36.18083],[128.8913,36.17862],[128.8912,36.17668],[128.89094,36.17622],[128.8917,36.17549],[128.89254,36.17519],[128.89342,36.17422],[128.89376,36.1742],[128.89501,36.1732],[128.89475,36.1702],[128.89445,36.16941],[128.8955,36.16757],[128.89742,36.16536],[128.89817,36.16471],[128.8993,36.16309],[128.9002,36.16238],[128.89931,36.16193],[128.89714,36.16051],[128.89548,36.15982],[128.8945,36.1584],[128.89345,36.15636],[128.89227,36.15529],[128.89161,36.15504],[128.89224,36.15386],[128.89217,36.15207],[128.89133,36.1511],[128.89067,36.14897],[128.89078,36.14832],[128.89004,36.14725],[128.89018,36.14619],[128.89064,36.14559],[128.891,36.14441],[128.89159,36.14348],[128.89026,36.1431],[128.88986,36.14253],[128.88748,36.14282],[128.88667,36.14266],[128.88454,36.1435],[128.88288,36.14256],[128.88164,36.14274],[128.87996,36.14254],[128.87792,36.14267],[128.87653,36.14263],[128.8743,36.14284],[128.87204,36.14393],[128.87012,36.14467],[128.86882,36.14485],[128.86798,36.14524],[128.8649,36.14434],[128.86226,36.14497],[128.86173,36.14522],[128.85857,36.14497],[128.85653,36.14219],[128.8565,36.14172],[128.85352,36.13928],[128.85208,36.13834],[128.85087,36.13805],[128.85038,36.13641],[128.85056,36.13599],[128.85054,36.13455],[128.85167,36.13234],[128.85227,36.13197],[128.85295,36.13042],[128.85344,36.12842],[128.85345,36.12708],[128.85236,36.1266],[128.85161,36.12515],[128.8509,36.12426],[128.85163,36.12328],[128.85246,36.12129],[128.85222,36.12059],[128.85095,36.11818],[128.84782,36.11692],[128.84612,36.1167],[128.84505,36.11633],[128.84389,36.11483],[128.84436,36.11399],[128.84389,36.11322],[128.84314,36.11292],[128.8411,36.11338],[128.84039,36.11314],[128.83951,36.11336],[128.83784,36.11305],[128.83729,36.11168],[128.83665,36.10962],[128.83696,36.10797],[128.83655,36.10703],[128.83504,36.10535],[128.83456,36.10418],[128.83373,36.10308],[128.83262,36.10199],[128.83168,36.10249],[128.83036,36.10281],[128.82906,36.10237],[128.82753,36.10141],[128.82542,36.10091],[128.82441,36.10088],[128.82362,36.10034],[128.82228,36.10047],[128.82008,36.09861],[128.81927,36.09831],[128.81826,36.09691],[128.81816,36.09644],[128.81888,36.09455],[128.81883,36.09413],[128.81784,36.09387],[128.81703,36.0933],[128.81639,36.09231],[128.81363,36.09177],[128.81233,36.09064],[128.81152,36.09018],[128.81131,36.08933],[128.81064,36.08904],[128.80871,36.08867],[128.80767,36.08827],[128.80451,36.08808],[128.80287,36.08652],[128.80209,36.08597],[128.79853,36.08532],[128.79773,36.08623],[128.79613,36.08695],[128.79522,36.08706],[128.79229,36.08664],[128.7905,36.08665],[128.78898,36.08593],[128.78848,36.08614],[128.78762,36.08914],[128.78735,36.08959],[128.78629,36.08995],[128.78524,36.09075],[128.7836,36.09125],[128.78252,36.09183],[128.78126,36.09202],[128.7801,36.09323],[128.77648,36.09567],[128.7749,36.09525],[128.77408,36.09584],[128.77098,36.09668],[128.76943,36.09691],[128.76939,36.09718],[128.7682,36.09867],[128.7672,36.09828],[128.76729,36.09952],[128.76685,36.10018],[128.76452,36.10066],[128.76158,36.09866],[128.75949,36.09757],[128.75858,36.09684],[128.75755,36.09567],[128.75732,36.09402],[128.75502,36.09268],[128.75367,36.09078],[128.75272,36.09153],[128.75091,36.0918],[128.75026,36.09207],[128.75184,36.09412],[128.75275,36.09583],[128.75219,36.09733],[128.75282,36.09832],[128.75263,36.09901],[128.75141,36.09916],[128.75128,36.10044],[128.75176,36.10187],[128.75164,36.10305],[128.75047,36.10389],[128.74956,36.10522],[128.74878,36.10576],[128.74834,36.10643],[128.74704,36.10683],[128.74689,36.10801],[128.74573,36.10903],[128.74501,36.10931],[128.74514,36.10788],[128.74473,36.10579],[128.74429,36.10545],[128.74437,36.10413],[128.74376,36.10335],[128.74413,36.10235],[128.74375,36.102],[128.74255,36.10164],[128.74188,36.10081],[128.74024,36.09963],[128.73936,36.09965],[128.73823,36.09912],[128.73634,36.09941],[128.73579,36.09914],[128.73537,36.09817],[128.73611,36.09701],[128.73529,36.09558],[128.73421,36.09503],[128.73361,36.09426],[128.73062,36.09298],[128.72911,36.09255],[128.72866,36.09281],[128.72755,36.09282],[128.72674,36.09327],[128.72593,36.09296],[128.72504,36.09219],[128.72439,36.09202],[128.72371,36.091],[128.7229,36.09022],[128.72407,36.0896],[128.72389,36.08876],[128.72561,36.08776],[128.72561,36.08708],[128.7275,36.08681],[128.72819,36.08539],[128.72805,36.0843],[128.72857,36.08411],[128.7293,36.08274],[128.72906,36.08236],[128.72939,36.08097],[128.72885,36.08068],[128.72752,36.07917],[128.72669,36.07868],[128.7269,36.07707],[128.72555,36.07584],[128.72461,36.07573],[128.72483,36.07451],[128.7238,36.07374],[128.72283,36.07329],[128.72144,36.07313],[128.72101,36.07376],[128.71964,36.07404],[128.71887,36.0749],[128.71783,36.0745],[128.71628,36.07519],[128.71404,36.07548],[128.71384,36.07452],[128.71328,36.07396],[128.71281,36.07292],[128.71322,36.07181],[128.71223,36.07085],[128.71222,36.0695],[128.71146,36.06782],[128.71189,36.06675],[128.71124,36.06636],[128.71024,36.06625],[128.70982,36.0659],[128.71012,36.0646],[128.70879,36.06388],[128.70886,36.06336],[128.7083,36.06296],[128.70749,36.06093],[128.7065,36.06041],[128.70605,36.05981],[128.70466,36.05932],[128.70374,36.05801],[128.70407,36.05725],[128.70317,36.05642],[128.70287,36.05551],[128.70355,36.05527],[128.70331,36.05457],[128.70384,36.05434],[128.7033,36.05326],[128.70376,36.05159],[128.70445,36.04992],[128.70479,36.04861],[128.70465,36.04744],[128.70409,36.04541],[128.70411,36.04441],[128.70342,36.04339],[128.70256,36.04164],[128.70183,36.04102],[128.70108,36.03978],[128.69962,36.03857],[128.69849,36.03803],[128.69686,36.03625],[128.69644,36.03513],[128.6973,36.03447],[128.69784,36.03277],[128.69857,36.03189],[128.69912,36.03015],[128.69958,36.02963],[128.69984,36.02866],[128.6996,36.0273],[128.6998,36.02708],[128.69913,36.02619],[128.69936,36.02574],[128.69894,36.02451],[128.69796,36.02334],[128.69747,36.02176],[128.69537,36.01891],[128.69416,36.01821],[128.69678,36.01459],[128.6968,36.01317],[128.69992,36.01191],[128.70138,36.01085],[128.70442,36.01008],[128.70643,36.00975],[128.70802,36.00968],[128.71185,36.00916],[128.71367,36.00833],[128.71487,36.00818],[128.71589,36.0085],[128.71669,36.00821],[128.71786,36.00813],[128.71854,36.00769],[128.72088,36.00703],[128.72119,36.0064],[128.72266,36.00613],[128.72472,36.00404],[128.72576,36.00395],[128.72688,36.00323],[128.72781,36.00223],[128.72861,36.00072],[128.72837,35.9996],[128.72863,35.99872],[128.72821,35.99836],[128.72908,35.99793],[128.7304,35.99798],[128.73187,35.99753],[128.73262,35.9969],[128.73314,35.9959],[128.73381,35.99543],[128.7342,35.99462],[128.7336,35.99392],[128.73486,35.99296],[128.73416,35.99181],[128.73316,35.99069],[128.73206,35.99011],[128.73159,35.98938],[128.73119,35.98751],[128.7314,35.98601],[128.73097,35.98536],[128.73224,35.98375],[128.73319,35.9831],[128.7354,35.98221],[128.7367,35.98115],[128.73728,35.97916],[128.73778,35.97843],[128.73803,35.97752],[128.73882,35.97681],[128.73999,35.97621],[128.74029,35.97581],[128.74152,35.97527],[128.74375,35.97467],[128.74419,35.97413],[128.74534,35.97403],[128.74621,35.97287],[128.74577,35.97228],[128.74557,35.97135],[128.74539,35.96848],[128.74594,35.96761],[128.74537,35.96695],[128.74431,35.96662],[128.74368,35.96474],[128.74337,35.96433],[128.74342,35.96222],[128.74287,35.96058],[128.74299,35.95995],[128.74188,35.95883],[128.74031,35.95815],[128.73991,35.95767],[128.73891,35.95724],[128.73796,35.95594],[128.73981,35.9548],[128.74067,35.95331],[128.74094,35.95162],[128.74177,35.95102],[128.74162,35.95052],[128.74244,35.9496],[128.74225,35.94779],[128.74358,35.9468],[128.74346,35.94551],[128.74409,35.94396],[128.74381,35.94298],[128.74305,35.94227],[128.74151,35.93997],[128.73975,35.93747],[128.74019,35.9368],[128.73945,35.93506],[128.73807,35.93413],[128.73843,35.93113],[128.73834,35.93052],[128.7377,35.92957],[128.73667,35.92963],[128.73765,35.9281],[128.7401,35.92566],[128.74255,35.92144],[128.74268,35.9204],[128.74403,35.91938],[128.7453,35.91893],[128.74559,35.91861],[128.74705,35.91841],[128.74849,35.91788],[128.74888,35.91748],[128.74999,35.91748],[128.75087,35.91679],[128.7522,35.91674],[128.7553,35.91501],[128.75576,35.91419],[128.75655,35.91347],[128.75742,35.91175],[128.75742,35.91047],[128.75807,35.90999],[128.75841,35.90887],[128.75918,35.9083],[128.7598,35.90683],[128.75792,35.90603],[128.75673,35.90467],[128.75656,35.90357],[128.75663,35.90259],[128.75699,35.90183],[128.75683,35.90085],[128.75724,35.8986],[128.75751,35.89627],[128.75781,35.89533],[128.75859,35.89442],[128.76022,35.89086],[128.76177,35.88971],[128.7623,35.88884],[128.76148,35.88785],[128.7614,35.88655],[128.76098,35.8858],[128.761,35.88351],[128.76016,35.88154],[128.75909,35.88007],[128.75873,35.87855],[128.75809,35.87802],[128.75694,35.87781],[128.75751,35.87597],[128.75872,35.87621],[128.75998,35.87552],[128.76116,35.87468],[128.76083,35.87389],[128.76013,35.87371],[128.75955,35.873],[128.75947,35.87136],[128.75874,35.8705],[128.75775,35.87002],[128.75957,35.86894],[128.75987,35.86846],[128.7598,35.86607],[128.75926,35.86574],[128.75593,35.86416],[128.7551,35.86358],[128.75506,35.863],[128.75401,35.86213],[128.75157,35.85888],[128.75075,35.85751],[128.74982,35.85726],[128.74629,35.85603],[128.74549,35.85586],[128.74448,35.85481],[128.74336,35.85428],[128.74032,35.8522],[128.73857,35.8513],[128.73745,35.85116],[128.73502,35.85144],[128.73347,35.85234],[128.73148,35.854],[128.72661,35.85686],[128.72551,35.8578],[128.72415,35.85798],[128.72317,35.85788],[128.72267,35.85716],[128.72187,35.85695],[128.72266,35.85604],[128.72274,35.85545],[128.72416,35.85481],[128.72542,35.85381],[128.72489,35.85301],[128.72536,35.85275],[128.72563,35.85178],[128.72556,35.8502],[128.72687,35.84721],[128.72697,35.8465],[128.72663,35.84544],[128.72673,35.84443],[128.7262,35.84394],[128.72635,35.84256],[128.72493,35.84073],[128.72436,35.84044],[128.72409,35.83944],[128.72409,35.8384],[128.7252,35.83651],[128.72418,35.83563],[128.72281,35.83525],[128.7217,35.83468],[128.7211,35.83562],[128.71977,35.83606],[128.71832,35.83546],[128.71781,35.83414],[128.71693,35.83393],[128.7148,35.83273],[128.71412,35.83179],[128.71129,35.82954],[128.70864,35.82657],[128.70871,35.82422],[128.70857,35.82337],[128.70906,35.8216],[128.71214,35.81938],[128.71389,35.81751],[128.71409,35.81685],[128.71414,35.8153],[128.71481,35.81462],[128.71463,35.81357],[128.71485,35.81266],[128.71571,35.811],[128.71584,35.80935],[128.71758,35.80809],[128.71752,35.80684],[128.71685,35.80664],[128.71606,35.80528],[128.71495,35.8051],[128.71433,35.80476],[128.71305,35.80503],[128.71164,35.80477],[128.71016,35.80425],[128.70867,35.803],[128.70779,35.80252],[128.70788,35.80039],[128.70714,35.79989],[128.70603,35.79994],[128.70387,35.79931],[128.70263,35.7986],[128.70167,35.79755],[128.70041,35.79663],[128.70031,35.79544],[128.69981,35.79505],[128.69798,35.79461],[128.69747,35.79435],[128.69653,35.79458],[128.69554,35.7953],[128.69456,35.79678],[128.69331,35.79679],[128.69266,35.79658],[128.69126,35.79569],[128.69089,35.79419],[128.68977,35.79276],[128.68803,35.79231],[128.68728,35.7923],[128.68593,35.79158],[128.68519,35.79098],[128.68251,35.79015],[128.68233,35.78984],[128.68235,35.78799],[128.68165,35.78675],[128.6814,35.78586],[128.68156,35.78396],[128.68212,35.78258],[128.6832,35.78138],[128.68298,35.78099],[128.68493,35.77824],[128.68602,35.77804],[128.68646,35.77742],[128.68707,35.7755],[128.68718,35.77382],[128.68696,35.77286],[128.68609,35.77123],[128.68612,35.76975],[128.68635,35.76872],[128.68684,35.76825],[128.68862,35.76802],[128.68939,35.76713],[128.68936,35.76651],[128.69006,35.76557],[128.69074,35.76508],[128.69143,35.76395],[128.69147,35.76274],[128.69101,35.76124],[128.69117,35.76023],[128.6919,35.75949],[128.69258,35.75928],[128.6942,35.75814],[128.69501,35.75728],[128.69549,35.75574],[128.69474,35.75509],[128.69433,35.75367],[128.69409,35.74992],[128.69363,35.74897],[128.69277,35.74852],[128.69244,35.7467],[128.69273,35.74546],[128.69366,35.74365],[128.69211,35.74229],[128.69131,35.74136],[128.68928,35.74019],[128.68908,35.73811],[128.6905,35.73662],[128.69139,35.73616],[128.69195,35.7353],[128.69148,35.73438],[128.692,35.73326],[128.69096,35.73089],[128.69016,35.73016],[128.68929,35.72973],[128.68779,35.72854],[128.68562,35.72758],[128.68371,35.72592],[128.68314,35.72558],[128.68326,35.72322],[128.68354,35.72226],[128.68324,35.72145],[128.68191,35.7213],[128.68022,35.72135],[128.67959,35.72093],[128.6779,35.72111],[128.67509,35.72121],[128.67335,35.721],[128.67177,35.72053],[128.67093,35.71889],[128.66782,35.71935],[128.6663,35.71927],[128.66556,35.71895],[128.66352,35.7205],[128.66228,35.71944],[128.66103,35.72005],[128.66023,35.71941],[128.6575,35.71806],[128.65661,35.71786],[128.65563,35.71639],[128.6551,35.71527],[128.65345,35.71388],[128.65286,35.71401],[128.65065,35.7127],[128.65001,35.71204],[128.64906,35.71165],[128.64727,35.71149],[128.64673,35.7094],[128.64619,35.70892],[128.64621,35.70817],[128.64533,35.70795],[128.64349,35.707],[128.64142,35.70692],[128.64027,35.7062],[128.63825,35.70579],[128.63712,35.70579],[128.63672,35.70612],[128.63465,35.70644],[128.63364,35.70637],[128.6305,35.70667],[128.6298,35.70592],[128.62873,35.70536],[128.6274,35.70507],[128.62669,35.70472],[128.62566,35.70383],[128.6245,35.70335],[128.624,35.7023],[128.61978,35.70285],[128.61979,35.70451],[128.61745,35.70602],[128.6171,35.70739],[128.61612,35.70779],[128.61538,35.70879],[128.61392,35.70984],[128.61387,35.71334],[128.61395,35.71417],[128.61667,35.71638],[128.61693,35.71764],[128.61649,35.7182],[128.61617,35.71957],[128.61582,35.72017],[128.61406,35.72211],[128.61266,35.7225],[128.61184,35.72341],[128.60993,35.72488],[128.6101,35.72621],[128.61158,35.72782],[128.61302,35.72894],[128.61455,35.72962],[128.61493,35.73032],[128.6148,35.73094],[128.61374,35.73243],[128.61444,35.73368],[128.61412,35.73394],[128.61389,35.73689],[128.61243,35.73852],[128.6092,35.73891],[128.6075,35.739],[128.60512,35.73755],[128.60349,35.73731],[128.60269,35.73673],[128.60101,35.73662],[128.6,35.73634],[128.59783,35.7368],[128.59677,35.73668],[128.59562,35.73721],[128.59424,35.73708],[128.59383,35.73639],[128.59411,35.73555],[128.59266,35.73359],[128.59216,35.73266],[128.59074,35.73211],[128.5896,35.7315],[128.58791,35.73305],[128.58626,35.73378],[128.58515,35.73454],[128.58434,35.73602],[128.5835,35.73657],[128.58321,35.7374],[128.58242,35.73833],[128.58052,35.73867],[128.5793,35.73766],[128.57863,35.73746],[128.57762,35.73757],[128.57646,35.73681],[128.57464,35.73649],[128.57381,35.73555],[128.57294,35.73532],[128.57173,35.73457],[128.57084,35.73453],[128.56801,35.73558],[128.56766,35.73616],[128.56629,35.73683],[128.56477,35.73676],[128.56355,35.73588],[128.56266,35.73224],[128.56165,35.7316],[128.56153,35.73063],[128.56099,35.72971],[128.55969,35.7289],[128.55805,35.72865],[128.55697,35.7277],[128.55637,35.72752],[128.55551,35.72784],[128.55233,35.72635],[128.55138,35.72547],[128.55043,35.72486],[128.54941,35.72455],[128.54567,35.72206],[128.54547,35.7211],[128.54483,35.72054],[128.54409,35.71943],[128.54194,35.71896],[128.54101,35.71912],[128.53903,35.71811],[128.53833,35.718],[128.53789,35.71729],[128.53682,35.71684],[128.53403,35.71668],[128.53331,35.71647],[128.53145,35.71481],[128.5303,35.71349],[128.5279,35.71274],[128.52874,35.71147],[128.52934,35.71101],[128.53056,35.7094],[128.53132,35.70699],[128.5325,35.70508],[128.53389,35.70326],[128.53262,35.70071],[128.53275,35.69829],[128.53186,35.69662],[128.53526,35.69405],[128.53469,35.69373],[128.5338,35.6915],[128.53285,35.69044],[128.53278,35.6901],[128.53132,35.68786],[128.53142,35.68545],[128.5318,35.68333],[128.52991,35.6835],[128.52985,35.68302],[128.52974,35.68104],[128.52892,35.67773],[128.52681,35.67557],[128.52697,35.67511],[128.52681,35.6735],[128.52793,35.67156],[128.52823,35.67028],[128.53084,35.66524],[128.53047,35.66406],[128.53065,35.66293],[128.53146,35.66217],[128.53249,35.66198],[128.53303,35.66215],[128.53568,35.66203],[128.53587,35.6616],[128.53671,35.66124],[128.53743,35.65976],[128.53734,35.65731],[128.53803,35.65431],[128.53767,35.65257],[128.53784,35.65079],[128.53627,35.64819],[128.53614,35.64613],[128.53561,35.64501],[128.53477,35.6437],[128.53532,35.6428],[128.53535,35.64209],[128.53597,35.64058],[128.53664,35.6394],[128.53685,35.6374],[128.53734,35.63678],[128.5375,35.63446],[128.53734,35.63344],[128.53816,35.63259],[128.53817,35.63191],[128.53741,35.63041],[128.53676,35.62962],[128.53688,35.62878],[128.5362,35.62759],[128.53645,35.62612],[128.53655,35.6245],[128.5369,35.62383],[128.53818,35.62321],[128.53903,35.62331],[128.54016,35.62266],[128.54121,35.62157],[128.54458,35.62081],[128.54717,35.61961],[128.54912,35.6182],[128.55031,35.61795],[128.55057,35.61691],[128.55125,35.61655],[128.55208,35.61696],[128.55362,35.61707],[128.55462,35.61631],[128.55553,35.6164],[128.5561,35.61685],[128.5568,35.61599],[128.55873,35.6148],[128.55816,35.61242],[128.55888,35.61152],[128.55953,35.61106],[128.55926,35.6101],[128.55955,35.60877],[128.55897,35.60822],[128.55873,35.60737],[128.559,35.60672],[128.55972,35.60599],[128.56009,35.6042],[128.56081,35.60324],[128.56198,35.60268],[128.56422,35.60268],[128.56509,35.60218],[128.56626,35.60207],[128.56712,35.60243],[128.56823,35.60331],[128.56941,35.60396],[128.56903,35.60245],[128.56977,35.5994],[128.57151,35.5981],[128.57268,35.59772],[128.57285,35.59657],[128.5724,35.59574],[128.57245,35.59464],[128.57296,35.59322],[128.57389,35.59268],[128.57493,35.59246],[128.57581,35.59257],[128.57671,35.59186],[128.57862,35.58997],[128.58245,35.58768],[128.58478,35.58644],[128.58815,35.58515],[128.59028,35.5852],[128.59269,35.58487],[128.5946,35.58356],[128.59599,35.58281],[128.59626,35.58227],[128.59737,35.58188],[128.59847,35.58207],[128.59974,35.58122],[128.59997,35.58042],[128.60094,35.58071],[128.60174,35.58063],[128.60286,35.58007],[128.60396,35.58028],[128.6058,35.58024],[128.60816,35.58068],[128.60944,35.58122],[128.61107,35.5817],[128.61264,35.58154],[128.61366,35.58175],[128.6147,35.58166],[128.6155,35.58274],[128.61684,35.58392],[128.61848,35.58382],[128.62135,35.58499],[128.62286,35.58473],[128.62522,35.58509],[128.62681,35.58544],[128.62689,35.58587],[128.6278,35.58653],[128.62914,35.58712],[128.63075,35.58742],[128.63117,35.58725],[128.63194,35.58619],[128.63398,35.58564],[128.63518,35.58498],[128.63653,35.5847],[128.63732,35.58638],[128.63704,35.58722],[128.63807,35.5886],[128.6409,35.58882],[128.64183,35.59003],[128.64313,35.59127],[128.64409,35.59305],[128.64523,35.59367],[128.64724,35.59365],[128.6494,35.59439],[128.65061,35.59461],[128.65185,35.59536],[128.65222,35.59577],[128.65378,35.59612],[128.65541,35.59704],[128.65529,35.59789],[128.65632,35.59788],[128.65669,35.59746],[128.65829,35.59769],[128.65912,35.59743],[128.66203,35.59585],[128.66442,35.59375],[128.66742,35.59413],[128.66779,35.59433],[128.67005,35.59428],[128.67112,35.59484],[128.67255,35.59587],[128.67424,35.5961],[128.67653,35.59542],[128.67828,35.59475],[128.6807,35.59514],[128.68595,35.5948],[128.6876,35.59503],[128.68924,35.59446],[128.69161,35.59332],[128.69163,35.59271],[128.69319,35.59088],[128.69404,35.58824],[128.69404,35.58696],[128.69494,35.58342],[128.69572,35.58269],[128.69721,35.58213],[128.69841,35.58151],[128.69934,35.58077],[128.7023,35.579],[128.70331,35.57801],[128.70444,35.57821],[128.70545,35.57793],[128.70698,35.57813],[128.70739,35.57798],[128.70932,35.57861],[128.71241,35.57911],[128.71401,35.57858],[128.71496,35.5776],[128.71835,35.57937],[128.71956,35.57985],[128.72056,35.58073],[128.72258,35.5814],[128.72462,35.58148],[128.72532,35.58072],[128.72583,35.57948],[128.7268,35.57885],[128.72768,35.57751],[128.73062,35.57698],[128.73166,35.57661],[128.73197,35.57595],[128.73467,35.57646],[128.73508,35.57638],[128.73742,35.57715],[128.73812,35.57642],[128.74038,35.57601],[128.74022,35.57567],[128.741,35.57431],[128.74129,35.57413],[128.74337,35.57395],[128.74492,35.57307],[128.74611,35.57269],[128.74724,35.57156],[128.74876,35.57073],[128.75039,35.57031],[128.75092,35.57058],[128.75385,35.57034],[128.75502,35.56921],[128.75561,35.56838],[128.75629,35.568],[128.75814,35.56749],[128.75861,35.5678],[128.76012,35.56779],[128.76187,35.56872],[128.76383,35.56901],[128.76497,35.56867],[128.76556,35.56824],[128.76635,35.56824],[128.76724,35.56954],[128.76847,35.57084],[128.77104,35.56863],[128.77594,35.56795],[128.77874,35.56784],[128.7827,35.56705],[128.78553,35.56689],[128.78773,35.5675],[128.79235,35.57047],[128.7949,35.5732],[128.7974,35.57681],[128.79878,35.57831],[128.79968,35.58041],[128.79988,35.58131],[128.80053,35.5857],[128.80072,35.58763],[128.80166,35.5886],[128.80265,35.58915],[128.80428,35.5894],[128.80544,35.58905],[128.80755,35.58925],[128.80889,35.58892],[128.80956,35.58898],[128.81261,35.5904],[128.81445,35.59106],[128.81531,35.5917],[128.8168,35.59204],[128.81845,35.59298],[128.82008,35.59315],[128.82139,35.59356],[128.82195,35.59464],[128.82291,35.59577],[128.82376,35.59612],[128.82508,35.59609],[128.82629,35.59678],[128.82903,35.59665],[128.83054,35.59697],[128.83365,35.59735],[128.8349,35.59673],[128.8359,35.59535],[128.83679,35.59476],[128.83812,35.59355],[128.83904,35.59314],[128.8395,35.59224],[128.84115,35.59037],[128.84264,35.58899],[128.84404,35.58919],[128.84473,35.58962],[128.8457,35.58962],[128.84628,35.59047],[128.84633,35.59102],[128.8474,35.59145],[128.84773,35.59231],[128.84834,35.59238],[128.8491,35.59306],[128.85168,35.59463],[128.85408,35.59718],[128.85426,35.60014],[128.85642,35.60164],[128.85733,35.60328],[128.85843,35.60426],[128.85936,35.60622],[128.86121,35.60675],[128.86189,35.60773],[128.86392,35.60829],[128.86479,35.60905],[128.86624,35.61156],[128.86711,35.61388],[128.86788,35.6147],[128.86815,35.61612],[128.87013,35.61793],[128.87197,35.61825],[128.87388,35.62164],[128.87389,35.62273],[128.87438,35.6248],[128.87455,35.62602],[128.87512,35.62727],[128.87488,35.62847],[128.87508,35.62911],[128.87595,35.6305],[128.87543,35.63132],[128.87538,35.63233],[128.87708,35.6337],[128.88146,35.63548],[128.88304,35.6344],[128.88479,35.63398],[128.8851,35.63336],[128.88471,35.63199],[128.88553,35.63137],[128.88724,35.62911],[128.88877,35.62886],[128.89192,35.62931],[128.89433,35.63047],[128.89748,35.63136],[128.90003,35.63264],[128.90167,35.63321],[128.9057,35.63605],[128.90714,35.63714],[128.90914,35.63778],[128.91066,35.63861],[128.91285,35.64],[128.91505,35.64062],[128.91732,35.63988],[128.91984,35.63965],[128.92387,35.63891],[128.92662,35.6383],[128.92924,35.6368],[128.93021,35.63673],[128.93732,35.63571],[128.94115,35.63507],[128.94671,35.63182],[128.9512,35.63015],[128.9523,35.62799],[128.95379,35.62698],[128.95359,35.62524],[128.95415,35.6251],[128.95613,35.62347],[128.95757,35.6232],[128.96126,35.62056],[128.96151,35.61913],[128.96141,35.61735],[128.96066,35.61671],[128.96088,35.61558],[128.96342,35.61514],[128.96537,35.61507],[128.96727,35.61447],[128.96928,35.61428],[128.96999,35.61383],[128.971,35.61383],[128.97281,35.61345],[128.97377,35.61267],[128.97469,35.61247],[128.97568,35.61187],[128.978,35.61146],[128.97968,35.60956],[128.98131,35.60924],[128.98264,35.60871],[128.98417,35.60911],[128.98675,35.60912],[128.98863,35.61088],[128.99021,35.61134],[128.99057,35.6121],[128.99138,35.61257],[128.99356,35.61313],[128.99413,35.61368],[128.9971,35.615],[128.99806,35.61623],[128.99926,35.61695],[129.00014,35.61722],[129.00248,35.61945],[129.00274,35.62026],[129.00387,35.62171],[129.00606,35.62346],[129.00967,35.62589],[129.01262,35.62688],[129.01473,35.62778],[129.01678,35.62877],[129.01802,35.62965],[129.01862,35.63074],[129.02008,35.63403],[129.02067,35.63497],[129.02344,35.63528],[129.02477,35.6361],[129.02661,35.6364],[129.02897,35.63464],[129.03043,35.63401],[129.03262,35.6336],[129.03323,35.63314],[129.03549,35.63202],[129.03697,35.63246],[129.03734,35.6336],[129.03797,35.63487],[129.04056,35.63656],[129.04067,35.63727],[129.04153,35.63899],[129.04226,35.63944],[129.04334,35.64097],[129.04449,35.64349],[129.0451,35.6463],[129.04592,35.64814],[129.04608,35.64913],[129.0469,35.65052],[129.04931,35.64997],[129.05015,35.64993],[129.05058,35.64948],[129.05205,35.64906],[129.05307,35.64924],[129.0548,35.6485],[129.05768,35.64826],[129.06164,35.64695],[129.064,35.64642],[129.0647,35.64577],[129.06571,35.64563],[129.06716,35.64574],[129.0693,35.64541],[129.07054,35.64489],[129.0722,35.64371],[129.07555,35.64036],[129.07896,35.64216],[129.08085,35.64325],[129.08136,35.64516],[129.08113,35.64684],[129.08069,35.64795],[129.07976,35.64911],[129.07798,35.64988],[129.07618,35.65092],[129.07532,35.65183],[129.07218,35.65564],[129.0711,35.65708],[129.07036,35.65864],[129.06808,35.65856],[129.06789,35.6588],[129.06727,35.66199],[129.06845,35.66374],[129.06817,35.6671],[129.06904,35.66905],[129.06715,35.67135],[129.06809,35.67319],[129.069,35.67376],[129.07118,35.67551],[129.07303,35.67738],[129.0723,35.6776],[129.07071,35.67864],[129.07,35.67998],[129.0698,35.68144],[129.06988,35.68237],[129.07189,35.68435],[129.07412,35.68704],[129.07397,35.68778],[129.07447,35.68862],[129.07535,35.68896],[129.07564,35.6901],[129.07669,35.6918],[129.07711,35.69305],[129.07828,35.69405],[129.0798,35.69454],[129.08046,35.6959],[129.08029,35.69628],[129.08235,35.69701],[129.08307,35.69764],[129.08481,35.69782],[129.08574,35.69809],[129.08735,35.69901],[129.0888,35.70033],[129.08993,35.70097],[129.09029,35.70268],[129.09369,35.70297],[129.09571,35.70402],[129.09986,35.70473],[129.10176,35.70607],[129.10321,35.70641],[129.10666,35.70638],[129.10877,35.70669],[129.11037,35.70741],[129.11107,35.70712],[129.11275,35.70838],[129.11394,35.70829],[129.1157,35.70848],[129.11713,35.70724],[129.1175,35.70667],[129.11963,35.707],[129.12127,35.70769],[129.12261,35.70771],[129.12421,35.70828],[129.12457,35.70975],[129.12522,35.71052],[129.1257,35.71244],[129.1262,35.71285],[129.12621,35.71357],[129.12736,35.71412],[129.12987,35.71302],[129.13061,35.71257],[129.13128,35.71277],[129.13409,35.71238],[129.13529,35.71234],[129.13678,35.71286],[129.13581,35.71363],[129.13657,35.71548],[129.13756,35.71628],[129.13793,35.71708],[129.13951,35.71824],[129.13753,35.7207],[129.1384,35.72179],[129.13998,35.72225],[129.14106,35.72334],[129.14099,35.72385],[129.14205,35.72435],[129.14453,35.72483],[129.14613,35.72492],[129.14721,35.72467],[129.14872,35.72348],[129.14958,35.72347],[129.15287,35.72196],[129.15405,35.72197],[129.15483,35.72094],[129.15688,35.71937],[129.1576,35.71801],[129.15892,35.71729],[129.15948,35.71586],[129.16005,35.71547],[129.16031,35.71481],[129.16188,35.71513],[129.16411,35.71483],[129.16488,35.71507],[129.16583,35.715],[129.16684,35.71553],[129.16813,35.71554],[129.16921,35.71495],[129.17107,35.71465],[129.17194,35.71394],[129.17296,35.71404],[129.17349,35.71472],[129.17469,35.71489],[129.17517,35.71558],[129.17646,35.71566],[129.17843,35.71721],[129.17878,35.71803],[129.1788,35.71934],[129.18023,35.7204],[129.18097,35.7215],[129.18122,35.72238],[129.18116,35.72353],[129.18172,35.72367],[129.18356,35.72284],[129.1855,35.72183],[129.18624,35.72128],[129.18665,35.71952],[129.19214,35.71863],[129.1935,35.71776],[129.19368,35.71686],[129.19491,35.71675],[129.19717,35.7161],[129.19765,35.71579],[129.19809,35.71445],[129.20083,35.71599],[129.20092,35.71741],[129.2017,35.71889],[129.20349,35.71974],[129.20547,35.72117],[129.20658,35.72143],[129.20894,35.72108],[129.20865,35.72067],[129.20955,35.72014],[129.2093,35.71968],[129.20937,35.71865],[129.21154,35.71785],[129.21143,35.7174],[129.21384,35.71559],[129.21463,35.71559],[129.2158,35.71496],[129.21665,35.71406],[129.21801,35.71317],[129.2201,35.71407],[129.22167,35.71291],[129.22187,35.712],[129.22437,35.70956],[129.22646,35.70863],[129.22743,35.7092],[129.22833,35.70929],[129.22989,35.70881],[129.23088,35.70877],[129.23176,35.70844],[129.2327,35.70765],[129.23371,35.70615],[129.23346,35.70524],[129.23401,35.70387],[129.23478,35.70379],[129.2381,35.70406],[129.24137,35.70387],[129.24215,35.70314],[129.24643,35.70194],[129.24692,35.70174],[129.24794,35.70209],[129.24927,35.70176],[129.25095,35.70197],[129.25302,35.70173],[129.25685,35.7007],[129.25825,35.69872],[129.25912,35.69813],[129.25976,35.69689],[129.26008,35.69497],[129.26188,35.6934],[129.26259,35.69113],[129.26244,35.69006],[129.26181,35.68772],[129.26219,35.68593],[129.26186,35.68532],[129.25864,35.68311],[129.25869,35.68225],[129.25959,35.68045],[129.25951,35.68006],[129.26103,35.67907],[129.26078,35.67699],[129.25985,35.6737],[129.25972,35.67228],[129.2591,35.67111],[129.25783,35.67012],[129.25654,35.66892],[129.25642,35.66826],[129.25542,35.6667],[129.25475,35.66641],[129.25503,35.66375],[129.2555,35.66046],[129.25774,35.65892],[129.25817,35.65739],[129.2598,35.65566],[129.25988,35.65488],[129.26044,35.65464],[129.26548,35.6536],[129.26625,35.65286],[129.26795,35.65247],[129.26978,35.65108],[129.27323,35.65257],[129.27495,35.65309],[129.27621,35.65285],[129.27638,35.65253],[129.27777,35.65174],[129.27812,35.65114],[129.28015,35.65019],[129.28065,35.65012],[129.28167,35.65117],[129.2829,35.65173],[129.28376,35.65086],[129.28541,35.65053],[129.28716,35.64924],[129.28902,35.64863],[129.29016,35.64787],[129.29033,35.64688],[129.29154,35.6452],[129.293,35.645],[129.29437,35.64457],[129.2949,35.6441],[129.29642,35.64344],[129.29626,35.64474],[129.29684,35.64512],[129.29699,35.64646],[129.29837,35.64765],[129.29965,35.6474],[129.30079,35.64798],[129.30253,35.64802],[129.30306,35.6483],[129.30299,35.6494],[129.30331,35.65008],[129.30205,35.65096],[129.3026,35.65172],[129.30393,35.65165],[129.30407,35.65251],[129.30374,35.65377],[129.30427,35.65701],[129.30569,35.65757],[129.30741,35.6572],[129.30824,35.65807],[129.30896,35.65829],[129.30916,35.65899],[129.31047,35.66019],[129.31114,35.66052],[129.31262,35.66025],[129.31367,35.65945],[129.31488,35.65823],[129.31613,35.65929],[129.31648,35.65935],[129.31813,35.65875],[129.31912,35.65792],[129.31896,35.65692],[129.31936,35.65636],[129.32071,35.65668],[129.32088,35.65724],[129.32223,35.65813],[129.32365,35.65859],[129.32564,35.65772],[129.32782,35.65884],[129.32907,35.65818],[129.32976,35.65876],[129.33005,35.66027],[129.32941,35.66059],[129.32869,35.66041],[129.32864,35.66269],[129.33022,35.66381],[129.32982,35.6644],[129.33103,35.66556],[129.33256,35.66504],[129.33287,35.66541],[129.33255,35.66653],[129.33322,35.66726],[129.3331,35.66798],[129.33365,35.66865],[129.33409,35.66976],[129.33577,35.66913],[129.33732,35.66913],[129.3388,35.66955],[129.34006,35.66964],[129.34102,35.67043],[129.34184,35.67071],[129.34302,35.67176],[129.34472,35.67357],[129.34587,35.67392],[129.34691,35.67473],[129.34725,35.67534],[129.34786,35.67553],[129.34801,35.67627],[129.34875,35.67718],[129.34984,35.67776],[129.35205,35.67872],[129.35314,35.67878],[129.35356,35.67938],[129.35497,35.67931],[129.35583,35.67944],[129.35748,35.67939],[129.35843,35.67921],[129.35925,35.67937],[129.36055,35.67888],[129.36316,35.67863],[129.36407,35.67893],[129.36435,35.67825],[129.36418,35.67674],[129.36506,35.6757],[129.36673,35.67528],[129.36729,35.67472],[129.36786,35.67318],[129.3682,35.673],[129.37055,35.67291],[129.3716,35.67209],[129.37277,35.67015],[129.37265,35.66923],[129.3745,35.66969],[129.37615,35.66982],[129.37778,35.67015],[129.38076,35.671],[129.38185,35.67118],[129.3832,35.67098],[129.38397,35.67057],[129.38583,35.67028],[129.38642,35.67034],[129.38981,35.66912],[129.39196,35.66848],[129.39291,35.66858],[129.39366,35.66805],[129.39614,35.66809],[129.39739,35.66775],[129.3989,35.66777],[129.4007,35.66724],[129.402,35.6648],[129.40281,35.66385],[129.40315,35.66307],[129.40374,35.66291],[129.40685,35.66282],[129.40788,35.66358],[129.40911,35.66356],[129.41017,35.66386],[129.41097,35.66383],[129.41358,35.66301],[129.41579,35.66193],[129.41698,35.66118],[129.41743,35.66057],[129.41878,35.66052],[129.41947,35.66023],[129.42005,35.65955],[129.42138,35.65934],[129.42359,35.65816],[129.42574,35.65717],[129.42701,35.65713],[129.42808,35.65668],[129.4284,35.65558],[129.43008,35.65584],[129.43176,35.65657],[129.4328,35.65665],[129.43313,35.65533],[129.43308,35.65434],[129.43444,35.65269],[129.43508,35.65245],[129.43648,35.65331],[129.43687,35.65424],[129.43739,35.65456],[129.43927,35.65524],[129.4406,35.65466],[129.44235,35.65467],[129.4438,35.65397],[129.44534,35.65343],[129.446,35.65282],[129.44777,35.65157],[129.44866,35.65112],[129.44979,35.65107],[129.44975,35.6518],[129.4507,35.65259],[129.4507,35.65396],[129.45116,35.65443],[129.45191,35.65701],[129.45185,35.65787],[129.45217,35.65866],[129.45235,35.66],[129.45296,35.66278],[129.45404,35.66473],[129.45578,35.66594],[129.45744,35.66649],[129.45816,35.66652],[129.45946,35.66575],[129.46086,35.66647],[129.46244,35.6661],[129.46369,35.66645],[129.46467,35.66651],[129.46524,35.66682],[129.46553,35.66745],[129.46536,35.66807],[129.46577,35.6685],[129.46493,35.66982],[129.46427,35.67244],[129.46409,35.67448],[129.46416,35.67545],[129.4645,35.67663],[129.46584,35.67826],[129.4669,35.67886],[129.46803,35.67894],[129.46829,35.67935],[129.4695,35.67905],[129.47038,35.67944],[129.47098,35.67942],[129.47104,35.68031],[129.47209,35.68056],[129.47187,35.68225],[129.4733,35.68457],[129.47357,35.68532],[129.47511,35.68625],[129.47436,35.687],[129.47494,35.68809],[129.475,35.68941],[129.47521,35.68982],[129.47643,35.69017],[129.47427,35.69131],[129.4742,35.69156],[129.47554,35.69315],[129.47656,35.69208],[129.47721,35.69067],[129.47725,35.68963],[129.47779,35.68974],[129.47748,35.69104],[129.47692,35.69209],[129.47556,35.69353],[129.47589,35.69423],[129.47542,35.69522],[129.4755,35.69612],[129.47602,35.69703],[129.4759,35.69757],[129.47426,35.69909],[129.47363,35.70013],[129.47308,35.70263],[129.47311,35.70449],[129.47359,35.7062],[129.47408,35.70694],[129.47502,35.70764],[129.47697,35.70708],[129.47949,35.70745],[129.47906,35.70771],[129.47795,35.70754],[129.47838,35.709],[129.47896,35.70909],[129.47697,35.71026],[129.47661,35.71061],[129.47765,35.71179],[129.4789,35.7124],[129.48106,35.7106],[129.48159,35.71055],[129.48142,35.70754],[129.48185,35.7071],[129.48199,35.71047],[129.48183,35.71082],[129.48024,35.71221],[129.47932,35.71417],[129.47956,35.7167],[129.48085,35.71685],[129.48072,35.71723],[129.47899,35.7169],[129.47915,35.71767],[129.48087,35.71773],[129.48057,35.7184],[129.48085,35.71882],[129.48275,35.72025],[129.48263,35.72156],[129.48336,35.72187],[129.48618,35.72922],[129.48648,35.72961],[129.48599,35.73039],[129.48591,35.73177],[129.48549,35.73412],[129.4848,35.73672],[129.48487,35.73793],[129.48439,35.73893],[129.48391,35.74075],[129.48377,35.74266],[129.48387,35.74343],[129.4852,35.74457],[129.48542,35.74507],[129.48654,35.74585],[129.48699,35.74661],[129.48803,35.74703],[129.48826,35.74792],[129.48905,35.74861],[129.48961,35.74856],[129.49024,35.74919],[129.49107,35.74948],[129.49093,35.74999],[129.49143,35.75076],[129.49322,35.7519],[129.49453,35.75207],[129.49352,35.75346],[129.49211,35.75435],[129.49158,35.75559],[129.49147,35.7574],[129.49122,35.75827],[129.49142,35.75909],[129.49217,35.7597],[129.49209,35.76004],[129.49403,35.76094],[129.49342,35.75924],[129.4937,35.75902],[129.4945,35.76185],[129.49429,35.76252],[129.4942,35.7641],[129.49507,35.76469],[129.49435,35.76523],[129.49403,35.76595],[129.49453,35.7671],[129.49398,35.76801],[129.49408,35.76955],[129.49428,35.77012],[129.49694,35.77188],[129.49655,35.77324],[129.49572,35.77436],[129.49522,35.77472],[129.49478,35.7756],[129.49513,35.77625],[129.49405,35.77744],[129.49368,35.77871],[129.49323,35.7792],[129.49211,35.78174],[129.49176,35.78287],[129.49155,35.78436],[129.49168,35.78559],[129.4915,35.78678],[129.49161,35.78781],[129.49199,35.78865],[129.49263,35.78936],[129.49429,35.78982],[129.49355,35.79088],[129.49438,35.79149],[129.49587,35.79144],[129.49769,35.79071],[129.49819,35.79116],[129.49815,35.79189],[129.49907,35.79276],[129.50062,35.79319],[129.50134,35.79366],[129.5004,35.79456],[129.50012,35.79638],[129.49942,35.79737],[129.49917,35.79873],[129.49929,35.79974],[129.49985,35.80073],[129.50074,35.8013],[129.50254,35.80123],[129.50363,35.80094],[129.50426,35.8013],[129.50471,35.80209],[129.50554,35.80291],[129.50569,35.80338],[129.50849,35.80348],[129.5084,35.80387],[129.50568,35.80367],[129.50566,35.8043],[129.5061,35.80496],[129.50703,35.80576],[129.50671,35.80603],[129.5049,35.80444],[129.50315,35.80465],[129.50281,35.80578],[129.50361,35.80744],[129.50552,35.80874],[129.50622,35.80875],[129.50912,35.80707],[129.50928,35.80644],[129.50808,35.80519],[129.50857,35.80495],[129.50962,35.80637],[129.51056,35.80699],[129.51135,35.80652],[129.51216,35.80716],[129.51271,35.80853],[129.51127,35.80854],[129.51061,35.80984],[129.51067,35.81062],[129.51032,35.81092],[129.5102,35.81184],[129.51082,35.81282],[129.51073,35.81344],[129.51148,35.81455],[129.51219,35.8152],[129.51303,35.81528],[129.51408,35.81617],[129.5136,35.81679],[129.51277,35.817],[129.51146,35.81901],[129.51052,35.82],[129.50997,35.8211],[129.50956,35.8227],[129.50957,35.82428],[129.51018,35.82516],[129.51013,35.82604],[129.51045,35.82667],[129.51142,35.82718],[129.51215,35.82818],[129.51261,35.82829],[129.51246,35.82928],[129.51285,35.83004],[129.51364,35.83062],[129.51381,35.83162],[129.51469,35.8338],[129.51593,35.83484],[129.51634,35.83551],[129.51748,35.83608],[129.51798,35.83684],[129.51879,35.83728],[129.51975,35.83719],[129.52055,35.83772],[129.51969,35.83862],[129.51918,35.83981],[129.5178,35.84217],[129.51753,35.84306],[129.51863,35.84531],[129.51906,35.84707],[129.51872,35.84838],[129.51957,35.85005],[129.51969,35.85093],[129.52012,35.85138],[129.52147,35.85203],[129.52278,35.8521],[129.52456,35.85309],[129.52537,35.85304],[129.52579,35.85346],[129.52472,35.85509],[129.52468,35.85568],[129.52514,35.85692],[129.52517,35.85757],[129.52585,35.85838],[129.52598,35.85935],[129.52711,35.85992],[129.52743,35.85965],[129.52838,35.85979],[129.52867,35.86019],[129.52811,35.86065],[129.52754,35.86039],[129.52667,35.86101],[129.52642,35.86168],[129.52654,35.8625],[129.52727,35.86373],[129.52824,35.86442],[129.52982,35.86505],[129.53122,35.86633],[129.53242,35.86681],[129.5343,35.86836],[129.53373,35.86874],[129.53382,35.87088],[129.53279,35.87149],[129.53144,35.87136],[129.52931,35.87065],[129.52821,35.87132],[129.52692,35.87103],[129.52512,35.87122],[129.5237,35.8723],[129.52288,35.87203],[129.52196,35.87252],[129.52058,35.87219],[129.51935,35.87301],[129.51887,35.8736],[129.51867,35.87438],[129.51888,35.87632],[129.51989,35.87767],[129.5189,35.87775],[129.5188,35.87866],[129.51899,35.87975],[129.51966,35.88096],[129.52041,35.88176],[129.52464,35.88179],[129.52634,35.88118],[129.52721,35.88125],[129.52786,35.87587],[129.5282,35.87574],[129.52755,35.88102],[129.5277,35.88187],[129.5285,35.88239],[129.52926,35.88352],[129.52876,35.88387],[129.52874,35.88567],[129.52843,35.88628],[129.52712,35.88674],[129.52634,35.8874],[129.52545,35.88897],[129.52521,35.88978],[129.52492,35.8933],[129.52502,35.89501],[129.5253,35.89586],[129.5262,35.89643],[129.52624,35.89677],[129.52716,35.89778],[129.52964,35.89787],[129.53173,35.89821],[129.53184,35.89848],[129.53378,35.89901],[129.53414,35.90017],[129.53366,35.90087],[129.53232,35.90146],[129.53271,35.90248],[129.5324,35.90284],[129.53121,35.9029],[129.53132,35.90355],[129.53053,35.90377],[129.53088,35.90453],[129.52866,35.90375],[129.52802,35.90424],[129.52738,35.90541],[129.52813,35.90662],[129.52763,35.90699],[129.52711,35.90652],[129.52621,35.90699],[129.52586,35.90753],[129.52597,35.90859],[129.52704,35.90892],[129.5272,35.90937],[129.52563,35.91063],[129.52551,35.91155],[129.52494,35.91233],[129.52342,35.91266],[129.52284,35.91346],[129.52315,35.91427],[129.52301,35.91488],[129.52411,35.91547],[129.52368,35.91661],[129.52263,35.91648],[129.52052,35.91747],[129.52054,35.91794],[129.51977,35.91825],[129.51849,35.92062],[129.51837,35.9249],[129.51852,35.92704],[129.51912,35.92919],[129.51944,35.92987],[129.52066,35.93155],[129.52215,35.93298],[129.52394,35.93355],[129.52499,35.9335],[129.52589,35.9332],[129.52608,35.93366],[129.52813,35.93313],[129.52815,35.93169],[129.5302,35.93155],[129.53102,35.93189],[129.52997,35.9329],[129.52944,35.93383],[129.5294,35.93464],[129.52975,35.93532],[129.53208,35.93627],[129.53327,35.93583],[129.5337,35.93614],[129.53357,35.93715],[129.5331,35.93757],[129.53388,35.93857],[129.53464,35.94009],[129.5341,35.94095],[129.53426,35.94202],[129.5355,35.94272],[129.53528,35.94414],[129.53648,35.94453],[129.53718,35.94506],[129.5388,35.94551],[129.53931,35.94527],[129.54006,35.94642],[129.53898,35.94697],[129.53924,35.94865],[129.54025,35.94987],[129.54147,35.95032],[129.54261,35.95025],[129.54317,35.95054],[129.54304,35.95158],[129.544,35.95182],[129.54453,35.95145],[129.54486,35.95281],[129.54529,35.95313],[129.54657,35.95198],[129.54741,35.95143],[129.54911,35.95189],[129.54814,35.95251],[129.54711,35.95281],[129.54629,35.95365],[129.54618,35.95457],[129.54708,35.95752],[129.54801,35.95788],[129.5485,35.95917],[129.55044,35.9603],[129.54983,35.96092],[129.54975,35.96166],[129.54932,35.96201],[129.54976,35.96256],[129.54913,35.9628],[129.54779,35.96282],[129.54731,35.96335],[129.54731,35.96413],[129.54836,35.96532],[129.54835,35.96576],[129.54922,35.96674],[129.55084,35.96675],[129.5525,35.96712],[129.55421,35.96797],[129.55436,35.96831],[129.55379,35.97045],[129.55332,35.97152],[129.55177,35.97252],[129.55139,35.97338],[129.55164,35.9739],[129.55233,35.97432],[129.55282,35.97403],[129.55318,35.97493],[129.55252,35.9753],[129.55188,35.97634],[129.5515,35.97768],[129.55155,35.97842],[129.5523,35.97976],[129.55389,35.98008],[129.55587,35.9808],[129.55663,35.98227],[129.55816,35.98295],[129.55853,35.98415],[129.55984,35.98522],[129.55966,35.98542],[129.55823,35.9842],[129.55387,35.98277],[129.55351,35.98311],[129.55414,35.98402],[129.55193,35.98559],[129.55254,35.98729],[129.55516,35.9894],[129.55579,35.98889],[129.55635,35.98934],[129.55557,35.98998],[129.55643,35.99068],[129.55832,35.99087],[129.56029,35.98952],[129.55718,35.98699],[129.55763,35.98658],[129.5613,35.98949],[129.56257,35.9895],[129.56413,35.99017],[129.56529,35.99026],[129.566,35.98981],[129.56727,35.98996],[129.5682,35.99158],[129.56692,35.99259],[129.56653,35.99332],[129.56695,35.99358],[129.56708,35.99432],[129.56667,35.99527],[129.56611,35.99583],[129.56659,35.99725],[129.56747,35.99809],[129.56798,35.99829],[129.56901,35.99796],[129.56925,35.99856],[129.56888,35.99902],[129.56917,35.99968],[129.57048,36.00062],[129.57061,36.00223],[129.57162,36.00338],[129.57266,36.00367],[129.57379,36.0037],[129.575,36.00413],[129.57531,36.00504],[129.57595,36.00605],[129.57586,36.00704],[129.57636,36.0077],[129.5772,36.00802],[129.57838,36.00806],[129.57812,36.0091],[129.57729,36.00983],[129.57716,36.01107],[129.57731,36.0117],[129.57811,36.01193],[129.57838,36.01277],[129.57934,36.0127],[129.58027,36.01312],[129.58099,36.01315],[129.58156,36.01365],[129.58103,36.01401],[129.58119,36.01502],[129.58255,36.01564],[129.58278,36.01604],[129.58381,36.01623],[129.58467,36.01684],[129.58279,36.01704],[129.58241,36.01908],[129.58264,36.01968],[129.58146,36.02043],[129.581,36.02132],[129.58014,36.02177],[129.58008,36.02291],[129.57876,36.02293],[129.57863,36.02365],[129.57774,36.02379],[129.57721,36.02456],[129.57747,36.02547],[129.5773,36.02598],[129.57763,36.02669],[129.57827,36.0268],[129.57883,36.02743],[129.5811,36.0278],[129.58196,36.02824],[129.58226,36.02946],[129.5822,36.03067],[129.58253,36.03099],[129.58228,36.03169],[129.58138,36.0325],[129.5804,36.03243],[129.57938,36.03205],[129.57799,36.03237],[129.57726,36.03317],[129.57719,36.03424],[129.57759,36.0353],[129.57867,36.03602],[129.57972,36.03603],[129.58034,36.03653],[129.58104,36.03644],[129.58097,36.03862],[129.58002,36.0385],[129.57884,36.03919],[129.57884,36.03997],[129.58021,36.04117],[129.58037,36.04222],[129.58126,36.04403],[129.58225,36.04501],[129.58305,36.04512],[129.58359,36.04609],[129.58236,36.04772],[129.58166,36.04829],[129.5807,36.04839],[129.57945,36.04906],[129.57871,36.04882],[129.57722,36.04917],[129.57716,36.04988],[129.57809,36.05057],[129.57892,36.05157],[129.57792,36.05154],[129.57731,36.05208],[129.57766,36.05269],[129.57768,36.05384],[129.5773,36.05499],[129.57722,36.05758],[129.57641,36.05828],[129.57554,36.05992],[129.57509,36.06126],[129.57497,36.06237],[129.57427,36.06358],[129.57344,36.06374],[129.57298,36.06424],[129.57219,36.0661],[129.57157,36.06648],[129.57068,36.06629],[129.56836,36.06788],[129.56839,36.06867],[129.56976,36.06898],[129.56908,36.06938],[129.56973,36.07121],[129.57006,36.0737],[129.56961,36.07474],[129.56949,36.07606],[129.56991,36.07764],[129.56933,36.07839],[129.56894,36.07827],[129.56615,36.07906],[129.56482,36.07913],[129.56347,36.07864],[129.56195,36.07833],[129.56073,36.07913],[129.55979,36.07996],[129.55981,36.08031],[129.56103,36.08179],[129.55947,36.08145],[129.5589,36.08251],[129.5594,36.08337],[129.55919,36.08381],[129.5582,36.08417],[129.55708,36.08562],[129.55613,36.08566],[129.55553,36.08607],[129.55323,36.08473],[129.55259,36.08494],[129.55204,36.08437],[129.5511,36.08421],[129.54964,36.08504],[129.54718,36.08489],[129.54664,36.08397],[129.54555,36.08099],[129.54519,36.08078],[129.54585,36.07971],[129.54601,36.0782],[129.54565,36.07759],[129.54545,36.07603],[129.5445,36.07475],[129.54305,36.07447],[129.54197,36.07371],[129.54104,36.07332],[129.54035,36.07194],[129.54065,36.07051],[129.54079,36.06882],[129.53976,36.06671],[129.53854,36.06598],[129.53757,36.06618],[129.53703,36.06587],[129.5361,36.06469],[129.53591,36.06279],[129.53449,36.06183],[129.53341,36.06185],[129.53244,36.06161],[129.53262,36.06029],[129.5333,36.05993],[129.53314,36.05931],[129.5336,36.05825],[129.53303,36.05748],[129.53171,36.05675],[129.53071,36.05648],[129.5301,36.0566],[129.52944,36.05726],[129.52809,36.05756],[129.52681,36.0576],[129.52631,36.05831],[129.52585,36.05772],[129.52529,36.05801],[129.52414,36.05695],[129.52476,36.056],[129.52391,36.05599],[129.523,36.055],[129.52338,36.05439],[129.52279,36.05319],[129.5229,36.05237],[129.52168,36.05137],[129.52011,36.05081],[129.51997,36.05016],[129.51919,36.04857],[129.51819,36.04809],[129.51681,36.04625],[129.51608,36.04596],[129.51606,36.04469],[129.51544,36.0434],[129.51427,36.04259],[129.51258,36.04177],[129.51164,36.04095],[129.51046,36.04021],[129.50887,36.03991],[129.50711,36.03875],[129.5064,36.0379],[129.50482,36.03707],[129.50435,36.03597],[129.50327,36.03427],[129.50332,36.03366],[129.50425,36.03343],[129.50402,36.03257],[129.50314,36.03088],[129.50363,36.02881],[129.50306,36.02728],[129.50349,36.02639],[129.50226,36.02495],[129.50114,36.02427],[129.49882,36.02349],[129.49712,36.02319],[129.49561,36.02322],[129.49582,36.02204],[129.4955,36.02118],[129.49499,36.02093],[129.49431,36.01985],[129.49244,36.01841],[129.49011,36.01762],[129.48887,36.01696],[129.48806,36.01621],[129.48708,36.01628],[129.48499,36.01614],[129.48253,36.01653],[129.48186,36.01611],[129.48162,36.01538],[129.48081,36.015],[129.47971,36.01493],[129.47771,36.0145],[129.47603,36.01341],[129.47523,36.01344],[129.47411,36.0126],[129.473,36.01145],[129.47148,36.01089],[129.46963,36.00997],[129.46854,36.00901],[129.4667,36.00789],[129.46606,36.00792],[129.46444,36.00613],[129.46356,36.00578],[129.46208,36.00425],[129.46082,36.00377],[129.45905,36.0035],[129.45852,36.00318],[129.45798,36.00213],[129.45716,36.00134],[129.45639,36.00008],[129.4574,35.99831],[129.45789,35.99791],[129.4576,35.9961],[129.45664,35.99517],[129.4562,35.99386],[129.45621,35.99322],[129.45559,35.99309],[129.45149,35.99158],[129.44996,35.99147],[129.44596,35.99161],[129.44327,35.99233],[129.44076,35.99323],[129.4396,35.99347],[129.43665,35.99432],[129.43373,35.99537],[129.43263,35.99586],[129.42998,35.99678],[129.42814,35.99755],[129.42563,35.99894],[129.42383,35.99982],[129.42337,35.99989],[129.4214,36.00119],[129.42138,36.00153],[129.4199,36.00374],[129.41889,36.00421],[129.41816,36.00613],[129.41772,36.00636],[129.42388,36.01029],[129.42385,36.01042],[129.41761,36.00641],[129.41634,36.00555],[129.41496,36.00408],[129.41414,36.00458],[129.41562,36.00611],[129.42218,36.01054],[129.42306,36.0112],[129.42358,36.01982],[129.42305,36.01983],[129.42298,36.01886],[129.42232,36.01887],[129.422,36.01452],[129.42255,36.01443],[129.42247,36.01345],[129.42124,36.01316],[129.41796,36.01284],[129.41829,36.01686],[129.41606,36.01665],[129.4157,36.01216],[129.4124,36.01182],[129.41275,36.0163],[129.4101,36.01605],[129.40971,36.0112],[129.40702,36.0089],[129.40387,36.01134],[129.40513,36.01242],[129.4062,36.01299],[129.40677,36.01387],[129.40493,36.01424],[129.40264,36.01258],[129.40104,36.01381],[129.39714,36.01416],[129.39496,36.01093],[129.39252,36.01213],[129.39238,36.01239],[129.39417,36.01556],[129.39724,36.02081],[129.40061,36.02149],[129.40123,36.02187],[129.40321,36.02425],[129.40762,36.02923],[129.40822,36.02936],[129.41837,36.02642],[129.41856,36.02685],[129.41969,36.02651],[129.42514,36.02694],[129.42525,36.02688],[129.43183,36.02728],[129.43191,36.02754],[129.43162,36.03026],[129.4184,36.03408],[129.4184,36.0342],[129.40182,36.03902],[129.41182,36.03601],[129.41181,36.03572],[129.40293,36.03831],[129.40138,36.03872],[129.39393,36.03335],[129.39399,36.03327],[129.39004,36.03043],[129.38579,36.02849],[129.38327,36.03116],[129.38343,36.03186],[129.38144,36.03367],[129.38102,36.03458],[129.3806,36.03483],[129.37973,36.03622],[129.37732,36.04139],[129.37678,36.04325],[129.37689,36.04424],[129.37753,36.04579],[129.38024,36.04625],[129.38005,36.04703],[129.37712,36.04652],[129.3762,36.04996],[129.37414,36.0496],[129.37259,36.04987],[129.37281,36.05077],[129.37433,36.05154],[129.37626,36.05172],[129.38022,36.05093],[129.38247,36.04862],[129.38174,36.05057],[129.38052,36.05122],[129.38053,36.05148],[129.37816,36.05248],[129.3783,36.05357],[129.37813,36.05449],[129.37833,36.05606],[129.37882,36.05758],[129.37937,36.05825],[129.38019,36.06021],[129.38101,36.06112],[129.38351,36.06327],[129.38441,36.06367],[129.3858,36.06392],[129.38715,36.06381],[129.38751,36.06321],[129.38828,36.06311],[129.38857,36.06269],[129.38949,36.06235],[129.39208,36.06306],[129.39299,36.06316],[129.395,36.06302],[129.39656,36.06327],[129.39809,36.06432],[129.39971,36.06621],[129.40046,36.06841],[129.40133,36.06955],[129.40406,36.07077],[129.40499,36.07105],[129.40561,36.07161],[129.40695,36.07128],[129.40758,36.0721],[129.40873,36.07273],[129.41111,36.07308],[129.41159,36.07266],[129.41306,36.07211],[129.4143,36.07246],[129.41527,36.07327],[129.41634,36.07336],[129.41798,36.07372],[129.41884,36.07466],[129.41985,36.07655],[129.41911,36.07736],[129.41795,36.07923],[129.41709,36.08158],[129.41745,36.08314],[129.41734,36.08429],[129.41758,36.08523],[129.41843,36.087],[129.41893,36.08774],[129.41969,36.08833],[129.42055,36.08831],[129.42038,36.08912],[129.42185,36.08999],[129.42284,36.09143],[129.42388,36.09225],[129.42471,36.0934],[129.42572,36.09426],[129.42688,36.09576],[129.42762,36.09634],[129.42903,36.09641],[129.42901,36.09533],[129.42821,36.09533],[129.42628,36.09282],[129.43633,36.09277],[129.43635,36.09448],[129.43964,36.09451],[129.43973,36.11082],[129.43964,36.11065],[129.43223,36.11067],[129.43205,36.11164],[129.43123,36.11164],[129.43124,36.11244],[129.43205,36.11244],[129.43224,36.11316],[129.4339,36.11316],[129.43391,36.11342],[129.43699,36.1134],[129.43706,36.11361],[129.4312,36.11365],[129.43065,36.11219],[129.42917,36.11229],[129.4264,36.11347],[129.42323,36.11531],[129.42105,36.11727],[129.41907,36.11857],[129.41732,36.12006],[129.41614,36.12092],[129.4137,36.12235],[129.41171,36.12383],[129.40611,36.12775],[129.40567,36.12778],[129.40354,36.12969],[129.4018,36.13103],[129.40027,36.13238],[129.3994,36.13333],[129.39825,36.13423],[129.3976,36.13529],[129.39836,36.13622],[129.39788,36.13687],[129.3981,36.13811],[129.3968,36.13841],[129.39577,36.13955],[129.39522,36.14042],[129.395,36.14163],[129.3957,36.14299],[129.39655,36.14376],[129.39729,36.14338],[129.39824,36.14365],[129.39715,36.14595],[129.39761,36.14745],[129.39749,36.14832],[129.39805,36.14915],[129.3982,36.14991],[129.40079,36.154],[129.40028,36.15416],[129.39852,36.15603],[129.39826,36.15741],[129.39893,36.15814],[129.39974,36.15854],[129.40014,36.15938],[129.39897,36.15992],[129.39779,36.16073],[129.39824,36.16245],[129.39938,36.16352],[129.4,36.16464],[129.40063,36.16482],[129.40072,36.1654],[129.39949,36.16665],[129.3989,36.16592],[129.39817,36.16658],[129.39765,36.1674],[129.39802,36.16817],[129.39723,36.17057],[129.39779,36.17109],[129.39571,36.17156],[129.39516,36.17241],[129.39516,36.17364],[129.39605,36.17399],[129.39535,36.17612],[129.39387,36.17725],[129.394,36.17832],[129.39374,36.17912],[129.39285,36.17954],[129.39288,36.18025],[129.39335,36.18047],[129.39345,36.1814],[129.3925,36.18243],[129.39197,36.18375],[129.39117,36.18439],[129.38893,36.18489],[129.38829,36.1843],[129.38722,36.18371],[129.38543,36.18408],[129.38495,36.18498],[129.38347,36.186],[129.3828,36.18564],[129.38151,36.18611],[129.38005,36.18748],[129.37977,36.18803],[129.37872,36.1892],[129.37705,36.18974],[129.3761,36.19075],[129.37533,36.19183],[129.3738,36.19435],[129.37319,36.19555],[129.37241,36.19771],[129.37188,36.20009],[129.37173,36.20147],[129.37172,36.20398],[129.37194,36.20538],[129.37256,36.20702],[129.37351,36.20779],[129.37435,36.20815],[129.37648,36.20799],[129.37838,36.2087],[129.37863,36.20908],[129.37956,36.20935],[129.38004,36.21003],[129.38138,36.21062],[129.38203,36.21048],[129.38264,36.2108],[129.38324,36.21173],[129.38421,36.2122],[129.38426,36.21349],[129.38566,36.21428],[129.38582,36.21481],[129.3854,36.21538],[129.38554,36.21613],[129.38631,36.21684],[129.38656,36.21746],[129.38611,36.21808],[129.3862,36.2194],[129.38584,36.2199],[129.38641,36.22123],[129.38607,36.22212],[129.38676,36.22248],[129.38682,36.22333],[129.38642,36.22395],[129.38559,36.22456],[129.38393,36.22444],[129.3828,36.22587],[129.38176,36.22769],[129.38095,36.23011],[129.3812,36.23215],[129.38245,36.23315],[129.38399,36.23387],[129.38409,36.23443],[129.38486,36.23549],[129.38537,36.23907],[129.38498,36.24044],[129.38384,36.24177],[129.38316,36.24123],[129.38224,36.24133],[129.38248,36.24216],[129.38236,36.24285],[129.38116,36.24283],[129.38051,36.24329],[129.37837,36.2457],[129.37648,36.24845],[129.37407,36.2526],[129.37309,36.25449],[129.37291,36.25513],[129.37396,36.25635],[129.37467,36.25824],[129.37453,36.25929],[129.37499,36.25963],[129.3746,36.26023],[129.37494,36.26127],[129.37557,36.26236],[129.37507,36.26371],[129.37508,36.26438],[129.37549,36.26562],[129.37602,36.2666],[129.37603,36.2682],[129.3758,36.2696],[129.37655,36.27082],[129.37779,36.27167],[129.37864,36.27253],[129.37922,36.27275],[129.38076,36.27477],[129.38094,36.27574],[129.38055,36.2772],[129.38,36.27758],[129.37888,36.27727],[129.37844,36.27764],[129.37804,36.27861],[129.37807,36.27921],[129.37709,36.28052],[129.37581,36.28299],[129.37497,36.28542],[129.37458,36.2883],[129.37476,36.28915],[129.37539,36.28992],[129.37802,36.2902],[129.37865,36.29101],[129.37807,36.29208],[129.37879,36.29265],[129.37802,36.29296],[129.37858,36.29368],[129.37959,36.29408],[129.37919,36.29515],[129.37853,36.29494],[129.37817,36.29572],[129.37835,36.29618],[129.37915,36.29644],[129.37958,36.29703],[129.37854,36.29712],[129.3784,36.2978],[129.3795,36.29835],[129.37977,36.29896],[129.37895,36.30024],[129.3784,36.30054],[129.37873,36.30111],[129.3789,36.30248],[129.3787,36.3033],[129.37776,36.30411],[129.37785,36.30452],[129.37737,36.30609],[129.37737,36.30685],[129.37775,36.30752],[129.37882,36.30818],[129.37976,36.30933],[129.3794,36.31012],[129.37992,36.31067],[129.37985,36.31159],[129.37942,36.31226],[129.37947,36.3132],[129.37911,36.3138],[129.37966,36.31432],[129.37925,36.31466],[129.37948,36.31556],[129.37912,36.31615],[129.37946,36.31724],[129.37902,36.31766],[129.37936,36.3192],[129.38036,36.31976],[129.38096,36.31908],[129.38123,36.31761],[129.38177,36.31732],[129.38142,36.31931],[129.38079,36.32014],[129.38231,36.32182],[129.38157,36.32258],[129.38192,36.32411],[129.38137,36.32412],[129.38132,36.32523],[129.3809,36.32529],[129.38081,36.32629],[129.38018,36.32715],[129.38002,36.32858],[129.37941,36.33045],[129.37923,36.3316],[129.37934,36.33307],[129.38003,36.33402],[129.38119,36.33408],[129.38051,36.33479],[129.38129,36.33606],[129.38136,36.33697],[129.38204,36.33799],[129.38238,36.33906],[129.3821,36.34105],[129.38244,36.34212],[129.38378,36.34364],[129.38499,36.34368],[129.38654,36.34437],[129.38642,36.34506],[129.38684,36.34529],[129.38722,36.34642],[129.38694,36.34681],[129.38727,36.34756],[129.38863,36.34864],[129.38816,36.34941],[129.38827,36.35054],[129.3878,36.3517],[129.38782,36.35246],[129.38748,36.35318],[129.38774,36.35451],[129.3903,36.35391],[129.39085,36.3542],[129.39082,36.35494],[129.38827,36.35542],[129.38866,36.35636],[129.39031,36.35741],[129.39145,36.35863],[129.39394,36.3592],[129.39395,36.36031],[129.39503,36.36127],[129.39486,36.36225],[129.394,36.36322],[129.39441,36.36376],[129.39418,36.36534],[129.39513,36.36663],[129.39469,36.36726],[129.395,36.36785],[129.3956,36.368],[129.3959,36.36892],[129.39641,36.36956],[129.39829,36.37012],[129.39848,36.37181],[129.39906,36.37283],[129.39978,36.37296],[129.40077,36.37431],[129.40078,36.37529],[129.40186,36.37642],[129.40271,36.37756],[129.40362,36.37832],[129.4061,36.38177],[129.40619,36.38322],[129.40662,36.38622],[129.407,36.38779],[129.40777,36.38906],[129.40842,36.38957],[129.41007,36.39002],[129.4116,36.39002],[129.4126,36.39048],[129.41285,36.39098],[129.41434,36.39199],[129.41443,36.39259],[129.41532,36.39347],[129.41527,36.39405],[129.41584,36.39458],[129.41684,36.39659],[129.41677,36.39732],[129.41717,36.39803],[129.41794,36.3987],[129.41957,36.39917],[129.42025,36.39979],[129.42113,36.39988],[129.42206,36.40147],[129.42333,36.40312],[129.4239,36.40365],[129.4238,36.4049],[129.42562,36.40625],[129.42722,36.40638],[129.42758,36.40669],[129.42816,36.40809],[129.42948,36.40914],[129.42971,36.4104],[129.4301,36.41102],[129.42979,36.41172],[129.43026,36.41299],[129.43035,36.41512],[129.43134,36.41663],[129.43125,36.41756],[129.43187,36.41842],[129.43226,36.41947],[129.43303,36.42018],[129.43333,36.42117],[129.43324,36.42176],[129.43487,36.42312],[129.43491,36.424],[129.43529,36.42482],[129.43599,36.42535],[129.43618,36.42622],[129.43611,36.4279],[129.43587,36.42841],[129.43595,36.42935],[129.43549,36.4299],[129.43532,36.43155],[129.43429,36.43261],[129.43414,36.43388],[129.43449,36.43445],[129.43398,36.43494],[129.433,36.43717],[129.4331,36.43978],[129.43263,36.4405],[129.43292,36.44105],[129.43486,36.44177],[129.43521,36.44283],[129.4343,36.44528],[129.4355,36.44567],[129.4363,36.44616],[129.43671,36.44689],[129.43644,36.44759],[129.43661,36.44902],[129.43591,36.45048],[129.43577,36.45193],[129.43516,36.45332],[129.4355,36.45406],[129.4358,36.45581],[129.43563,36.45798],[129.43663,36.45903],[129.4372,36.46135],[129.43699,36.4623],[129.43746,36.46288],[129.4377,36.46438],[129.43758,36.46569],[129.43702,36.46641],[129.4372,36.4674],[129.43676,36.46809],[129.43612,36.46989],[129.43581,36.47029],[129.43586,36.47136],[129.43551,36.47196],[129.43459,36.47231],[129.43405,36.47345],[129.43491,36.47406],[129.43391,36.47435],[129.4334,36.47532],[129.43382,36.4757],[129.43268,36.47684],[129.43309,36.4775],[129.43377,36.47768],[129.43335,36.47929],[129.43382,36.47992],[129.43292,36.48113],[129.43362,36.48249],[129.43433,36.48347],[129.43508,36.48366],[129.43551,36.48424],[129.43694,36.48417],[129.4381,36.48565],[129.43918,36.48544],[129.44003,36.48647],[129.44014,36.48725],[129.44178,36.48766],[129.44221,36.48725],[129.44311,36.48782],[129.44345,36.48834],[129.4442,36.48869],[129.4449,36.49016],[129.44424,36.49043],[129.44435,36.49094],[129.44392,36.4921],[129.44399,36.49267],[129.44531,36.49418],[129.44651,36.49685],[129.446,36.49769],[129.44647,36.49836],[129.4465,36.4998],[129.44619,36.50015],[129.44612,36.50152],[129.44642,36.50223],[129.44642,36.50368],[129.44681,36.50456],[129.4484,36.50581],[129.45037,36.50527],[129.45122,36.50588],[129.45252,36.5065],[129.45329,36.50817],[129.45323,36.50864],[129.45246,36.50932],[129.44983,36.50946],[129.44903,36.50895],[129.4495,36.50775],[129.44795,36.50757],[129.44695,36.5082],[129.44675,36.5088],[129.44787,36.50894],[129.44825,36.51044],[129.44883,36.51127],[129.45004,36.5108],[129.45201,36.51076],[129.45467,36.50988],[129.45484,36.51028],[129.45227,36.51106],[129.45022,36.51113],[129.44922,36.51204],[129.44903,36.51257],[129.4479,36.51205],[129.4467,36.51262],[129.44568,36.51252],[129.44469,36.51214],[129.444,36.51226],[129.44438,36.51408],[129.44408,36.515],[129.44488,36.51618],[129.44465,36.51789],[129.44406,36.51882],[129.44451,36.51973],[129.44337,36.52027],[129.44361,36.52073],[129.44323,36.52134],[129.4418,36.52211],[129.44167,36.52292],[129.44186,36.52392],[129.44168,36.5251],[129.44199,36.52606],[129.44176,36.52745],[129.44086,36.52927],[129.44091,36.52961],[129.44013,36.53028],[129.4406,36.53171],[129.44003,36.53187],[129.43968,36.5325],[129.44032,36.53281],[129.44,36.53348],[129.44011,36.5345],[129.43971,36.53526],[129.44013,36.5361],[129.43922,36.53653],[129.43985,36.53799],[129.43948,36.53851],[129.43925,36.54023],[129.44031,36.54085],[129.44011,36.54194],[129.44076,36.54275],[129.44069,36.54339],[129.43965,36.54394],[129.43922,36.54482],[129.43931,36.54536],[129.44029,36.5462],[129.44017,36.54773],[129.43966,36.54846],[129.43984,36.54915],[129.44112,36.54912],[129.44061,36.54985],[129.44051,36.55076],[129.44013,36.55141],[129.44056,36.55222],[129.43974,36.55242],[129.43945,36.55342],[129.43897,36.55337],[129.43817,36.55426],[129.43762,36.55531],[129.43671,36.55562],[129.43579,36.55644],[129.43428,36.55723],[129.43439,36.558],[129.43318,36.55739],[129.43177,36.55729],[129.43153,36.55787],[129.43273,36.55839],[129.43326,36.5595],[129.43449,36.55912],[129.43583,36.55827],[129.43603,36.55866],[129.43392,36.55966],[129.43274,36.55985],[129.43263,36.56056],[129.43158,36.56033],[129.43134,36.56103],[129.43059,36.56189],[129.43102,36.56241],[129.42989,36.56384],[129.42843,36.56416],[129.42642,36.56572],[129.4247,36.56761],[129.4217,36.57067],[129.42071,36.572],[129.41987,36.57288],[129.41788,36.57539],[129.41783,36.57592],[129.41706,36.57656],[129.4161,36.57813],[129.41577,36.57915],[129.41516,36.5798],[129.41368,36.58243],[129.41283,36.58418],[129.41263,36.58546],[129.41223,36.58591],[129.41182,36.58744],[129.41103,36.58965],[129.41039,36.59228],[129.41013,36.59495],[129.41045,36.59613],[129.41127,36.59759],[129.41236,36.59836],[129.41321,36.59853],[129.414,36.59829],[129.41397,36.59956],[129.41489,36.59955],[129.41567,36.60063],[129.4156,36.60132],[129.4162,36.60236],[129.41585,36.60293],[129.41628,36.60341],[129.41614,36.60466],[129.41578,36.60547],[129.41578,36.60621],[129.41508,36.60696],[129.41443,36.60876],[129.41408,36.6104],[129.41368,36.61112],[129.4131,36.6136],[129.41277,36.61433],[129.41245,36.61625],[129.41198,36.61824],[129.41202,36.62191],[129.41228,36.62283],[129.41303,36.62339],[129.41278,36.6238],[129.41312,36.62484],[129.41406,36.62489],[129.41443,36.62609],[129.41584,36.6287],[129.41708,36.63031],[129.41722,36.63185],[129.41692,36.63607],[129.41757,36.63917],[129.4184,36.64014],[129.42077,36.64134],[129.42215,36.64137],[129.42243,36.64214],[129.42324,36.64293],[129.4231,36.6434],[129.42347,36.64411],[129.42353,36.64528],[129.42512,36.64608],[129.42734,36.64827],[129.42825,36.64877],[129.42867,36.64975],[129.42861,36.6506],[129.42888,36.65158],[129.42992,36.65277],[129.42999,36.65359],[129.43054,36.65449],[129.43043,36.65616],[129.43093,36.65727],[129.43077,36.65888],[129.43134,36.6594],[129.43211,36.6608],[129.43323,36.66194],[129.43451,36.66539],[129.43601,36.66805],[129.43778,36.67047],[129.43856,36.67139],[129.44105,36.67375],[129.4422,36.67456],[129.44754,36.6775],[129.44843,36.67776],[129.44943,36.6765],[129.45267,36.67796],[129.45491,36.67463],[129.4551,36.67477],[129.45394,36.67646],[129.45401,36.67671],[129.45235,36.67878],[129.45309,36.67918],[129.45304,36.67963],[129.45672,36.68147],[129.45902,36.68178],[129.46185,36.67777],[129.45914,36.67651],[129.45926,36.67614],[129.45769,36.67469],[129.45658,36.67202],[129.4568,36.67184],[129.45793,36.67453],[129.45956,36.67603],[129.4612,36.67685],[129.46288,36.67741],[129.46414,36.67914],[129.46535,36.67968],[129.46537,36.68071],[129.46462,36.68196],[129.46456,36.68289],[129.46485,36.68378],[129.46559,36.68485],[129.46479,36.68534],[129.46492,36.68648],[129.46533,36.68745],[129.46634,36.68836],[129.46724,36.68817],[129.46803,36.68846],[129.46824,36.69308],[129.46876,36.69442],[129.46935,36.69528],[129.47043,36.69578],[129.47131,36.69578],[129.4728,36.69673],[129.4735,36.69754],[129.47531,36.69834],[129.47632,36.69932],[129.47583,36.7001],[129.47546,36.70131],[129.47573,36.70206],[129.47484,36.70388],[129.47443,36.70578],[129.47463,36.70703],[129.47439,36.70727],[129.47438,36.70843],[129.47574,36.70981],[129.47543,36.71027],[129.47597,36.71111],[129.47476,36.71174],[129.47391,36.71344],[129.47393,36.7143],[129.47266,36.71679],[129.47176,36.72043],[129.47205,36.72267],[129.47309,36.72393],[129.47329,36.72467],[129.47418,36.72536],[129.47531,36.72506],[129.47651,36.72571],[129.47665,36.72622],[129.47774,36.7271],[129.47702,36.72783],[129.47608,36.73033],[129.47586,36.73133],[129.47618,36.73251],[129.47662,36.73273],[129.47662,36.73367],[129.47606,36.73412],[129.47556,36.7352],[129.47422,36.73709],[129.47382,36.73746],[129.47331,36.73882],[129.47257,36.73971],[129.47226,36.74075],[129.47116,36.74227],[129.47092,36.7433],[129.47055,36.74365],[129.46936,36.74623],[129.46885,36.74774],[129.46839,36.7497],[129.46845,36.75036],[129.46897,36.75123],[129.46866,36.75173],[129.46844,36.75294],[129.46871,36.75501],[129.46907,36.75572],[129.46832,36.75625],[129.46804,36.75736],[129.46831,36.75826],[129.46913,36.75931],[129.47136,36.76064],[129.47211,36.76073],[129.4725,36.75888],[129.47344,36.75878],[129.47473,36.75708],[129.47524,36.75696],[129.4736,36.75912],[129.47281,36.75919],[129.47263,36.7602],[129.47297,36.76098],[129.47485,36.76306],[129.47581,36.7634],[129.47658,36.76428],[129.47729,36.76555],[129.4778,36.76718],[129.47864,36.76797],[129.47804,36.76827],[129.476,36.77049],[129.47596,36.77161],[129.47521,36.77198],[129.47421,36.77313],[129.47315,36.77403],[129.47274,36.77515],[129.4717,36.77646],[129.47155,36.77777],[129.47116,36.77812],[129.47073,36.77938],[129.46985,36.78015],[129.46977,36.78078],[129.46905,36.78166],[129.46851,36.78185],[129.46554,36.78483],[129.46282,36.78795],[129.46234,36.78864],[129.46266,36.78999],[129.46218,36.79181],[129.46285,36.79245],[129.46316,36.7936],[129.46307,36.79417],[129.46236,36.79507],[129.46289,36.79555],[129.46274,36.79647],[129.46114,36.79754],[129.46011,36.79867],[129.45942,36.79981],[129.45976,36.80101],[129.45897,36.80075],[129.45864,36.80166],[129.45935,36.80259],[129.45927,36.80298],[129.4581,36.80266],[129.45784,36.80349],[129.45856,36.80585],[129.45742,36.80716],[129.45769,36.8078],[129.45727,36.80833],[129.45734,36.80962],[129.45688,36.81047],[129.45687,36.8114],[129.45783,36.81176],[129.45797,36.81241],[129.45711,36.81265],[129.45676,36.8135],[129.45714,36.81447],[129.45612,36.81531],[129.45521,36.81643],[129.45392,36.81675],[129.45304,36.81788],[129.45294,36.81898],[129.45247,36.8194],[129.45097,36.82015],[129.45087,36.82131],[129.44982,36.82169],[129.44962,36.82284],[129.44847,36.82311],[129.44719,36.82468],[129.44736,36.82487],[129.44642,36.82635],[129.44534,36.82768],[129.44802,36.82772],[129.44831,36.8276],[129.4495,36.82581],[129.45198,36.82438],[129.45266,36.82441],[129.44976,36.82608],[129.44855,36.82784],[129.44761,36.82826],[129.44666,36.8282],[129.44579,36.82934],[129.44597,36.83033],[129.4458,36.83221],[129.44467,36.83238],[129.44418,36.83364],[129.44429,36.83437],[129.44287,36.83496],[129.44131,36.83632],[129.44126,36.83684],[129.44,36.83772],[129.438,36.83948],[129.43634,36.84135],[129.43544,36.84195],[129.4344,36.84291],[129.43313,36.84456],[129.43123,36.84624],[129.43081,36.84703],[129.42952,36.8481],[129.42879,36.84943],[129.42811,36.85018],[129.42746,36.85167],[129.42763,36.85237],[129.42691,36.85338],[129.42671,36.85402],[129.426,36.85475],[129.42473,36.85715],[129.42462,36.85761],[129.42379,36.85864],[129.42353,36.85949],[129.42405,36.86011],[129.42323,36.86053],[129.42216,36.86292],[129.4217,36.86352],[129.42104,36.86515],[129.41991,36.86863],[129.41987,36.86948],[129.42052,36.87139],[129.42146,36.87214],[129.42191,36.87329],[129.42136,36.87399],[129.42091,36.87527],[129.421,36.87681],[129.42012,36.87728],[129.41858,36.87986],[129.41758,36.88196],[129.41762,36.88255],[129.41724,36.88367],[129.4167,36.88428],[129.41649,36.88521],[129.4163,36.88771],[129.41673,36.88871],[129.416,36.88893],[129.41532,36.88961],[129.41563,36.89103],[129.41636,36.892],[129.41816,36.89343],[129.41861,36.89349],[129.41907,36.89255],[129.41932,36.89123],[129.42012,36.89121],[129.42135,36.88962],[129.42177,36.88969],[129.42039,36.89148],[129.41951,36.89155],[129.41886,36.89392],[129.42004,36.89537],[129.42001,36.89592],[129.42054,36.89757],[129.42046,36.89868],[129.4197,36.89969],[129.41924,36.90082],[129.4174,36.90435],[129.41571,36.90828],[129.41559,36.90942],[129.41682,36.91105],[129.41689,36.91188],[129.4164,36.91208],[129.41614,36.91346],[129.41558,36.91423],[129.4155,36.91592],[129.41641,36.91727],[129.41712,36.91866],[129.41872,36.91868],[129.41843,36.9176],[129.41788,36.91755],[129.41806,36.91644],[129.41872,36.91685],[129.41914,36.91889],[129.41958,36.91942],[129.41908,36.92117],[129.41931,36.92212],[129.41978,36.92263],[129.41938,36.9234],[129.41885,36.92506],[129.41898,36.92565],[129.4184,36.92684],[129.41736,36.93008],[129.41734,36.93141],[129.41847,36.93245],[129.41965,36.93401],[129.41953,36.93549],[129.41998,36.93598],[129.42056,36.93585],[129.4211,36.93633],[129.42065,36.93784],[129.42099,36.93827],[129.42112,36.94052],[129.42039,36.94298],[129.42067,36.94344],[129.42016,36.94403],[129.41904,36.9462],[129.41817,36.94846],[129.41828,36.94922],[129.4191,36.94968],[129.41945,36.95128],[129.41881,36.95242],[129.41829,36.95379],[129.41827,36.95462],[129.41777,36.95516],[129.41668,36.95761],[129.41662,36.95827],[129.41609,36.95886],[129.41612,36.95965],[129.41552,36.9606],[129.41568,36.96107],[129.41504,36.96185],[129.41517,36.96238],[129.41471,36.96362],[129.41501,36.96448],[129.41387,36.96767],[129.41383,36.96816],[129.41319,36.96965],[129.41034,36.975],[129.40961,36.97602],[129.40919,36.97719],[129.40866,36.97799],[129.40804,36.97967],[129.40853,36.98065],[129.40947,36.9817],[129.40927,36.98219],[129.40989,36.98286],[129.4106,36.98288],[129.41087,36.9834],[129.41049,36.98472],[129.41137,36.98499],[129.4124,36.9868],[129.41322,36.98721],[129.41401,36.98801],[129.41412,36.98899],[129.41651,36.991],[129.41748,36.99074],[129.41742,36.99148],[129.41775,36.99248],[129.41894,36.99298],[129.41877,36.99366],[129.418,36.99404],[129.41747,36.9947],[129.41764,36.99525],[129.41698,36.99628],[129.41686,36.99723],[129.41737,36.9985],[129.41817,36.9987],[129.41778,36.99989],[129.41815,37.00026],[129.41754,37.00129],[129.41739,37.00318],[129.41785,37.0038],[129.41733,37.00482],[129.41743,37.00604],[129.41646,37.00703],[129.41652,37.00799],[129.41624,37.00848],[129.41614,37.01127],[129.41489,37.01252],[129.41435,37.01354],[129.41392,37.01487],[129.41326,37.01551],[129.41354,37.01595],[129.41287,37.01676],[129.41209,37.01852],[129.41113,37.01995],[129.41094,37.02141],[129.41033,37.02248],[129.40973,37.02474],[129.40944,37.02694],[129.40966,37.02926],[129.41022,37.03018],[129.41023,37.0308],[129.41144,37.03156],[129.41216,37.03237],[129.41411,37.03329],[129.4156,37.03337],[129.41598,37.03378],[129.41682,37.03397],[129.41667,37.03484],[129.41579,37.03552],[129.41538,37.03621],[129.41485,37.03787],[129.41536,37.03856],[129.41632,37.03877],[129.41607,37.03968],[129.41496,37.03937],[129.41448,37.0397],[129.41364,37.0416],[129.41338,37.0435],[129.41472,37.04401],[129.41324,37.0444],[129.41315,37.04574],[129.4133,37.04808],[129.4138,37.0499],[129.41451,37.05129],[129.4155,37.05165],[129.41982,37.05065],[129.41974,37.05096],[129.41537,37.05189],[129.41537,37.0524],[129.41614,37.05359],[129.4166,37.05353],[129.41705,37.05482],[129.4186,37.05605],[129.41881,37.05701],[129.42153,37.05799],[129.42423,37.05774],[129.42587,37.0556],[129.42167,37.05402],[129.42199,37.05349],[129.42394,37.05413],[129.42479,37.05291],[129.425,37.05381],[129.42475,37.05442],[129.42768,37.05551],[129.4283,37.05564],[129.42984,37.05669],[129.42981,37.05758],[129.43015,37.05835],[129.42819,37.05926],[129.42765,37.05973],[129.42723,37.06109],[129.42768,37.06172],[129.4271,37.06403],[129.4261,37.06382],[129.42564,37.06413],[129.42507,37.06518],[129.42352,37.06603],[129.42216,37.06647],[129.42095,37.06751],[129.42028,37.06831],[129.42031,37.06881],[129.4188,37.0693],[129.41645,37.07072],[129.41378,37.07193],[129.41213,37.07311],[129.4071,37.07598],[129.40657,37.07642],[129.40068,37.08003],[129.39937,37.08117],[129.39623,37.0834],[129.39545,37.08429],[129.39611,37.08477],[129.39549,37.08577],[129.39475,37.08617],[129.3951,37.08722],[129.39661,37.08704],[129.39683,37.08748],[129.39394,37.0875],[129.39174,37.08936],[129.39079,37.08938],[129.39072,37.09025],[129.38961,37.09037],[129.3899,37.09138],[129.39174,37.0907],[129.39417,37.08854],[129.39476,37.08828],[129.39692,37.08814],[129.39704,37.08869],[129.39477,37.08879],[129.39198,37.09109],[129.38833,37.09278],[129.38798,37.09304],[129.38472,37.09638],[129.38257,37.09869],[129.38269,37.09985],[129.38146,37.09981],[129.38161,37.09895],[129.38346,37.09705],[129.38263,37.09643],[129.3796,37.09906],[129.37857,37.10106],[129.37903,37.10141],[129.38179,37.10235],[129.3831,37.10213],[129.38529,37.10014],[129.38615,37.10003],[129.3833,37.10256],[129.38219,37.10292],[129.37917,37.10188],[129.37812,37.10293],[129.37834,37.10324],[129.37717,37.10401],[129.37698,37.10471],[129.3781,37.10561],[129.37662,37.10605],[129.37634,37.1071],[129.37576,37.1075],[129.37485,37.10971],[129.37456,37.11088],[129.37484,37.11196],[129.37558,37.11273],[129.37611,37.11276],[129.3762,37.11385],[129.37777,37.11609],[129.37875,37.11661],[129.37926,37.11821],[129.38001,37.11889],[129.3791,37.11907],[129.37746,37.11907],[129.37589,37.12009],[129.37379,37.12244],[129.37348,37.12303],[129.37357,37.12388],[129.37267,37.12497],[129.37259,37.12557],[129.37171,37.12641],[129.37132,37.12784],[129.37197,37.12836],[129.37186,37.12894],[129.37108,37.12918],[129.37089,37.12965],[129.37129,37.13047],[129.37328,37.13113],[129.37337,37.13205],[129.37483,37.13324],[129.37484,37.13425],[129.37452,37.13465],[129.37483,37.13541],[129.37361,37.13565],[129.37221,37.13562],[129.37128,37.13602],[129.36912,37.138],[129.36723,37.13996],[129.36655,37.14099],[129.3665,37.14174],[129.36574,37.14284],[129.36585,37.14375],[129.36562,37.14489],[129.36413,37.14601],[129.3634,37.146]]],[[[131.87015,37.24096],[131.87034,37.24185],[131.86917,37.24134],[131.86839,37.24065],[131.8681,37.23939],[131.86721,37.2389],[131.86791,37.23842],[131.8684,37.23894],[131.86969,37.23813],[131.87021,37.23839],[131.87026,37.23928],[131.87134,37.24009],[131.87059,37.24086],[131.87015,37.24096]]],[[[131.86527,37.24411],[131.86492,37.24368],[131.86502,37.24299],[131.86429,37.24253],[131.86329,37.24245],[131.8634,37.24139],[131.86289,37.24079],[131.86344,37.24036],[131.86483,37.24001],[131.86548,37.24005],[131.8661,37.24091],[131.86672,37.24104],[131.86647,37.24196],[131.86594,37.24284],[131.86623,37.24309],[131.86527,37.24411]]],[[[130.94008,37.5311],[130.94009,37.53151],[130.93824,37.53221],[130.93721,37.532],[130.93668,37.53127],[130.93598,37.53107],[130.93536,37.529],[130.9362,37.52755],[130.93671,37.52754],[130.93793,37.52563],[130.9386,37.52577],[130.93966,37.52659],[130.93932,37.52713],[130.93974,37.52753],[130.94,37.52871],[130.93938,37.52996],[130.94041,37.53056],[130.94008,37.5311]]],[[[130.92374,37.54432],[130.92307,37.54511],[130.92259,37.5451],[130.92177,37.54401],[130.91907,37.54351],[130.91868,37.54299],[130.9195,37.54232],[130.92014,37.54241],[130.92068,37.54184],[130.92147,37.54163],[130.92219,37.54199],[130.92228,37.54273],[130.92365,37.54356],[130.92374,37.54432]]],[[[130.90555,37.54914],[130.90433,37.54897],[130.90267,37.54894],[130.89953,37.54775],[130.89868,37.54697],[130.89764,37.54671],[130.89662,37.54585],[130.89488,37.54337],[130.89462,37.54261],[130.89191,37.54107],[130.8905,37.54086],[130.88838,37.54128],[130.88766,37.54227],[130.88713,37.54255],[130.88587,37.54267],[130.8844,37.54231],[130.88363,37.54242],[130.88012,37.54346],[130.87783,37.54325],[130.87678,37.54305],[130.87568,37.5432],[130.87402,37.5423],[130.87286,37.54132],[130.87226,37.54006],[130.87067,37.53989],[130.86897,37.53882],[130.86893,37.5385],[130.86745,37.5369],[130.86622,37.53644],[130.86518,37.53647],[130.8632,37.53594],[130.86161,37.53589],[130.85999,37.53502],[130.85838,37.53493],[130.85657,37.53452],[130.85622,37.53469],[130.85487,37.53461],[130.85396,37.53436],[130.85312,37.53457],[130.8504,37.53439],[130.84903,37.53472],[130.84769,37.53545],[130.84583,37.5355],[130.84494,37.53537],[130.84407,37.53476],[130.84202,37.53443],[130.84019,37.53359],[130.83918,37.53229],[130.83625,37.53132],[130.83458,37.53063],[130.83354,37.52999],[130.83218,37.52953],[130.83101,37.52876],[130.82867,37.53067],[130.82871,37.53009],[130.83049,37.52873],[130.83015,37.52724],[130.82768,37.52644],[130.82734,37.52669],[130.82394,37.52674],[130.8225,37.52743],[130.82338,37.52908],[130.82414,37.52953],[130.82736,37.5294],[130.82765,37.5297],[130.82397,37.52987],[130.82292,37.52897],[130.82189,37.52702],[130.8214,37.52705],[130.8171,37.52578],[130.81556,37.5245],[130.81432,37.52301],[130.81258,37.52203],[130.81005,37.52162],[130.8073,37.5218],[130.80588,37.52165],[130.80498,37.52109],[130.80401,37.52016],[130.80347,37.51937],[130.80138,37.51884],[130.80011,37.51891],[130.79835,37.51955],[130.79638,37.52005],[130.79564,37.52108],[130.79537,37.52219],[130.7964,37.52312],[130.7961,37.52353],[130.79433,37.52305],[130.79388,37.52249],[130.79389,37.52114],[130.79256,37.51964],[130.79255,37.51892],[130.79193,37.51854],[130.79225,37.51693],[130.79257,37.51628],[130.79354,37.51546],[130.79302,37.5144],[130.79299,37.51369],[130.79424,37.5133],[130.79471,37.5138],[130.7959,37.51369],[130.79749,37.51258],[130.79799,37.51183],[130.79828,37.51066],[130.79886,37.50997],[130.80028,37.50919],[130.80032,37.50877],[130.79958,37.50792],[130.80037,37.50783],[130.80057,37.50712],[130.80136,37.50676],[130.80163,37.50608],[130.80234,37.50637],[130.80322,37.50596],[130.80407,37.50523],[130.80489,37.50391],[130.80487,37.50259],[130.8041,37.50256],[130.80323,37.50141],[130.80203,37.50117],[130.8022,37.50067],[130.80419,37.50006],[130.80456,37.49972],[130.80501,37.49826],[130.80437,37.49764],[130.8034,37.4971],[130.80351,37.49555],[130.80291,37.49399],[130.80313,37.49275],[130.8025,37.49162],[130.80176,37.48987],[130.80181,37.48757],[130.8017,37.48645],[130.80194,37.48546],[130.80189,37.48457],[130.80246,37.4837],[130.80539,37.48279],[130.80705,37.482],[130.80844,37.48083],[130.80886,37.47992],[130.80899,37.47883],[130.80872,37.47789],[130.80919,37.47619],[130.80998,37.4749],[130.81217,37.47371],[130.81403,37.47332],[130.81502,37.47292],[130.81572,37.47292],[130.81718,37.47248],[130.8183,37.47241],[130.82003,37.47288],[130.82187,37.47273],[130.82445,37.47224],[130.8278,37.47134],[130.82933,37.47064],[130.83065,37.46935],[130.83078,37.46885],[130.82984,37.46826],[130.83114,37.46757],[130.83165,37.46664],[130.83458,37.46542],[130.83498,37.46578],[130.83298,37.46643],[130.83321,37.46708],[130.83407,37.46701],[130.83428,37.46651],[130.83576,37.46644],[130.8388,37.46516],[130.8394,37.46475],[130.83985,37.46373],[130.8407,37.46279],[130.84199,37.46256],[130.84296,37.46283],[130.84404,37.46383],[130.84519,37.46419],[130.84659,37.46339],[130.84839,37.46328],[130.84992,37.46388],[130.85111,37.46335],[130.85384,37.46184],[130.85483,37.46053],[130.85635,37.4599],[130.85672,37.46066],[130.85796,37.46012],[130.85889,37.46038],[130.85974,37.46025],[130.86323,37.4604],[130.8644,37.46015],[130.8664,37.45946],[130.86842,37.45892],[130.86985,37.45824],[130.87111,37.45694],[130.87209,37.45522],[130.87275,37.45373],[130.87405,37.45325],[130.87545,37.45394],[130.87577,37.45492],[130.8754,37.45814],[130.8766,37.45864],[130.87614,37.45953],[130.87714,37.46163],[130.87999,37.46076],[130.88027,37.46135],[130.87795,37.46338],[130.88191,37.46627],[130.88243,37.46628],[130.88109,37.46771],[130.88203,37.46889],[130.88291,37.46908],[130.88475,37.47098],[130.88726,37.47184],[130.88867,37.47268],[130.88938,37.47352],[130.89004,37.47394],[130.89265,37.4746],[130.8947,37.47478],[130.89624,37.47577],[130.89726,37.47584],[130.89899,37.47529],[130.90083,37.4755],[130.90104,37.47482],[130.90207,37.47463],[130.90204,37.47594],[130.90288,37.47606],[130.9045,37.47578],[130.9047,37.4766],[130.90593,37.47706],[130.90712,37.47699],[130.90871,37.47891],[130.90956,37.48031],[130.90851,37.48046],[130.90873,37.4811],[130.90811,37.48149],[130.90889,37.48199],[130.90995,37.48096],[130.91062,37.48245],[130.91125,37.48295],[130.91207,37.48291],[130.91326,37.48217],[130.91465,37.48263],[130.91585,37.48265],[130.91655,37.48288],[130.9178,37.48428],[130.91978,37.48496],[130.92027,37.48545],[130.92076,37.48685],[130.91925,37.48759],[130.91788,37.48742],[130.9178,37.4868],[130.91713,37.48641],[130.91599,37.48677],[130.91481,37.48671],[130.91437,37.48642],[130.91357,37.48662],[130.91353,37.48845],[130.91307,37.48878],[130.91369,37.48961],[130.91371,37.49058],[130.91424,37.49164],[130.91417,37.49259],[130.91368,37.49338],[130.91337,37.49506],[130.913,37.49507],[130.91343,37.49305],[130.91357,37.4917],[130.91311,37.49143],[130.9116,37.49154],[130.91066,37.49219],[130.9102,37.49384],[130.90992,37.49537],[130.91019,37.49708],[130.91072,37.49703],[130.91105,37.49805],[130.91181,37.49815],[130.9126,37.49876],[130.91299,37.4997],[130.91456,37.49978],[130.91418,37.49804],[130.91449,37.4978],[130.91499,37.50006],[130.91532,37.50057],[130.91541,37.50242],[130.91454,37.50524],[130.91371,37.50628],[130.91377,37.50745],[130.91664,37.50953],[130.91634,37.50991],[130.91682,37.5111],[130.91786,37.51182],[130.91742,37.51284],[130.91788,37.51402],[130.91681,37.51399],[130.91587,37.51528],[130.91592,37.51599],[130.91686,37.51648],[130.91674,37.517],[130.91566,37.51696],[130.91529,37.51749],[130.91628,37.5179],[130.91634,37.5188],[130.91522,37.51842],[130.91491,37.51784],[130.91398,37.51802],[130.9129,37.51901],[130.91341,37.52038],[130.91215,37.52052],[130.91157,37.52037],[130.91043,37.52187],[130.91054,37.52315],[130.91017,37.52363],[130.90924,37.5241],[130.90937,37.52471],[130.909,37.52567],[130.90845,37.52593],[130.90793,37.52702],[130.90808,37.52835],[130.90837,37.52921],[130.90926,37.53013],[130.90954,37.53079],[130.90877,37.53111],[130.91026,37.53313],[130.91075,37.53399],[130.9104,37.53489],[130.91156,37.53541],[130.9121,37.53594],[130.9119,37.53652],[130.91102,37.53673],[130.91186,37.53806],[130.91339,37.53842],[130.91517,37.53914],[130.91612,37.54015],[130.91673,37.54034],[130.91747,37.54002],[130.91951,37.54039],[130.91948,37.5411],[130.91868,37.54198],[130.91794,37.54211],[130.91686,37.54158],[130.91505,37.54166],[130.9141,37.54193],[130.91318,37.54178],[130.91247,37.54201],[130.91222,37.54148],[130.91144,37.54132],[130.91045,37.54165],[130.90901,37.54369],[130.90849,37.54419],[130.90911,37.54588],[130.90863,37.54744],[130.90734,37.54864],[130.90555,37.54914]]]]},"properties":{"code":"47","name":"경상북도"}}],"profileId":"gangwon","schemaVersion":2,"dataVersion":"gangwon-2022-563a6bb6162048a7"}
