{"type":"FeatureCollection","features":[{"type":"Feature","geometry":{"type":"Polygon","coordinates":[[[127.90267,38.0506],[127.90119,38.0504],[127.89947,38.04992],[127.89779,38.05086],[127.89503,38.05109],[127.89039,38.05012],[127.88827,38.05017],[127.88637,38.04945],[127.88468,38.04901],[127.88266,38.04803],[127.88021,38.04764],[127.879,38.04734],[127.878,38.04764],[127.87625,38.04848],[127.87484,38.04923],[127.87276,38.04882],[127.87233,38.04845],[127.87058,38.04926],[127.86965,38.04919],[127.8686,38.04957],[127.86802,38.04965],[127.86725,38.05025],[127.86429,38.05028],[127.86256,38.05015],[127.86078,38.04998],[127.85913,38.04998],[127.85516,38.05231],[127.85341,38.05052],[127.85305,38.0483],[127.85267,38.04796],[127.85198,38.04669],[127.8519,38.04641],[127.85147,38.04615],[127.8512,38.04555],[127.85139,38.04524],[127.85168,38.04377],[127.85123,38.04341],[127.85122,38.04254],[127.85175,38.04217],[127.85047,38.04065],[127.84996,38.03996],[127.84998,38.03882],[127.8501,38.03778],[127.84919,38.03626],[127.84939,38.03528],[127.84972,38.03438],[127.84968,38.03348],[127.85049,38.03261],[127.85083,38.0317],[127.85081,38.03085],[127.85559,38.02862],[127.85415,38.02641],[127.85415,38.02526],[127.85501,38.02313],[127.8581,38.01882],[127.85757,38.01842],[127.85586,38.01799],[127.85223,38.01697],[127.84985,38.01671],[127.84823,38.01524],[127.8474,38.01432],[127.8464,38.01414],[127.84423,38.01442],[127.84192,38.01421],[127.83981,38.01383],[127.83775,38.01217],[127.83705,38.011],[127.83513,38.00962],[127.83357,38.0088],[127.83199,38.00862],[127.83038,38.00838],[127.82852,38.00587],[127.82896,38.0032],[127.82797,38.00261],[127.82716,38.00163],[127.8271,38.00078],[127.82622,38.00099],[127.82496,38.00115],[127.82246,38.00295],[127.82135,38.00353],[127.82031,38.00388],[127.81692,38.00355],[127.81565,38.00367],[127.81324,38.00367],[127.81163,38.00325],[127.80905,38.00152],[127.80811,38.00074],[127.8063,38.00054],[127.80482,38.0006],[127.80317,38.0005],[127.80205,37.99966],[127.79955,37.99819],[127.79771,37.99732],[127.79637,37.99681],[127.79464,37.99571],[127.79167,37.99482],[127.79047,37.99429],[127.78821,37.99429],[127.78785,37.99536],[127.78775,37.9968],[127.78755,37.99728],[127.78785,37.99828],[127.78649,37.99928],[127.7867,38.00051],[127.78554,38.00152],[127.78555,38.00276],[127.78427,38.00409],[127.78321,38.00649],[127.78134,38.00852],[127.78066,38.00961],[127.78019,38.01185],[127.77979,38.01266],[127.77939,38.0131],[127.77916,38.01366],[127.77822,38.0139],[127.77654,38.0136],[127.77599,38.0139],[127.7751,38.01394],[127.77382,38.01357],[127.77337,38.01431],[127.77334,38.01497],[127.77361,38.01563],[127.77421,38.01597],[127.7747,38.0166],[127.77474,38.01733],[127.77516,38.01771],[127.77517,38.01858],[127.77441,38.01892],[127.77447,38.01926],[127.77436,38.02032],[127.77396,38.02064],[127.77369,38.02177],[127.77304,38.02206],[127.77293,38.02279],[127.77239,38.02328],[127.77185,38.02394],[127.77178,38.02461],[127.77119,38.0248],[127.77093,38.02555],[127.77098,38.02632],[127.77043,38.02669],[127.77032,38.02747],[127.76958,38.02824],[127.7688,38.02805],[127.768,38.02823],[127.76743,38.02865],[127.76649,38.02867],[127.76606,38.02886],[127.76533,38.0287],[127.76501,38.02886],[127.76452,38.02878],[127.76428,38.02917],[127.76358,38.02947],[127.76298,38.02961],[127.76246,38.02952],[127.76196,38.0298],[127.76093,38.02985],[127.76091,38.03058],[127.75963,38.03186],[127.75961,38.03253],[127.75911,38.03294],[127.75916,38.03358],[127.75901,38.03424],[127.75845,38.03433],[127.7583,38.03475],[127.75772,38.03458],[127.7574,38.03474],[127.7568,38.03454],[127.75538,38.03479],[127.75491,38.03467],[127.7543,38.03491],[127.75367,38.03475],[127.75286,38.03511],[127.7521,38.03504],[127.75142,38.03522],[127.75087,38.03559],[127.75022,38.03544],[127.74986,38.03609],[127.74889,38.0366],[127.74894,38.03694],[127.74824,38.03736],[127.74804,38.03788],[127.74756,38.0381],[127.74763,38.03855],[127.74724,38.03897],[127.74725,38.03946],[127.74674,38.03955],[127.74562,38.0391],[127.74561,38.03851],[127.74528,38.03802],[127.74473,38.0377],[127.74391,38.03767],[127.74327,38.03792],[127.74233,38.03811],[127.74169,38.03788],[127.74089,38.03794],[127.7402,38.03808],[127.73965,38.03793],[127.73869,38.03823],[127.73803,38.0383],[127.73761,38.03788],[127.73689,38.0378],[127.7362,38.0372],[127.73531,38.03718],[127.73499,38.03677],[127.73415,38.03635],[127.73375,38.03581],[127.73276,38.03564],[127.73293,38.03534],[127.73254,38.03471],[127.73209,38.03302],[127.73118,38.03312],[127.72925,38.03281],[127.72892,38.03247],[127.72913,38.03192],[127.72853,38.03113],[127.72874,38.0303],[127.72851,38.02929],[127.72718,38.02825],[127.72705,38.0275],[127.72628,38.02702],[127.72616,38.02632],[127.72552,38.02603],[127.7253,38.02558],[127.72539,38.0251],[127.72452,38.02489],[127.72385,38.02499],[127.72326,38.02468],[127.72251,38.0248],[127.72176,38.0248],[127.72073,38.02461],[127.71966,38.02476],[127.71893,38.02457],[127.71813,38.02472],[127.71705,38.02455],[127.71653,38.02483],[127.71593,38.02468],[127.7155,38.02402],[127.71439,38.02413],[127.71353,38.02393],[127.71302,38.0251],[127.71217,38.02657],[127.71151,38.02829],[127.71095,38.02944],[127.7106,38.03027],[127.71012,38.03059],[127.70943,38.03233],[127.70804,38.03338],[127.70776,38.03378],[127.7068,38.03478],[127.70599,38.03539],[127.70528,38.03571],[127.70457,38.03655],[127.70379,38.03681],[127.70315,38.03724],[127.70246,38.0374],[127.70179,38.03775],[127.70123,38.03787],[127.70059,38.03816],[127.70022,38.0382],[127.69944,38.03795],[127.69859,38.03781],[127.69818,38.03737],[127.69767,38.03728],[127.69716,38.03703],[127.6963,38.03687],[127.69575,38.03662],[127.69518,38.03612],[127.69438,38.03557],[127.69372,38.03536],[127.69264,38.03536],[127.69205,38.03523],[127.69135,38.03544],[127.69076,38.03525],[127.69001,38.0353],[127.68723,38.03433],[127.6859,38.03429],[127.68471,38.03456],[127.68398,38.03488],[127.68322,38.03488],[127.68264,38.03427],[127.68159,38.03415],[127.68133,38.03455],[127.68071,38.0346],[127.68033,38.03486],[127.67844,38.03589],[127.67551,38.03578],[127.67486,38.03558],[127.67403,38.03561],[127.67342,38.03527],[127.67259,38.03504],[127.67184,38.0351],[127.67159,38.03491],[127.67094,38.03484],[127.67,38.03432],[127.66956,38.03418],[127.66882,38.03354],[127.66831,38.03329],[127.66756,38.03257],[127.66603,38.03156],[127.66591,38.03099],[127.66537,38.03039],[127.66499,38.03029],[127.6643,38.03035],[127.66384,38.02998],[127.66267,38.02976],[127.66196,38.02936],[127.66072,38.02966],[127.66033,38.02887],[127.65906,38.02843],[127.65797,38.02798],[127.65602,38.02732],[127.6549,38.02728],[127.65474,38.02577],[127.65549,38.02414],[127.65412,38.02383],[127.65324,38.02425],[127.65076,38.02701],[127.65027,38.02792],[127.64979,38.03022],[127.6491,38.03083],[127.64853,38.03152],[127.64811,38.0334],[127.64811,38.03438],[127.64843,38.03607],[127.64845,38.03744],[127.64882,38.03947],[127.64894,38.0406],[127.6488,38.04115],[127.64871,38.0435],[127.6489,38.04457],[127.64989,38.04571],[127.65185,38.04734],[127.65305,38.04971],[127.65332,38.05093],[127.65326,38.05213],[127.65272,38.05347],[127.65199,38.05451],[127.65048,38.05553],[127.64804,38.05629],[127.64614,38.05661],[127.64538,38.05645],[127.6443,38.05586],[127.64344,38.05506],[127.64178,38.05337],[127.64116,38.05292],[127.64148,38.05276],[127.6412,38.05198],[127.63791,38.05137],[127.63565,38.05066],[127.63381,38.05018],[127.63289,38.05005],[127.6311,38.0501],[127.62628,38.05078],[127.6251,38.05099],[127.62366,38.05155],[127.62228,38.05289],[127.62177,38.05331],[127.62037,38.05469],[127.61891,38.05618],[127.61803,38.05718],[127.61725,38.05752],[127.61569,38.05774],[127.61404,38.05745],[127.61252,38.05672],[127.61215,38.05638],[127.61197,38.0556],[127.61157,38.0559],[127.61168,38.05652],[127.6096,38.05916],[127.60817,38.06026],[127.6054,38.06105],[127.60634,38.06404],[127.60732,38.06635],[127.60791,38.06753],[127.6082,38.06835],[127.60828,38.06894],[127.60807,38.06994],[127.6076,38.07052],[127.60776,38.07167],[127.60473,38.07265],[127.60391,38.07328],[127.60231,38.07421],[127.60146,38.07461],[127.60035,38.07563],[127.59956,38.07601],[127.59817,38.07686],[127.59757,38.07762],[127.59704,38.07915],[127.59684,38.0799],[127.5953,38.08011],[127.5935,38.08032],[127.59062,38.08053],[127.5889,38.08088],[127.58778,38.08035],[127.58566,38.0802],[127.58474,38.08088],[127.58318,38.08109],[127.58255,38.08196],[127.58081,38.08242],[127.57857,38.08345],[127.57634,38.08434],[127.57558,38.08481],[127.57349,38.08503],[127.57157,38.08484],[127.57075,38.08442],[127.56863,38.08424],[127.56611,38.08386],[127.56559,38.08301],[127.56535,38.08227],[127.56548,38.08172],[127.56652,38.08001],[127.5667,38.07929],[127.56634,38.07878],[127.56636,38.07811],[127.5655,38.07707],[127.56427,38.07516],[127.56453,38.07404],[127.56424,38.07255],[127.56417,38.07168],[127.56438,38.0711],[127.56486,38.07039],[127.56536,38.06943],[127.56545,38.06836],[127.56565,38.06771],[127.5666,38.06644],[127.56717,38.06648],[127.56807,38.06676],[127.56973,38.0667],[127.57249,38.06493],[127.57329,38.06453],[127.57409,38.06402],[127.57622,38.06227],[127.57693,38.06157],[127.57708,38.06074],[127.57727,38.06018],[127.57714,38.05952],[127.5773,38.05909],[127.57697,38.05825],[127.57691,38.05766],[127.57769,38.05692],[127.57862,38.05678],[127.57894,38.05635],[127.57957,38.05577],[127.57958,38.05471],[127.57917,38.05415],[127.57863,38.05372],[127.57709,38.05301],[127.57615,38.05272],[127.57542,38.05242],[127.57506,38.0518],[127.57411,38.05091],[127.57433,38.04956],[127.57423,38.0486],[127.57398,38.04712],[127.57554,38.04543],[127.57589,38.0447],[127.57641,38.04429],[127.5778,38.04288],[127.57832,38.04174],[127.57862,38.04062],[127.57864,38.03977],[127.57721,38.03909],[127.57603,38.03798],[127.5756,38.03707],[127.57477,38.03651],[127.57406,38.03551],[127.57064,38.03394],[127.56994,38.03288],[127.56779,38.03231],[127.56695,38.03192],[127.56667,38.03077],[127.56539,38.02972],[127.56517,38.02729],[127.5644,38.02631],[127.56427,38.02591],[127.56437,38.02518],[127.56498,38.02418],[127.56438,38.02291],[127.56385,38.02199],[127.56262,38.02157],[127.56176,38.02139],[127.56101,38.02103],[127.55999,38.02077],[127.55883,38.02075],[127.55636,38.02081],[127.55518,38.02058],[127.55379,38.01998],[127.55293,38.0198],[127.5507,38.01978],[127.54924,38.02011],[127.54843,38.02019],[127.54744,38.0201],[127.54638,38.01967],[127.54476,38.01953],[127.54486,38.01858],[127.54436,38.01759],[127.54421,38.01626],[127.5439,38.0159],[127.5438,38.01476],[127.54348,38.01354],[127.54356,38.01167],[127.5431,38.01086],[127.54291,38.01016],[127.54244,38.0092],[127.54174,38.00736],[127.54118,38.00511],[127.54107,38.004],[127.54071,38.00295],[127.54067,38.00235],[127.54038,38.002],[127.54031,38.00116],[127.53988,38.00057],[127.54022,37.99987],[127.54044,37.99992],[127.54125,37.99719],[127.54247,37.99429],[127.54364,37.99118],[127.54385,37.98872],[127.54462,37.9861],[127.54539,37.98521],[127.54611,37.98391],[127.54588,37.98158],[127.54665,37.98047],[127.54684,37.97989],[127.54717,37.97828],[127.54616,37.97631],[127.54466,37.9757],[127.54425,37.97411],[127.54431,37.96939],[127.54523,37.96773],[127.54738,37.96646],[127.55066,37.96611],[127.55337,37.96545],[127.55632,37.96461],[127.55688,37.96398],[127.55838,37.96314],[127.55984,37.96288],[127.56189,37.96277],[127.56487,37.96322],[127.56681,37.96341],[127.56811,37.96367],[127.57133,37.964],[127.57443,37.9637],[127.57513,37.96335],[127.57653,37.96298],[127.57657,37.96258],[127.57787,37.9614],[127.57934,37.96114],[127.5817,37.96166],[127.58303,37.9615],[127.58472,37.96175],[127.58574,37.96152],[127.58844,37.96024],[127.59027,37.95973],[127.59123,37.95885],[127.59226,37.95808],[127.59344,37.95754],[127.59479,37.95723],[127.59737,37.95702],[127.60042,37.95654],[127.60078,37.95597],[127.60244,37.955],[127.60277,37.95281],[127.60266,37.95171],[127.60176,37.9481],[127.60252,37.94633],[127.60374,37.94449],[127.60897,37.94307],[127.60942,37.94267],[127.6101,37.94175],[127.61207,37.9406],[127.61267,37.94048],[127.61315,37.93922],[127.61261,37.93777],[127.61298,37.93684],[127.61379,37.93583],[127.61435,37.93461],[127.61496,37.93229],[127.61597,37.93091],[127.61615,37.92923],[127.61658,37.92827],[127.61451,37.92601],[127.61355,37.92566],[127.61205,37.92406],[127.61214,37.92188],[127.61214,37.92092],[127.61249,37.92035],[127.6139,37.91961],[127.61396,37.91841],[127.61495,37.91558],[127.61561,37.91469],[127.61658,37.9119],[127.61671,37.91138],[127.61691,37.9098],[127.61697,37.90836],[127.61649,37.90713],[127.61714,37.90636],[127.61705,37.906],[127.61582,37.90473],[127.61539,37.90298],[127.61477,37.90192],[127.61453,37.90134],[127.61441,37.9],[127.61346,37.89882],[127.612,37.89823],[127.61118,37.89721],[127.61068,37.89535],[127.6101,37.8944],[127.61021,37.89391],[127.60933,37.89333],[127.60901,37.89332],[127.60837,37.89209],[127.60844,37.8914],[127.6074,37.88966],[127.60776,37.88868],[127.60744,37.88754],[127.60763,37.88648],[127.60799,37.88621],[127.60857,37.88515],[127.60875,37.88392],[127.6091,37.88352],[127.60883,37.88217],[127.60809,37.88182],[127.60782,37.88145],[127.60746,37.8807],[127.60671,37.8795],[127.60692,37.87911],[127.60651,37.87878],[127.60634,37.87778],[127.60599,37.87712],[127.60585,37.87649],[127.60446,37.87586],[127.60371,37.87505],[127.60366,37.87453],[127.60321,37.8742],[127.60163,37.87422],[127.60059,37.87437],[127.59967,37.87473],[127.59901,37.87473],[127.59817,37.87485],[127.59765,37.87537],[127.59691,37.87551],[127.59572,37.87554],[127.59514,37.8758],[127.59424,37.87602],[127.5928,37.87589],[127.59203,37.87592],[127.5906,37.87571],[127.58925,37.87591],[127.58764,37.87633],[127.58664,37.87589],[127.58462,37.87629],[127.58412,37.87596],[127.58349,37.87581],[127.58296,37.87516],[127.5824,37.87511],[127.58169,37.87469],[127.58139,37.87476],[127.58061,37.87431],[127.58005,37.87458],[127.57979,37.87429],[127.57789,37.87401],[127.57698,37.87324],[127.57651,37.87303],[127.57598,37.87296],[127.57588,37.87259],[127.57548,37.87235],[127.57458,37.87235],[127.57405,37.8715],[127.57416,37.87116],[127.57363,37.87049],[127.57319,37.8702],[127.57224,37.86993],[127.57187,37.86915],[127.57187,37.86891],[127.57072,37.86842],[127.5698,37.86823],[127.56968,37.86784],[127.56986,37.86722],[127.56926,37.8673],[127.5686,37.86697],[127.56842,37.86589],[127.56782,37.86538],[127.56737,37.86433],[127.56694,37.86286],[127.56644,37.86219],[127.56644,37.86188],[127.56589,37.86124],[127.56635,37.86052],[127.56641,37.85987],[127.56684,37.85922],[127.56547,37.85865],[127.56466,37.85806],[127.56388,37.85803],[127.56387,37.85751],[127.56355,37.8571],[127.56351,37.85659],[127.56329,37.85645],[127.56324,37.85588],[127.56093,37.85632],[127.56005,37.85642],[127.55853,37.85645],[127.55745,37.85628],[127.55655,37.85569],[127.55611,37.85562],[127.55533,37.85473],[127.55476,37.85436],[127.55402,37.85402],[127.55354,37.85391],[127.5528,37.85344],[127.55214,37.8533],[127.55187,37.85273],[127.55119,37.85224],[127.55009,37.85193],[127.55043,37.85072],[127.54993,37.84895],[127.55004,37.84788],[127.54965,37.84654],[127.54583,37.84679],[127.54312,37.84663],[127.54046,37.84655],[127.53703,37.84502],[127.53244,37.84215],[127.52944,37.83972],[127.52732,37.83646],[127.52562,37.83292],[127.5248,37.82967],[127.52463,37.8253],[127.52459,37.825],[127.52564,37.82287],[127.5278,37.82163],[127.53203,37.82028],[127.53494,37.81771],[127.53663,37.81412],[127.53735,37.81054],[127.53309,37.80692],[127.52943,37.80284],[127.52676,37.79977],[127.52305,37.79617],[127.52081,37.79254],[127.52226,37.78895],[127.52568,37.78535],[127.52863,37.78332],[127.53062,37.78173],[127.53362,37.77811],[127.53759,37.77452],[127.54092,37.77088],[127.5431,37.7672],[127.54499,37.76363],[127.54488,37.76007],[127.54344,37.75644],[127.54209,37.75466],[127.53762,37.75115],[127.53408,37.7486],[127.52838,37.74559],[127.52267,37.74279],[127.51687,37.74027],[127.514,37.7386],[127.51121,37.73643],[127.51021,37.73497],[127.50711,37.73136],[127.50648,37.72781],[127.50615,37.72415],[127.50707,37.72059],[127.50951,37.71693],[127.51186,37.71568],[127.51343,37.71759],[127.51701,37.72036],[127.52151,37.72404],[127.5247,37.72647],[127.5272,37.72686],[127.52962,37.72642],[127.53169,37.72404],[127.53389,37.72193],[127.53734,37.72049],[127.54017,37.71946],[127.54251,37.71986],[127.54533,37.72164],[127.54927,37.72393],[127.55123,37.72756],[127.55375,37.72879],[127.5566,37.72923],[127.55891,37.72885],[127.55991,37.72858],[127.56229,37.72795],[127.56424,37.72783],[127.56505,37.72836],[127.56518,37.72869],[127.56642,37.73108],[127.56755,37.73269],[127.57217,37.73296],[127.57366,37.73266],[127.58921,37.7254],[127.59174,37.72262],[127.59348,37.72122],[127.59458,37.71974],[127.59435,37.71803],[127.593,37.71658],[127.59214,37.71518],[127.59154,37.71299],[127.59164,37.71138],[127.59197,37.70943],[127.59308,37.70755],[127.59371,37.70549],[127.59419,37.70474],[127.59479,37.70407],[127.59617,37.70319],[127.5993,37.70418],[127.60177,37.70468],[127.60494,37.70463],[127.60571,37.70444],[127.60693,37.7039],[127.6074,37.70346],[127.60762,37.70262],[127.60753,37.70236],[127.60956,37.70066],[127.61048,37.69842],[127.61058,37.69484],[127.61033,37.69223],[127.60891,37.68923],[127.60794,37.68766],[127.60797,37.68401],[127.60795,37.6832],[127.60789,37.6768],[127.60939,37.67576],[127.61266,37.67564],[127.61577,37.67645],[127.61857,37.67773],[127.6211,37.67911],[127.62303,37.68123],[127.62369,37.68395],[127.62368,37.68748],[127.62335,37.69122],[127.62609,37.69477],[127.63008,37.69697],[127.63307,37.69794],[127.63562,37.69828],[127.63818,37.69849],[127.63987,37.69709],[127.64061,37.6959],[127.64149,37.69463],[127.64193,37.69105],[127.64153,37.68849],[127.64167,37.68746],[127.64132,37.68392],[127.64194,37.68156],[127.64261,37.68034],[127.64388,37.67929],[127.64531,37.67888],[127.64694,37.67909],[127.6495,37.68025],[127.65154,37.6838],[127.65216,37.68592],[127.65098,37.69467],[127.65103,37.69824],[127.65106,37.69831],[127.65272,37.69952],[127.65839,37.70005],[127.66252,37.69868],[127.66416,37.69816],[127.66696,37.69747],[127.67033,37.69569],[127.67127,37.69662],[127.67159,37.69678],[127.67271,37.69695],[127.67373,37.69612],[127.67425,37.69615],[127.6754,37.69577],[127.67582,37.6957],[127.67697,37.69525],[127.67783,37.69515],[127.67811,37.69617],[127.67973,37.69748],[127.68105,37.69762],[127.68186,37.69835],[127.68228,37.69846],[127.68387,37.70107],[127.68402,37.70127],[127.68414,37.70192],[127.68343,37.70368],[127.68332,37.70425],[127.68295,37.70472],[127.68274,37.70527],[127.68278,37.70565],[127.68333,37.70618],[127.68415,37.70735],[127.68302,37.70752],[127.68263,37.7078],[127.68217,37.70788],[127.68162,37.70777],[127.68103,37.70781],[127.68048,37.70798],[127.68015,37.70868],[127.67959,37.70925],[127.6798,37.70976],[127.67984,37.71081],[127.67952,37.71137],[127.68026,37.71159],[127.68159,37.71171],[127.68243,37.71239],[127.68295,37.71242],[127.68304,37.71281],[127.68371,37.71315],[127.68427,37.71367],[127.68576,37.71457],[127.68631,37.71515],[127.68732,37.7156],[127.68735,37.71622],[127.68807,37.71639],[127.68988,37.71634],[127.69046,37.7169],[127.6913,37.71691],[127.69219,37.71663],[127.69332,37.71713],[127.69408,37.71702],[127.69492,37.71715],[127.69526,37.7167],[127.69665,37.71636],[127.69765,37.71663],[127.69817,37.71691],[127.69873,37.71644],[127.69943,37.71628],[127.70099,37.71655],[127.70099,37.71902],[127.70119,37.71912],[127.70303,37.7194],[127.70357,37.71979],[127.70389,37.72024],[127.70495,37.72088],[127.70552,37.72101],[127.70749,37.72123],[127.70799,37.72182],[127.70773,37.72231],[127.70793,37.72271],[127.70828,37.72273],[127.70919,37.72316],[127.70954,37.72319],[127.70974,37.72431],[127.71013,37.72457],[127.71043,37.72581],[127.71072,37.72622],[127.71075,37.72678],[127.71123,37.72701],[127.71177,37.72758],[127.71363,37.728],[127.71407,37.72783],[127.71509,37.72784],[127.71528,37.72808],[127.71533,37.72918],[127.71652,37.72942],[127.71731,37.72965],[127.71747,37.73046],[127.7178,37.73079],[127.71859,37.73083],[127.71917,37.73124],[127.72083,37.7314],[127.72075,37.73221],[127.7211,37.73301],[127.72175,37.73338],[127.72255,37.73335],[127.72293,37.7331],[127.72346,37.73302],[127.72373,37.73276],[127.72458,37.73261],[127.725,37.73216],[127.72586,37.7319],[127.72673,37.73211],[127.7273,37.73211],[127.72808,37.73264],[127.7285,37.73272],[127.729,37.73308],[127.72922,37.73361],[127.73016,37.73409],[127.7303,37.7344],[127.731,37.73505],[127.73113,37.73538],[127.73193,37.73549],[127.73236,37.73597],[127.73325,37.73609],[127.73371,37.73648],[127.73377,37.73686],[127.73482,37.73735],[127.736,37.73736],[127.73635,37.73744],[127.73769,37.73816],[127.73946,37.73917],[127.73993,37.73929],[127.7418,37.74029],[127.74299,37.74164],[127.74352,37.74165],[127.74459,37.74143],[127.74554,37.74187],[127.74595,37.74174],[127.74645,37.74192],[127.74738,37.74147],[127.74784,37.74099],[127.74844,37.7407],[127.74904,37.74026],[127.75017,37.73885],[127.75042,37.73843],[127.75055,37.73783],[127.75035,37.73743],[127.75063,37.73691],[127.75059,37.73651],[127.75077,37.73595],[127.75132,37.73558],[127.7513,37.73526],[127.75103,37.73486],[127.75127,37.7342],[127.75199,37.73392],[127.75246,37.7336],[127.75278,37.73315],[127.75355,37.73309],[127.75438,37.73257],[127.75472,37.73246],[127.75513,37.73273],[127.75689,37.73413],[127.75738,37.7344],[127.75761,37.73489],[127.75796,37.73532],[127.75841,37.73524],[127.75882,37.73575],[127.75918,37.73594],[127.75942,37.73633],[127.76031,37.73656],[127.76087,37.73683],[127.76157,37.73686],[127.76217,37.73727],[127.76297,37.73722],[127.76374,37.73747],[127.76403,37.73783],[127.76441,37.73785],[127.76676,37.7377],[127.76729,37.73779],[127.768,37.73774],[127.76839,37.73792],[127.76963,37.7378],[127.77014,37.73763],[127.77109,37.7378],[127.77154,37.73774],[127.77268,37.73842],[127.77406,37.73865],[127.77477,37.73898],[127.77557,37.73916],[127.77598,37.74019],[127.77756,37.74074],[127.77808,37.7406],[127.77874,37.74057],[127.7794,37.74067],[127.78014,37.74107],[127.78078,37.74171],[127.78129,37.74181],[127.78181,37.74232],[127.78277,37.74157],[127.78362,37.74132],[127.78459,37.74082],[127.78511,37.74035],[127.78591,37.74001],[127.78648,37.73993],[127.78773,37.73886],[127.78718,37.73761],[127.7873,37.73692],[127.78749,37.73668],[127.79029,37.73583],[127.79177,37.73575],[127.79218,37.73545],[127.79306,37.73521],[127.7938,37.73538],[127.79491,37.73502],[127.79564,37.73575],[127.7962,37.7361],[127.79681,37.73628],[127.79745,37.73635],[127.79841,37.73672],[127.79887,37.73673],[127.80009,37.73717],[127.80063,37.73681],[127.80102,37.73713],[127.80076,37.7376],[127.80115,37.7386],[127.8015,37.73876],[127.80168,37.73919],[127.80122,37.74018],[127.80118,37.74109],[127.80176,37.74184],[127.80269,37.7419],[127.80372,37.74267],[127.80423,37.74224],[127.80461,37.74212],[127.8054,37.74223],[127.80631,37.74259],[127.80671,37.74413],[127.80639,37.74477],[127.80656,37.74507],[127.80639,37.7459],[127.80671,37.74633],[127.80762,37.74638],[127.808,37.74658],[127.80877,37.74665],[127.80944,37.74707],[127.81037,37.7466],[127.81099,37.74717],[127.81176,37.74704],[127.81211,37.74709],[127.81236,37.74741],[127.81277,37.74756],[127.8139,37.74837],[127.8157,37.74845],[127.81628,37.74855],[127.81717,37.74781],[127.818,37.74775],[127.81853,37.74754],[127.81905,37.74706],[127.81979,37.74717],[127.82046,37.74674],[127.8207,37.74626],[127.8213,37.74588],[127.82181,37.74496],[127.8228,37.74492],[127.82442,37.74394],[127.82497,37.74323],[127.82494,37.74287],[127.82529,37.74258],[127.82537,37.74196],[127.82615,37.74165],[127.82651,37.74173],[127.8271,37.74127],[127.82838,37.74136],[127.82835,37.74088],[127.82931,37.74099],[127.83043,37.7412],[127.83103,37.7412],[127.83143,37.74146],[127.83155,37.74174],[127.83231,37.74133],[127.83325,37.74188],[127.83428,37.74336],[127.83483,37.74429],[127.83599,37.74567],[127.8376,37.74665],[127.83941,37.74719],[127.8397,37.74741],[127.84041,37.74729],[127.84102,37.74759],[127.84135,37.74751],[127.84325,37.74887],[127.84422,37.74929],[127.84481,37.74946],[127.84467,37.75004],[127.84462,37.75111],[127.84524,37.75167],[127.84516,37.75222],[127.84428,37.75227],[127.84362,37.75268],[127.84286,37.75292],[127.84175,37.75384],[127.8406,37.75502],[127.84037,37.75564],[127.8403,37.75617],[127.84044,37.75635],[127.84171,37.75697],[127.84235,37.7569],[127.84287,37.75697],[127.84437,37.75738],[127.8462,37.75748],[127.8468,37.7579],[127.84814,37.75844],[127.84899,37.75974],[127.84943,37.75994],[127.84976,37.76039],[127.85095,37.76074],[127.85146,37.76139],[127.85486,37.7634],[127.85502,37.76403],[127.85572,37.76508],[127.8562,37.7653],[127.85624,37.76569],[127.85598,37.76612],[127.85613,37.76695],[127.85663,37.76767],[127.85715,37.76806],[127.8574,37.76852],[127.85645,37.76936],[127.85608,37.77102],[127.85473,37.77284],[127.85445,37.77352],[127.85321,37.77438],[127.85295,37.77489],[127.85184,37.77611],[127.85177,37.77629],[127.85181,37.77719],[127.85126,37.77753],[127.84984,37.77768],[127.84976,37.77787],[127.84979,37.77908],[127.84972,37.77919],[127.848,37.78028],[127.84667,37.78069],[127.84646,37.7811],[127.84467,37.78384],[127.84397,37.78631],[127.84407,37.7879],[127.84324,37.78969],[127.84231,37.79006],[127.84173,37.78984],[127.84072,37.78969],[127.83965,37.79008],[127.83845,37.79034],[127.83733,37.79042],[127.837,37.79111],[127.83611,37.79143],[127.83551,37.79184],[127.83401,37.79228],[127.83324,37.79243],[127.83235,37.79303],[127.83152,37.79373],[127.83068,37.79405],[127.83002,37.79473],[127.82837,37.79536],[127.82711,37.79625],[127.82489,37.79825],[127.82517,37.79864],[127.82514,37.79965],[127.82571,37.80041],[127.82508,37.80112],[127.8252,37.80208],[127.82542,37.80241],[127.82554,37.80293],[127.82616,37.80312],[127.82684,37.80385],[127.82656,37.80451],[127.82669,37.80531],[127.82649,37.80552],[127.82674,37.80597],[127.82666,37.80678],[127.8271,37.80737],[127.82716,37.80864],[127.82542,37.81096],[127.8251,37.81178],[127.82521,37.81406],[127.82501,37.81569],[127.82604,37.81641],[127.82608,37.81677],[127.82655,37.81709],[127.82677,37.81748],[127.8271,37.81768],[127.82742,37.81905],[127.82775,37.81924],[127.82761,37.82046],[127.8267,37.8214],[127.82622,37.82163],[127.82558,37.82434],[127.82361,37.82461],[127.82204,37.82462],[127.82079,37.8253],[127.81882,37.82688],[127.81722,37.82822],[127.81842,37.82937],[127.81363,37.83328],[127.81357,37.83367],[127.81453,37.83606],[127.81434,37.83696],[127.81502,37.8373],[127.81533,37.83765],[127.81432,37.83839],[127.81422,37.83872],[127.81483,37.83986],[127.81512,37.84004],[127.81519,37.84051],[127.81548,37.84099],[127.81637,37.84101],[127.8172,37.84162],[127.81789,37.84176],[127.8189,37.84187],[127.81944,37.84214],[127.81934,37.8437],[127.8209,37.84472],[127.82136,37.84543],[127.82217,37.84568],[127.82313,37.84537],[127.82363,37.84483],[127.8244,37.84434],[127.82519,37.8437],[127.82787,37.8435],[127.82917,37.84408],[127.82951,37.8439],[127.83015,37.84388],[127.83227,37.84364],[127.83307,37.84222],[127.83372,37.8417],[127.83459,37.84124],[127.83585,37.84044],[127.83633,37.84001],[127.83755,37.83991],[127.83835,37.83977],[127.83928,37.83981],[127.83989,37.83939],[127.84088,37.83902],[127.84159,37.83855],[127.84244,37.83778],[127.84292,37.83778],[127.84456,37.83744],[127.84544,37.83707],[127.84572,37.83684],[127.84725,37.83616],[127.84826,37.83563],[127.84979,37.83553],[127.85112,37.83561],[127.8518,37.83556],[127.854,37.83507],[127.85463,37.8348],[127.85718,37.83542],[127.85797,37.83589],[127.85907,37.83591],[127.86034,37.8362],[127.86107,37.83619],[127.86168,37.83665],[127.86294,37.83623],[127.86631,37.83637],[127.86696,37.83684],[127.8676,37.83673],[127.86819,37.83681],[127.86848,37.83661],[127.86931,37.83656],[127.87022,37.83717],[127.87116,37.83733],[127.87161,37.8375],[127.87119,37.83847],[127.87148,37.83897],[127.87184,37.83928],[127.87176,37.84103],[127.87257,37.84321],[127.87272,37.84462],[127.87357,37.84562],[127.87447,37.8458],[127.87533,37.84582],[127.8761,37.84675],[127.87736,37.84751],[127.87714,37.84781],[127.87739,37.84846],[127.8782,37.84949],[127.87881,37.85204],[127.87821,37.85391],[127.87775,37.85473],[127.8765,37.85642],[127.87708,37.85708],[127.87967,37.85935],[127.87989,37.86012],[127.88075,37.86069],[127.88311,37.86104],[127.88464,37.86161],[127.88645,37.86206],[127.88806,37.86205],[127.89067,37.86312],[127.89127,37.86304],[127.89169,37.8628],[127.8923,37.86211],[127.89332,37.86195],[127.89496,37.861],[127.89539,37.86017],[127.89604,37.85939],[127.89735,37.85909],[127.89865,37.85919],[127.90068,37.85877],[127.90212,37.85807],[127.90461,37.85748],[127.90619,37.85686],[127.90832,37.85544],[127.90882,37.85456],[127.90796,37.85335],[127.90666,37.85258],[127.90648,37.85179],[127.90611,37.85119],[127.90637,37.85064],[127.90567,37.84941],[127.90769,37.84906],[127.90863,37.84857],[127.91029,37.84797],[127.91361,37.84617],[127.91573,37.84576],[127.91662,37.84513],[127.91849,37.84422],[127.92099,37.84023],[127.92228,37.83906],[127.92447,37.83832],[127.92536,37.83701],[127.92643,37.83315],[127.92864,37.82918],[127.92927,37.82771],[127.93037,37.82694],[127.93153,37.8268],[127.93181,37.82647],[127.93279,37.82636],[127.93401,37.82709],[127.93523,37.82851],[127.93534,37.83006],[127.93527,37.83042],[127.93551,37.83207],[127.93631,37.83428],[127.93705,37.83558],[127.93751,37.83596],[127.9378,37.836],[127.93926,37.83694],[127.93992,37.83718],[127.94165,37.83816],[127.94412,37.83835],[127.94473,37.83879],[127.94436,37.83942],[127.94504,37.84035],[127.9461,37.84108],[127.94606,37.84275],[127.94586,37.84333],[127.94534,37.84405],[127.94535,37.84429],[127.94585,37.84456],[127.94597,37.84493],[127.9456,37.84578],[127.94474,37.84624],[127.94373,37.8469],[127.94325,37.84731],[127.94297,37.84772],[127.94361,37.84918],[127.94401,37.85047],[127.94411,37.85106],[127.94443,37.85136],[127.94469,37.85301],[127.9455,37.85362],[127.94588,37.85425],[127.94615,37.85507],[127.94632,37.85592],[127.94688,37.8569],[127.94728,37.85741],[127.94766,37.85815],[127.94765,37.85891],[127.94822,37.8602],[127.94886,37.86058],[127.94955,37.86113],[127.95004,37.86163],[127.95015,37.86237],[127.95005,37.86321],[127.95063,37.864],[127.95288,37.86485],[127.95308,37.86643],[127.95366,37.86792],[127.95464,37.86921],[127.95576,37.87015],[127.95644,37.87135],[127.95678,37.8725],[127.9577,37.87311],[127.95754,37.87378],[127.95829,37.87418],[127.95915,37.87447],[127.95965,37.87507],[127.96309,37.87641],[127.96365,37.87681],[127.96435,37.87718],[127.96457,37.87752],[127.96494,37.87752],[127.96578,37.8778],[127.96639,37.87901],[127.96723,37.87963],[127.96749,37.88028],[127.96825,37.88034],[127.96993,37.88102],[127.97105,37.88161],[127.97241,37.88246],[127.97278,37.88248],[127.97258,37.88402],[127.97233,37.88472],[127.97256,37.88491],[127.9731,37.88699],[127.97237,37.88722],[127.97198,37.88759],[127.97202,37.8881],[127.97177,37.88888],[127.97123,37.89],[127.97089,37.89052],[127.97045,37.89206],[127.97001,37.89266],[127.97015,37.89317],[127.97097,37.89442],[127.9714,37.89609],[127.97137,37.8971],[127.97093,37.89816],[127.97105,37.89869],[127.97191,37.89999],[127.97335,37.90138],[127.97468,37.90292],[127.97593,37.90409],[127.97785,37.90499],[127.97855,37.906],[127.97902,37.90715],[127.97964,37.90816],[127.98225,37.91021],[127.98322,37.91087],[127.98503,37.91145],[127.98597,37.91182],[127.98633,37.91231],[127.98538,37.9132],[127.98472,37.91361],[127.98448,37.91393],[127.98447,37.9154],[127.98505,37.91619],[127.98457,37.91705],[127.98405,37.91985],[127.98407,37.92144],[127.98363,37.92342],[127.98525,37.9242],[127.98677,37.92472],[127.98921,37.92698],[127.99078,37.92887],[127.99159,37.92961],[127.99241,37.93015],[127.99292,37.9309],[127.993,37.93268],[127.99315,37.93329],[127.99423,37.93477],[127.9948,37.93613],[127.99458,37.93796],[127.99529,37.93936],[127.99511,37.9412],[127.9933,37.94194],[127.99373,37.94356],[127.99103,37.94476],[127.98964,37.94521],[127.98814,37.94811],[127.9875,37.94867],[127.98728,37.95182],[127.9837,37.95345],[127.98062,37.95602],[127.97751,37.95707],[127.97872,37.95799],[127.98,37.95859],[127.98027,37.95955],[127.98082,37.95984],[127.98163,37.96064],[127.98172,37.96216],[127.98258,37.96274],[127.98397,37.96377],[127.98355,37.96509],[127.9845,37.96599],[127.98391,37.96838],[127.98403,37.97041],[127.98341,37.97109],[127.98251,37.97158],[127.98237,37.97199],[127.98279,37.97283],[127.98371,37.9743],[127.9845,37.97478],[127.98486,37.9753],[127.98428,37.97703],[127.98475,37.98004],[127.9846,37.98023],[127.98369,37.98078],[127.98294,37.98178],[127.98261,37.98253],[127.98179,37.9835],[127.98187,37.98446],[127.9823,37.98516],[127.98259,37.98532],[127.98373,37.98654],[127.98417,37.98671],[127.98415,37.98766],[127.98402,37.98876],[127.98362,37.98907],[127.98545,37.98941],[127.98805,37.98879],[127.98829,37.98906],[127.99042,37.99046],[127.99156,37.99104],[127.99302,37.99081],[127.99479,37.99083],[127.99649,37.99029],[127.99732,37.9905],[127.99781,37.99088],[127.99866,37.99102],[127.9996,37.99138],[128.00024,37.99228],[128.00123,37.99314],[128.00343,37.99563],[128.00488,37.9954],[128.00664,37.99645],[128.00887,37.99613],[128.01092,37.99645],[128.01343,37.99638],[128.0153,37.99664],[128.01637,37.99743],[128.0165,37.9977],[128.01634,37.99884],[128.01692,37.99907],[128.01786,37.99961],[128.01878,38.00057],[128.0191,38.00195],[128.01997,38.00614],[128.01959,38.00737],[128.0202,38.00763],[128.02149,38.00776],[128.02263,38.00798],[128.02282,38.00822],[128.02374,38.00834],[128.02423,38.00858],[128.02494,38.00958],[128.0246,38.01038],[128.02442,38.01109],[128.02508,38.0117],[128.02571,38.01188],[128.02616,38.01221],[128.02667,38.01292],[128.02913,38.01421],[128.02961,38.01465],[128.02878,38.01536],[128.02826,38.01609],[128.02667,38.0178],[128.02494,38.01953],[128.02333,38.01979],[128.02143,38.01975],[128.01954,38.01952],[128.01663,38.01952],[128.01432,38.01932],[128.01296,38.01901],[128.00951,38.01694],[128.00774,38.01574],[128.00591,38.01374],[128.00494,38.01188],[128.00329,38.00914],[128.00065,38.00528],[127.99797,38.00273],[127.99579,38.00174],[127.99333,38.00162],[127.9911,38.00265],[127.98938,38.0038],[127.98817,38.00502],[127.98569,38.0072],[127.98478,38.00826],[127.98382,38.0103],[127.98366,38.01224],[127.98397,38.01452],[127.98583,38.01774],[127.98713,38.0201],[127.98757,38.02264],[127.98755,38.02404],[127.98686,38.02551],[127.98543,38.02686],[127.98298,38.02788],[127.97778,38.02957],[127.97249,38.03055],[127.96902,38.0309],[127.96611,38.03205],[127.96301,38.03486],[127.95762,38.03783],[127.95543,38.03868],[127.95261,38.03854],[127.95175,38.0382],[127.95085,38.03726],[127.94992,38.03619],[127.94861,38.03412],[127.94701,38.03133],[127.94643,38.02914],[127.94686,38.02584],[127.94714,38.02258],[127.94606,38.02057],[127.94493,38.01837],[127.94333,38.01672],[127.94043,38.01505],[127.9382,38.01422],[127.93652,38.01419],[127.93447,38.01382],[127.93453,38.01422],[127.93436,38.01478],[127.93453,38.01513],[127.93425,38.01561],[127.93282,38.01666],[127.93227,38.01723],[127.93196,38.01735],[127.93137,38.01789],[127.93065,38.01802],[127.92942,38.01846],[127.9292,38.01883],[127.92865,38.01898],[127.92758,38.01902],[127.92668,38.01892],[127.92627,38.01907],[127.92551,38.01961],[127.92532,38.01986],[127.92479,38.02003],[127.92442,38.01998],[127.9238,38.0203],[127.92323,38.02007],[127.92223,38.02011],[127.92118,38.02048],[127.92093,38.02049],[127.91994,38.02098],[127.91923,38.02107],[127.91825,38.02107],[127.91778,38.02128],[127.91627,38.0222],[127.91515,38.02217],[127.91338,38.02286],[127.91245,38.02369],[127.91027,38.02462],[127.90984,38.02563],[127.90749,38.02711],[127.90633,38.02842],[127.90457,38.02976],[127.90407,38.03033],[127.904,38.03122],[127.9037,38.03199],[127.90381,38.03301],[127.90404,38.03335],[127.90255,38.03475],[127.9027,38.03533],[127.90288,38.0367],[127.90275,38.03763],[127.90186,38.03822],[127.90263,38.04061],[127.90371,38.04185],[127.90364,38.04437],[127.90404,38.04617],[127.90277,38.04895],[127.90267,38.0506]]]},"properties":{"code":"51110","name":"춘천시","bbox":[127.50615,37.67564,128.02961,38.08503],"labelPoint":[127.73337,37.8949]}},{"type":"Feature","geometry":{"type":"Polygon","coordinates":[[[128.10857,37.29878],[128.10724,37.2996],[128.10627,37.29978],[128.10576,37.29998],[128.10452,37.30091],[128.1042,37.30091],[128.10292,37.30032],[128.10168,37.29954],[128.1013,37.29967],[128.10083,37.30006],[128.10011,37.30081],[128.09955,37.30066],[128.09814,37.30126],[128.09751,37.30094],[128.09652,37.30103],[128.09536,37.30058],[128.09368,37.30053],[128.09271,37.30088],[128.09219,37.30086],[128.0914,37.30123],[128.09079,37.30136],[128.09005,37.30165],[128.0889,37.30181],[128.0882,37.30087],[128.08686,37.30095],[128.08654,37.30136],[128.08568,37.30175],[128.08493,37.30198],[128.08468,37.30184],[128.08406,37.30195],[128.08342,37.30175],[128.0832,37.30206],[128.08122,37.30339],[128.08075,37.30331],[128.07933,37.30345],[128.0778,37.30413],[128.07654,37.30388],[128.07576,37.30412],[128.07462,37.30431],[128.07365,37.30439],[128.07334,37.30473],[128.07185,37.30603],[128.07055,37.30692],[128.06975,37.30759],[128.06811,37.3085],[128.06654,37.30885],[128.06476,37.30878],[128.06384,37.3088],[128.06219,37.30926],[128.06037,37.30914],[128.05804,37.30918],[128.05716,37.30907],[128.05634,37.30913],[128.05524,37.30904],[128.05495,37.30911],[128.05339,37.3087],[128.05198,37.30846],[128.05185,37.3087],[128.05069,37.3096],[128.05035,37.30971],[128.04961,37.31019],[128.04941,37.31046],[128.04831,37.31104],[128.04774,37.31191],[128.04757,37.3124],[128.04627,37.31323],[128.04542,37.31402],[128.04548,37.3144],[128.04513,37.31512],[128.04433,37.3156],[128.04381,37.31635],[128.04369,37.31669],[128.04317,37.31676],[128.04276,37.31776],[128.04204,37.31831],[128.04085,37.31835],[128.04053,37.31878],[128.04005,37.3191],[128.03971,37.31956],[128.03972,37.32018],[128.03937,37.32096],[128.03838,37.32167],[128.03833,37.32264],[128.03804,37.32283],[128.03801,37.32352],[128.03769,37.32413],[128.03759,37.32469],[128.03766,37.32532],[128.0375,37.32542],[128.03725,37.3267],[128.03741,37.32703],[128.03714,37.32763],[128.0356,37.32768],[128.03558,37.32824],[128.03512,37.3297],[128.03483,37.33092],[128.03436,37.331],[128.0344,37.33141],[128.03368,37.33248],[128.03368,37.33291],[128.03406,37.33339],[128.03439,37.33417],[128.03537,37.33517],[128.03564,37.3357],[128.03633,37.33615],[128.0365,37.33664],[128.03727,37.33736],[128.03775,37.3376],[128.03789,37.33806],[128.03761,37.3395],[128.03775,37.34092],[128.0384,37.34198],[128.03931,37.34318],[128.0394,37.34352],[128.03939,37.34469],[128.03834,37.34504],[128.03794,37.3459],[128.03721,37.34629],[128.03686,37.34661],[128.03696,37.34792],[128.03689,37.35051],[128.03733,37.351],[128.03771,37.35165],[128.03828,37.35318],[128.03837,37.35407],[128.03824,37.35457],[128.03919,37.35596],[128.0403,37.3563],[128.04078,37.35629],[128.04188,37.35652],[128.04472,37.35835],[128.0458,37.35926],[128.04563,37.36146],[128.04616,37.36341],[128.04686,37.3635],[128.04728,37.36452],[128.04871,37.36495],[128.04965,37.36601],[128.05003,37.36594],[128.05126,37.3653],[128.0525,37.36511],[128.05354,37.36482],[128.05482,37.36422],[128.05556,37.364],[128.05642,37.36396],[128.05705,37.36413],[128.05956,37.36548],[128.06004,37.36601],[128.06048,37.366],[128.06074,37.36582],[128.06215,37.36559],[128.06244,37.3653],[128.06437,37.36448],[128.06548,37.36441],[128.06568,37.36472],[128.06637,37.36493],[128.06712,37.36497],[128.0686,37.36591],[128.07016,37.36695],[128.07064,37.36707],[128.07113,37.36697],[128.07166,37.36715],[128.0724,37.36726],[128.07268,37.36742],[128.07262,37.36783],[128.07329,37.3688],[128.07273,37.36946],[128.07279,37.36986],[128.07339,37.37054],[128.07434,37.37078],[128.07529,37.37152],[128.07597,37.37237],[128.07679,37.37374],[128.07635,37.37432],[128.07487,37.37555],[128.07526,37.37613],[128.07529,37.37706],[128.07461,37.37871],[128.07447,37.37965],[128.07615,37.3808],[128.07652,37.38156],[128.07604,37.38215],[128.07648,37.38278],[128.07631,37.3832],[128.07631,37.38462],[128.07556,37.38476],[128.07494,37.3859],[128.07457,37.38634],[128.07444,37.38682],[128.074,37.38719],[128.07364,37.38785],[128.07369,37.38864],[128.07327,37.38948],[128.07328,37.39],[128.0719,37.39178],[128.0719,37.39187],[128.07272,37.39312],[128.07335,37.39352],[128.07382,37.39409],[128.07427,37.3943],[128.07444,37.39477],[128.0751,37.39549],[128.07553,37.39683],[128.07613,37.39693],[128.07655,37.39689],[128.0769,37.39721],[128.07714,37.39812],[128.07784,37.39845],[128.07849,37.39896],[128.07874,37.3999],[128.07956,37.40014],[128.08045,37.40061],[128.08174,37.4011],[128.08225,37.40089],[128.08283,37.40086],[128.0835,37.40101],[128.08384,37.40091],[128.08448,37.40051],[128.08498,37.40057],[128.08627,37.40118],[128.08651,37.40105],[128.08745,37.40097],[128.08841,37.40128],[128.08905,37.40216],[128.08998,37.40222],[128.0904,37.40236],[128.09092,37.40227],[128.09168,37.40266],[128.09213,37.40341],[128.09301,37.4037],[128.09345,37.40399],[128.09458,37.40419],[128.0948,37.40444],[128.09488,37.40505],[128.09539,37.40542],[128.09626,37.40541],[128.097,37.40612],[128.09745,37.40632],[128.0973,37.40669],[128.09707,37.40814],[128.09664,37.40841],[128.0963,37.40905],[128.09605,37.41024],[128.09392,37.41033],[128.09276,37.41087],[128.09206,37.4114],[128.09125,37.41162],[128.09004,37.41289],[128.08942,37.41343],[128.08858,37.41429],[128.08843,37.41504],[128.08811,37.41587],[128.08806,37.41639],[128.08755,37.41713],[128.08708,37.41756],[128.08687,37.41829],[128.0863,37.4199],[128.0859,37.42071],[128.08622,37.42111],[128.08606,37.42141],[128.08605,37.42203],[128.0856,37.42246],[128.08538,37.42286],[128.08478,37.42321],[128.08393,37.42388],[128.08361,37.42442],[128.08396,37.4247],[128.08412,37.4258],[128.08426,37.42619],[128.08424,37.42673],[128.0827,37.42693],[128.08173,37.4273],[128.08075,37.42795],[128.08033,37.42831],[128.07942,37.42891],[128.07888,37.4288],[128.07829,37.42923],[128.07795,37.42963],[128.07653,37.43016],[128.0753,37.43007],[128.07506,37.43054],[128.07362,37.43096],[128.07294,37.43068],[128.07118,37.43085],[128.07072,37.43124],[128.07059,37.43173],[128.06887,37.43279],[128.06803,37.43357],[128.06785,37.43404],[128.0663,37.43472],[128.06598,37.43502],[128.06513,37.43533],[128.0644,37.43573],[128.06346,37.43592],[128.06213,37.4358],[128.06238,37.43653],[128.06238,37.4369],[128.06143,37.43763],[128.0614,37.43786],[128.06187,37.43816],[128.06202,37.43888],[128.06238,37.4392],[128.06257,37.43972],[128.06246,37.43988],[128.06266,37.44041],[128.06255,37.44087],[128.06225,37.44106],[128.0621,37.44178],[128.06154,37.44208],[128.06114,37.44213],[128.06115,37.44286],[128.05919,37.44312],[128.05938,37.44341],[128.05981,37.44451],[128.05893,37.44513],[128.05832,37.44506],[128.05771,37.44473],[128.0574,37.4443],[128.05672,37.4445],[128.05538,37.44387],[128.05502,37.44384],[128.05476,37.44359],[128.0541,37.44336],[128.05378,37.44371],[128.05307,37.44358],[128.05241,37.44358],[128.05155,37.44344],[128.05082,37.44349],[128.05006,37.44334],[128.04961,37.44306],[128.04911,37.44296],[128.04889,37.44317],[128.0476,37.44306],[128.04736,37.44368],[128.0471,37.44397],[128.04629,37.44382],[128.04479,37.44365],[128.04408,37.44327],[128.04308,37.44338],[128.04272,37.44332],[128.04227,37.44357],[128.04183,37.4436],[128.04154,37.44385],[128.04158,37.44429],[128.04184,37.44528],[128.04178,37.44558],[128.04114,37.4456],[128.04051,37.44598],[128.04001,37.44606],[128.03852,37.4471],[128.03792,37.4467],[128.03717,37.44635],[128.0357,37.44644],[128.03485,37.44633],[128.03394,37.44655],[128.03331,37.44646],[128.03263,37.44714],[128.0324,37.44777],[128.03168,37.44777],[128.03107,37.44764],[128.03093,37.4479],[128.03055,37.44799],[128.02997,37.44787],[128.02947,37.44831],[128.02886,37.44837],[128.02847,37.44828],[128.02819,37.44848],[128.02741,37.44859],[128.02661,37.44842],[128.02592,37.44846],[128.02564,37.44829],[128.02504,37.44833],[128.02484,37.44807],[128.02393,37.44799],[128.02334,37.44768],[128.02351,37.44723],[128.02248,37.4468],[128.02127,37.44663],[128.02094,37.44626],[128.02052,37.44636],[128.02011,37.44673],[128.01986,37.44666],[128.01971,37.44617],[128.01941,37.44588],[128.01818,37.44614],[128.01788,37.44579],[128.01739,37.44565],[128.01686,37.44588],[128.0164,37.44586],[128.01574,37.44534],[128.01506,37.44537],[128.01424,37.44525],[128.0137,37.44617],[128.01388,37.44688],[128.01374,37.44756],[128.013,37.44798],[128.01249,37.44879],[128.01226,37.44947],[128.01202,37.44977],[128.01144,37.44958],[128.01063,37.44979],[128.00973,37.44974],[128.00812,37.44927],[128.00779,37.44929],[128.00697,37.44979],[128.00677,37.45011],[128.00697,37.45047],[128.00748,37.45093],[128.00711,37.45132],[128.00712,37.45173],[128.00667,37.45244],[128.00712,37.45288],[128.00605,37.45385],[128.00579,37.45435],[128.00558,37.45441],[128.00522,37.4552],[128.00484,37.45568],[128.004,37.45589],[128.00344,37.45637],[128.00284,37.45662],[128.00262,37.45684],[128.00188,37.45678],[128.00121,37.45644],[128.00068,37.45645],[127.99974,37.45633],[127.99802,37.45657],[127.99751,37.45686],[127.99636,37.45657],[127.9949,37.45656],[127.99423,37.45616],[127.9939,37.45631],[127.9925,37.4564],[127.99236,37.45691],[127.99209,37.45711],[127.99118,37.45731],[127.99097,37.45762],[127.9894,37.45851],[127.98861,37.45854],[127.98789,37.4589],[127.98717,37.45873],[127.9865,37.45871],[127.98602,37.45841],[127.98578,37.45847],[127.98456,37.4592],[127.98428,37.4591],[127.98318,37.4594],[127.98271,37.46019],[127.98214,37.45975],[127.98188,37.45974],[127.98161,37.45936],[127.98111,37.45912],[127.98087,37.45919],[127.98003,37.45862],[127.97912,37.45864],[127.97874,37.45822],[127.9784,37.45806],[127.97779,37.45852],[127.97703,37.45848],[127.97629,37.45829],[127.97652,37.45797],[127.97616,37.45773],[127.97427,37.45763],[127.97392,37.45693],[127.97345,37.45622],[127.97276,37.4556],[127.97139,37.45458],[127.97046,37.45366],[127.96884,37.45231],[127.96817,37.45187],[127.96498,37.45088],[127.96455,37.45173],[127.96477,37.45256],[127.96438,37.45278],[127.96358,37.45355],[127.96229,37.45374],[127.96161,37.45373],[127.96112,37.45361],[127.96057,37.45328],[127.95961,37.45305],[127.95907,37.45335],[127.95849,37.45297],[127.95728,37.45332],[127.95687,37.45394],[127.95636,37.45409],[127.95558,37.45473],[127.95518,37.45495],[127.95504,37.45544],[127.95466,37.45555],[127.95286,37.45494],[127.95241,37.45464],[127.95171,37.45467],[127.95119,37.45443],[127.9493,37.45444],[127.94904,37.45487],[127.9489,37.45583],[127.94901,37.45633],[127.94867,37.45723],[127.94858,37.45838],[127.94778,37.45953],[127.94604,37.46109],[127.94556,37.46141],[127.94525,37.46179],[127.94434,37.46235],[127.944,37.46287],[127.94372,37.46445],[127.9434,37.46495],[127.94305,37.46521],[127.94255,37.46596],[127.94256,37.4663],[127.94178,37.46668],[127.94162,37.46689],[127.94197,37.4681],[127.94173,37.46846],[127.94121,37.46892],[127.94094,37.46996],[127.9405,37.47071],[127.94017,37.47177],[127.9402,37.47219],[127.93962,37.4733],[127.93932,37.47348],[127.93943,37.47383],[127.93934,37.4748],[127.93901,37.47555],[127.93847,37.47607],[127.93753,37.47591],[127.93697,37.47629],[127.93711,37.4769],[127.93703,37.47711],[127.93751,37.47877],[127.93768,37.47914],[127.93821,37.47958],[127.93865,37.48028],[127.93775,37.48147],[127.93775,37.48188],[127.93825,37.48211],[127.93846,37.48251],[127.93794,37.48281],[127.9372,37.48398],[127.93641,37.48456],[127.93574,37.4855],[127.93489,37.4861],[127.93405,37.48619],[127.93333,37.48654],[127.93289,37.48705],[127.93273,37.4881],[127.93287,37.48839],[127.93254,37.48949],[127.93268,37.49],[127.93246,37.49046],[127.93289,37.49078],[127.93395,37.49176],[127.93443,37.49198],[127.93487,37.49195],[127.93573,37.49242],[127.93561,37.49323],[127.93571,37.49477],[127.93605,37.49485],[127.93712,37.49552],[127.93806,37.49626],[127.93837,37.49794],[127.93872,37.49859],[127.93868,37.49935],[127.93967,37.50115],[127.93878,37.50132],[127.93859,37.50147],[127.93766,37.50149],[127.93702,37.50194],[127.93649,37.50218],[127.93618,37.50216],[127.93458,37.50339],[127.93423,37.50376],[127.93316,37.50383],[127.93282,37.50428],[127.93249,37.5044],[127.93159,37.50524],[127.93095,37.50555],[127.93065,37.50601],[127.92981,37.5063],[127.92953,37.50668],[127.92915,37.50691],[127.92882,37.50674],[127.92765,37.50649],[127.92705,37.50613],[127.92705,37.5059],[127.92665,37.50537],[127.92641,37.50527],[127.92601,37.50478],[127.92575,37.50423],[127.9251,37.50407],[127.92446,37.50293],[127.92364,37.50269],[127.92326,37.50205],[127.92262,37.50171],[127.92242,37.5011],[127.92248,37.50052],[127.9222,37.50001],[127.92211,37.4995],[127.92174,37.49922],[127.92142,37.49865],[127.92098,37.49829],[127.91989,37.4983],[127.91875,37.49797],[127.91846,37.4975],[127.91904,37.49691],[127.91843,37.49614],[127.91821,37.49598],[127.91838,37.49514],[127.9183,37.49491],[127.9187,37.49409],[127.91892,37.49323],[127.91913,37.49287],[127.91847,37.49254],[127.91842,37.49225],[127.9175,37.4917],[127.91662,37.49145],[127.91645,37.49108],[127.91553,37.49099],[127.9151,37.49086],[127.91494,37.49052],[127.9141,37.4905],[127.91376,37.49015],[127.91322,37.48979],[127.91258,37.48865],[127.91163,37.48826],[127.91139,37.48782],[127.91127,37.48704],[127.91036,37.48708],[127.90969,37.48644],[127.90976,37.48567],[127.90942,37.48521],[127.90959,37.48485],[127.90921,37.48437],[127.90943,37.48399],[127.90928,37.4835],[127.90879,37.48297],[127.90901,37.48246],[127.90894,37.48191],[127.90851,37.48174],[127.90834,37.48137],[127.90815,37.4804],[127.90779,37.48003],[127.9074,37.47915],[127.90791,37.47859],[127.90738,37.47753],[127.90703,37.47708],[127.90697,37.47674],[127.90665,37.4764],[127.90645,37.47575],[127.90599,37.47512],[127.90586,37.47432],[127.90611,37.47327],[127.90535,37.47268],[127.90469,37.47249],[127.904,37.47255],[127.90343,37.47239],[127.90311,37.47213],[127.90201,37.47225],[127.90115,37.47209],[127.9004,37.47219],[127.89889,37.47252],[127.89735,37.47249],[127.89587,37.47235],[127.89639,37.47155],[127.89675,37.47067],[127.89686,37.46971],[127.89727,37.46887],[127.89708,37.46865],[127.89627,37.4694],[127.89503,37.46968],[127.89436,37.46961],[127.89381,37.4692],[127.89381,37.4687],[127.89245,37.46785],[127.89227,37.46782],[127.88895,37.46619],[127.88841,37.46647],[127.88782,37.46714],[127.88745,37.46731],[127.88717,37.46827],[127.8869,37.46854],[127.88504,37.46774],[127.88423,37.46777],[127.88411,37.46852],[127.88452,37.4702],[127.88329,37.46941],[127.88208,37.46947],[127.88106,37.4687],[127.88054,37.46856],[127.87784,37.46746],[127.87699,37.46692],[127.87725,37.46657],[127.87665,37.466],[127.87662,37.46537],[127.87628,37.46467],[127.87621,37.4635],[127.87535,37.46207],[127.87533,37.46184],[127.8758,37.46081],[127.87585,37.46034],[127.87556,37.45988],[127.87555,37.45947],[127.87523,37.45922],[127.8753,37.45846],[127.87476,37.45805],[127.87502,37.45736],[127.87515,37.45658],[127.87485,37.45616],[127.87465,37.45501],[127.8731,37.45446],[127.87183,37.4539],[127.87093,37.45341],[127.87064,37.45276],[127.86957,37.45189],[127.86886,37.45116],[127.86857,37.45069],[127.86823,37.44961],[127.86834,37.44901],[127.86717,37.44795],[127.86611,37.44754],[127.86599,37.44719],[127.86565,37.44695],[127.86561,37.44615],[127.86548,37.44555],[127.86565,37.44497],[127.86591,37.44478],[127.86596,37.44415],[127.86584,37.44272],[127.86607,37.44152],[127.86586,37.44077],[127.86595,37.44014],[127.8657,37.43964],[127.86423,37.43849],[127.86405,37.437],[127.86339,37.43625],[127.86369,37.43536],[127.86372,37.43465],[127.86433,37.43432],[127.86457,37.43358],[127.8645,37.43314],[127.86489,37.4322],[127.86509,37.43196],[127.86494,37.4307],[127.86494,37.43001],[127.86476,37.42902],[127.86426,37.42851],[127.86431,37.42794],[127.86388,37.42694],[127.86404,37.42611],[127.86394,37.42533],[127.86438,37.42493],[127.8647,37.42486],[127.86484,37.4243],[127.86511,37.42384],[127.86549,37.42364],[127.86561,37.42301],[127.86628,37.42282],[127.86732,37.42141],[127.86751,37.42099],[127.86738,37.4206],[127.8675,37.42013],[127.86896,37.41952],[127.8696,37.41916],[127.87006,37.41865],[127.87044,37.41842],[127.87078,37.4176],[127.87069,37.41644],[127.87126,37.41565],[127.87082,37.41504],[127.87067,37.41453],[127.87061,37.41341],[127.87041,37.41291],[127.87054,37.41226],[127.87033,37.41111],[127.86986,37.40975],[127.86926,37.40884],[127.8692,37.40834],[127.86935,37.40785],[127.86996,37.40648],[127.86948,37.40631],[127.86878,37.40569],[127.86837,37.40493],[127.86808,37.40416],[127.86808,37.40223],[127.86799,37.40048],[127.868,37.39963],[127.86716,37.39905],[127.86597,37.39868],[127.86422,37.39844],[127.8625,37.39831],[127.86116,37.39834],[127.85923,37.39886],[127.85791,37.39891],[127.8565,37.39865],[127.85573,37.39828],[127.85427,37.39782],[127.85241,37.39694],[127.85159,37.39613],[127.85105,37.39551],[127.8505,37.39604],[127.84978,37.39693],[127.84964,37.39755],[127.84965,37.39821],[127.84914,37.39866],[127.84859,37.39967],[127.84764,37.40079],[127.84853,37.40193],[127.84945,37.40244],[127.84965,37.40353],[127.85002,37.404],[127.85052,37.40505],[127.8501,37.4057],[127.85014,37.40646],[127.85033,37.40682],[127.85122,37.40776],[127.85127,37.40858],[127.85108,37.40918],[127.85081,37.40934],[127.85018,37.41024],[127.84955,37.41057],[127.84901,37.41162],[127.84909,37.4119],[127.8488,37.41253],[127.84822,37.41335],[127.84816,37.41437],[127.84787,37.41499],[127.84746,37.41737],[127.84755,37.41778],[127.84742,37.41806],[127.84655,37.41848],[127.84592,37.41894],[127.84567,37.41928],[127.84574,37.41962],[127.84556,37.4202],[127.8458,37.42068],[127.84579,37.4212],[127.84558,37.42154],[127.84545,37.42261],[127.84494,37.4236],[127.84491,37.42381],[127.84397,37.42433],[127.84354,37.42495],[127.84354,37.42522],[127.84305,37.4259],[127.84246,37.42633],[127.84242,37.42675],[127.84175,37.42746],[127.84175,37.42816],[127.84112,37.42866],[127.84082,37.42925],[127.84078,37.42981],[127.8405,37.43047],[127.84033,37.43122],[127.84009,37.43147],[127.84006,37.4322],[127.83972,37.4326],[127.83996,37.4333],[127.84002,37.43382],[127.83968,37.43415],[127.83884,37.43424],[127.83864,37.43417],[127.83683,37.43418],[127.83556,37.43404],[127.8345,37.434],[127.83445,37.43428],[127.8339,37.43486],[127.8333,37.43567],[127.83319,37.43611],[127.83278,37.43636],[127.83174,37.4366],[127.83129,37.43707],[127.83093,37.43769],[127.83068,37.43838],[127.82959,37.43871],[127.82918,37.43892],[127.8289,37.43886],[127.82812,37.43943],[127.82734,37.43988],[127.82716,37.44011],[127.82658,37.44028],[127.8262,37.44117],[127.8254,37.44128],[127.82519,37.44145],[127.82524,37.442],[127.8251,37.44254],[127.82478,37.44271],[127.82363,37.44294],[127.82354,37.44331],[127.82316,37.44366],[127.82278,37.44432],[127.82188,37.44546],[127.82091,37.44538],[127.82058,37.44628],[127.82009,37.44633],[127.81983,37.44658],[127.81861,37.44626],[127.81803,37.44601],[127.8173,37.44599],[127.81652,37.4454],[127.81566,37.44522],[127.81482,37.44486],[127.81385,37.44499],[127.81344,37.44527],[127.81317,37.4451],[127.81231,37.44414],[127.812,37.44409],[127.81172,37.44371],[127.81156,37.44303],[127.81033,37.44189],[127.8105,37.44139],[127.8092,37.44125],[127.80885,37.44095],[127.8079,37.44076],[127.80676,37.44036],[127.80588,37.44015],[127.80489,37.44002],[127.80393,37.43964],[127.80343,37.43971],[127.80258,37.43954],[127.80204,37.43921],[127.80047,37.43864],[127.8009,37.43842],[127.802,37.43717],[127.80169,37.4364],[127.80208,37.43543],[127.80243,37.43487],[127.80335,37.43433],[127.80308,37.43329],[127.80369,37.43247],[127.80387,37.43195],[127.80342,37.43156],[127.80333,37.43089],[127.80401,37.4291],[127.80401,37.42885],[127.80338,37.4285],[127.80247,37.42859],[127.80231,37.42729],[127.80139,37.42719],[127.79895,37.42731],[127.79777,37.42685],[127.79752,37.42688],[127.79725,37.4263],[127.79649,37.42581],[127.79606,37.42519],[127.79502,37.42498],[127.79456,37.4244],[127.79473,37.42367],[127.79406,37.42323],[127.79364,37.42251],[127.79386,37.42164],[127.79354,37.42095],[127.79351,37.42048],[127.79377,37.42018],[127.79294,37.41898],[127.79218,37.41845],[127.79218,37.41784],[127.79191,37.41739],[127.79202,37.41698],[127.79191,37.41641],[127.79196,37.41585],[127.79188,37.41521],[127.79158,37.41444],[127.79179,37.41416],[127.79143,37.41289],[127.79067,37.41204],[127.79089,37.41141],[127.79062,37.41045],[127.79032,37.41022],[127.79033,37.40953],[127.79024,37.40859],[127.78959,37.40815],[127.78959,37.40698],[127.78898,37.40662],[127.78867,37.40629],[127.78865,37.40584],[127.78782,37.40533],[127.78803,37.4048],[127.78764,37.40417],[127.78758,37.40369],[127.78781,37.40344],[127.78748,37.40293],[127.78788,37.40238],[127.78797,37.40201],[127.78777,37.4016],[127.78783,37.40113],[127.78719,37.40051],[127.78666,37.40049],[127.78628,37.40021],[127.78627,37.39971],[127.78568,37.3994],[127.78476,37.39871],[127.78383,37.39863],[127.78383,37.39785],[127.78412,37.39637],[127.78437,37.39628],[127.78453,37.39551],[127.78396,37.39487],[127.78371,37.39437],[127.78312,37.39359],[127.78242,37.39342],[127.78168,37.39304],[127.78223,37.39242],[127.78289,37.39101],[127.78314,37.39027],[127.78409,37.38883],[127.78358,37.38861],[127.78326,37.38818],[127.7831,37.38742],[127.78274,37.38713],[127.78204,37.38709],[127.78095,37.38679],[127.78037,37.38683],[127.77984,37.38645],[127.77969,37.386],[127.77869,37.38557],[127.77845,37.38494],[127.77763,37.38436],[127.77666,37.38333],[127.77678,37.3814],[127.7767,37.38089],[127.7762,37.38038],[127.7759,37.37986],[127.77579,37.37896],[127.77666,37.37733],[127.77743,37.37647],[127.77745,37.37568],[127.77698,37.37485],[127.77668,37.37468],[127.77693,37.37419],[127.7778,37.37323],[127.77769,37.37291],[127.77849,37.37196],[127.77894,37.37077],[127.77737,37.37123],[127.77595,37.3709],[127.77532,37.37038],[127.77353,37.3699],[127.77298,37.37006],[127.77264,37.36993],[127.77167,37.36977],[127.77046,37.36967],[127.76978,37.3694],[127.76918,37.36963],[127.76846,37.36967],[127.76708,37.36953],[127.76597,37.36987],[127.76504,37.36982],[127.76409,37.36989],[127.76397,37.37004],[127.76287,37.36998],[127.76209,37.36972],[127.76163,37.36945],[127.76108,37.36882],[127.76001,37.36821],[127.75948,37.36729],[127.7596,37.36706],[127.75991,37.36628],[127.76044,37.36606],[127.76086,37.3652],[127.76114,37.36496],[127.76111,37.36433],[127.76122,37.3636],[127.76075,37.3628],[127.76038,37.36167],[127.76052,37.36097],[127.75981,37.36034],[127.75935,37.35973],[127.76024,37.35862],[127.76053,37.35796],[127.76054,37.3574],[127.75976,37.35627],[127.75989,37.35595],[127.75973,37.35534],[127.76014,37.35491],[127.75997,37.35462],[127.7604,37.35387],[127.76076,37.35264],[127.75903,37.35161],[127.75835,37.35079],[127.75863,37.34838],[127.75797,37.34708],[127.75788,37.34641],[127.75798,37.34577],[127.75826,37.34549],[127.75889,37.34447],[127.75877,37.34424],[127.75848,37.34311],[127.75874,37.34248],[127.75895,37.3423],[127.75907,37.34138],[127.75986,37.34136],[127.76022,37.34104],[127.76069,37.34082],[127.76058,37.34057],[127.76075,37.34006],[127.76055,37.33959],[127.76093,37.33885],[127.76096,37.33724],[127.76084,37.33705],[127.76136,37.33665],[127.76173,37.33619],[127.76182,37.3357],[127.76253,37.33508],[127.76266,37.33463],[127.76297,37.33443],[127.76166,37.33394],[127.76167,37.33366],[127.76138,37.33319],[127.7605,37.33245],[127.76044,37.33208],[127.75985,37.33183],[127.75911,37.33127],[127.7585,37.3311],[127.75839,37.33085],[127.75873,37.33034],[127.75978,37.3301],[127.76,37.3297],[127.76044,37.3293],[127.7604,37.32863],[127.76079,37.32816],[127.76078,37.32783],[127.76136,37.32692],[127.76183,37.32543],[127.76219,37.32474],[127.76242,37.32401],[127.76277,37.32341],[127.76294,37.3225],[127.76211,37.32133],[127.7621,37.32114],[127.76257,37.32019],[127.76304,37.31941],[127.76348,37.31831],[127.76371,37.31806],[127.76428,37.31793],[127.76496,37.31764],[127.76526,37.31725],[127.76512,37.31651],[127.76515,37.31582],[127.76492,37.31532],[127.76536,37.31487],[127.76539,37.3142],[127.76562,37.31395],[127.76568,37.3135],[127.76555,37.31302],[127.76637,37.31227],[127.76656,37.31126],[127.76679,37.31076],[127.76742,37.3101],[127.76815,37.30953],[127.76837,37.309],[127.76841,37.30831],[127.76822,37.30753],[127.76832,37.30669],[127.76814,37.30584],[127.7677,37.30471],[127.76759,37.30393],[127.76768,37.30289],[127.76807,37.30248],[127.76819,37.30152],[127.76758,37.3015],[127.76715,37.3018],[127.76653,37.30152],[127.76567,37.30141],[127.76447,37.3018],[127.76313,37.30188],[127.76214,37.30224],[127.75933,37.30117],[127.75887,37.30042],[127.75756,37.30013],[127.75699,37.29956],[127.75669,37.2989],[127.7556,37.29843],[127.75461,37.29774],[127.7532,37.29781],[127.75235,37.29767],[127.75177,37.29771],[127.75066,37.29798],[127.75027,37.29766],[127.74988,37.29716],[127.74988,37.29658],[127.74963,37.29598],[127.74958,37.2953],[127.75,37.29432],[127.74991,37.2935],[127.75025,37.29316],[127.75024,37.29264],[127.75004,37.29196],[127.75082,37.29104],[127.75241,37.28971],[127.75257,37.28914],[127.75295,37.28878],[127.75353,37.28898],[127.75435,37.2877],[127.75446,37.28663],[127.75499,37.28591],[127.75507,37.28554],[127.75556,37.28498],[127.7549,37.28497],[127.75398,37.28423],[127.75428,37.28387],[127.75513,37.28251],[127.75535,37.28244],[127.75528,37.28192],[127.75559,37.28173],[127.75657,37.2802],[127.75633,37.27946],[127.75682,37.27911],[127.75767,37.2788],[127.75679,37.27796],[127.75664,37.27764],[127.75675,37.27727],[127.7578,37.27706],[127.75818,37.27728],[127.75908,37.27705],[127.75891,37.2766],[127.75943,37.27576],[127.75963,37.27484],[127.75932,37.27461],[127.75956,37.27355],[127.76041,37.27329],[127.76048,37.2729],[127.76009,37.27217],[127.75934,37.27175],[127.7593,37.27152],[127.75971,37.27056],[127.75932,37.27009],[127.76012,37.26931],[127.76066,37.26901],[127.76047,37.26874],[127.75934,37.26674],[127.75987,37.26599],[127.75986,37.26527],[127.7596,37.26512],[127.75944,37.26429],[127.75881,37.26378],[127.75877,37.26336],[127.75843,37.26289],[127.75858,37.26238],[127.75799,37.26151],[127.75806,37.26132],[127.75749,37.26026],[127.75722,37.25892],[127.75761,37.25901],[127.75761,37.25825],[127.75695,37.25782],[127.75434,37.25479],[127.75267,37.25261],[127.74997,37.24821],[127.74941,37.24717],[127.74792,37.24357],[127.74688,37.23997],[127.74697,37.23909],[127.74698,37.23681],[127.74702,37.23608],[127.74724,37.23394],[127.74798,37.23243],[127.74691,37.22977],[127.74712,37.22916],[127.74718,37.22716],[127.74813,37.22555],[127.74921,37.22194],[127.74893,37.21834],[127.74842,37.21737],[127.74636,37.21448],[127.74606,37.21447],[127.74575,37.2141],[127.74475,37.21365],[127.74482,37.21304],[127.7446,37.21287],[127.74432,37.21207],[127.74452,37.2119],[127.74413,37.21123],[127.7441,37.20955],[127.74426,37.20755],[127.7456,37.20394],[127.74608,37.20226],[127.74651,37.20033],[127.74785,37.20033],[127.74891,37.19676],[127.74943,37.19392],[127.75013,37.19038],[127.74939,37.18956],[127.74972,37.18764],[127.7501,37.18589],[127.75078,37.18376],[127.75104,37.18246],[127.75189,37.18226],[127.75215,37.18142],[127.75223,37.18073],[127.75286,37.17886],[127.75467,37.17475],[127.75515,37.17349],[127.75529,37.17295],[127.75553,37.17144],[127.75658,37.17007],[127.75707,37.1692],[127.7579,37.1682],[127.75888,37.16724],[127.75987,37.16647],[127.76019,37.16613],[127.76089,37.16518],[127.76207,37.16335],[127.76291,37.16236],[127.76466,37.16002],[127.76534,37.15929],[127.76632,37.15856],[127.76755,37.15795],[127.76794,37.15742],[127.76869,37.15665],[127.76957,37.15598],[127.77092,37.15505],[127.77345,37.15372],[127.77487,37.15282],[127.77568,37.15217],[127.77795,37.15075],[127.77918,37.14966],[127.78303,37.14758],[127.78446,37.14659],[127.78732,37.14523],[127.78752,37.14503],[127.78783,37.14424],[127.78952,37.14341],[127.79051,37.14383],[127.79212,37.14469],[127.79282,37.14523],[127.79301,37.14558],[127.79336,37.14574],[127.79433,37.14561],[127.79549,37.14526],[127.79685,37.14551],[127.79767,37.1455],[127.79944,37.14497],[127.8,37.14471],[127.80107,37.14434],[127.80165,37.14426],[127.80486,37.14578],[127.80571,37.14641],[127.80694,37.14706],[127.80806,37.14721],[127.80965,37.14707],[127.8116,37.14651],[127.81373,37.14665],[127.81527,37.14667],[127.81632,37.14696],[127.81685,37.147],[127.81739,37.14722],[127.81827,37.14782],[127.81926,37.14839],[127.82195,37.1503],[127.82358,37.15111],[127.82486,37.15204],[127.82537,37.15226],[127.82621,37.15201],[127.82724,37.1521],[127.8284,37.15229],[127.82896,37.15257],[127.82976,37.15267],[127.83032,37.15261],[127.83065,37.15231],[127.8309,37.15259],[127.83203,37.15236],[127.83268,37.15214],[127.83374,37.15204],[127.83426,37.15179],[127.83526,37.15179],[127.83588,37.15168],[127.83738,37.15163],[127.83859,37.15214],[127.84032,37.15223],[127.84081,37.15213],[127.84296,37.15244],[127.84463,37.15284],[127.84648,37.15286],[127.84688,37.15281],[127.84739,37.15294],[127.8496,37.1538],[127.85007,37.15418],[127.85053,37.15508],[127.85067,37.15658],[127.85122,37.15835],[127.85168,37.15878],[127.85195,37.15955],[127.85223,37.15992],[127.85266,37.16014],[127.85379,37.16037],[127.85481,37.16029],[127.85529,37.15995],[127.85537,37.15885],[127.85528,37.15799],[127.85577,37.15659],[127.85635,37.15638],[127.85799,37.1564],[127.85923,37.15634],[127.86023,37.15565],[127.8613,37.15535],[127.8618,37.15583],[127.86185,37.15653],[127.86166,37.15757],[127.86138,37.15861],[127.8614,37.15937],[127.86196,37.16105],[127.86283,37.16164],[127.86354,37.16183],[127.86363,37.16213],[127.86419,37.16238],[127.86484,37.16245],[127.86577,37.16232],[127.8658,37.16249],[127.8672,37.16229],[127.8676,37.16244],[127.86862,37.16329],[127.86932,37.1637],[127.87054,37.16412],[127.87205,37.16434],[127.87247,37.16428],[127.87332,37.16393],[127.87506,37.16376],[127.87498,37.1636],[127.87585,37.1631],[127.87651,37.16282],[127.87698,37.16273],[127.87905,37.16179],[127.88016,37.16225],[127.88066,37.16209],[127.88189,37.16203],[127.88291,37.16174],[127.88344,37.16185],[127.88438,37.16156],[127.88479,37.16123],[127.88657,37.16107],[127.88742,37.16015],[127.88838,37.15964],[127.88857,37.15969],[127.88954,37.15943],[127.88998,37.15909],[127.89057,37.15921],[127.89106,37.15874],[127.8911,37.15849],[127.89163,37.15804],[127.89222,37.15796],[127.89345,37.15717],[127.89404,37.15706],[127.89452,37.15652],[127.89543,37.15609],[127.89552,37.15568],[127.896,37.15523],[127.89643,37.15431],[127.89709,37.15345],[127.89777,37.15218],[127.89839,37.15046],[127.89889,37.1498],[127.89994,37.15046],[127.90063,37.15126],[127.90164,37.1518],[127.90189,37.1522],[127.90191,37.1532],[127.90236,37.15403],[127.90306,37.15515],[127.90317,37.15588],[127.90368,37.15677],[127.90387,37.15696],[127.90403,37.15874],[127.90346,37.16005],[127.90408,37.16022],[127.90488,37.16073],[127.90551,37.16133],[127.90618,37.16173],[127.90711,37.16428],[127.90715,37.16523],[127.90795,37.16617],[127.90835,37.16633],[127.90863,37.16712],[127.91101,37.16752],[127.91141,37.16753],[127.91199,37.16781],[127.91301,37.1682],[127.91356,37.16856],[127.91377,37.16845],[127.91505,37.16888],[127.9174,37.16755],[127.91889,37.16695],[127.91974,37.16642],[127.9208,37.16587],[127.92153,37.16504],[127.922,37.16497],[127.92249,37.16462],[127.92317,37.16396],[127.92384,37.16363],[127.92423,37.16417],[127.92522,37.16491],[127.92633,37.16553],[127.92665,37.16643],[127.92648,37.16661],[127.92689,37.16804],[127.92707,37.16823],[127.9273,37.16978],[127.92823,37.17048],[127.92898,37.1709],[127.92945,37.17099],[127.9299,37.17143],[127.93019,37.17151],[127.93066,37.17201],[127.9309,37.17268],[127.93101,37.17342],[127.93171,37.17478],[127.93232,37.17511],[127.93242,37.17532],[127.93363,37.1758],[127.93345,37.17656],[127.93311,37.17745],[127.93284,37.17788],[127.93297,37.17829],[127.93292,37.17868],[127.93331,37.17931],[127.93305,37.18099],[127.9326,37.18237],[127.93341,37.18359],[127.934,37.18527],[127.93505,37.18563],[127.93587,37.18684],[127.93555,37.18786],[127.93626,37.18877],[127.93449,37.19038],[127.93296,37.19308],[127.93216,37.19523],[127.93198,37.1961],[127.93203,37.19658],[127.93176,37.19829],[127.93131,37.19955],[127.93111,37.20052],[127.93092,37.20113],[127.93153,37.20169],[127.9317,37.20326],[127.93162,37.20371],[127.93173,37.20498],[127.932,37.20559],[127.93257,37.20597],[127.93247,37.20699],[127.93065,37.21057],[127.92956,37.21169],[127.92729,37.21745],[127.9271,37.22015],[127.9235,37.22131],[127.92246,37.22215],[127.92175,37.22401],[127.92158,37.22505],[127.92191,37.22584],[127.92284,37.2267],[127.92662,37.2316],[127.9312,37.23416],[127.93557,37.23805],[127.93888,37.24074],[127.9401,37.24066],[127.9425,37.24042],[127.94374,37.24059],[127.94519,37.24056],[127.94646,37.24135],[127.94694,37.24184],[127.94738,37.24418],[127.94908,37.24568],[127.95268,37.24792],[127.95409,37.24859],[127.95765,37.2498],[127.95954,37.25014],[127.96323,37.25073],[127.96455,37.25101],[127.96635,37.25291],[127.96744,37.25383],[127.9688,37.25446],[127.96974,37.2557],[127.97191,37.25638],[127.97316,37.25623],[127.97399,37.25631],[127.97458,37.25659],[127.97521,37.2567],[127.97641,37.25717],[127.9768,37.25738],[127.97745,37.25742],[127.97782,37.25769],[127.97892,37.25785],[127.9799,37.25833],[127.98048,37.2577],[127.98141,37.25688],[127.98188,37.2568],[127.98261,37.25685],[127.98298,37.25711],[127.98316,37.25744],[127.98471,37.25769],[127.98546,37.25814],[127.98694,37.25784],[127.98769,37.25727],[127.98837,37.2571],[127.98895,37.25644],[127.98975,37.25599],[127.99031,37.25551],[127.99108,37.25519],[127.99205,37.25504],[127.99277,37.25483],[127.99359,37.25405],[127.99423,37.25357],[127.99537,37.25431],[127.99707,37.25456],[127.99845,37.25464],[127.999,37.25486],[127.99973,37.25446],[127.99979,37.25388],[128.00005,37.25357],[128.00075,37.2534],[128.00127,37.25361],[128.0022,37.25324],[128.00509,37.25254],[128.00566,37.25231],[128.00643,37.25252],[128.00797,37.25212],[128.00868,37.25092],[128.009,37.25065],[128.00945,37.25068],[128.00998,37.25028],[128.01084,37.25003],[128.01136,37.24914],[128.0118,37.24888],[128.01259,37.24769],[128.01391,37.24704],[128.01556,37.2468],[128.01575,37.24669],[128.01659,37.2469],[128.01765,37.24619],[128.01826,37.24571],[128.01904,37.24476],[128.01922,37.24438],[128.01941,37.24295],[128.01995,37.24138],[128.02009,37.24044],[128.01989,37.23943],[128.01976,37.23814],[128.01992,37.23657],[128.0203,37.23488],[128.02093,37.23285],[128.0211,37.2303],[128.02186,37.22825],[128.02229,37.22755],[128.02268,37.22663],[128.02302,37.22563],[128.02421,37.22562],[128.02583,37.22597],[128.02671,37.22509],[128.02771,37.22513],[128.02879,37.22451],[128.02989,37.22431],[128.03122,37.22382],[128.03213,37.2238],[128.03216,37.22274],[128.03201,37.2219],[128.03216,37.22108],[128.03284,37.22012],[128.03344,37.21952],[128.0353,37.21874],[128.03608,37.21861],[128.03723,37.21764],[128.03764,37.21707],[128.03875,37.21604],[128.03896,37.21538],[128.03888,37.21471],[128.0383,37.21426],[128.03782,37.21368],[128.0371,37.21339],[128.03688,37.21276],[128.03586,37.21211],[128.03377,37.2113],[128.03308,37.21081],[128.03282,37.21015],[128.03298,37.20938],[128.03278,37.20872],[128.03223,37.20815],[128.03114,37.20781],[128.03053,37.20703],[128.02999,37.20577],[128.02954,37.20367],[128.02835,37.20304],[128.0283,37.20232],[128.02858,37.20189],[128.02952,37.20087],[128.03067,37.2001],[128.03162,37.19934],[128.0319,37.19861],[128.03224,37.19804],[128.03212,37.1978],[128.03231,37.1972],[128.03237,37.19612],[128.03222,37.19388],[128.03264,37.19312],[128.03333,37.1923],[128.03391,37.19141],[128.0349,37.19055],[128.03587,37.18979],[128.0372,37.18928],[128.03865,37.18912],[128.04107,37.18899],[128.04246,37.18977],[128.04304,37.19048],[128.04377,37.19089],[128.04428,37.19086],[128.04703,37.18964],[128.04744,37.18975],[128.04806,37.1896],[128.04894,37.18977],[128.04981,37.18958],[128.0501,37.18991],[128.05069,37.19035],[128.05122,37.1905],[128.05182,37.19091],[128.05473,37.19153],[128.05505,37.19169],[128.05547,37.19224],[128.05881,37.19376],[128.06047,37.19409],[128.06206,37.19344],[128.06288,37.19282],[128.06356,37.19282],[128.06468,37.19341],[128.06545,37.19363],[128.06577,37.19389],[128.06733,37.19394],[128.06824,37.19418],[128.06894,37.19424],[128.07003,37.19449],[128.07139,37.19445],[128.07202,37.19449],[128.0723,37.19421],[128.07299,37.19382],[128.07392,37.19311],[128.07431,37.19309],[128.0756,37.19373],[128.07649,37.19388],[128.07754,37.1937],[128.07946,37.19474],[128.08256,37.19594],[128.08565,37.19703],[128.08665,37.19799],[128.08707,37.19852],[128.08827,37.19941],[128.09257,37.19928],[128.09394,37.19982],[128.09506,37.19992],[128.09535,37.2004],[128.09646,37.2005],[128.09722,37.20099],[128.09882,37.20146],[128.09952,37.20174],[128.1,37.2017],[128.10082,37.20206],[128.10184,37.20232],[128.10278,37.20277],[128.1033,37.20293],[128.10372,37.20328],[128.10439,37.20364],[128.10509,37.2038],[128.10572,37.20441],[128.10662,37.205],[128.10758,37.20522],[128.1088,37.20573],[128.1092,37.20644],[128.10945,37.20667],[128.11009,37.20693],[128.1115,37.20767],[128.11185,37.20835],[128.11173,37.20924],[128.11139,37.20955],[128.11115,37.21015],[128.11135,37.21044],[128.11223,37.21078],[128.11277,37.21147],[128.11326,37.21238],[128.11375,37.21266],[128.11417,37.21305],[128.1143,37.21386],[128.11418,37.21478],[128.11426,37.21526],[128.11449,37.21569],[128.11511,37.21634],[128.11521,37.21664],[128.115,37.21711],[128.11473,37.21814],[128.11478,37.21842],[128.11534,37.21965],[128.11551,37.22027],[128.11601,37.22089],[128.11689,37.22164],[128.11844,37.22284],[128.12017,37.22371],[128.12236,37.2252],[128.12209,37.22558],[128.12182,37.22641],[128.12111,37.22689],[128.1208,37.2273],[128.12127,37.22768],[128.12141,37.22846],[128.12167,37.22895],[128.12151,37.22933],[128.12226,37.23007],[128.12249,37.23048],[128.1233,37.23096],[128.12331,37.23132],[128.12371,37.23167],[128.124,37.23259],[128.12463,37.23326],[128.12459,37.23382],[128.12532,37.23454],[128.12591,37.2344],[128.12629,37.23459],[128.12693,37.23434],[128.12761,37.23423],[128.12799,37.23361],[128.12884,37.23358],[128.12957,37.23375],[128.13043,37.23259],[128.13045,37.23229],[128.13132,37.23155],[128.13226,37.23093],[128.13231,37.23018],[128.1326,37.23013],[128.1329,37.2298],[128.13349,37.22973],[128.13552,37.22977],[128.13641,37.22987],[128.13729,37.22981],[128.13844,37.22997],[128.14055,37.22955],[128.14204,37.2286],[128.14228,37.22726],[128.14214,37.2261],[128.14232,37.22434],[128.14271,37.22414],[128.143,37.22375],[128.14363,37.22338],[128.14466,37.22232],[128.14561,37.22184],[128.14638,37.22232],[128.14689,37.22232],[128.14743,37.22195],[128.14881,37.22068],[128.14945,37.22057],[128.15034,37.22074],[128.15086,37.22074],[128.15254,37.21745],[128.15416,37.21586],[128.15467,37.21567],[128.15541,37.21583],[128.15656,37.21594],[128.15709,37.21618],[128.15802,37.21631],[128.15927,37.21588],[128.15988,37.2158],[128.16038,37.21549],[128.16146,37.2154],[128.16166,37.21486],[128.16234,37.21458],[128.16296,37.21385],[128.16404,37.21331],[128.16448,37.21346],[128.16476,37.21376],[128.16524,37.21393],[128.16664,37.21477],[128.16706,37.2148],[128.16702,37.21522],[128.16828,37.21596],[128.16867,37.21666],[128.16921,37.21706],[128.16967,37.21781],[128.17148,37.21786],[128.17213,37.21803],[128.17288,37.21875],[128.17307,37.21906],[128.17265,37.22173],[128.17259,37.2242],[128.17253,37.22494],[128.17285,37.22527],[128.17357,37.22558],[128.17399,37.22637],[128.17488,37.22685],[128.17549,37.22792],[128.17604,37.22835],[128.17593,37.22855],[128.17531,37.22889],[128.17491,37.22924],[128.1743,37.23026],[128.17362,37.23101],[128.17403,37.23214],[128.1741,37.23261],[128.17456,37.23292],[128.17556,37.23318],[128.17599,37.23372],[128.1771,37.23392],[128.17749,37.23437],[128.17788,37.23533],[128.17824,37.23554],[128.17914,37.23576],[128.18019,37.23639],[128.18419,37.23828],[128.18496,37.23885],[128.18556,37.23962],[128.18616,37.24011],[128.18826,37.24137],[128.18923,37.24203],[128.18988,37.2428],[128.19091,37.24336],[128.1928,37.24486],[128.19317,37.24524],[128.19361,37.24525],[128.19426,37.24548],[128.19466,37.24574],[128.19658,37.24574],[128.2002,37.24724],[128.20062,37.24837],[128.20118,37.24897],[128.20187,37.24896],[128.20339,37.24904],[128.20486,37.24879],[128.20581,37.24871],[128.2078,37.24882],[128.20859,37.2489],[128.20888,37.24963],[128.20932,37.25012],[128.20918,37.25085],[128.20949,37.25124],[128.20931,37.25176],[128.20937,37.2526],[128.20972,37.25315],[128.20957,37.25436],[128.21004,37.25482],[128.21029,37.25533],[128.21048,37.25605],[128.21111,37.25718],[128.21142,37.25793],[128.21161,37.25864],[128.21158,37.25939],[128.2121,37.25977],[128.21194,37.26078],[128.21266,37.26144],[128.21307,37.26206],[128.21305,37.26252],[128.21282,37.2627],[128.21272,37.26327],[128.21293,37.26384],[128.21274,37.26442],[128.21292,37.26501],[128.21282,37.26566],[128.21301,37.26614],[128.2123,37.26655],[128.2115,37.2672],[128.21138,37.26779],[128.21159,37.26889],[128.21178,37.26945],[128.21145,37.27057],[128.21185,37.27208],[128.21177,37.27315],[128.21139,37.27424],[128.21074,37.27507],[128.21107,37.27535],[128.21169,37.27551],[128.21276,37.27564],[128.21317,37.27614],[128.21407,37.27688],[128.21568,37.27738],[128.21655,37.27725],[128.21689,37.27782],[128.21785,37.27757],[128.21846,37.27856],[128.21789,37.27953],[128.21692,37.2803],[128.21675,37.28137],[128.21617,37.28219],[128.21643,37.28322],[128.21591,37.28402],[128.21565,37.28473],[128.21508,37.28538],[128.21491,37.28665],[128.2145,37.28689],[128.21421,37.2875],[128.21412,37.28815],[128.21288,37.28882],[128.21154,37.2887],[128.21007,37.28894],[128.20852,37.28874],[128.20774,37.28813],[128.20657,37.28783],[128.2058,37.2888],[128.20555,37.28938],[128.20441,37.29018],[128.20414,37.29001],[128.20345,37.28988],[128.20261,37.29029],[128.20182,37.29086],[128.20143,37.29124],[128.20041,37.293],[128.19975,37.29357],[128.19958,37.29388],[128.19936,37.29478],[128.19837,37.29609],[128.19785,37.29655],[128.19736,37.29684],[128.19574,37.29743],[128.19446,37.29728],[128.19366,37.29702],[128.1929,37.29668],[128.19156,37.29582],[128.19151,37.29544],[128.19162,37.2944],[128.19144,37.2942],[128.19042,37.29364],[128.19025,37.29346],[128.18809,37.29284],[128.18736,37.29305],[128.18621,37.29283],[128.18551,37.29236],[128.18453,37.29226],[128.18333,37.29276],[128.18267,37.29289],[128.18201,37.29258],[128.18121,37.29242],[128.1796,37.29195],[128.17882,37.29186],[128.17837,37.29141],[128.1784,37.29094],[128.17818,37.29074],[128.17781,37.28988],[128.17788,37.28947],[128.17765,37.28912],[128.17775,37.28869],[128.17805,37.28845],[128.17813,37.28811],[128.17852,37.28761],[128.17863,37.28637],[128.1789,37.2856],[128.17909,37.2854],[128.17908,37.28486],[128.17886,37.28473],[128.17901,37.28424],[128.17865,37.28394],[128.17875,37.28346],[128.17822,37.28317],[128.17803,37.2827],[128.17769,37.28245],[128.17769,37.28172],[128.17811,37.28095],[128.17784,37.28033],[128.17783,37.27952],[128.17642,37.27922],[128.17524,37.27924],[128.17417,37.27905],[128.17328,37.27921],[128.17212,37.27851],[128.17163,37.27795],[128.17079,37.27771],[128.17016,37.27792],[128.16969,37.27722],[128.16871,37.27679],[128.16797,37.27621],[128.16717,37.27617],[128.16631,37.27573],[128.16584,37.27568],[128.16467,37.27539],[128.16393,37.27486],[128.16391,37.27447],[128.16341,37.27392],[128.16287,37.27378],[128.16163,37.27385],[128.16026,37.27368],[128.15935,37.27386],[128.15854,37.27317],[128.1576,37.2731],[128.1571,37.27323],[128.15653,37.27301],[128.15481,37.2726],[128.1532,37.27254],[128.15246,37.27225],[128.1502,37.27256],[128.14878,37.27241],[128.14843,37.27245],[128.1472,37.2722],[128.14599,37.27212],[128.14485,37.27157],[128.14256,37.27104],[128.14094,37.27128],[128.14051,37.27119],[128.13885,37.27149],[128.13833,37.27182],[128.1368,37.2718],[128.13577,37.27213],[128.13495,37.27265],[128.13418,37.27303],[128.13269,37.27389],[128.13137,37.27448],[128.12987,37.2745],[128.12862,37.27472],[128.12741,37.27434],[128.12597,37.27495],[128.12555,37.27522],[128.12468,37.27515],[128.12384,37.27463],[128.12141,37.27222],[128.11964,37.27243],[128.11883,37.27233],[128.11806,37.27263],[128.1174,37.27264],[128.11662,37.27226],[128.11555,37.27248],[128.11516,37.27306],[128.11459,37.27349],[128.11499,37.27434],[128.11516,37.27521],[128.11545,37.27597],[128.11545,37.27651],[128.11501,37.27683],[128.11453,37.27753],[128.1142,37.2783],[128.11309,37.27828],[128.11204,37.27879],[128.11169,37.27881],[128.11105,37.27917],[128.11042,37.27924],[128.11001,37.28044],[128.10984,37.28117],[128.11013,37.28191],[128.11044,37.28243],[128.11007,37.28321],[128.10896,37.28384],[128.10888,37.28458],[128.10871,37.28513],[128.10878,37.28559],[128.10854,37.28617],[128.10866,37.28705],[128.10892,37.288],[128.10913,37.28848],[128.10786,37.28968],[128.10761,37.29029],[128.10766,37.29085],[128.10727,37.29134],[128.10716,37.29276],[128.10741,37.29361],[128.10766,37.2937],[128.10791,37.29454],[128.10829,37.29491],[128.10868,37.29564],[128.10895,37.2967],[128.10875,37.29724],[128.1088,37.29832],[128.10857,37.29878]]]},"properties":{"code":"51130","name":"원주시","bbox":[127.7441,37.14341,128.21846,37.50691],"labelPoint":[127.92175,37.32724]}},{"type":"Feature","geometry":{"type":"MultiPolygon","coordinates":[[[[129.03088,37.69399],[129.03093,37.69417],[129.0302,37.69492],[129.02979,37.69499],[129.03011,37.69442],[129.03053,37.69406],[129.03088,37.69399]]],[[[128.91277,37.81039],[128.91239,37.81038],[128.91229,37.80992],[128.91257,37.80975],[128.91317,37.80988],[128.91277,37.81039]]],[[[128.83679,37.88562],[128.83626,37.88671],[128.83608,37.88638],[128.83691,37.88471],[128.83734,37.88453],[128.83679,37.88562]]],[[[129.07488,37.60486],[129.07331,37.60596],[129.071,37.60772],[129.06862,37.60963],[129.06536,37.61242],[129.06326,37.61451],[129.06309,37.61488],[129.06322,37.6153],[129.06313,37.61567],[129.06192,37.61699],[129.06222,37.61732],[129.06013,37.61825],[129.06001,37.61842],[129.05997,37.61931],[129.06005,37.62235],[129.05999,37.62287],[129.05976,37.62286],[129.05973,37.62047],[129.05953,37.62036],[129.0588,37.62058],[129.05419,37.62137],[129.05419,37.62547],[129.05393,37.62575],[129.05601,37.62575],[129.05607,37.62592],[129.05757,37.62585],[129.05896,37.6252],[129.06164,37.62388],[129.06348,37.62302],[129.06367,37.62281],[129.0643,37.62257],[129.06441,37.62304],[129.06377,37.6233],[129.05853,37.62584],[129.05773,37.62621],[129.05515,37.62618],[129.05322,37.62621],[129.05152,37.62696],[129.05118,37.62763],[129.05031,37.6287],[129.04899,37.63044],[129.04852,37.63127],[129.0475,37.63267],[129.04701,37.63365],[129.04646,37.63443],[129.04594,37.63538],[129.04534,37.63667],[129.0452,37.63715],[129.04454,37.63857],[129.04423,37.64024],[129.04402,37.64112],[129.044,37.64183],[129.04412,37.64287],[129.04437,37.64334],[129.04476,37.64345],[129.04556,37.64428],[129.04569,37.64507],[129.04562,37.64545],[129.04569,37.64618],[129.046,37.64664],[129.04625,37.64737],[129.04662,37.64805],[129.04733,37.64888],[129.04802,37.64944],[129.04977,37.64866],[129.04982,37.64879],[129.04835,37.64949],[129.04837,37.64985],[129.04786,37.65009],[129.04833,37.65075],[129.04881,37.65087],[129.04939,37.65122],[129.04988,37.65209],[129.05219,37.65208],[129.05219,37.65029],[129.0523,37.6502],[129.05072,37.64812],[129.05038,37.648],[129.05067,37.64764],[129.05251,37.65002],[129.05263,37.65036],[129.05266,37.65279],[129.05278,37.65288],[129.05402,37.65316],[129.05426,37.65341],[129.05461,37.65444],[129.05507,37.65479],[129.05576,37.65507],[129.05569,37.65543],[129.05541,37.65552],[129.05528,37.65589],[129.05571,37.65619],[129.05574,37.65665],[129.0554,37.65698],[129.05605,37.65777],[129.0563,37.65784],[129.05698,37.65875],[129.05685,37.65921],[129.05613,37.65937],[129.05633,37.66003],[129.05628,37.66094],[129.05558,37.66105],[129.0552,37.66128],[129.0551,37.66161],[129.05554,37.6627],[129.05535,37.66362],[129.05499,37.66378],[129.05472,37.66468],[129.0534,37.66484],[129.05316,37.66546],[129.05462,37.6661],[129.05546,37.66505],[129.05581,37.66515],[129.05529,37.66562],[129.05479,37.66632],[129.05513,37.6667],[129.05505,37.66708],[129.05541,37.66738],[129.05514,37.66783],[129.0559,37.66818],[129.05626,37.66851],[129.05637,37.66905],[129.0566,37.6691],[129.05671,37.66956],[129.0564,37.66996],[129.05688,37.6704],[129.05668,37.67084],[129.05704,37.67137],[129.05695,37.67191],[129.05713,37.6721],[129.05697,37.67265],[129.05773,37.6735],[129.057,37.6734],[129.05684,37.6732],[129.05605,37.67319],[129.05515,37.67347],[129.05481,37.67409],[129.05507,37.67476],[129.0556,37.67536],[129.05556,37.67588],[129.05508,37.67643],[129.05417,37.67643],[129.05369,37.67669],[129.0537,37.67715],[129.05286,37.67748],[129.05284,37.67792],[129.05241,37.67794],[129.05214,37.67853],[129.05174,37.67862],[129.05086,37.67903],[129.05058,37.67938],[129.04958,37.68002],[129.04938,37.68061],[129.04904,37.68071],[129.04894,37.68117],[129.04796,37.6813],[129.0477,37.68147],[129.04757,37.68229],[129.04725,37.68265],[129.04636,37.68289],[129.04645,37.6832],[129.04618,37.68335],[129.04653,37.68372],[129.04581,37.68388],[129.04541,37.68408],[129.0451,37.68449],[129.04462,37.68465],[129.04483,37.6849],[129.04537,37.6849],[129.04546,37.68513],[129.04492,37.68521],[129.04437,37.68462],[129.04361,37.68463],[129.04273,37.68534],[129.0426,37.68584],[129.04394,37.68668],[129.0436,37.6868],[129.04233,37.68591],[129.04192,37.68596],[129.04147,37.68637],[129.04096,37.68627],[129.04022,37.68659],[129.03969,37.68706],[129.03907,37.68741],[129.03819,37.68805],[129.03644,37.6891],[129.0359,37.68956],[129.03543,37.69016],[129.03512,37.69072],[129.03519,37.69119],[129.03463,37.69112],[129.03405,37.69132],[129.03332,37.69183],[129.03257,37.69251],[129.0299,37.69447],[129.02919,37.69489],[129.0286,37.69539],[129.02722,37.69623],[129.02539,37.69777],[129.02405,37.69904],[129.02274,37.7],[129.02111,37.70132],[129.02056,37.70191],[129.02021,37.70199],[129.01841,37.70344],[129.0178,37.70386],[129.01651,37.70507],[129.01524,37.7065],[129.0151,37.70676],[129.01433,37.70719],[129.0138,37.70781],[129.0139,37.70799],[129.01337,37.70823],[129.01316,37.70853],[129.0131,37.70908],[129.01338,37.70969],[129.01291,37.71027],[129.01272,37.71081],[129.01289,37.71102],[129.01178,37.71173],[129.01173,37.71206],[129.0114,37.71239],[129.01133,37.71294],[129.01097,37.7135],[129.01024,37.71368],[129.01002,37.71386],[129.0092,37.71404],[129.00874,37.7144],[129.00833,37.71508],[129.00754,37.71618],[129.00661,37.71689],[129.00547,37.71792],[129.00399,37.71971],[129.00357,37.71999],[129.00318,37.72045],[129.0025,37.72053],[129.00155,37.72152],[129.00148,37.72188],[129.00116,37.72192],[128.99909,37.72325],[128.99928,37.72422],[128.99803,37.72445],[128.99764,37.72439],[128.9971,37.72464],[128.996,37.72552],[128.99582,37.72593],[128.99597,37.72648],[128.99543,37.72691],[128.995,37.72685],[128.9946,37.72737],[128.99408,37.72838],[128.9941,37.72871],[128.99392,37.72937],[128.99345,37.72912],[128.99256,37.73008],[128.99259,37.73029],[128.9919,37.73101],[128.99136,37.73185],[128.99057,37.73325],[128.99044,37.73359],[128.99064,37.73379],[128.99054,37.73463],[128.99011,37.7347],[128.98992,37.7351],[128.9909,37.73573],[128.99055,37.7358],[128.98989,37.73535],[128.989,37.73609],[128.98896,37.73677],[128.98986,37.73678],[128.99137,37.73591],[128.99113,37.73627],[128.98969,37.73706],[128.98883,37.73705],[128.98896,37.73734],[128.98905,37.73862],[128.9892,37.73929],[128.98928,37.7402],[128.988,37.73966],[128.98718,37.7399],[128.98688,37.74022],[128.98671,37.7407],[128.98743,37.74143],[128.98745,37.74161],[128.98649,37.74232],[128.98714,37.74276],[128.98814,37.74275],[128.98817,37.74297],[128.98711,37.74294],[128.98636,37.74247],[128.98551,37.74177],[128.98449,37.74213],[128.98277,37.74329],[128.9826,37.74362],[128.98318,37.74418],[128.98305,37.74457],[128.98196,37.74531],[128.98102,37.7453],[128.98048,37.74486],[128.97889,37.74599],[128.97755,37.74703],[128.97708,37.74731],[128.97573,37.74828],[128.97478,37.74947],[128.97414,37.7499],[128.97331,37.75063],[128.97127,37.75184],[128.97039,37.7523],[128.96907,37.7531],[128.9684,37.75384],[128.96671,37.75528],[128.96627,37.75571],[128.96566,37.75607],[128.96492,37.75683],[128.96463,37.75752],[128.96404,37.75756],[128.96314,37.75823],[128.9629,37.75878],[128.96251,37.75862],[128.96226,37.75896],[128.9613,37.75967],[128.96097,37.75975],[128.96013,37.76027],[128.95886,37.76151],[128.95826,37.76192],[128.95655,37.76335],[128.95623,37.76375],[128.95521,37.76461],[128.95432,37.76562],[128.95403,37.76675],[128.95402,37.76703],[128.95508,37.76704],[128.9548,37.76727],[128.95426,37.76736],[128.95164,37.76736],[128.9514,37.7679],[128.95138,37.76895],[128.95218,37.76909],[128.95269,37.76932],[128.95466,37.76926],[128.9554,37.77084],[128.95531,37.77124],[128.95494,37.77123],[128.95491,37.77084],[128.95447,37.76985],[128.95335,37.76985],[128.95162,37.77118],[128.95201,37.7715],[128.95116,37.77213],[128.95195,37.77282],[128.9545,37.77283],[128.9566,37.77117],[128.95661,37.77088],[128.95706,37.77084],[128.95714,37.77125],[128.95473,37.77317],[128.95464,37.7732],[128.9518,37.77315],[128.95119,37.7731],[128.9503,37.7722],[128.95015,37.77188],[128.94981,37.77187],[128.9491,37.77209],[128.94825,37.77258],[128.94643,37.77377],[128.94474,37.77517],[128.94343,37.77611],[128.9421,37.77723],[128.94144,37.77762],[128.93991,37.77875],[128.93917,37.77924],[128.93875,37.77967],[128.93746,37.78078],[128.93601,37.78179],[128.93437,37.78298],[128.93353,37.78376],[128.93254,37.78456],[128.93192,37.78498],[128.93067,37.786],[128.93018,37.7863],[128.92854,37.78777],[128.92759,37.78856],[128.92579,37.78986],[128.92479,37.79064],[128.92292,37.7922],[128.92212,37.79279],[128.92137,37.79354],[128.92076,37.79402],[128.9202,37.79483],[128.91978,37.79476],[128.91843,37.7961],[128.91814,37.7963],[128.91793,37.7968],[128.91837,37.797],[128.91795,37.7974],[128.91755,37.79733],[128.91712,37.79805],[128.91651,37.79814],[128.91621,37.79862],[128.91586,37.79878],[128.91433,37.79992],[128.91363,37.80061],[128.91336,37.801],[128.91249,37.80184],[128.91218,37.80229],[128.91118,37.80302],[128.91019,37.80397],[128.90884,37.80566],[128.90784,37.80642],[128.90636,37.80725],[128.90518,37.80807],[128.90283,37.80954],[128.90113,37.81093],[128.89954,37.81236],[128.89981,37.81263],[128.89856,37.81323],[128.89824,37.81357],[128.89808,37.81414],[128.89726,37.81422],[128.89661,37.81461],[128.89624,37.81503],[128.89479,37.81613],[128.89233,37.81836],[128.89172,37.81895],[128.89109,37.81925],[128.88979,37.82044],[128.88854,37.82172],[128.88736,37.82246],[128.88671,37.82317],[128.88595,37.82357],[128.88483,37.82439],[128.88434,37.82492],[128.88355,37.82547],[128.88256,37.82635],[128.88141,37.82718],[128.88021,37.82847],[128.87912,37.82951],[128.87817,37.83096],[128.87793,37.83141],[128.87788,37.83195],[128.8788,37.83219],[128.87869,37.83237],[128.87738,37.832],[128.87701,37.83238],[128.87676,37.83307],[128.87675,37.8334],[128.87709,37.83421],[128.87671,37.83431],[128.87622,37.83374],[128.87547,37.83439],[128.87562,37.83446],[128.87681,37.83441],[128.87743,37.83401],[128.87774,37.83408],[128.87692,37.83476],[128.87594,37.8347],[128.87566,37.83489],[128.87593,37.83745],[128.87724,37.83732],[128.87871,37.8361],[128.87877,37.83584],[128.87871,37.83473],[128.87953,37.83378],[128.87983,37.83391],[128.8793,37.83455],[128.8791,37.83509],[128.87915,37.83625],[128.87767,37.8375],[128.87763,37.83785],[128.87719,37.83829],[128.87707,37.83898],[128.87741,37.8395],[128.87711,37.83967],[128.87702,37.84082],[128.8765,37.84098],[128.87598,37.8413],[128.87467,37.84253],[128.87416,37.84285],[128.87316,37.84382],[128.87231,37.8444],[128.87166,37.84505],[128.87041,37.84616],[128.86899,37.84716],[128.86571,37.84979],[128.86387,37.85121],[128.86231,37.85252],[128.86059,37.85388],[128.86045,37.85411],[128.85995,37.85412],[128.85941,37.85471],[128.85794,37.85601],[128.85639,37.85727],[128.85519,37.85838],[128.85378,37.85952],[128.85134,37.8617],[128.85029,37.8627],[128.84901,37.86407],[128.84878,37.86444],[128.84869,37.86557],[128.84908,37.86624],[128.84874,37.86648],[128.84834,37.86737],[128.84861,37.8675],[128.84926,37.86741],[128.84945,37.86725],[128.85013,37.86599],[128.85042,37.86599],[128.84973,37.86743],[128.84938,37.86772],[128.84888,37.86778],[128.84849,37.86825],[128.84826,37.86887],[128.84732,37.86862],[128.84667,37.8687],[128.8457,37.86916],[128.84515,37.8695],[128.84466,37.86997],[128.84439,37.87057],[128.84394,37.87054],[128.84328,37.87082],[128.84248,37.87145],[128.8404,37.87344],[128.83891,37.87471],[128.83686,37.87667],[128.83598,37.87766],[128.83446,37.87925],[128.83411,37.87976],[128.83373,37.87999],[128.83296,37.88104],[128.83296,37.88125],[128.83236,37.88162],[128.83208,37.88198],[128.83189,37.88267],[128.83164,37.88313],[128.83334,37.88409],[128.83346,37.88432],[128.83136,37.88311],[128.83074,37.88354],[128.83016,37.88436],[128.83012,37.88478],[128.83064,37.88573],[128.83128,37.88582],[128.83151,37.88597],[128.83196,37.88693],[128.83178,37.88698],[128.83134,37.88605],[128.83028,37.88588],[128.83036,37.8879],[128.82899,37.88794],[128.8289,37.88819],[128.82901,37.88909],[128.82946,37.8891],[128.82957,37.89155],[128.83078,37.89152],[128.83078,37.89202],[128.82951,37.89271],[128.83001,37.89318],[128.82985,37.8933],[128.83043,37.89379],[128.83166,37.8944],[128.83237,37.89455],[128.83301,37.89448],[128.83323,37.89352],[128.83265,37.89285],[128.83266,37.89234],[128.83237,37.89147],[128.83241,37.89068],[128.83307,37.8876],[128.83396,37.88598],[128.83489,37.88571],[128.83496,37.88603],[128.83425,37.88625],[128.83338,37.88761],[128.83318,37.88831],[128.83273,37.89054],[128.83266,37.89149],[128.83305,37.8926],[128.83365,37.89322],[128.83393,37.89385],[128.83445,37.89555],[128.83433,37.8959],[128.83403,37.89613],[128.83399,37.8967],[128.83415,37.89692],[128.83477,37.89719],[128.83477,37.89776],[128.83414,37.89887],[128.8342,37.89933],[128.83445,37.89954],[128.83434,37.89984],[128.83378,37.9002],[128.83375,37.9006],[128.83263,37.90046],[128.83243,37.90081],[128.83212,37.90067],[128.83159,37.90086],[128.83134,37.90129],[128.8317,37.90164],[128.83136,37.90183],[128.83021,37.90207],[128.82985,37.90238],[128.82939,37.90336],[128.82946,37.90368],[128.83048,37.90375],[128.83045,37.90395],[128.82966,37.90391],[128.82957,37.90456],[128.83049,37.90493],[128.83075,37.90456],[128.83179,37.90378],[128.83202,37.90389],[128.83118,37.9045],[128.83113,37.9048],[128.83074,37.90518],[128.83002,37.90612],[128.82957,37.90615],[128.82902,37.90649],[128.82877,37.90712],[128.82844,37.90724],[128.82799,37.90688],[128.82633,37.90724],[128.82506,37.90724],[128.82424,37.90765],[128.82401,37.90786],[128.8228,37.90863],[128.82193,37.90939],[128.82122,37.90991],[128.82024,37.91092],[128.81934,37.91153],[128.81837,37.91231],[128.81727,37.91287],[128.81627,37.91328],[128.81576,37.91357],[128.81401,37.91475],[128.81257,37.91561],[128.8108,37.91682],[128.81,37.91753],[128.80867,37.91698],[128.80818,37.91664],[128.80756,37.91647],[128.80692,37.91585],[128.80648,37.91565],[128.806,37.91569],[128.80575,37.91552],[128.80521,37.91463],[128.80437,37.91383],[128.80435,37.91366],[128.80343,37.91301],[128.80262,37.91294],[128.80079,37.91314],[128.79951,37.91299],[128.7984,37.91269],[128.79723,37.91302],[128.7965,37.91283],[128.79644,37.91239],[128.79603,37.91214],[128.79484,37.91244],[128.79425,37.9124],[128.79348,37.91221],[128.79215,37.9127],[128.79127,37.91267],[128.79045,37.91296],[128.7897,37.91333],[128.7883,37.91302],[128.78667,37.91328],[128.78631,37.91339],[128.78541,37.9142],[128.78499,37.91448],[128.78401,37.91455],[128.7837,37.9147],[128.78301,37.91469],[128.7828,37.91426],[128.78247,37.91412],[128.78188,37.91413],[128.78107,37.91355],[128.77978,37.91328],[128.77884,37.91344],[128.77832,37.91341],[128.77794,37.91315],[128.77791,37.91279],[128.77764,37.91233],[128.77679,37.91125],[128.77682,37.9108],[128.7766,37.91062],[128.77554,37.91012],[128.77385,37.91026],[128.77314,37.91106],[128.77144,37.91081],[128.77035,37.90975],[128.77008,37.91002],[128.769,37.91063],[128.76771,37.9105],[128.76709,37.9106],[128.76633,37.9102],[128.76581,37.91024],[128.76485,37.90995],[128.76458,37.91023],[128.76392,37.91033],[128.76343,37.91023],[128.76242,37.90982],[128.76135,37.91009],[128.76017,37.9101],[128.75959,37.91024],[128.75938,37.91046],[128.75824,37.91075],[128.7573,37.91148],[128.75735,37.91179],[128.75695,37.91232],[128.7562,37.9125],[128.75556,37.91255],[128.7537,37.91225],[128.75264,37.91169],[128.75219,37.91075],[128.75129,37.91049],[128.75039,37.91013],[128.74973,37.91001],[128.74934,37.90978],[128.74861,37.90954],[128.74738,37.90977],[128.7466,37.9092],[128.74628,37.90829],[128.74646,37.90738],[128.74601,37.90685],[128.74605,37.90615],[128.74561,37.9056],[128.74507,37.90518],[128.74466,37.90421],[128.7438,37.9039],[128.74335,37.90388],[128.74221,37.90405],[128.74188,37.90381],[128.74094,37.90345],[128.73973,37.90353],[128.73888,37.90378],[128.73638,37.90341],[128.73564,37.90281],[128.73543,37.90254],[128.73545,37.90179],[128.73504,37.90114],[128.73463,37.90105],[128.73241,37.89988],[128.73157,37.90025],[128.7291,37.90101],[128.72778,37.90182],[128.72705,37.90267],[128.72517,37.90257],[128.72452,37.90231],[128.72372,37.90219],[128.72331,37.90189],[128.7192,37.90279],[128.71857,37.90339],[128.71759,37.90261],[128.71753,37.90214],[128.71567,37.90154],[128.71511,37.90113],[128.71405,37.90012],[128.71326,37.89968],[128.71337,37.89875],[128.71146,37.89813],[128.7106,37.89805],[128.70881,37.89729],[128.7075,37.89797],[128.70448,37.89787],[128.70402,37.89817],[128.70217,37.89841],[128.70029,37.89766],[128.69942,37.8972],[128.69811,37.89677],[128.69658,37.89602],[128.69613,37.89605],[128.69551,37.89566],[128.69441,37.89534],[128.69349,37.89419],[128.69124,37.89291],[128.6898,37.89282],[128.68913,37.89251],[128.68829,37.89257],[128.68773,37.8924],[128.68664,37.89246],[128.68579,37.89203],[128.68561,37.89176],[128.68416,37.89055],[128.68296,37.89005],[128.68283,37.88991],[128.68166,37.89033],[128.68135,37.89018],[128.68077,37.89015],[128.68013,37.88998],[128.67973,37.89011],[128.67867,37.89026],[128.67705,37.88972],[128.67634,37.88982],[128.67528,37.88895],[128.67402,37.88835],[128.67208,37.88759],[128.67133,37.88647],[128.66982,37.88623],[128.66959,37.8859],[128.66918,37.88582],[128.66788,37.88581],[128.66708,37.88573],[128.6667,37.88588],[128.66671,37.88671],[128.66619,37.8874],[128.66608,37.8881],[128.66524,37.88918],[128.66483,37.8905],[128.66419,37.89078],[128.65976,37.89177],[128.65774,37.89175],[128.65651,37.89162],[128.6563,37.89144],[128.65389,37.89078],[128.65274,37.89081],[128.65216,37.89089],[128.65086,37.89064],[128.64938,37.89081],[128.64777,37.89093],[128.64749,37.89144],[128.6468,37.89198],[128.64604,37.89232],[128.64513,37.89297],[128.64538,37.89366],[128.64341,37.89433],[128.64294,37.89489],[128.642,37.89438],[128.64111,37.89349],[128.64034,37.89291],[128.63942,37.89238],[128.63903,37.892],[128.63743,37.892],[128.63731,37.89175],[128.63883,37.89179],[128.63797,37.89082],[128.63715,37.89019],[128.63684,37.88975],[128.6357,37.88914],[128.63508,37.88835],[128.63504,37.88797],[128.6348,37.88762],[128.6333,37.88722],[128.6321,37.8865],[128.63121,37.88633],[128.63062,37.88567],[128.62976,37.88563],[128.62848,37.88499],[128.62808,37.88446],[128.62768,37.88414],[128.62677,37.88252],[128.62559,37.88239],[128.62436,37.88165],[128.62396,37.88082],[128.62356,37.88052],[128.62501,37.87913],[128.62465,37.87879],[128.62355,37.87844],[128.6232,37.87806],[128.6235,37.87758],[128.6237,37.87575],[128.62351,37.87496],[128.62264,37.87463],[128.62198,37.87422],[128.62151,37.87422],[128.62127,37.87322],[128.62077,37.87235],[128.61908,37.87177],[128.61835,37.87192],[128.61763,37.8719],[128.61713,37.87206],[128.61552,37.87201],[128.61421,37.87141],[128.61331,37.87159],[128.6118,37.8711],[128.61029,37.87144],[128.60963,37.87106],[128.60773,37.8706],[128.60698,37.87035],[128.60574,37.87038],[128.60518,37.87091],[128.6041,37.87079],[128.60343,37.87085],[128.60205,37.87066],[128.60118,37.87071],[128.60035,37.86985],[128.5998,37.86913],[128.59964,37.86839],[128.59897,37.8678],[128.59847,37.86689],[128.5977,37.86596],[128.59565,37.86614],[128.59486,37.86612],[128.59413,37.86578],[128.59197,37.8656],[128.5916,37.86542],[128.59083,37.8643],[128.58979,37.8632],[128.58818,37.86202],[128.58802,37.86203],[128.58879,37.861],[128.58878,37.85992],[128.58861,37.85855],[128.58827,37.85754],[128.58826,37.85673],[128.58739,37.8557],[128.58756,37.8549],[128.58714,37.85404],[128.58739,37.85308],[128.58737,37.8522],[128.58725,37.852],[128.58639,37.85141],[128.58577,37.85065],[128.58554,37.84984],[128.58508,37.84923],[128.58493,37.84815],[128.58568,37.84702],[128.58611,37.84623],[128.5858,37.84575],[128.58606,37.84514],[128.58519,37.84434],[128.58455,37.84321],[128.58339,37.84263],[128.58303,37.84207],[128.58353,37.84083],[128.58324,37.84032],[128.58256,37.83872],[128.58186,37.83838],[128.58161,37.83773],[128.582,37.83618],[128.58157,37.83537],[128.58187,37.83449],[128.58181,37.83405],[128.58194,37.83302],[128.5823,37.83242],[128.58182,37.83194],[128.58125,37.83098],[128.58066,37.82876],[128.58036,37.82798],[128.58061,37.82702],[128.58048,37.82615],[128.58112,37.82537],[128.58139,37.8247],[128.58158,37.82334],[128.58177,37.8228],[128.58274,37.82139],[128.58413,37.82016],[128.58484,37.81917],[128.5855,37.81854],[128.58767,37.81762],[128.5896,37.81672],[128.59192,37.81604],[128.5944,37.81384],[128.5956,37.81252],[128.597,37.81157],[128.59795,37.81003],[128.5989,37.80927],[128.59996,37.80882],[128.59927,37.80631],[128.59863,37.80574],[128.59815,37.80438],[128.59837,37.80351],[128.59881,37.80304],[128.59974,37.80289],[128.60061,37.80235],[128.60094,37.80174],[128.60095,37.80054],[128.60068,37.79957],[128.60125,37.7979],[128.60095,37.79643],[128.60089,37.79545],[128.60159,37.79377],[128.60112,37.79279],[128.60047,37.79213],[128.59979,37.79161],[128.59998,37.79048],[128.60028,37.78961],[128.59999,37.78872],[128.60064,37.78806],[128.60103,37.78717],[128.60111,37.78334],[128.6013,37.78241],[128.60141,37.78133],[128.60085,37.78104],[128.60099,37.78011],[128.6,37.77934],[128.59911,37.77726],[128.59879,37.7745],[128.60021,37.77188],[128.60103,37.77067],[128.60167,37.76993],[128.60244,37.76935],[128.60394,37.76917],[128.60563,37.7686],[128.60669,37.76837],[128.60758,37.76787],[128.608,37.767],[128.60928,37.76632],[128.6104,37.76621],[128.61056,37.76686],[128.61075,37.76721],[128.61175,37.76768],[128.613,37.76954],[128.61403,37.77054],[128.6147,37.77058],[128.6152,37.76985],[128.61612,37.76937],[128.61811,37.76973],[128.6196,37.76928],[128.62261,37.77045],[128.62363,37.76959],[128.62562,37.77055],[128.62706,37.77274],[128.62749,37.7729],[128.62959,37.77256],[128.63047,37.77295],[128.6307,37.77381],[128.63144,37.77436],[128.63178,37.77654],[128.63314,37.77835],[128.63324,37.7794],[128.63386,37.78027],[128.63496,37.78128],[128.63642,37.78176],[128.63669,37.78226],[128.63734,37.78246],[128.63898,37.78244],[128.63898,37.78202],[128.63947,37.78021],[128.64092,37.77909],[128.64237,37.77864],[128.64309,37.77732],[128.64333,37.77719],[128.64506,37.77711],[128.64769,37.77621],[128.64982,37.77458],[128.65039,37.77379],[128.65142,37.77378],[128.65286,37.77308],[128.65309,37.77268],[128.65378,37.77271],[128.6557,37.77143],[128.65748,37.7713],[128.65844,37.77199],[128.65981,37.77116],[128.66063,37.77052],[128.66296,37.77034],[128.66578,37.7703],[128.66606,37.77026],[128.66738,37.76979],[128.66926,37.76832],[128.66985,37.76751],[128.67085,37.76688],[128.67135,37.76785],[128.67244,37.76855],[128.67362,37.76948],[128.67363,37.76985],[128.67513,37.77043],[128.67618,37.77104],[128.67697,37.77095],[128.67722,37.77127],[128.67852,37.77197],[128.67875,37.77247],[128.67926,37.7729],[128.67984,37.77303],[128.68199,37.77252],[128.68268,37.77287],[128.68399,37.77269],[128.68485,37.77305],[128.68722,37.77234],[128.68822,37.771],[128.68956,37.77083],[128.69097,37.76972],[128.69304,37.77019],[128.69458,37.77024],[128.69528,37.77035],[128.69597,37.77082],[128.69676,37.76984],[128.6973,37.77003],[128.69837,37.77133],[128.70025,37.77054],[128.70323,37.76994],[128.70327,37.76893],[128.70407,37.76838],[128.70611,37.76878],[128.7089,37.76805],[128.71002,37.7668],[128.71061,37.76651],[128.71153,37.76505],[128.71053,37.76473],[128.7101,37.76373],[128.71209,37.76314],[128.71358,37.76253],[128.71359,37.76169],[128.71517,37.76043],[128.71517,37.75995],[128.71596,37.75894],[128.71758,37.75752],[128.71806,37.75607],[128.7187,37.75614],[128.72023,37.75596],[128.72077,37.7556],[128.72138,37.75565],[128.72236,37.75513],[128.72337,37.75389],[128.72278,37.75311],[128.72332,37.75246],[128.72313,37.75132],[128.72415,37.75038],[128.72491,37.75004],[128.72536,37.7495],[128.72787,37.74862],[128.7303,37.74795],[128.73188,37.7477],[128.73374,37.7463],[128.73411,37.74571],[128.73586,37.74506],[128.73596,37.7443],[128.73807,37.74251],[128.73966,37.74163],[128.74177,37.74203],[128.7438,37.74143],[128.74425,37.73914],[128.74417,37.73563],[128.74478,37.73405],[128.745,37.73176],[128.74486,37.73116],[128.74401,37.73003],[128.74403,37.72879],[128.74465,37.72779],[128.74567,37.72677],[128.74479,37.72489],[128.74455,37.72344],[128.74524,37.72232],[128.74794,37.72028],[128.74848,37.71995],[128.74691,37.71835],[128.74746,37.71542],[128.74798,37.71447],[128.74783,37.7141],[128.74889,37.71296],[128.75051,37.71224],[128.75215,37.71142],[128.75318,37.71071],[128.75338,37.7086],[128.75494,37.70755],[128.75399,37.70684],[128.75393,37.7054],[128.75509,37.70409],[128.75525,37.70367],[128.75468,37.70213],[128.75439,37.70086],[128.75456,37.69965],[128.75497,37.69883],[128.7556,37.69777],[128.75723,37.69476],[128.75776,37.69437],[128.75828,37.69448],[128.75858,37.69417],[128.75878,37.69334],[128.75913,37.69266],[128.75873,37.69191],[128.75864,37.69139],[128.75931,37.6897],[128.75928,37.6882],[128.75917,37.68788],[128.75943,37.68627],[128.761,37.68639],[128.76119,37.6859],[128.76112,37.68492],[128.76076,37.68399],[128.76071,37.68284],[128.762,37.68171],[128.76395,37.6807],[128.76351,37.68003],[128.7633,37.67895],[128.7634,37.67793],[128.76418,37.6767],[128.76427,37.67603],[128.76476,37.67454],[128.76475,37.67395],[128.76511,37.67352],[128.76503,37.67292],[128.76442,37.67258],[128.76238,37.6724],[128.76178,37.67183],[128.76062,37.67128],[128.75925,37.6714],[128.7584,37.67139],[128.75707,37.67084],[128.75613,37.67033],[128.75527,37.67037],[128.75302,37.66979],[128.75247,37.66978],[128.75206,37.66856],[128.75186,37.66821],[128.75189,37.66758],[128.7506,37.66687],[128.74984,37.66684],[128.74949,37.66658],[128.74786,37.66644],[128.74727,37.66649],[128.74576,37.66503],[128.74614,37.66455],[128.74598,37.66362],[128.74479,37.66291],[128.74466,37.66172],[128.74413,37.66135],[128.74365,37.66029],[128.74378,37.65947],[128.74367,37.65883],[128.74273,37.65845],[128.74141,37.65758],[128.7393,37.65748],[128.73737,37.65676],[128.73668,37.65664],[128.73587,37.65625],[128.73475,37.65544],[128.73424,37.65516],[128.73347,37.6549],[128.73347,37.65454],[128.73294,37.65348],[128.73312,37.65278],[128.73292,37.65201],[128.73177,37.64978],[128.7323,37.64893],[128.73377,37.64684],[128.73226,37.64531],[128.7313,37.64355],[128.73106,37.64331],[128.73063,37.64195],[128.73064,37.64034],[128.73027,37.63993],[128.72959,37.63955],[128.72898,37.6387],[128.72863,37.63793],[128.7287,37.6368],[128.72923,37.63632],[128.73007,37.63449],[128.73172,37.63406],[128.7324,37.63318],[128.73293,37.63281],[128.73343,37.63201],[128.73393,37.63139],[128.73455,37.63093],[128.7346,37.63062],[128.73524,37.62998],[128.73539,37.6295],[128.73583,37.6287],[128.73602,37.62768],[128.73589,37.62754],[128.73565,37.62653],[128.73619,37.6263],[128.7363,37.62574],[128.73608,37.62478],[128.7361,37.6238],[128.73622,37.62315],[128.73601,37.62265],[128.73606,37.62046],[128.73595,37.61976],[128.73642,37.61928],[128.7365,37.61863],[128.7362,37.61804],[128.73632,37.61754],[128.73682,37.61677],[128.73678,37.61539],[128.737,37.61492],[128.7371,37.61402],[128.73655,37.61354],[128.73624,37.61282],[128.73627,37.6126],[128.73592,37.61222],[128.73642,37.6115],[128.73635,37.61113],[128.73666,37.61023],[128.73656,37.60975],[128.73597,37.60957],[128.73552,37.60909],[128.73397,37.60906],[128.73324,37.6092],[128.73224,37.60927],[128.7305,37.60952],[128.72906,37.60994],[128.72834,37.61008],[128.72735,37.60996],[128.72644,37.61035],[128.72542,37.61042],[128.72449,37.61037],[128.7242,37.61069],[128.7234,37.61125],[128.72302,37.61132],[128.72233,37.61033],[128.7214,37.60963],[128.72021,37.60886],[128.71953,37.60778],[128.71906,37.60745],[128.71838,37.6068],[128.71736,37.60555],[128.71665,37.60427],[128.71666,37.60229],[128.71675,37.60094],[128.71663,37.59958],[128.71672,37.59885],[128.71643,37.59723],[128.71628,37.59548],[128.71635,37.59507],[128.71635,37.59338],[128.7154,37.59286],[128.7143,37.59242],[128.71312,37.59185],[128.71207,37.59087],[128.71194,37.58975],[128.71207,37.58864],[128.7113,37.58861],[128.71058,37.58843],[128.70833,37.58863],[128.707,37.58892],[128.70537,37.5894],[128.70443,37.58977],[128.70344,37.59],[128.70316,37.59067],[128.70278,37.59112],[128.70187,37.59183],[128.70056,37.59244],[128.69991,37.59298],[128.69892,37.59352],[128.69855,37.59342],[128.69733,37.59263],[128.69694,37.59259],[128.69533,37.59211],[128.6943,37.59242],[128.69318,37.5925],[128.69267,37.59219],[128.69197,37.59204],[128.69035,37.59239],[128.68952,37.59276],[128.68923,37.5928],[128.68795,37.59269],[128.68711,37.59301],[128.68632,37.59313],[128.68491,37.59371],[128.68396,37.59385],[128.68372,37.59222],[128.68406,37.59198],[128.68427,37.59114],[128.68407,37.59004],[128.6836,37.58865],[128.68335,37.58842],[128.68345,37.58793],[128.68315,37.58688],[128.68306,37.58614],[128.68281,37.58552],[128.6829,37.58491],[128.68274,37.58453],[128.68265,37.58343],[128.68242,37.58271],[128.68268,37.58201],[128.68199,37.58115],[128.68172,37.58054],[128.68153,37.57976],[128.68155,37.57823],[128.6818,37.5775],[128.68161,37.57725],[128.68142,37.5766],[128.68179,37.57627],[128.68163,37.57535],[128.68136,37.57479],[128.68144,37.57383],[128.6807,37.57338],[128.68032,37.57229],[128.68036,37.57188],[128.67967,37.57084],[128.67918,37.57044],[128.67896,37.56986],[128.67918,37.56903],[128.67888,37.56706],[128.67957,37.56617],[128.68186,37.56496],[128.68265,37.56417],[128.68358,37.56341],[128.68374,37.56278],[128.68417,37.5618],[128.68391,37.5597],[128.68365,37.55933],[128.68339,37.55867],[128.6835,37.55715],[128.68469,37.5562],[128.68503,37.55599],[128.68592,37.55576],[128.68595,37.55555],[128.68639,37.55496],[128.68671,37.55487],[128.68776,37.55432],[128.68823,37.55332],[128.68855,37.55285],[128.68905,37.55255],[128.68946,37.55112],[128.6895,37.55055],[128.68977,37.5493],[128.69136,37.54738],[128.69173,37.54608],[128.69192,37.54577],[128.69262,37.54401],[128.69269,37.54312],[128.69334,37.54292],[128.69357,37.54264],[128.69405,37.54125],[128.6948,37.541],[128.696,37.54029],[128.69673,37.53889],[128.69768,37.53778],[128.69833,37.53731],[128.69901,37.53665],[128.69978,37.53654],[128.70001,37.53629],[128.70084,37.53606],[128.70165,37.53537],[128.70243,37.53524],[128.7036,37.53525],[128.70425,37.53506],[128.70485,37.53415],[128.70589,37.53294],[128.70683,37.53246],[128.7071,37.53219],[128.70891,37.53181],[128.71007,37.53152],[128.71071,37.53159],[128.71184,37.53153],[128.7128,37.53161],[128.71413,37.53161],[128.71523,37.53122],[128.71618,37.53118],[128.71716,37.53101],[128.71878,37.52994],[128.71978,37.52871],[128.72086,37.52918],[128.72237,37.53133],[128.72271,37.533],[128.72249,37.53414],[128.72289,37.53489],[128.72382,37.53544],[128.72437,37.53594],[128.72726,37.53784],[128.72773,37.53896],[128.72898,37.54009],[128.7303,37.54193],[128.73149,37.54259],[128.73169,37.54305],[128.73241,37.54389],[128.73312,37.54408],[128.73354,37.54431],[128.73408,37.54438],[128.73494,37.54472],[128.73502,37.54491],[128.7356,37.54519],[128.73568,37.54547],[128.73606,37.54575],[128.7362,37.54627],[128.7367,37.54671],[128.73708,37.5473],[128.73765,37.54751],[128.73923,37.54767],[128.73973,37.54741],[128.7409,37.54657],[128.74237,37.54589],[128.74315,37.54586],[128.74451,37.54617],[128.74521,37.54685],[128.74598,37.54702],[128.74669,37.54676],[128.74783,37.54656],[128.74869,37.5469],[128.74979,37.54659],[128.7513,37.54567],[128.75179,37.54555],[128.75196,37.54525],[128.75314,37.54501],[128.75348,37.54506],[128.75431,37.54469],[128.7559,37.54416],[128.75654,37.54421],[128.75666,37.54379],[128.75733,37.54312],[128.75828,37.54269],[128.75892,37.54226],[128.75995,37.54186],[128.76079,37.54187],[128.76201,37.5415],[128.76241,37.54182],[128.76341,37.54208],[128.76463,37.54277],[128.76543,37.54297],[128.76584,37.54323],[128.76703,37.54363],[128.76824,37.54322],[128.76964,37.54325],[128.77201,37.54294],[128.77319,37.54301],[128.77414,37.54277],[128.77736,37.54417],[128.78,37.54377],[128.78093,37.54349],[128.78319,37.54239],[128.78437,37.54173],[128.78507,37.54144],[128.7855,37.54092],[128.78615,37.54088],[128.78702,37.54099],[128.78781,37.5401],[128.78823,37.53989],[128.78908,37.53995],[128.78983,37.53969],[128.79082,37.53922],[128.79166,37.53843],[128.7921,37.53824],[128.79221,37.53791],[128.79296,37.53717],[128.79274,37.53644],[128.79199,37.5353],[128.79205,37.53413],[128.79203,37.53276],[128.79239,37.53219],[128.79266,37.53207],[128.79333,37.53126],[128.7937,37.52978],[128.79422,37.52982],[128.79533,37.5296],[128.79607,37.52963],[128.797,37.52896],[128.79724,37.52867],[128.79721,37.52832],[128.79749,37.52771],[128.79813,37.52747],[128.79775,37.52697],[128.79714,37.52667],[128.7976,37.52587],[128.7975,37.52526],[128.79745,37.52352],[128.79723,37.52284],[128.79757,37.52187],[128.79824,37.52121],[128.79805,37.52053],[128.79814,37.52017],[128.79784,37.51967],[128.79779,37.5187],[128.79762,37.51845],[128.79921,37.51734],[128.79955,37.51674],[128.80259,37.51515],[128.80555,37.51384],[128.80652,37.5137],[128.80735,37.51342],[128.80801,37.51306],[128.80802,37.51214],[128.80858,37.51159],[128.81023,37.51082],[128.81049,37.51033],[128.81086,37.51001],[128.81169,37.50993],[128.81195,37.50966],[128.81225,37.50882],[128.81201,37.50834],[128.81216,37.50799],[128.81287,37.50748],[128.81366,37.50714],[128.81435,37.50658],[128.8145,37.50632],[128.81415,37.50555],[128.81431,37.50528],[128.81375,37.5033],[128.81439,37.50348],[128.81463,37.50377],[128.81516,37.50377],[128.81582,37.50409],[128.81663,37.50432],[128.81696,37.50431],[128.8176,37.5051],[128.818,37.50542],[128.81907,37.5059],[128.81927,37.50619],[128.82078,37.50713],[128.82288,37.50786],[128.82469,37.50834],[128.8261,37.50854],[128.82826,37.50922],[128.82906,37.50965],[128.83049,37.51009],[128.8314,37.511],[128.83157,37.5117],[128.83245,37.51238],[128.83291,37.51243],[128.83309,37.51277],[128.83396,37.51314],[128.83581,37.51285],[128.8365,37.51249],[128.83818,37.51211],[128.83873,37.51193],[128.83942,37.51203],[128.84042,37.51203],[128.84101,37.51252],[128.84203,37.51322],[128.84245,37.51285],[128.84311,37.51257],[128.84582,37.51384],[128.84705,37.51466],[128.84817,37.51493],[128.84879,37.51544],[128.84897,37.51575],[128.84849,37.51644],[128.8485,37.51711],[128.84886,37.51749],[128.84957,37.51854],[128.84997,37.51925],[128.85005,37.51997],[128.84946,37.52066],[128.84815,37.52144],[128.84838,37.5218],[128.84943,37.52223],[128.84954,37.52238],[128.85093,37.52299],[128.8513,37.52322],[128.8517,37.523],[128.85257,37.52318],[128.85266,37.52342],[128.85311,37.52349],[128.85333,37.52399],[128.85376,37.52421],[128.85426,37.5242],[128.85453,37.52491],[128.85451,37.52543],[128.85471,37.5256],[128.85475,37.52624],[128.85397,37.5267],[128.85355,37.52765],[128.85375,37.52805],[128.85359,37.5293],[128.85367,37.52989],[128.85451,37.53085],[128.85523,37.53191],[128.8553,37.53225],[128.85577,37.53271],[128.85589,37.53301],[128.85565,37.53336],[128.85565,37.53376],[128.85538,37.53394],[128.85539,37.53471],[128.85525,37.5351],[128.85524,37.53624],[128.85551,37.53729],[128.85593,37.53747],[128.85672,37.53725],[128.85689,37.53787],[128.85751,37.53808],[128.85795,37.53902],[128.85856,37.5391],[128.85898,37.53973],[128.85914,37.54053],[128.85958,37.54093],[128.85937,37.54127],[128.85934,37.54177],[128.85993,37.54242],[128.85974,37.543],[128.8598,37.54358],[128.86011,37.54398],[128.85966,37.54458],[128.85987,37.5451],[128.85952,37.54551],[128.85916,37.54571],[128.85909,37.54667],[128.85928,37.54704],[128.85916,37.54778],[128.86005,37.54813],[128.86089,37.54902],[128.86078,37.54931],[128.86097,37.54983],[128.86157,37.55083],[128.86145,37.55151],[128.86173,37.55178],[128.86186,37.55225],[128.86176,37.5528],[128.86198,37.55307],[128.86203,37.55363],[128.86161,37.55425],[128.86177,37.55447],[128.85989,37.5553],[128.85918,37.5559],[128.85942,37.55706],[128.85931,37.55812],[128.85942,37.5594],[128.85914,37.5594],[128.85913,37.56024],[128.8589,37.56066],[128.85879,37.56122],[128.86127,37.563],[128.86127,37.56378],[128.86212,37.56421],[128.86255,37.56465],[128.8627,37.56507],[128.86271,37.56598],[128.86257,37.56845],[128.86195,37.57046],[128.86257,37.57168],[128.86315,37.57368],[128.86379,37.57522],[128.8647,37.57592],[128.86588,37.57643],[128.86603,37.57728],[128.86663,37.57834],[128.86722,37.5787],[128.86754,37.57912],[128.86856,37.57907],[128.86875,37.57949],[128.86938,37.58011],[128.86996,37.5811],[128.8702,37.58198],[128.86994,37.58233],[128.87046,37.58316],[128.87093,37.58452],[128.8717,37.5846],[128.87184,37.58487],[128.87143,37.58583],[128.872,37.58634],[128.87227,37.58723],[128.87309,37.58808],[128.87354,37.58967],[128.87606,37.58931],[128.87684,37.58899],[128.87771,37.58849],[128.87934,37.59013],[128.88059,37.59055],[128.88186,37.59115],[128.88249,37.59244],[128.88393,37.59272],[128.88448,37.59292],[128.88555,37.59289],[128.88879,37.59223],[128.88937,37.59152],[128.88986,37.59007],[128.89025,37.58855],[128.89116,37.5883],[128.89263,37.58841],[128.89445,37.58775],[128.89531,37.58676],[128.89594,37.58647],[128.89776,37.58669],[128.89752,37.58502],[128.89869,37.584],[128.89821,37.58181],[128.89955,37.5807],[128.89934,37.57925],[128.89975,37.57795],[128.90043,37.57485],[128.90123,37.57399],[128.90102,37.57189],[128.90139,37.5715],[128.9034,37.57139],[128.90407,37.57144],[128.90477,37.57037],[128.90521,37.56844],[128.90573,37.5671],[128.90446,37.56578],[128.90417,37.56356],[128.90482,37.56333],[128.90487,37.56299],[128.90545,37.56139],[128.9049,37.55985],[128.90521,37.55782],[128.90447,37.55547],[128.90503,37.5547],[128.90529,37.55348],[128.90574,37.55262],[128.90765,37.5526],[128.90832,37.55286],[128.90867,37.55276],[128.91032,37.55292],[128.91151,37.55298],[128.91292,37.55285],[128.91372,37.55215],[128.91446,37.55193],[128.91484,37.5512],[128.91455,37.55027],[128.91506,37.54927],[128.91622,37.54801],[128.9171,37.5483],[128.91751,37.54883],[128.91907,37.5485],[128.91979,37.54767],[128.92148,37.54743],[128.92203,37.54726],[128.92298,37.54728],[128.92395,37.54706],[128.92476,37.54724],[128.92549,37.54664],[128.92549,37.54611],[128.92575,37.54595],[128.92635,37.54505],[128.92635,37.54464],[128.9271,37.5443],[128.92806,37.54309],[128.9295,37.5427],[128.9297,37.5425],[128.93085,37.54278],[128.93141,37.54231],[128.93143,37.54188],[128.93197,37.54105],[128.93179,37.53967],[128.93198,37.53938],[128.93276,37.53885],[128.93372,37.53889],[128.93438,37.53814],[128.93529,37.53829],[128.93726,37.53777],[128.93797,37.53807],[128.9389,37.538],[128.93922,37.53811],[128.94046,37.53814],[128.941,37.53856],[128.94165,37.53854],[128.94282,37.53922],[128.94284,37.53956],[128.94394,37.54069],[128.94444,37.54078],[128.94463,37.54096],[128.94563,37.54122],[128.94593,37.54084],[128.94925,37.53967],[128.95017,37.53993],[128.95062,37.54062],[128.95126,37.54092],[128.95173,37.54091],[128.95309,37.54138],[128.95341,37.54154],[128.95422,37.54139],[128.95513,37.54144],[128.95707,37.54302],[128.95724,37.54322],[128.95686,37.54382],[128.95761,37.54424],[128.95781,37.54458],[128.95839,37.54457],[128.95914,37.54551],[128.95973,37.54602],[128.95982,37.54719],[128.95954,37.5484],[128.96123,37.54875],[128.96177,37.54775],[128.96207,37.54598],[128.96278,37.54316],[128.96504,37.54194],[128.96643,37.54031],[128.96831,37.53962],[128.96829,37.53857],[128.96977,37.53694],[128.97,37.53677],[128.97119,37.53684],[128.97216,37.53635],[128.97217,37.53526],[128.97338,37.53374],[128.97391,37.53391],[128.9749,37.53399],[128.97582,37.53425],[128.97641,37.53425],[128.97766,37.5339],[128.97879,37.53372],[128.97966,37.53324],[128.98069,37.53308],[128.98136,37.53317],[128.98262,37.53363],[128.98371,37.53369],[128.98441,37.53366],[128.98568,37.53411],[128.98674,37.53412],[128.98764,37.53387],[128.988,37.53428],[128.98834,37.53547],[128.98867,37.53559],[128.98909,37.53603],[128.98905,37.53653],[128.98959,37.53684],[128.9899,37.53729],[128.99037,37.53768],[128.99106,37.53842],[128.99129,37.53888],[128.99195,37.53914],[128.99262,37.53968],[128.99459,37.54109],[128.99558,37.54164],[128.99701,37.542],[128.99767,37.54253],[128.99856,37.54281],[128.99994,37.54276],[129.00061,37.54283],[129.00172,37.54273],[129.00265,37.54282],[129.00341,37.54166],[129.00445,37.54169],[129.00498,37.5418],[129.00701,37.54125],[129.00834,37.54116],[129.00954,37.54044],[129.01009,37.54028],[129.01056,37.53986],[129.01164,37.53975],[129.01243,37.53948],[129.01299,37.53948],[129.01339,37.5393],[129.0146,37.5394],[129.01495,37.53959],[129.01597,37.53976],[129.01738,37.53853],[129.01856,37.53828],[129.01976,37.53863],[129.02052,37.53922],[129.02116,37.53946],[129.02165,37.53997],[129.02224,37.54037],[129.02221,37.54075],[129.02315,37.54166],[129.02341,37.5422],[129.02384,37.54249],[129.02438,37.54302],[129.02502,37.54393],[129.02528,37.54441],[129.0254,37.54492],[129.02577,37.54543],[129.02689,37.54599],[129.02779,37.54603],[129.02844,37.54656],[129.03053,37.54705],[129.03117,37.54728],[129.03183,37.54735],[129.03303,37.54761],[129.03343,37.54738],[129.03398,37.54727],[129.03573,37.5478],[129.03625,37.54808],[129.03762,37.54917],[129.03803,37.54971],[129.03866,37.54975],[129.03912,37.54955],[129.03921,37.54886],[129.04032,37.5473],[129.04091,37.5471],[129.04128,37.54712],[129.04228,37.54741],[129.04279,37.54735],[129.04399,37.54665],[129.04451,37.54615],[129.04591,37.54626],[129.0471,37.54666],[129.04707,37.547],[129.04779,37.54767],[129.04784,37.54805],[129.04747,37.54849],[129.04763,37.54935],[129.04744,37.54978],[129.04784,37.55029],[129.04858,37.55157],[129.04891,37.55195],[129.04957,37.5524],[129.04984,37.55271],[129.0503,37.55393],[129.04985,37.55423],[129.04964,37.55454],[129.04945,37.55524],[129.04892,37.55593],[129.04837,37.55717],[129.04821,37.55794],[129.0483,37.55872],[129.0489,37.55994],[129.04862,37.56057],[129.04873,37.56125],[129.04897,37.56148],[129.04884,37.562],[129.04909,37.56255],[129.04919,37.56312],[129.04881,37.56372],[129.04879,37.56474],[129.04992,37.56573],[129.05059,37.5671],[129.05065,37.56832],[129.05045,37.56874],[129.05041,37.56964],[129.05139,37.57083],[129.05109,37.57162],[129.05135,37.57259],[129.05174,37.57357],[129.05185,37.5744],[129.0516,37.57456],[129.05117,37.57535],[129.05103,37.5764],[129.05218,37.57749],[129.0522,37.57781],[129.05289,37.57838],[129.05316,37.57871],[129.05387,37.57889],[129.05426,37.5797],[129.05452,37.57982],[129.05512,37.58099],[129.05599,37.58125],[129.05669,37.58235],[129.05639,37.58351],[129.05702,37.58613],[129.05732,37.58669],[129.05792,37.58755],[129.05852,37.58808],[129.05957,37.58848],[129.05953,37.58905],[129.05964,37.58989],[129.05954,37.59026],[129.0589,37.59102],[129.05867,37.59162],[129.05805,37.59243],[129.05754,37.59292],[129.05705,37.59356],[129.05616,37.59379],[129.05572,37.59377],[129.05558,37.59435],[129.05501,37.5947],[129.05519,37.59516],[129.05518,37.59568],[129.05547,37.59596],[129.05567,37.59711],[129.0565,37.59712],[129.05724,37.59695],[129.05882,37.59734],[129.05973,37.59747],[129.06033,37.59781],[129.06102,37.59789],[129.06131,37.59809],[129.06259,37.59784],[129.06331,37.59783],[129.06411,37.59837],[129.06518,37.59867],[129.06589,37.59861],[129.06643,37.59875],[129.06758,37.59888],[129.06835,37.5988],[129.06874,37.5989],[129.06992,37.59987],[129.07029,37.60037],[129.07054,37.60093],[129.07144,37.60185],[129.07172,37.60232],[129.07314,37.60384],[129.07383,37.60406],[129.07488,37.60486]],[[128.98192,37.74383],[128.98163,37.74397],[128.98098,37.74454],[128.98124,37.74497],[128.98186,37.74499],[128.98266,37.74442],[128.98256,37.74411],[128.98192,37.74383]]]]},"properties":{"code":"51150","name":"강릉시","bbox":[128.58036,37.5033,129.07488,37.91753],"labelPoint":[128.85176,37.71911]}},{"type":"Feature","geometry":{"type":"MultiPolygon","coordinates":[[[[129.15152,37.48783],[129.15172,37.48804],[129.1515,37.4884],[129.15105,37.48839],[129.15152,37.48783]]],[[[129.16078,37.47584],[129.16005,37.47654],[129.15968,37.47728],[129.15971,37.47813],[129.16034,37.47857],[129.16042,37.4793],[129.1595,37.47935],[129.15861,37.4795],[129.1583,37.4802],[129.15805,37.48108],[129.1576,37.48121],[129.1576,37.48164],[129.15663,37.4826],[129.15709,37.48326],[129.15793,37.48391],[129.15916,37.48442],[129.15966,37.4848],[129.16082,37.4864],[129.16146,37.48704],[129.16224,37.48764],[129.1645,37.48913],[129.16518,37.48987],[129.16544,37.49056],[129.16547,37.4911],[129.16529,37.49181],[129.16499,37.4923],[129.16458,37.49273],[129.16296,37.49423],[129.15915,37.49787],[129.15846,37.49844],[129.15763,37.49923],[129.15739,37.49962],[129.15711,37.49939],[129.15817,37.49837],[129.1583,37.49834],[129.16452,37.49244],[129.16497,37.49188],[129.16519,37.49124],[129.16508,37.49026],[129.16472,37.48966],[129.16425,37.48923],[129.16188,37.48764],[129.16073,37.48668],[129.16007,37.48583],[129.15968,37.48519],[129.15928,37.48475],[129.15747,37.48391],[129.1566,37.48313],[129.15625,37.48315],[129.15583,37.48346],[129.15598,37.48363],[129.15536,37.48385],[129.154,37.48526],[129.15265,37.48653],[129.15094,37.48806],[129.14971,37.4893],[129.14801,37.49092],[129.14774,37.49109],[129.1471,37.49177],[129.14733,37.49193],[129.1465,37.49328],[129.14599,37.49305],[129.14675,37.49178],[129.1464,37.49165],[129.14565,37.49284],[129.14536,37.49284],[129.14594,37.49192],[129.14625,37.4916],[129.14576,37.49132],[129.14496,37.49106],[129.14418,37.49136],[129.14365,37.49137],[129.14318,37.49169],[129.14271,37.49173],[129.14249,37.49206],[129.14134,37.49288],[129.14248,37.49352],[129.14384,37.49418],[129.14433,37.49528],[129.14458,37.49623],[129.14493,37.49663],[129.14466,37.4969],[129.14425,37.49633],[129.14378,37.49483],[129.14361,37.49444],[129.14195,37.49504],[129.13936,37.49376],[129.12677,37.48762],[129.12441,37.49069],[129.13471,37.4957],[129.13618,37.49642],[129.13458,37.4985],[129.13766,37.49998],[129.13777,37.50024],[129.13741,37.50064],[129.1353,37.49956],[129.13367,37.49882],[129.13316,37.49939],[129.13352,37.49977],[129.1332,37.50018],[129.13254,37.49985],[129.13122,37.5014],[129.13505,37.50349],[129.13489,37.50369],[129.13559,37.50407],[129.14549,37.49881],[129.14901,37.49756],[129.14945,37.49725],[129.14977,37.49763],[129.14568,37.49905],[129.14172,37.50118],[129.14165,37.50132],[129.13916,37.50262],[129.13608,37.50428],[129.13525,37.50476],[129.13412,37.50605],[129.13148,37.50916],[129.1299,37.51096],[129.12847,37.51264],[129.12806,37.51308],[129.1282,37.51342],[129.12795,37.51377],[129.12734,37.51389],[129.12728,37.51459],[129.12626,37.51493],[129.12603,37.5153],[129.12603,37.51563],[129.12642,37.51613],[129.12577,37.5165],[129.12585,37.51673],[129.12519,37.51725],[129.12464,37.51707],[129.12433,37.51716],[129.12395,37.5176],[129.12336,37.51854],[129.12305,37.51885],[129.12241,37.52032],[129.12219,37.52108],[129.1222,37.52169],[129.1227,37.52259],[129.12307,37.52283],[129.12305,37.52312],[129.12348,37.52348],[129.12423,37.52385],[129.1242,37.5241],[129.12475,37.5247],[129.12493,37.5253],[129.12448,37.52545],[129.1246,37.5257],[129.1255,37.52524],[129.12556,37.52469],[129.12599,37.52492],[129.12584,37.52527],[129.12495,37.5258],[129.1246,37.5259],[129.12414,37.52577],[129.12376,37.52635],[129.12379,37.5267],[129.12414,37.5269],[129.12384,37.52716],[129.12415,37.52739],[129.12406,37.52774],[129.12358,37.5275],[129.12315,37.52745],[129.12245,37.5276],[129.12208,37.52794],[129.12245,37.52821],[129.12238,37.52859],[129.12194,37.52845],[129.12189,37.52888],[129.12159,37.52901],[129.12135,37.52941],[129.12083,37.52937],[129.12018,37.53015],[129.12013,37.53094],[129.11967,37.53093],[129.11958,37.53116],[129.11892,37.53164],[129.11881,37.53197],[129.11808,37.53228],[129.11766,37.53273],[129.11717,37.53305],[129.11637,37.53425],[129.11636,37.5348],[129.11574,37.53515],[129.11505,37.53568],[129.11497,37.53632],[129.11547,37.5363],[129.11548,37.53695],[129.11563,37.53735],[129.11564,37.54009],[129.11623,37.54012],[129.11637,37.54049],[129.11378,37.5405],[129.11379,37.54296],[129.11526,37.54298],[129.11526,37.54339],[129.11411,37.54339],[129.11378,37.54372],[129.11245,37.54442],[129.11242,37.5474],[129.11198,37.54739],[129.11186,37.54853],[129.11234,37.5482],[129.11396,37.54776],[129.11421,37.54837],[129.11259,37.5488],[129.11252,37.54863],[129.11183,37.54887],[129.11388,37.55166],[129.11672,37.5518],[129.11708,37.5517],[129.11622,37.55024],[129.11653,37.54952],[129.117,37.54895],[129.11722,37.54514],[129.11747,37.54515],[129.11766,37.54437],[129.11768,37.54372],[129.11797,37.54303],[129.1183,37.54257],[129.11862,37.54186],[129.11893,37.54153],[129.11998,37.53973],[129.12006,37.53928],[129.12037,37.53914],[129.1207,37.53934],[129.12063,37.53965],[129.1202,37.54023],[129.11949,37.54152],[129.11903,37.54216],[129.11812,37.54369],[129.11792,37.54563],[129.11788,37.54691],[129.11792,37.54783],[129.1178,37.54837],[129.11778,37.54952],[129.11816,37.55024],[129.11854,37.55078],[129.11853,37.55099],[129.11901,37.55183],[129.11909,37.55221],[129.12034,37.55379],[129.12036,37.5542],[129.12135,37.55574],[129.12118,37.55604],[129.1217,37.55748],[129.12176,37.55821],[129.12147,37.55845],[129.12098,37.55847],[129.12048,37.55895],[129.12033,37.55962],[129.12044,37.56012],[129.12134,37.56043],[129.12117,37.56078],[129.12055,37.56072],[129.12019,37.56131],[129.11997,37.56138],[129.11998,37.56238],[129.12033,37.56246],[129.12046,37.56213],[129.12088,37.56169],[129.12246,37.56035],[129.1227,37.56056],[129.12179,37.56123],[129.12153,37.56158],[129.12089,37.56205],[129.1203,37.56289],[129.11994,37.56307],[129.11958,37.56377],[129.11948,37.5643],[129.11969,37.56481],[129.12015,37.56547],[129.12017,37.56637],[129.11941,37.56711],[129.11929,37.56749],[129.11868,37.56766],[129.11846,37.56801],[129.11712,37.56929],[129.11714,37.56988],[129.11677,37.57001],[129.11635,37.57103],[129.11661,37.5716],[129.11682,37.57298],[129.11706,37.57397],[129.11707,37.57535],[129.11677,37.57599],[129.1169,37.57631],[129.11625,37.57701],[129.11591,37.57766],[129.11582,37.57822],[129.11527,37.57891],[129.11502,37.57895],[129.11415,37.57969],[129.11414,37.58025],[129.11367,37.58099],[129.11364,37.58131],[129.11392,37.58158],[129.11335,37.58171],[129.11335,37.58095],[129.11384,37.58035],[129.11366,37.58006],[129.11299,37.58048],[129.11254,37.58087],[129.11292,37.58125],[129.11266,37.58143],[129.11225,37.58105],[129.11144,37.58158],[129.11209,37.58219],[129.11307,37.58249],[129.11382,37.58246],[129.11445,37.58198],[129.11494,37.58178],[129.11509,37.58199],[129.11407,37.58262],[129.11265,37.58271],[129.11187,37.58242],[129.11118,37.58169],[129.11077,37.58139],[129.10986,37.58172],[129.10937,37.58199],[129.108,37.58302],[129.10684,37.58378],[129.10567,37.58462],[129.10461,37.58551],[129.10409,37.58585],[129.10312,37.58633],[129.1017,37.58735],[129.10019,37.5886],[129.09837,37.58946],[129.09665,37.59051],[129.09442,37.59196],[129.0934,37.59265],[129.09125,37.59404],[129.08816,37.59619],[129.08677,37.59702],[129.08436,37.59834],[129.08358,37.59889],[129.08138,37.60023],[129.0799,37.60132],[129.07698,37.6033],[129.07625,37.60391],[129.07488,37.60486],[129.07383,37.60406],[129.07314,37.60384],[129.07172,37.60232],[129.07144,37.60185],[129.07054,37.60093],[129.07029,37.60037],[129.06992,37.59987],[129.06874,37.5989],[129.06835,37.5988],[129.06758,37.59888],[129.06643,37.59875],[129.06589,37.59861],[129.06518,37.59867],[129.06411,37.59837],[129.06331,37.59783],[129.06259,37.59784],[129.06131,37.59809],[129.06102,37.59789],[129.06033,37.59781],[129.05973,37.59747],[129.05882,37.59734],[129.05724,37.59695],[129.0565,37.59712],[129.05567,37.59711],[129.05547,37.59596],[129.05518,37.59568],[129.05519,37.59516],[129.05501,37.5947],[129.05558,37.59435],[129.05572,37.59377],[129.05616,37.59379],[129.05705,37.59356],[129.05754,37.59292],[129.05805,37.59243],[129.05867,37.59162],[129.0589,37.59102],[129.05954,37.59026],[129.05964,37.58989],[129.05953,37.58905],[129.05957,37.58848],[129.05852,37.58808],[129.05792,37.58755],[129.05732,37.58669],[129.05702,37.58613],[129.05639,37.58351],[129.05669,37.58235],[129.05599,37.58125],[129.05512,37.58099],[129.05452,37.57982],[129.05426,37.5797],[129.05387,37.57889],[129.05316,37.57871],[129.05289,37.57838],[129.0522,37.57781],[129.05218,37.57749],[129.05103,37.5764],[129.05117,37.57535],[129.0516,37.57456],[129.05185,37.5744],[129.05174,37.57357],[129.05135,37.57259],[129.05109,37.57162],[129.05139,37.57083],[129.05041,37.56964],[129.05045,37.56874],[129.05065,37.56832],[129.05059,37.5671],[129.04992,37.56573],[129.04879,37.56474],[129.04881,37.56372],[129.04919,37.56312],[129.04909,37.56255],[129.04884,37.562],[129.04897,37.56148],[129.04873,37.56125],[129.04862,37.56057],[129.0489,37.55994],[129.0483,37.55872],[129.04821,37.55794],[129.04837,37.55717],[129.04892,37.55593],[129.04945,37.55524],[129.04964,37.55454],[129.04985,37.55423],[129.0503,37.55393],[129.04984,37.55271],[129.04957,37.5524],[129.04891,37.55195],[129.04858,37.55157],[129.04784,37.55029],[129.04744,37.54978],[129.04763,37.54935],[129.04747,37.54849],[129.04784,37.54805],[129.04779,37.54767],[129.04707,37.547],[129.0471,37.54666],[129.04591,37.54626],[129.04451,37.54615],[129.04399,37.54665],[129.04279,37.54735],[129.04228,37.54741],[129.04128,37.54712],[129.04091,37.5471],[129.04032,37.5473],[129.03921,37.54886],[129.03912,37.54955],[129.03866,37.54975],[129.03803,37.54971],[129.03762,37.54917],[129.03625,37.54808],[129.03573,37.5478],[129.03398,37.54727],[129.03343,37.54738],[129.03303,37.54761],[129.03183,37.54735],[129.03117,37.54728],[129.03053,37.54705],[129.02844,37.54656],[129.02779,37.54603],[129.02689,37.54599],[129.02577,37.54543],[129.0254,37.54492],[129.02528,37.54441],[129.02502,37.54393],[129.02438,37.54302],[129.02384,37.54249],[129.02341,37.5422],[129.02315,37.54166],[129.02221,37.54075],[129.02224,37.54037],[129.02165,37.53997],[129.02116,37.53946],[129.02052,37.53922],[129.01976,37.53863],[129.01856,37.53828],[129.01738,37.53853],[129.01597,37.53976],[129.01495,37.53959],[129.0146,37.5394],[129.01339,37.5393],[129.01299,37.53948],[129.01243,37.53948],[129.01164,37.53975],[129.01056,37.53986],[129.01009,37.54028],[129.00954,37.54044],[129.00834,37.54116],[129.00701,37.54125],[129.00498,37.5418],[129.00445,37.54169],[129.00341,37.54166],[129.00265,37.54282],[129.00172,37.54273],[129.00061,37.54283],[128.99994,37.54276],[128.99856,37.54281],[128.99767,37.54253],[128.99701,37.542],[128.99558,37.54164],[128.99459,37.54109],[128.99262,37.53968],[128.99195,37.53914],[128.99129,37.53888],[128.99106,37.53842],[128.99037,37.53768],[128.9899,37.53729],[128.98959,37.53684],[128.98905,37.53653],[128.98909,37.53603],[128.98867,37.53559],[128.98834,37.53547],[128.988,37.53428],[128.98764,37.53387],[128.98674,37.53412],[128.98568,37.53411],[128.98441,37.53366],[128.98371,37.53369],[128.98262,37.53363],[128.98136,37.53317],[128.98069,37.53308],[128.97966,37.53324],[128.97879,37.53372],[128.97766,37.5339],[128.97641,37.53425],[128.97582,37.53425],[128.9749,37.53399],[128.97391,37.53391],[128.97338,37.53374],[128.9725,37.53303],[128.97195,37.53232],[128.97122,37.53218],[128.96984,37.53104],[128.9692,37.53038],[128.96873,37.53023],[128.96887,37.52969],[128.96863,37.52826],[128.96789,37.52776],[128.96821,37.52719],[128.96772,37.52644],[128.96729,37.52598],[128.96823,37.5242],[128.96846,37.5227],[128.9682,37.52219],[128.96776,37.52057],[128.96707,37.51937],[128.96583,37.51846],[128.9643,37.51763],[128.96387,37.51716],[128.96339,37.51489],[128.96242,37.51443],[128.96232,37.51369],[128.96132,37.51321],[128.96098,37.51258],[128.96134,37.51174],[128.96185,37.50952],[128.96288,37.50852],[128.96297,37.50817],[128.96418,37.50769],[128.96467,37.50646],[128.96491,37.50614],[128.96514,37.50541],[128.96585,37.50516],[128.96649,37.50527],[128.96668,37.50543],[128.96817,37.50585],[128.96911,37.50563],[128.9698,37.50563],[128.97076,37.50603],[128.97187,37.50564],[128.97252,37.50572],[128.97326,37.50457],[128.97439,37.50344],[128.97468,37.50273],[128.97383,37.50181],[128.97351,37.50046],[128.97346,37.50002],[128.97193,37.49822],[128.9714,37.49793],[128.97115,37.49667],[128.97002,37.49473],[128.97014,37.49402],[128.97096,37.49266],[128.97179,37.49202],[128.97251,37.49164],[128.97307,37.49183],[128.97346,37.49226],[128.9745,37.49248],[128.97555,37.4931],[128.97626,37.49293],[128.97866,37.49346],[128.97914,37.49402],[128.97968,37.49431],[128.98046,37.49361],[128.98076,37.49372],[128.98172,37.49357],[128.9825,37.49317],[128.98314,37.49336],[128.98362,37.49305],[128.98456,37.49357],[128.98532,37.49307],[128.98596,37.49299],[128.98679,37.49312],[128.98653,37.49253],[128.98685,37.49123],[128.98828,37.49003],[128.98886,37.48792],[128.98864,37.48749],[128.9888,37.4868],[128.98923,37.48676],[128.98909,37.48571],[128.98966,37.48451],[128.98957,37.48377],[128.98919,37.4834],[128.9885,37.48334],[128.98762,37.48363],[128.98618,37.4837],[128.9857,37.48277],[128.98643,37.48142],[128.9881,37.47932],[128.9874,37.47801],[128.98671,37.4773],[128.98627,37.47638],[128.98698,37.47562],[128.98757,37.47533],[128.987,37.47438],[128.98595,37.47318],[128.98593,37.47299],[128.98636,37.47246],[128.98501,37.47154],[128.98471,37.47041],[128.98367,37.47015],[128.98332,37.46993],[128.98187,37.46961],[128.98083,37.4693],[128.97923,37.46901],[128.97737,37.46862],[128.97575,37.46735],[128.97465,37.46574],[128.97419,37.46538],[128.97393,37.4648],[128.97378,37.46339],[128.97197,37.46325],[128.97126,37.46325],[128.97116,37.46292],[128.97033,37.46161],[128.96936,37.46112],[128.96898,37.46076],[128.96724,37.46039],[128.9662,37.46032],[128.96539,37.46042],[128.96416,37.45917],[128.96425,37.45777],[128.96454,37.45756],[128.96434,37.45475],[128.96314,37.45353],[128.96233,37.45258],[128.96,37.45111],[128.96,37.45019],[128.95899,37.44886],[128.95871,37.44819],[128.95762,37.44664],[128.95815,37.44601],[128.95815,37.44533],[128.95856,37.44425],[128.95906,37.4439],[128.96107,37.44324],[128.9621,37.44266],[128.96253,37.44232],[128.96375,37.44186],[128.96534,37.4418],[128.96656,37.44075],[128.96866,37.44008],[128.97093,37.43847],[128.97148,37.43791],[128.97275,37.43613],[128.97253,37.43453],[128.97331,37.43434],[128.97438,37.43388],[128.97524,37.43324],[128.97589,37.43302],[128.97754,37.433],[128.97913,37.43405],[128.9799,37.4338],[128.98101,37.43416],[128.98157,37.43399],[128.98341,37.4339],[128.98463,37.43393],[128.98635,37.43345],[128.98704,37.43292],[128.98827,37.43227],[128.98887,37.43224],[128.9915,37.43188],[128.99278,37.43116],[128.99318,37.43059],[128.99518,37.4307],[128.99762,37.43039],[128.99879,37.42972],[128.99942,37.42987],[129.00225,37.42865],[129.00281,37.4276],[129.00355,37.42746],[129.00444,37.4268],[129.00559,37.42731],[129.00598,37.42797],[129.00687,37.4291],[129.00722,37.4301],[129.00787,37.43111],[129.00782,37.43134],[129.00803,37.43237],[129.00837,37.43321],[129.00839,37.43384],[129.00879,37.43456],[129.00962,37.43495],[129.01013,37.43559],[129.0102,37.43593],[129.01173,37.43698],[129.01278,37.43717],[129.01481,37.43863],[129.01647,37.43919],[129.01737,37.43973],[129.01823,37.4401],[129.0196,37.44061],[129.02091,37.44103],[129.02332,37.44226],[129.02505,37.4432],[129.02611,37.44421],[129.02629,37.44465],[129.02685,37.4454],[129.02765,37.44571],[129.02923,37.44699],[129.03047,37.44697],[129.03214,37.44747],[129.03308,37.44823],[129.03396,37.44862],[129.03556,37.44953],[129.03554,37.45021],[129.03564,37.45109],[129.0363,37.45227],[129.03815,37.45327],[129.03914,37.45358],[129.04017,37.45368],[129.04117,37.45406],[129.04312,37.45508],[129.04354,37.45565],[129.04486,37.45577],[129.04561,37.45608],[129.04675,37.45616],[129.0482,37.45695],[129.04958,37.45664],[129.05063,37.45604],[129.05147,37.45633],[129.05178,37.45659],[129.05241,37.45657],[129.05292,37.45683],[129.05383,37.45701],[129.05447,37.45801],[129.05435,37.45858],[129.05522,37.45894],[129.0562,37.45859],[129.05706,37.45876],[129.05765,37.45876],[129.05847,37.45892],[129.059,37.45891],[129.05932,37.45926],[129.06084,37.45956],[129.06215,37.45957],[129.06459,37.45993],[129.06521,37.46029],[129.06565,37.46038],[129.06599,37.46004],[129.06703,37.45922],[129.06793,37.4587],[129.06843,37.45851],[129.06922,37.45856],[129.06984,37.45835],[129.07078,37.45842],[129.07148,37.45797],[129.07167,37.4575],[129.07237,37.45725],[129.07298,37.45683],[129.07329,37.45676],[129.07406,37.45628],[129.0746,37.45636],[129.07521,37.45661],[129.07641,37.45642],[129.07765,37.45657],[129.07938,37.45759],[129.08032,37.45807],[129.08179,37.45855],[129.08232,37.45958],[129.08286,37.45993],[129.0833,37.46042],[129.08462,37.46035],[129.08543,37.46023],[129.08604,37.46107],[129.08701,37.46073],[129.08808,37.46053],[129.08843,37.46062],[129.08875,37.46116],[129.09051,37.46173],[129.0914,37.46195],[129.09212,37.46226],[129.09297,37.46214],[129.09394,37.46235],[129.09497,37.46278],[129.09554,37.46332],[129.09585,37.46343],[129.09722,37.46303],[129.09778,37.46277],[129.09833,37.46273],[129.09868,37.46211],[129.09883,37.46149],[129.09867,37.46063],[129.10004,37.46013],[129.1003,37.4598],[129.10126,37.45959],[129.10196,37.45954],[129.10217,37.45885],[129.10253,37.45853],[129.10352,37.45899],[129.10397,37.4584],[129.10457,37.45823],[129.10484,37.45734],[129.10555,37.45748],[129.1058,37.45741],[129.10623,37.45681],[129.10676,37.45666],[129.10689,37.45622],[129.1074,37.4558],[129.10817,37.45571],[129.10911,37.456],[129.10935,37.45623],[129.10963,37.45686],[129.11028,37.45701],[129.11127,37.45699],[129.11193,37.45688],[129.1125,37.4571],[129.11326,37.45756],[129.11332,37.45782],[129.11391,37.45841],[129.11402,37.45881],[129.11436,37.45922],[129.11439,37.4595],[129.1151,37.46004],[129.11574,37.46034],[129.11616,37.46066],[129.11727,37.46036],[129.11789,37.46051],[129.11852,37.46021],[129.11929,37.46011],[129.11982,37.45979],[129.12013,37.45936],[129.12082,37.45907],[129.12123,37.45876],[129.1213,37.45849],[129.122,37.45812],[129.12202,37.45774],[129.12317,37.45698],[129.12373,37.45729],[129.12465,37.45686],[129.12505,37.45678],[129.12561,37.45717],[129.12657,37.45694],[129.12791,37.45681],[129.12861,37.45627],[129.12864,37.45555],[129.12882,37.4553],[129.13045,37.45603],[129.13036,37.45524],[129.13071,37.45468],[129.13136,37.45419],[129.13235,37.45402],[129.13309,37.45314],[129.1334,37.45319],[129.13401,37.45355],[129.13478,37.45318],[129.13521,37.45362],[129.13515,37.4543],[129.13575,37.45515],[129.13582,37.4557],[129.13545,37.45641],[129.13552,37.45659],[129.13638,37.45695],[129.13695,37.45781],[129.13728,37.45802],[129.13759,37.45889],[129.13763,37.45934],[129.13819,37.4601],[129.1382,37.46067],[129.13793,37.46159],[129.13819,37.46284],[129.13899,37.46393],[129.13915,37.46448],[129.13941,37.46477],[129.13996,37.46505],[129.14041,37.46505],[129.1407,37.46526],[129.1412,37.4662],[129.14176,37.4665],[129.1447,37.4664],[129.14576,37.46603],[129.14687,37.46593],[129.14721,37.46574],[129.14743,37.46533],[129.148,37.46506],[129.14879,37.46513],[129.14912,37.46492],[129.14936,37.46553],[129.15044,37.46559],[129.15095,37.46596],[129.151,37.46706],[129.15179,37.46835],[129.15258,37.46946],[129.15295,37.4697],[129.15385,37.47082],[129.15394,37.47119],[129.15352,37.47134],[129.15473,37.47235],[129.155,37.47278],[129.1548,37.47324],[129.15488,37.47364],[129.15517,37.47419],[129.156,37.47429],[129.15654,37.47477],[129.15689,37.47479],[129.15821,37.47636],[129.15873,37.47586],[129.16007,37.47574],[129.16078,37.47584]]]]},"properties":{"code":"51170","name":"동해시","bbox":[128.95762,37.4268,129.16547,37.60486],"labelPoint":[129.05657,37.50436]}},{"type":"Feature","geometry":{"type":"Polygon","coordinates":[[[129.09566,37.10031],[129.09448,37.10249],[129.0946,37.10368],[129.09359,37.10523],[129.09372,37.10554],[129.09069,37.10897],[129.09033,37.11015],[129.09004,37.11049],[129.09003,37.11084],[129.08864,37.11327],[129.08799,37.11365],[129.08791,37.11421],[129.08815,37.11492],[129.08947,37.11743],[129.08991,37.11754],[129.09101,37.1181],[129.09196,37.11947],[129.0918,37.11992],[129.09105,37.12025],[129.0904,37.12093],[129.09037,37.12179],[129.09013,37.12284],[129.08906,37.12357],[129.08931,37.12437],[129.09008,37.12521],[129.09062,37.12642],[129.09098,37.12759],[129.09072,37.12963],[129.09154,37.13041],[129.09193,37.13059],[129.0928,37.1314],[129.09356,37.13422],[129.09358,37.13527],[129.09414,37.13627],[129.09485,37.13692],[129.09505,37.13776],[129.09537,37.13843],[129.09424,37.13935],[129.0938,37.14036],[129.09345,37.14216],[129.09238,37.14228],[129.09114,37.1432],[129.0887,37.14394],[129.08898,37.14456],[129.08953,37.14514],[129.08895,37.1461],[129.08886,37.14665],[129.08841,37.1477],[129.08899,37.14858],[129.08919,37.14915],[129.08915,37.15036],[129.08891,37.15083],[129.08892,37.15165],[129.0879,37.15244],[129.08875,37.1545],[129.08914,37.15476],[129.08846,37.15578],[129.08881,37.15652],[129.08857,37.15821],[129.08726,37.15888],[129.08696,37.15954],[129.08662,37.15969],[129.08619,37.1595],[129.08574,37.15955],[129.08496,37.16002],[129.08475,37.16035],[129.0826,37.1603],[129.08194,37.15987],[129.07956,37.15984],[129.07614,37.1602],[129.07548,37.15989],[129.07406,37.15972],[129.07192,37.16019],[129.07295,37.16107],[129.07407,37.16185],[129.07425,37.16349],[129.07466,37.16473],[129.07453,37.16596],[129.07427,37.16658],[129.07375,37.16721],[129.07371,37.16776],[129.0728,37.1684],[129.07282,37.16907],[129.07229,37.16965],[129.07183,37.16992],[129.06864,37.16962],[129.06817,37.16949],[129.06746,37.16957],[129.06658,37.17013],[129.06599,37.17013],[129.06539,37.17033],[129.06494,37.17028],[129.06449,37.17061],[129.06376,37.17063],[129.06228,37.17079],[129.06163,37.17111],[129.06021,37.1707],[129.05945,37.1709],[129.0591,37.17089],[129.05841,37.17131],[129.05789,37.171],[129.05755,37.17106],[129.05486,37.17065],[129.05395,37.17068],[129.05333,37.1703],[129.05229,37.17031],[129.05198,37.17006],[129.05128,37.16994],[129.05065,37.17031],[129.05023,37.17072],[129.04956,37.1712],[129.04937,37.17168],[129.04858,37.17247],[129.04819,37.17267],[129.04776,37.17264],[129.04671,37.17215],[129.04506,37.17171],[129.04364,37.17254],[129.0425,37.1729],[129.04165,37.17351],[129.04164,37.17382],[129.04039,37.17474],[129.03846,37.17465],[129.03686,37.17572],[129.03655,37.17589],[129.03592,37.17575],[129.03557,37.17544],[129.03451,37.1755],[129.03414,37.17509],[129.03277,37.17576],[129.03195,37.17512],[129.03103,37.17485],[129.0304,37.17452],[129.02896,37.1746],[129.02846,37.17478],[129.02722,37.17498],[129.02667,37.17615],[129.026,37.17651],[129.02596,37.17719],[129.0257,37.17751],[129.02517,37.17783],[129.02433,37.17796],[129.02314,37.1788],[129.02196,37.17875],[129.0216,37.1793],[129.02125,37.17962],[129.01995,37.18021],[129.01927,37.18029],[129.0185,37.1805],[129.01655,37.18142],[129.01629,37.18248],[129.01544,37.18447],[129.01331,37.18491],[129.01227,37.18548],[129.01134,37.18653],[129.0108,37.18841],[129.01012,37.18912],[129.01026,37.18977],[129.00998,37.19032],[129.00923,37.19091],[129.00896,37.19152],[129.00855,37.19305],[129.00827,37.19375],[129.00775,37.19429],[129.00703,37.19459],[129.00814,37.19559],[129.00804,37.19661],[129.00901,37.19851],[129.00749,37.19925],[129.00718,37.2005],[129.00713,37.20097],[129.00651,37.20094],[129.0059,37.20054],[129.00514,37.20132],[129.00429,37.20118],[129.00298,37.20173],[129.00214,37.20249],[129.00075,37.20282],[129.00132,37.20331],[129.00117,37.20467],[129.00134,37.20591],[129.00009,37.20713],[128.99956,37.20751],[128.99876,37.20781],[128.99974,37.20846],[129.00017,37.20892],[128.99992,37.2094],[129.00027,37.21074],[128.9999,37.21191],[128.99999,37.2128],[129.00039,37.2135],[129.00034,37.21388],[129.00118,37.21503],[129.00098,37.21631],[128.99998,37.21792],[129.00128,37.21842],[129.0023,37.21909],[129.00373,37.21967],[129.00482,37.21969],[129.00592,37.21997],[129.00641,37.22029],[129.0077,37.22042],[129.0087,37.22085],[129.01049,37.22082],[129.00998,37.22182],[129.00913,37.22243],[129.00846,37.22309],[129.00821,37.22369],[129.0082,37.22408],[129.0076,37.22415],[129.00752,37.22431],[129.00664,37.22461],[129.00597,37.22514],[129.00587,37.22543],[129.00473,37.22628],[129.00446,37.22677],[129.00455,37.22709],[129.00603,37.22762],[129.00654,37.22749],[129.00732,37.22798],[129.0081,37.22913],[129.00763,37.23002],[129.00667,37.23058],[129.00545,37.23075],[129.00553,37.23131],[129.00737,37.23251],[129.00792,37.23264],[129.00743,37.23351],[129.00674,37.23374],[129.00586,37.23424],[129.00556,37.23466],[129.00499,37.23511],[129.00425,37.23527],[129.0021,37.2351],[129.00163,37.23515],[129.00137,37.23563],[129.00067,37.23575],[128.99912,37.23531],[128.99771,37.23455],[128.99698,37.2345],[128.99645,37.23525],[128.99616,37.23537],[128.99568,37.23524],[128.99395,37.23533],[128.99319,37.23526],[128.99275,37.23574],[128.99217,37.23698],[128.99219,37.23868],[128.99203,37.23898],[128.99104,37.2396],[128.99078,37.24048],[128.98997,37.24079],[128.98995,37.24128],[128.99065,37.24263],[128.99287,37.24416],[128.99395,37.24462],[128.99545,37.24462],[128.99677,37.24337],[128.99851,37.24316],[128.99972,37.24356],[129.00001,37.24419],[129.00177,37.24466],[129.00131,37.24507],[129.00077,37.24576],[129.00109,37.24623],[129.00053,37.24713],[129.00164,37.24839],[129.00249,37.24906],[129.00155,37.2495],[129.00162,37.25056],[129.00311,37.25097],[129.00452,37.25073],[129.00603,37.25072],[129.0065,37.25059],[129.00706,37.25093],[129.00722,37.25201],[129.00747,37.25226],[129.00764,37.25314],[129.00798,37.25351],[129.00775,37.25443],[129.00746,37.25506],[129.00704,37.25537],[129.00729,37.25596],[129.00792,37.25599],[129.00819,37.2567],[129.00874,37.25662],[129.00897,37.25595],[129.01008,37.25509],[129.01045,37.25548],[129.01048,37.25679],[129.01029,37.25843],[129.00993,37.25956],[129.00832,37.26076],[129.00809,37.26115],[129.00659,37.26262],[129.00608,37.26332],[129.00511,37.26374],[129.0056,37.26425],[129.00597,37.26525],[129.00649,37.26684],[129.00708,37.26722],[129.00745,37.26865],[129.00799,37.26939],[129.00795,37.27041],[129.00888,37.27019],[129.01026,37.26996],[129.01088,37.2704],[129.01105,37.27063],[129.0112,37.27169],[129.01217,37.27255],[129.01268,37.27273],[129.01347,37.27347],[129.01513,37.27418],[129.01495,37.27468],[129.01438,37.27486],[129.01407,37.27521],[129.01345,37.27653],[129.01325,37.27734],[129.01327,37.27781],[129.01416,37.27869],[129.01319,37.2789],[129.01202,37.27937],[129.01052,37.2805],[129.0101,37.28114],[129.00962,37.28138],[129.00932,37.2819],[129.00927,37.2823],[129.00864,37.28224],[129.00763,37.28239],[129.00603,37.28281],[129.00667,37.28345],[129.00644,37.28435],[129.00592,37.28535],[129.00576,37.28652],[129.00505,37.28697],[129.00385,37.28837],[129.00459,37.28933],[129.00534,37.2901],[129.00535,37.29082],[129.00561,37.29215],[129.00609,37.29237],[129.00622,37.29291],[129.00728,37.29364],[129.00822,37.29509],[129.00874,37.29516],[129.01011,37.29581],[129.01099,37.29648],[129.0119,37.29752],[129.01187,37.29786],[129.01263,37.29885],[129.01375,37.29989],[129.01605,37.30083],[129.01807,37.30321],[129.01844,37.30352],[129.01807,37.30399],[129.01801,37.3047],[129.01773,37.30517],[129.01591,37.30522],[129.01551,37.30601],[129.01439,37.30762],[129.0131,37.30794],[129.01256,37.30885],[129.0121,37.31012],[129.01102,37.31167],[129.00948,37.31148],[129.0091,37.31217],[129.00832,37.31216],[129.00687,37.31305],[129.00637,37.313],[129.00614,37.31401],[129.00584,37.31442],[129.00508,37.31468],[129.0039,37.31598],[129.0033,37.31653],[129.00305,37.31757],[129.0028,37.31792],[129.00167,37.31848],[129.00071,37.31856],[128.99844,37.31899],[128.99831,37.31926],[128.99943,37.32152],[128.99925,37.32278],[128.99873,37.324],[128.998,37.32456],[128.99823,37.32488],[128.99857,37.325],[128.99972,37.32583],[129.00061,37.32625],[129.00268,37.32749],[129.00426,37.32756],[129.00439,37.32918],[129.00525,37.33013],[129.0056,37.33111],[129.00645,37.33209],[129.00854,37.33203],[129.0088,37.33386],[129.01135,37.33448],[129.01243,37.3359],[129.01267,37.33702],[129.01403,37.33768],[129.01435,37.33818],[129.01428,37.33839],[129.01254,37.33884],[129.01036,37.33966],[129.00983,37.34008],[129.00943,37.34115],[129.01001,37.34265],[129.00915,37.34404],[129.00831,37.34554],[129.00745,37.34559],[129.005,37.34463],[129.00236,37.34374],[129.00226,37.34274],[129.00133,37.34104],[129.00007,37.3401],[128.99929,37.34],[128.99932,37.3385],[128.99783,37.33761],[128.99714,37.33708],[128.99648,37.33685],[128.99529,37.33603],[128.99299,37.33597],[128.99255,37.33572],[128.9916,37.33549],[128.99033,37.33412],[128.98926,37.33528],[128.98837,37.33538],[128.98793,37.33572],[128.98694,37.33581],[128.98499,37.3354],[128.98365,37.3356],[128.98199,37.33618],[128.97956,37.33622],[128.97811,37.33641],[128.97739,37.33608],[128.97675,37.33592],[128.97598,37.3359],[128.97475,37.33534],[128.97394,37.33506],[128.97103,37.33442],[128.97094,37.33499],[128.97043,37.33604],[128.97008,37.33658],[128.96932,37.33691],[128.96905,37.3367],[128.96875,37.33587],[128.96902,37.33514],[128.96873,37.33396],[128.96875,37.33342],[128.96819,37.33277],[128.96778,37.33194],[128.96742,37.33157],[128.96616,37.33083],[128.96617,37.33025],[128.96589,37.33023],[128.9652,37.32978],[128.96418,37.32958],[128.96367,37.32888],[128.96367,37.32802],[128.96333,37.32774],[128.9631,37.32699],[128.96222,37.32655],[128.96208,37.32622],[128.96102,37.32501],[128.96086,37.32451],[128.95995,37.32377],[128.958,37.32231],[128.95781,37.32162],[128.95785,37.32112],[128.95723,37.32015],[128.95706,37.31941],[128.95697,37.31812],[128.95606,37.31647],[128.95514,37.31581],[128.95428,37.3149],[128.95378,37.31426],[128.95402,37.31345],[128.9534,37.31321],[128.95294,37.31124],[128.9523,37.31023],[128.95097,37.30779],[128.94929,37.30803],[128.94852,37.30809],[128.94753,37.30757],[128.94675,37.30736],[128.94577,37.30691],[128.94482,37.30671],[128.94458,37.30636],[128.94328,37.30554],[128.94323,37.30514],[128.94349,37.30413],[128.9436,37.30267],[128.94353,37.30127],[128.94361,37.30035],[128.94336,37.29949],[128.94231,37.29765],[128.94261,37.29665],[128.94378,37.29567],[128.94439,37.29454],[128.94494,37.29392],[128.94531,37.29291],[128.94535,37.29235],[128.94575,37.29163],[128.94582,37.29125],[128.94625,37.29083],[128.94645,37.29023],[128.94576,37.28973],[128.94488,37.29],[128.94303,37.28937],[128.9424,37.28896],[128.94154,37.28889],[128.94158,37.28761],[128.94185,37.28727],[128.94162,37.28632],[128.94064,37.28585],[128.93959,37.28389],[128.94035,37.2824],[128.94139,37.28106],[128.94104,37.27937],[128.94071,37.27908],[128.93733,37.27666],[128.93658,37.27412],[128.93396,37.27312],[128.9305,37.27449],[128.92995,37.27414],[128.92846,37.27376],[128.92766,37.27375],[128.92618,37.27414],[128.92541,37.27355],[128.925,37.27341],[128.92436,37.27296],[128.92433,37.27254],[128.92462,37.27239],[128.92516,37.27172],[128.9266,37.27052],[128.92755,37.27011],[128.92788,37.26917],[128.92787,37.26852],[128.92846,37.26812],[128.92904,37.26761],[128.92917,37.2668],[128.9288,37.26598],[128.92892,37.26577],[128.92896,37.26498],[128.92971,37.26333],[128.93101,37.26251],[128.93086,37.26222],[128.93084,37.26135],[128.93097,37.26082],[128.93099,37.25963],[128.93124,37.25936],[128.93109,37.25887],[128.9322,37.25723],[128.93347,37.25694],[128.93406,37.25729],[128.93499,37.25718],[128.93477,37.25657],[128.93397,37.25555],[128.93336,37.25452],[128.93322,37.25401],[128.93321,37.25315],[128.93373,37.25194],[128.93439,37.25056],[128.9346,37.24987],[128.93471,37.2487],[128.93466,37.24795],[128.93481,37.24639],[128.93519,37.24585],[128.93538,37.24536],[128.93267,37.24423],[128.9321,37.24367],[128.93195,37.24285],[128.93176,37.24258],[128.93038,37.24168],[128.9296,37.24072],[128.92912,37.24098],[128.92736,37.24178],[128.92601,37.24226],[128.92389,37.24275],[128.9227,37.24164],[128.9216,37.24131],[128.92098,37.24124],[128.91935,37.24053],[128.91811,37.24005],[128.91784,37.23945],[128.91801,37.2384],[128.91835,37.23743],[128.91845,37.23668],[128.91832,37.23556],[128.91762,37.23477],[128.91787,37.23348],[128.91775,37.23236],[128.91726,37.23155],[128.9173,37.22899],[128.91691,37.2283],[128.91694,37.22699],[128.91707,37.22553],[128.91529,37.22358],[128.91438,37.22307],[128.91388,37.22288],[128.9131,37.2219],[128.91238,37.22144],[128.91085,37.21978],[128.91005,37.21774],[128.90918,37.21715],[128.90797,37.21655],[128.9092,37.21581],[128.91098,37.21515],[128.91165,37.21322],[128.91607,37.21185],[128.91551,37.21021],[128.91586,37.20848],[128.91608,37.20669],[128.9156,37.20583],[128.91555,37.20462],[128.91474,37.2033],[128.9143,37.20189],[128.91289,37.20004],[128.91174,37.19806],[128.91151,37.19689],[128.91202,37.19596],[128.91299,37.19483],[128.9128,37.19442],[128.91208,37.19348],[128.9126,37.1922],[128.91309,37.19164],[128.91333,37.1911],[128.9131,37.19094],[128.91305,37.18987],[128.91283,37.18935],[128.91272,37.1884],[128.91291,37.18713],[128.91275,37.18611],[128.91281,37.18574],[128.91377,37.18502],[128.914,37.18412],[128.91417,37.18305],[128.91453,37.1817],[128.91486,37.18078],[128.91401,37.17992],[128.91367,37.17899],[128.91331,37.17862],[128.91286,37.17836],[128.912,37.17758],[128.91185,37.17726],[128.91225,37.17678],[128.91247,37.17614],[128.91235,37.17544],[128.91247,37.17456],[128.91271,37.17409],[128.91269,37.17368],[128.9131,37.17267],[128.91358,37.17181],[128.91424,37.17114],[128.91497,37.171],[128.91503,37.17061],[128.91551,37.16985],[128.91592,37.16939],[128.91606,37.16878],[128.91645,37.16803],[128.91652,37.16726],[128.91689,37.16639],[128.91697,37.16465],[128.91758,37.16317],[128.91775,37.16233],[128.9176,37.16116],[128.91728,37.16069],[128.9168,37.15939],[128.91695,37.15792],[128.91674,37.15747],[128.91632,37.15715],[128.91597,37.15643],[128.91571,37.15538],[128.91493,37.15392],[128.9142,37.15339],[128.91285,37.15074],[128.91255,37.15003],[128.91194,37.14926],[128.91089,37.14886],[128.90917,37.14792],[128.90814,37.14794],[128.90708,37.14787],[128.90606,37.14817],[128.90501,37.14839],[128.90459,37.14819],[128.90365,37.14791],[128.90182,37.14777],[128.90053,37.14708],[128.89861,37.14704],[128.89738,37.14717],[128.89607,37.14663],[128.89487,37.14662],[128.894,37.14623],[128.8929,37.14531],[128.89251,37.1447],[128.89154,37.14432],[128.89068,37.14412],[128.88922,37.14253],[128.88818,37.14107],[128.88814,37.14061],[128.88788,37.13984],[128.88797,37.13957],[128.88781,37.13837],[128.88737,37.13776],[128.88736,37.13731],[128.88706,37.13684],[128.88692,37.13632],[128.88714,37.13561],[128.88698,37.13449],[128.88742,37.13302],[128.88778,37.13225],[128.88809,37.13189],[128.88807,37.13133],[128.88823,37.13098],[128.8882,37.13037],[128.88803,37.13022],[128.88883,37.12928],[128.88902,37.12878],[128.88863,37.12705],[128.88872,37.126],[128.88924,37.12471],[128.88881,37.12419],[128.88832,37.12407],[128.88751,37.12345],[128.88685,37.12268],[128.88632,37.12174],[128.88571,37.12142],[128.88447,37.1213],[128.8832,37.12021],[128.88324,37.11978],[128.88309,37.11946],[128.8819,37.1194],[128.88078,37.11892],[128.87963,37.1187],[128.87948,37.11761],[128.87919,37.11724],[128.87847,37.11655],[128.8776,37.11654],[128.87759,37.11593],[128.87684,37.11519],[128.87646,37.11507],[128.87615,37.11459],[128.87444,37.11385],[128.87376,37.11379],[128.87325,37.11406],[128.87238,37.11417],[128.87144,37.11397],[128.87046,37.11363],[128.87023,37.11321],[128.87027,37.11275],[128.86948,37.11247],[128.86932,37.11212],[128.86947,37.11057],[128.86944,37.10979],[128.86819,37.10897],[128.86716,37.10886],[128.86733,37.10829],[128.86762,37.10783],[128.86817,37.10725],[128.86879,37.10711],[128.86996,37.10779],[128.87048,37.10796],[128.87162,37.10783],[128.87287,37.10787],[128.87422,37.10834],[128.87492,37.10829],[128.87555,37.10807],[128.87642,37.10745],[128.87715,37.10669],[128.87814,37.10492],[128.8788,37.10447],[128.88087,37.10438],[128.8819,37.10413],[128.88351,37.10299],[128.88452,37.10286],[128.88603,37.10274],[128.88674,37.10244],[128.88741,37.10171],[128.88717,37.10057],[128.88701,37.10029],[128.88694,37.09962],[128.88659,37.09902],[128.88645,37.09859],[128.88655,37.09726],[128.8867,37.09677],[128.88734,37.09562],[128.88783,37.09546],[128.88799,37.09459],[128.88792,37.09365],[128.88827,37.09336],[128.88846,37.09263],[128.88856,37.09171],[128.88818,37.09112],[128.88718,37.09036],[128.88653,37.08974],[128.88605,37.08962],[128.88565,37.08936],[128.88557,37.0884],[128.88522,37.08677],[128.88531,37.08594],[128.88491,37.0851],[128.88505,37.08434],[128.885,37.08403],[128.88417,37.08368],[128.88354,37.08295],[128.88303,37.08258],[128.88253,37.08205],[128.88214,37.08144],[128.88157,37.08095],[128.88092,37.08056],[128.88058,37.08048],[128.87933,37.07991],[128.87815,37.07965],[128.87691,37.07896],[128.8756,37.07847],[128.87454,37.0786],[128.87455,37.07823],[128.87508,37.07749],[128.87487,37.07708],[128.87496,37.076],[128.87482,37.07547],[128.87552,37.07443],[128.87557,37.07328],[128.87596,37.07285],[128.87641,37.07202],[128.87767,37.07119],[128.87811,37.07077],[128.87932,37.07015],[128.88047,37.06898],[128.88227,37.06785],[128.88305,37.0676],[128.88372,37.0672],[128.88531,37.06586],[128.8857,37.06595],[128.88538,37.06456],[128.88577,37.06398],[128.88615,37.06378],[128.88631,37.06313],[128.88662,37.06249],[128.8871,37.06213],[128.88839,37.06169],[128.88881,37.0618],[128.88969,37.06178],[128.89162,37.06204],[128.89245,37.06262],[128.89416,37.06347],[128.89529,37.06363],[128.89587,37.06416],[128.89613,37.06426],[128.89617,37.06474],[128.89753,37.06567],[128.89808,37.06621],[128.89874,37.06649],[128.89876,37.06666],[128.89942,37.06672],[128.90132,37.06679],[128.90258,37.06645],[128.90332,37.06639],[128.90498,37.06597],[128.90609,37.06626],[128.90713,37.06688],[128.91032,37.06832],[128.91037,37.06962],[128.91019,37.07022],[128.91084,37.07115],[128.91223,37.07205],[128.91323,37.07309],[128.91429,37.07502],[128.91419,37.07603],[128.91484,37.07695],[128.9153,37.07745],[128.91621,37.07804],[128.91693,37.0787],[128.91694,37.0792],[128.91722,37.0801],[128.91695,37.08102],[128.91651,37.08208],[128.91506,37.08371],[128.91616,37.08442],[128.9175,37.08559],[128.91794,37.08583],[128.91948,37.08902],[128.9199,37.08938],[128.92017,37.08984],[128.92112,37.09059],[128.92132,37.09063],[128.92178,37.09143],[128.92332,37.09212],[128.92362,37.0921],[128.92452,37.09177],[128.92641,37.09183],[128.92667,37.09162],[128.9275,37.09132],[128.92861,37.09115],[128.92935,37.09118],[128.93206,37.09087],[128.93306,37.09163],[128.93313,37.0918],[128.93439,37.09201],[128.93642,37.09213],[128.93674,37.09211],[128.9374,37.09237],[128.93782,37.0928],[128.9393,37.09299],[128.93989,37.09295],[128.94045,37.09341],[128.94147,37.09341],[128.94235,37.09334],[128.94291,37.0934],[128.94374,37.09333],[128.94422,37.09359],[128.94525,37.09366],[128.94566,37.09378],[128.94576,37.09279],[128.9465,37.0924],[128.94749,37.09168],[128.9479,37.09106],[128.94867,37.09043],[128.94956,37.08936],[128.95025,37.08871],[128.95029,37.08798],[128.95077,37.08734],[128.95077,37.08714],[128.95126,37.08646],[128.9524,37.08589],[128.95343,37.08492],[128.95301,37.08374],[128.9531,37.08177],[128.9533,37.08125],[128.9537,37.08101],[128.95416,37.08054],[128.95482,37.07959],[128.95568,37.0793],[128.95631,37.07939],[128.95789,37.07876],[128.95854,37.07845],[128.95927,37.07758],[128.96013,37.07786],[128.96101,37.07798],[128.96136,37.0783],[128.96285,37.07842],[128.96376,37.07866],[128.96394,37.07881],[128.96479,37.07891],[128.96559,37.07923],[128.96623,37.07934],[128.96688,37.07933],[128.96832,37.07969],[128.96891,37.07979],[128.96999,37.07982],[128.97096,37.08059],[128.97102,37.08109],[128.9718,37.08151],[128.97369,37.08142],[128.97425,37.08123],[128.97539,37.08101],[128.97659,37.08172],[128.97744,37.08145],[128.97951,37.08228],[128.98067,37.08296],[128.98185,37.08293],[128.98266,37.08414],[128.9834,37.08462],[128.98417,37.08469],[128.9857,37.0843],[128.98861,37.08437],[128.99124,37.08256],[128.9924,37.08225],[128.99434,37.08207],[128.99507,37.08169],[128.99613,37.08143],[128.99644,37.08126],[128.99727,37.08174],[128.9988,37.08147],[128.99941,37.08092],[129.0003,37.08058],[129.00063,37.08036],[129.00322,37.08011],[129.00391,37.07962],[129.0047,37.07951],[129.00572,37.07951],[129.00679,37.07936],[129.00731,37.07909],[129.00846,37.07908],[129.00958,37.07855],[129.01079,37.07843],[129.01145,37.07857],[129.01225,37.07837],[129.01271,37.07857],[129.0139,37.07855],[129.01461,37.0792],[129.01517,37.07953],[129.01693,37.07872],[129.01734,37.07846],[129.01865,37.07797],[129.01953,37.07696],[129.02038,37.07656],[129.02085,37.07654],[129.02188,37.07689],[129.02308,37.07814],[129.02435,37.07835],[129.02602,37.07775],[129.02742,37.07747],[129.02879,37.07709],[129.0295,37.07697],[129.03044,37.07703],[129.03129,37.07598],[129.03241,37.07492],[129.03444,37.07565],[129.0353,37.0757],[129.03667,37.07617],[129.03693,37.07487],[129.03757,37.07467],[129.03816,37.07437],[129.03927,37.07407],[129.04024,37.07275],[129.04035,37.0724],[129.04128,37.07197],[129.04187,37.07106],[129.04379,37.0711],[129.04527,37.07069],[129.04552,37.07052],[129.0463,37.07053],[129.04716,37.07042],[129.04833,37.07009],[129.04937,37.069],[129.04981,37.06889],[129.05002,37.0684],[129.05132,37.06783],[129.05238,37.06789],[129.05243,37.06823],[129.05177,37.06861],[129.05198,37.06905],[129.05244,37.06927],[129.05343,37.07019],[129.05428,37.06982],[129.05473,37.06932],[129.05555,37.06896],[129.05707,37.0679],[129.05674,37.06739],[129.05633,37.06578],[129.05651,37.06519],[129.0574,37.06505],[129.05855,37.06523],[129.05944,37.06525],[129.05963,37.06566],[129.06068,37.06596],[129.06213,37.06827],[129.06314,37.06831],[129.06398,37.06814],[129.06395,37.06844],[129.06462,37.07041],[129.0651,37.07077],[129.06521,37.07175],[129.06563,37.07205],[129.06623,37.07355],[129.06737,37.07445],[129.0672,37.07478],[129.06742,37.07619],[129.06691,37.0767],[129.06692,37.0772],[129.06581,37.07817],[129.0656,37.07875],[129.06715,37.08098],[129.06878,37.082],[129.07016,37.08389],[129.07081,37.08401],[129.07087,37.08528],[129.07013,37.08746],[129.07042,37.08822],[129.07132,37.08858],[129.07251,37.08955],[129.07288,37.09005],[129.07415,37.09102],[129.075,37.09114],[129.07577,37.09153],[129.07695,37.09299],[129.07891,37.09302],[129.07999,37.09354],[129.08081,37.09337],[129.08268,37.09409],[129.08382,37.09481],[129.08405,37.09519],[129.08501,37.09585],[129.08749,37.09711],[129.08856,37.09722],[129.09059,37.09716],[129.09128,37.09725],[129.0924,37.09864],[129.0944,37.09939],[129.09566,37.10031]]]},"properties":{"code":"51190","name":"태백시","bbox":[128.86716,37.06169,129.09566,37.34559],"labelPoint":[128.96894,37.15734]}},{"type":"Feature","geometry":{"type":"MultiPolygon","coordinates":[[[[128.61393,38.19872],[128.61313,38.19845],[128.6127,38.1985],[128.61251,38.1981],[128.61292,38.19776],[128.61358,38.19739],[128.61458,38.19756],[128.61471,38.19808],[128.61453,38.19854],[128.61393,38.19872]]],[[[128.59961,38.20623],[128.59953,38.2066],[128.59841,38.20693],[128.59802,38.20697],[128.59614,38.20689],[128.59481,38.20582],[128.59299,38.20367],[128.59292,38.20308],[128.59301,38.20231],[128.59328,38.20152],[128.59531,38.20199],[128.59542,38.20234],[128.59514,38.20255],[128.59497,38.203],[128.59503,38.20372],[128.5953,38.20489],[128.59566,38.20581],[128.59937,38.20548],[128.59961,38.20623]]],[[[128.60872,38.16128],[128.60916,38.16135],[128.60914,38.16218],[128.60931,38.16269],[128.60914,38.16283],[128.60926,38.1636],[128.61,38.16355],[128.61026,38.16313],[128.61031,38.16255],[128.61064,38.16268],[128.61052,38.1633],[128.61033,38.16376],[128.60985,38.16387],[128.60917,38.16386],[128.6088,38.16523],[128.60874,38.16631],[128.60836,38.16769],[128.60792,38.16834],[128.61008,38.16926],[128.61034,38.17006],[128.60996,38.17014],[128.60982,38.1694],[128.60881,38.16895],[128.60847,38.16888],[128.60802,38.16949],[128.60826,38.16961],[128.60782,38.17023],[128.60779,38.17287],[128.60763,38.173],[128.60696,38.17301],[128.60647,38.17316],[128.60622,38.1734],[128.60612,38.17387],[128.6073,38.17446],[128.60789,38.17407],[128.608,38.17366],[128.61047,38.17365],[128.61047,38.17318],[128.61117,38.17038],[128.61137,38.16997],[128.61172,38.16969],[128.61208,38.16993],[128.61182,38.17026],[128.61143,38.17049],[128.61078,38.17321],[128.61068,38.17334],[128.61069,38.17645],[128.61084,38.17694],[128.60959,38.177],[128.60927,38.17753],[128.6092,38.17806],[128.60936,38.17888],[128.60972,38.17932],[128.61067,38.17909],[128.61066,38.17822],[128.61093,38.17812],[128.61096,38.17888],[128.61154,38.17903],[128.61192,38.1793],[128.61287,38.17938],[128.61419,38.17993],[128.61466,38.18045],[128.61451,38.18146],[128.61389,38.18165],[128.61357,38.18162],[128.61271,38.1818],[128.61189,38.18183],[128.61101,38.18231],[128.61081,38.18292],[128.61047,38.18309],[128.60972,38.18324],[128.60939,38.18346],[128.60808,38.18504],[128.60721,38.18602],[128.60681,38.18669],[128.60614,38.18754],[128.60494,38.18931],[128.60397,38.19091],[128.60375,38.19146],[128.60376,38.19198],[128.60417,38.19229],[128.60491,38.19263],[128.6051,38.19218],[128.60546,38.19236],[128.60485,38.19319],[128.60453,38.19292],[128.60487,38.19272],[128.60391,38.19236],[128.60367,38.1921],[128.60293,38.19236],[128.60117,38.19411],[128.60095,38.19444],[128.59998,38.19537],[128.59885,38.19655],[128.59761,38.1981],[128.59727,38.19879],[128.59704,38.20002],[128.59711,38.20072],[128.59745,38.20087],[128.60078,38.20185],[128.60059,38.20218],[128.60013,38.20194],[128.59801,38.20135],[128.59776,38.20132],[128.59702,38.20089],[128.59678,38.20116],[128.59521,38.20097],[128.59511,38.20104],[128.59342,38.20059],[128.5935,38.19155],[128.59173,38.19155],[128.59173,38.1923],[128.59088,38.1923],[128.59056,38.1924],[128.58779,38.19239],[128.58747,38.1921],[128.58336,38.19208],[128.58308,38.19288],[128.58222,38.19288],[128.58198,38.19411],[128.58306,38.19456],[128.58293,38.19727],[128.58375,38.19794],[128.58368,38.19804],[128.58434,38.19855],[128.58349,38.1994],[128.5858,38.20002],[128.58574,38.20013],[128.58742,38.20054],[128.58746,38.20045],[128.59031,38.20124],[128.59233,38.2014],[128.59255,38.20198],[128.5925,38.20261],[128.59217,38.2033],[128.59222,38.204],[128.59413,38.20599],[128.5943,38.20688],[128.59448,38.20693],[128.59451,38.21067],[128.60025,38.2107],[128.60025,38.21137],[128.60139,38.21134],[128.60148,38.2109],[128.60104,38.21029],[128.60182,38.21028],[128.60202,38.20936],[128.6028,38.20739],[128.60237,38.20558],[128.60236,38.20529],[128.60296,38.20379],[128.60278,38.20355],[128.60295,38.20325],[128.60355,38.20342],[128.60272,38.20549],[128.60306,38.20712],[128.60305,38.2076],[128.6025,38.2091],[128.60234,38.20938],[128.60193,38.21128],[128.60226,38.21179],[128.60209,38.2122],[128.60152,38.2124],[128.60161,38.21279],[128.60194,38.21326],[128.60231,38.21347],[128.60217,38.21374],[128.60225,38.21417],[128.60191,38.21466],[128.6014,38.21426],[128.60109,38.21416],[128.6004,38.21481],[128.5994,38.21504],[128.59871,38.21456],[128.59804,38.21476],[128.59796,38.21492],[128.59716,38.2154],[128.59647,38.21616],[128.59581,38.21673],[128.59553,38.21717],[128.5954,38.21773],[128.59551,38.21816],[128.59582,38.21848],[128.59645,38.21859],[128.5964,38.21807],[128.59679,38.21802],[128.59682,38.21859],[128.59603,38.21938],[128.59566,38.21912],[128.59549,38.21869],[128.59502,38.21843],[128.59408,38.2185],[128.5923,38.22038],[128.59225,38.22107],[128.59259,38.22184],[128.59286,38.22201],[128.59393,38.22156],[128.59396,38.22182],[128.59307,38.2222],[128.59256,38.22358],[128.59222,38.22352],[128.59244,38.22312],[128.59273,38.22216],[128.59071,38.22115],[128.59018,38.22128],[128.59095,38.2218],[128.5912,38.22209],[128.59071,38.22222],[128.59043,38.22253],[128.58977,38.22356],[128.58983,38.22447],[128.58944,38.22481],[128.58935,38.22525],[128.58868,38.22684],[128.58988,38.22705],[128.59027,38.22659],[128.59147,38.22491],[128.59146,38.22533],[128.5907,38.22636],[128.59024,38.22713],[128.5899,38.22735],[128.58867,38.22716],[128.58839,38.22703],[128.58766,38.22721],[128.58724,38.2277],[128.58687,38.22859],[128.5868,38.22922],[128.58618,38.23019],[128.58555,38.23048],[128.58529,38.23074],[128.58493,38.23077],[128.58488,38.22931],[128.58444,38.22871],[128.58405,38.22878],[128.58335,38.22918],[128.58257,38.22908],[128.58223,38.22803],[128.58093,38.22786],[128.58032,38.22753],[128.58,38.22666],[128.57924,38.22621],[128.57925,38.22573],[128.57942,38.22537],[128.57904,38.22477],[128.57836,38.22431],[128.5779,38.22425],[128.57747,38.22393],[128.57601,38.22321],[128.57564,38.22259],[128.57507,38.22241],[128.57432,38.22179],[128.57382,38.22175],[128.57356,38.22154],[128.57243,38.22131],[128.57186,38.22164],[128.57134,38.22144],[128.57023,38.22133],[128.56886,38.22087],[128.56871,38.22046],[128.56819,38.22014],[128.56733,38.22007],[128.56637,38.22044],[128.56507,38.2204],[128.56431,38.22069],[128.56334,38.22054],[128.56263,38.22076],[128.56123,38.22095],[128.56053,38.22071],[128.55979,38.22027],[128.55954,38.21984],[128.55883,38.21982],[128.55846,38.21954],[128.5581,38.21951],[128.55718,38.21974],[128.55678,38.21963],[128.55646,38.21917],[128.55642,38.21878],[128.5556,38.21818],[128.55553,38.21802],[128.55448,38.21774],[128.55384,38.21812],[128.55309,38.21782],[128.5525,38.21747],[128.55099,38.21765],[128.55086,38.21794],[128.55045,38.21782],[128.54997,38.21801],[128.54916,38.21764],[128.54819,38.21734],[128.54783,38.21758],[128.54676,38.21718],[128.54636,38.21685],[128.5456,38.21674],[128.54526,38.21646],[128.54488,38.2166],[128.54405,38.21657],[128.54345,38.21713],[128.54253,38.21712],[128.54161,38.21732],[128.54109,38.21753],[128.54011,38.21753],[128.53849,38.21713],[128.53807,38.21737],[128.5376,38.21737],[128.53621,38.21637],[128.53508,38.21593],[128.5337,38.21581],[128.53316,38.21534],[128.5324,38.21487],[128.53214,38.21439],[128.53058,38.21362],[128.53068,38.21302],[128.53053,38.21254],[128.52921,38.21126],[128.52863,38.2111],[128.52769,38.21051],[128.52639,38.21009],[128.52618,38.20986],[128.52468,38.2089],[128.52376,38.20861],[128.52221,38.20762],[128.52031,38.20737],[128.51909,38.20764],[128.51755,38.20729],[128.5164,38.2069],[128.51503,38.20686],[128.51399,38.20774],[128.51347,38.2075],[128.51245,38.20746],[128.51213,38.20728],[128.5114,38.20648],[128.51067,38.20584],[128.51003,38.20562],[128.50872,38.20468],[128.50685,38.2039],[128.50561,38.20378],[128.50407,38.20353],[128.50142,38.20326],[128.5007,38.20264],[128.49924,38.20221],[128.49911,38.20161],[128.4987,38.20125],[128.49873,38.20078],[128.49831,38.20022],[128.49838,38.19912],[128.4979,38.19867],[128.49776,38.19793],[128.4967,38.19754],[128.49552,38.19641],[128.49529,38.19598],[128.4948,38.19579],[128.49427,38.19614],[128.49328,38.19626],[128.49258,38.19585],[128.4921,38.1957],[128.49177,38.19513],[128.49129,38.19471],[128.49087,38.1946],[128.49084,38.19423],[128.4903,38.19399],[128.49038,38.19349],[128.48973,38.19303],[128.48932,38.19232],[128.48933,38.1919],[128.48895,38.19175],[128.4885,38.19075],[128.48786,38.19013],[128.4866,38.1895],[128.48655,38.18902],[128.48594,38.18852],[128.48535,38.18835],[128.48455,38.18797],[128.48384,38.18807],[128.48318,38.18786],[128.48269,38.18804],[128.48223,38.18777],[128.48161,38.18781],[128.48112,38.18733],[128.48078,38.18745],[128.47982,38.18744],[128.47933,38.18791],[128.47804,38.18826],[128.4772,38.18889],[128.47628,38.19093],[128.47711,38.1928],[128.47632,38.19324],[128.47474,38.19371],[128.47358,38.19472],[128.47006,38.19636],[128.46797,38.19765],[128.46663,38.19862],[128.46515,38.19743],[128.4645,38.19764],[128.46354,38.19711],[128.46261,38.19694],[128.46206,38.19724],[128.46139,38.19717],[128.45991,38.19779],[128.45769,38.19754],[128.45684,38.19797],[128.4558,38.19821],[128.45513,38.19801],[128.45446,38.19812],[128.45416,38.19854],[128.45199,38.19901],[128.45056,38.1997],[128.44895,38.20056],[128.44745,38.20183],[128.44594,38.2032],[128.44426,38.20358],[128.44231,38.20372],[128.44141,38.20313],[128.44075,38.19968],[128.43968,38.19733],[128.43863,38.1961],[128.43845,38.19256],[128.43633,38.19226],[128.43481,38.19102],[128.43315,38.19081],[128.43176,38.19015],[128.42961,38.1901],[128.42897,38.18979],[128.42844,38.18929],[128.42806,38.18934],[128.42651,38.18915],[128.42625,38.18735],[128.42603,38.1872],[128.42587,38.18656],[128.42608,38.18629],[128.42496,38.18576],[128.42443,38.18477],[128.42452,38.18415],[128.42444,38.18389],[128.42448,38.18311],[128.42368,38.18259],[128.42233,38.18152],[128.42182,38.17777],[128.42114,38.17669],[128.42206,38.17604],[128.4235,38.17572],[128.42413,38.1746],[128.42563,38.17363],[128.42582,38.17325],[128.42757,38.17267],[128.42799,38.17145],[128.42965,38.17087],[128.43115,38.16987],[128.43188,38.1696],[128.43227,38.16912],[128.43319,38.16861],[128.4331,38.16765],[128.43364,38.16733],[128.43377,38.16632],[128.43449,38.1659],[128.43493,38.16587],[128.43552,38.16521],[128.43546,38.16463],[128.43567,38.16437],[128.43652,38.16387],[128.43773,38.16301],[128.43848,38.1627],[128.43903,38.16258],[128.43854,38.16094],[128.438,38.16002],[128.43748,38.15959],[128.43816,38.15889],[128.43803,38.15784],[128.43848,38.15666],[128.43821,38.15605],[128.43792,38.15487],[128.43856,38.15418],[128.44194,38.15203],[128.44265,38.15113],[128.44306,38.1496],[128.4452,38.14911],[128.4464,38.14817],[128.44919,38.14746],[128.45203,38.14467],[128.45352,38.14459],[128.45448,38.14331],[128.45585,38.14225],[128.45713,38.1419],[128.4588,38.14096],[128.45912,38.14024],[128.46114,38.1398],[128.46278,38.13895],[128.4639,38.13821],[128.46508,38.13733],[128.46596,38.13692],[128.46455,38.13527],[128.466,38.13352],[128.46601,38.1316],[128.46536,38.13026],[128.46424,38.12867],[128.46547,38.1264],[128.46582,38.12131],[128.46516,38.11954],[128.46486,38.11921],[128.46693,38.11895],[128.46724,38.11902],[128.46825,38.11961],[128.46925,38.12027],[128.47001,38.12107],[128.47118,38.12204],[128.47204,38.12302],[128.4734,38.12404],[128.47494,38.12462],[128.47561,38.1253],[128.47733,38.12648],[128.4783,38.12839],[128.47999,38.12933],[128.48129,38.13068],[128.48329,38.13171],[128.48597,38.13267],[128.48796,38.13389],[128.48856,38.13493],[128.49017,38.13555],[128.49129,38.13649],[128.49394,38.13595],[128.49556,38.13621],[128.49643,38.13624],[128.49737,38.13614],[128.49862,38.13521],[128.49928,38.13499],[128.49977,38.13528],[128.50048,38.13495],[128.50219,38.13537],[128.50261,38.13567],[128.50443,38.13617],[128.50697,38.13624],[128.50881,38.13653],[128.51057,38.13626],[128.51297,38.13624],[128.51336,38.13612],[128.51412,38.13611],[128.51514,38.13556],[128.51588,38.13553],[128.51795,38.13613],[128.52036,38.13676],[128.52189,38.13732],[128.52295,38.13804],[128.52507,38.13816],[128.52543,38.13744],[128.52603,38.13729],[128.52704,38.13683],[128.52752,38.13647],[128.52794,38.13633],[128.52987,38.13609],[128.52976,38.13642],[128.53035,38.13725],[128.53056,38.13798],[128.53095,38.13875],[128.53127,38.14026],[128.53141,38.14065],[128.53146,38.14194],[128.53171,38.14244],[128.53217,38.14282],[128.53284,38.14301],[128.53402,38.14402],[128.53453,38.14431],[128.53486,38.14465],[128.53545,38.14504],[128.53506,38.14855],[128.53656,38.14914],[128.53771,38.14949],[128.53875,38.14938],[128.53971,38.14941],[128.54151,38.14885],[128.54229,38.14831],[128.54289,38.14828],[128.54318,38.14858],[128.54428,38.14887],[128.54477,38.14891],[128.54587,38.14926],[128.5477,38.14918],[128.54887,38.14905],[128.55044,38.14942],[128.55086,38.14912],[128.55169,38.14931],[128.55258,38.14852],[128.55421,38.1487],[128.55429,38.14891],[128.55675,38.14891],[128.55834,38.14841],[128.55899,38.14855],[128.55985,38.14834],[128.56037,38.14855],[128.56068,38.14881],[128.56136,38.14894],[128.56149,38.14925],[128.562,38.14941],[128.5621,38.1498],[128.56268,38.15017],[128.56315,38.15031],[128.56343,38.15086],[128.56344,38.15117],[128.56393,38.15117],[128.56464,38.15145],[128.5648,38.15173],[128.5652,38.15186],[128.56567,38.15227],[128.56616,38.15235],[128.56655,38.15263],[128.56669,38.15302],[128.56735,38.15345],[128.56824,38.15342],[128.56869,38.15381],[128.56924,38.15368],[128.56971,38.15381],[128.56966,38.15415],[128.57029,38.1544],[128.57032,38.15512],[128.57048,38.15527],[128.56991,38.15593],[128.57004,38.15623],[128.57014,38.1589],[128.57041,38.15985],[128.57025,38.16066],[128.56991,38.16117],[128.56985,38.16189],[128.57116,38.16124],[128.57272,38.16097],[128.57339,38.16115],[128.57603,38.1613],[128.57842,38.16113],[128.58186,38.16152],[128.58406,38.16162],[128.58658,38.16126],[128.58724,38.1609],[128.58882,38.16076],[128.5902,38.16059],[128.59167,38.16065],[128.59365,38.16099],[128.59554,38.1602],[128.597,38.15989],[128.59804,38.15997],[128.60014,38.15995],[128.60125,38.15953],[128.6034,38.15895],[128.60473,38.15904],[128.60602,38.15952],[128.60805,38.16066],[128.60872,38.16128]]]]},"properties":{"code":"51210","name":"속초시","bbox":[128.42114,38.11895,128.61471,38.23077],"labelPoint":[128.51969,38.17607]}},{"type":"Feature","geometry":{"type":"MultiPolygon","coordinates":[[[[129.36567,37.16516],[129.36565,37.17056],[129.35787,37.1794],[129.3577,37.17931],[129.36545,37.17051],[129.36547,37.16516],[129.36567,37.16516]]],[[[129.33674,37.25769],[129.33626,37.2579],[129.33588,37.25748],[129.33644,37.2574],[129.33674,37.25769]]],[[[129.32647,37.28433],[129.32605,37.28402],[129.32606,37.28355],[129.32646,37.28328],[129.32669,37.28339],[129.32686,37.28393],[129.32717,37.28438],[129.32647,37.28433]]],[[[129.32607,37.2851],[129.32565,37.28514],[129.3252,37.2846],[129.32568,37.2844],[129.32615,37.28461],[129.32607,37.2851]]],[[[129.31826,37.28979],[129.31786,37.28984],[129.31745,37.28967],[129.31788,37.28937],[129.31826,37.28979]]],[[[129.31898,37.29],[129.31913,37.28932],[129.31958,37.28941],[129.31965,37.28981],[129.31898,37.29]]],[[[129.30969,37.29197],[129.30922,37.29152],[129.30936,37.29124],[129.30996,37.29132],[129.30969,37.29197]]],[[[129.29886,37.31049],[129.29845,37.3101],[129.29876,37.30995],[129.29886,37.31049]]],[[[129.2568,37.3577],[129.2573,37.35803],[129.25701,37.35822],[129.2568,37.3577]]],[[[129.25911,37.37925],[129.25935,37.37964],[129.25903,37.3803],[129.25866,37.38025],[129.2583,37.37998],[129.25788,37.37922],[129.25861,37.37889],[129.25911,37.37925]]],[[[129.16078,37.47584],[129.16007,37.47574],[129.15873,37.47586],[129.15821,37.47636],[129.15689,37.47479],[129.15654,37.47477],[129.156,37.47429],[129.15517,37.47419],[129.15488,37.47364],[129.1548,37.47324],[129.155,37.47278],[129.15473,37.47235],[129.15352,37.47134],[129.15394,37.47119],[129.15385,37.47082],[129.15295,37.4697],[129.15258,37.46946],[129.15179,37.46835],[129.151,37.46706],[129.15095,37.46596],[129.15044,37.46559],[129.14936,37.46553],[129.14912,37.46492],[129.14879,37.46513],[129.148,37.46506],[129.14743,37.46533],[129.14721,37.46574],[129.14687,37.46593],[129.14576,37.46603],[129.1447,37.4664],[129.14176,37.4665],[129.1412,37.4662],[129.1407,37.46526],[129.14041,37.46505],[129.13996,37.46505],[129.13941,37.46477],[129.13915,37.46448],[129.13899,37.46393],[129.13819,37.46284],[129.13793,37.46159],[129.1382,37.46067],[129.13819,37.4601],[129.13763,37.45934],[129.13759,37.45889],[129.13728,37.45802],[129.13695,37.45781],[129.13638,37.45695],[129.13552,37.45659],[129.13545,37.45641],[129.13582,37.4557],[129.13575,37.45515],[129.13515,37.4543],[129.13521,37.45362],[129.13478,37.45318],[129.13401,37.45355],[129.1334,37.45319],[129.13309,37.45314],[129.13235,37.45402],[129.13136,37.45419],[129.13071,37.45468],[129.13036,37.45524],[129.13045,37.45603],[129.12882,37.4553],[129.12864,37.45555],[129.12861,37.45627],[129.12791,37.45681],[129.12657,37.45694],[129.12561,37.45717],[129.12505,37.45678],[129.12465,37.45686],[129.12373,37.45729],[129.12317,37.45698],[129.12202,37.45774],[129.122,37.45812],[129.1213,37.45849],[129.12123,37.45876],[129.12082,37.45907],[129.12013,37.45936],[129.11982,37.45979],[129.11929,37.46011],[129.11852,37.46021],[129.11789,37.46051],[129.11727,37.46036],[129.11616,37.46066],[129.11574,37.46034],[129.1151,37.46004],[129.11439,37.4595],[129.11436,37.45922],[129.11402,37.45881],[129.11391,37.45841],[129.11332,37.45782],[129.11326,37.45756],[129.1125,37.4571],[129.11193,37.45688],[129.11127,37.45699],[129.11028,37.45701],[129.10963,37.45686],[129.10935,37.45623],[129.10911,37.456],[129.10817,37.45571],[129.1074,37.4558],[129.10689,37.45622],[129.10676,37.45666],[129.10623,37.45681],[129.1058,37.45741],[129.10555,37.45748],[129.10484,37.45734],[129.10457,37.45823],[129.10397,37.4584],[129.10352,37.45899],[129.10253,37.45853],[129.10217,37.45885],[129.10196,37.45954],[129.10126,37.45959],[129.1003,37.4598],[129.10004,37.46013],[129.09867,37.46063],[129.09883,37.46149],[129.09868,37.46211],[129.09833,37.46273],[129.09778,37.46277],[129.09722,37.46303],[129.09585,37.46343],[129.09554,37.46332],[129.09497,37.46278],[129.09394,37.46235],[129.09297,37.46214],[129.09212,37.46226],[129.0914,37.46195],[129.09051,37.46173],[129.08875,37.46116],[129.08843,37.46062],[129.08808,37.46053],[129.08701,37.46073],[129.08604,37.46107],[129.08543,37.46023],[129.08462,37.46035],[129.0833,37.46042],[129.08286,37.45993],[129.08232,37.45958],[129.08179,37.45855],[129.08032,37.45807],[129.07938,37.45759],[129.07765,37.45657],[129.07641,37.45642],[129.07521,37.45661],[129.0746,37.45636],[129.07406,37.45628],[129.07329,37.45676],[129.07298,37.45683],[129.07237,37.45725],[129.07167,37.4575],[129.07148,37.45797],[129.07078,37.45842],[129.06984,37.45835],[129.06922,37.45856],[129.06843,37.45851],[129.06793,37.4587],[129.06703,37.45922],[129.06599,37.46004],[129.06565,37.46038],[129.06521,37.46029],[129.06459,37.45993],[129.06215,37.45957],[129.06084,37.45956],[129.05932,37.45926],[129.059,37.45891],[129.05847,37.45892],[129.05765,37.45876],[129.05706,37.45876],[129.0562,37.45859],[129.05522,37.45894],[129.05435,37.45858],[129.05447,37.45801],[129.05383,37.45701],[129.05292,37.45683],[129.05241,37.45657],[129.05178,37.45659],[129.05147,37.45633],[129.05063,37.45604],[129.04958,37.45664],[129.0482,37.45695],[129.04675,37.45616],[129.04561,37.45608],[129.04486,37.45577],[129.04354,37.45565],[129.04312,37.45508],[129.04117,37.45406],[129.04017,37.45368],[129.03914,37.45358],[129.03815,37.45327],[129.0363,37.45227],[129.03564,37.45109],[129.03554,37.45021],[129.03556,37.44953],[129.03396,37.44862],[129.03308,37.44823],[129.03214,37.44747],[129.03047,37.44697],[129.02923,37.44699],[129.02765,37.44571],[129.02685,37.4454],[129.02629,37.44465],[129.02611,37.44421],[129.02505,37.4432],[129.02332,37.44226],[129.02091,37.44103],[129.0196,37.44061],[129.01823,37.4401],[129.01737,37.43973],[129.01647,37.43919],[129.01481,37.43863],[129.01278,37.43717],[129.01173,37.43698],[129.0102,37.43593],[129.01013,37.43559],[129.00962,37.43495],[129.00879,37.43456],[129.00839,37.43384],[129.00837,37.43321],[129.00803,37.43237],[129.00782,37.43134],[129.00787,37.43111],[129.00722,37.4301],[129.00687,37.4291],[129.00598,37.42797],[129.00559,37.42731],[129.00444,37.4268],[129.00355,37.42746],[129.00281,37.4276],[129.00225,37.42865],[128.99942,37.42987],[128.99879,37.42972],[128.99762,37.43039],[128.99518,37.4307],[128.99318,37.43059],[128.99278,37.43116],[128.9915,37.43188],[128.98887,37.43224],[128.98827,37.43227],[128.98704,37.43292],[128.98635,37.43345],[128.98463,37.43393],[128.98341,37.4339],[128.98157,37.43399],[128.98101,37.43416],[128.9799,37.4338],[128.97913,37.43405],[128.97754,37.433],[128.97589,37.43302],[128.97524,37.43324],[128.97438,37.43388],[128.97331,37.43434],[128.97253,37.43453],[128.97275,37.43613],[128.97148,37.43791],[128.97093,37.43847],[128.96866,37.44008],[128.96656,37.44075],[128.96534,37.4418],[128.96375,37.44186],[128.96253,37.44232],[128.9621,37.44266],[128.96107,37.44324],[128.95906,37.4439],[128.95856,37.44425],[128.95815,37.44533],[128.95815,37.44601],[128.95762,37.44664],[128.95738,37.44692],[128.95677,37.44722],[128.95668,37.44752],[128.95508,37.44942],[128.9521,37.44963],[128.95086,37.44945],[128.94687,37.44974],[128.94617,37.44954],[128.94385,37.4493],[128.94061,37.45006],[128.93872,37.45103],[128.93711,37.45109],[128.93562,37.45039],[128.93525,37.44988],[128.93547,37.44955],[128.93531,37.44867],[128.93429,37.4476],[128.93237,37.44776],[128.93087,37.44847],[128.92756,37.44856],[128.92584,37.44723],[128.92521,37.44707],[128.92485,37.4468],[128.92383,37.44671],[128.92252,37.44627],[128.92118,37.44531],[128.91999,37.44341],[128.91972,37.44262],[128.91909,37.44185],[128.91874,37.44125],[128.91649,37.44066],[128.91449,37.43966],[128.91328,37.43829],[128.91228,37.43804],[128.91163,37.43721],[128.91061,37.43634],[128.9083,37.43687],[128.90722,37.437],[128.90606,37.43748],[128.90407,37.43807],[128.9032,37.43759],[128.90279,37.43722],[128.90123,37.43554],[128.90132,37.43486],[128.90002,37.43352],[128.90005,37.43283],[128.89995,37.43265],[128.89841,37.43156],[128.89837,37.43095],[128.89786,37.43029],[128.89795,37.42916],[128.89783,37.42902],[128.89803,37.42736],[128.89713,37.42571],[128.89838,37.42396],[128.89861,37.42185],[128.89859,37.42104],[128.89774,37.42013],[128.89793,37.4196],[128.89769,37.41855],[128.89773,37.41786],[128.89743,37.4168],[128.89768,37.41633],[128.89773,37.41549],[128.8979,37.41512],[128.89741,37.41393],[128.89745,37.41371],[128.89707,37.4129],[128.89682,37.41166],[128.89603,37.41078],[128.89543,37.40956],[128.89455,37.40919],[128.89442,37.40882],[128.89366,37.4082],[128.89318,37.40763],[128.89185,37.40689],[128.89159,37.40666],[128.89034,37.40589],[128.88973,37.40529],[128.88954,37.40484],[128.88782,37.4055],[128.88752,37.40571],[128.88653,37.40579],[128.88589,37.40607],[128.88473,37.40625],[128.88455,37.40586],[128.88383,37.40553],[128.88335,37.40511],[128.88282,37.4044],[128.87924,37.40343],[128.87877,37.40304],[128.8775,37.40251],[128.87532,37.4019],[128.87509,37.40154],[128.87391,37.40115],[128.87345,37.40123],[128.87244,37.40101],[128.87072,37.4003],[128.87037,37.39982],[128.8698,37.39875],[128.8698,37.39816],[128.87,37.39748],[128.87043,37.39672],[128.87068,37.39608],[128.87069,37.39543],[128.87038,37.39498],[128.86986,37.39466],[128.86933,37.39454],[128.86798,37.39437],[128.86885,37.39334],[128.86905,37.39277],[128.86914,37.392],[128.86896,37.39145],[128.86852,37.39102],[128.86628,37.39063],[128.86537,37.39035],[128.86515,37.39002],[128.8646,37.38862],[128.86429,37.38708],[128.86354,37.38633],[128.86273,37.38586],[128.8623,37.3851],[128.86175,37.38353],[128.86157,37.38228],[128.86137,37.38202],[128.86058,37.38169],[128.86018,37.38166],[128.85872,37.38177],[128.8583,37.38136],[128.85791,37.38079],[128.85784,37.38035],[128.85798,37.37912],[128.85816,37.37812],[128.85839,37.37733],[128.85825,37.37689],[128.85744,37.37665],[128.8571,37.37647],[128.85678,37.37599],[128.85675,37.37497],[128.85659,37.37459],[128.85604,37.37421],[128.85597,37.3739],[128.85603,37.37316],[128.85636,37.37257],[128.85619,37.37226],[128.85553,37.37205],[128.85519,37.37183],[128.85497,37.37124],[128.85501,37.3697],[128.85465,37.36899],[128.85436,37.3688],[128.85385,37.36874],[128.85364,37.36853],[128.85389,37.36798],[128.85444,37.36729],[128.85447,37.3667],[128.85343,37.36612],[128.85209,37.36584],[128.85163,37.36564],[128.85158,37.36488],[128.85186,37.36466],[128.85229,37.36388],[128.85213,37.36341],[128.8513,37.36261],[128.85128,37.3623],[128.85167,37.36177],[128.85168,37.36153],[128.85134,37.36115],[128.85217,37.35949],[128.85192,37.35863],[128.85168,37.35853],[128.85029,37.35825],[128.84988,37.35786],[128.84978,37.35713],[128.84905,37.35607],[128.849,37.35573],[128.8492,37.3542],[128.84907,37.3536],[128.84922,37.35267],[128.84905,37.35215],[128.84945,37.35163],[128.84942,37.35142],[128.84852,37.35072],[128.84834,37.3504],[128.84845,37.34987],[128.84782,37.34883],[128.84777,37.34772],[128.84792,37.34737],[128.84766,37.34687],[128.8475,37.34615],[128.84723,37.34577],[128.84708,37.34526],[128.84648,37.34432],[128.84615,37.34219],[128.84595,37.34117],[128.84594,37.3404],[128.84603,37.33973],[128.84657,37.3399],[128.84824,37.34087],[128.84915,37.34147],[128.84978,37.34131],[128.85176,37.34143],[128.85301,37.34133],[128.85381,37.34109],[128.85483,37.3409],[128.85554,37.34061],[128.8564,37.34083],[128.85827,37.34032],[128.86031,37.33961],[128.86115,37.33902],[128.86219,37.33894],[128.86346,37.33846],[128.8646,37.33901],[128.86626,37.33903],[128.86685,37.33896],[128.86746,37.33718],[128.86798,37.33628],[128.86802,37.33541],[128.86859,37.33443],[128.86857,37.33345],[128.86939,37.33208],[128.86929,37.3316],[128.86951,37.33098],[128.86946,37.33068],[128.86998,37.3294],[128.87069,37.32905],[128.87132,37.32849],[128.87146,37.32809],[128.87332,37.32694],[128.87591,37.32589],[128.87623,37.32586],[128.87749,37.32441],[128.87836,37.32399],[128.87795,37.32381],[128.87648,37.32285],[128.87485,37.32195],[128.87405,37.32135],[128.87326,37.3211],[128.87283,37.32081],[128.87157,37.31944],[128.87013,37.31901],[128.8694,37.31756],[128.8683,37.31617],[128.86702,37.31486],[128.86697,37.31464],[128.86752,37.31242],[128.86547,37.31192],[128.86476,37.31163],[128.86341,37.31048],[128.8621,37.30962],[128.86144,37.30905],[128.86103,37.30841],[128.86021,37.30775],[128.85973,37.30723],[128.85961,37.3066],[128.85957,37.30535],[128.85917,37.3048],[128.85847,37.30423],[128.85865,37.30287],[128.85861,37.3015],[128.85879,37.30017],[128.85916,37.30001],[128.85933,37.29899],[128.8598,37.29808],[128.86049,37.2977],[128.86138,37.29683],[128.86166,37.29647],[128.8628,37.29619],[128.86339,37.29613],[128.86373,37.29573],[128.86411,37.29558],[128.8645,37.29472],[128.86514,37.29401],[128.86537,37.29387],[128.86585,37.29322],[128.86664,37.29311],[128.86732,37.29322],[128.86775,37.29299],[128.86825,37.29304],[128.8698,37.29215],[128.87098,37.29182],[128.87126,37.29141],[128.87234,37.29016],[128.87243,37.28923],[128.87187,37.28814],[128.87221,37.2876],[128.87176,37.28671],[128.87182,37.28592],[128.87167,37.28488],[128.87169,37.28445],[128.87292,37.28287],[128.87312,37.2824],[128.87314,37.28182],[128.87358,37.2816],[128.87389,37.2812],[128.87453,37.2808],[128.87488,37.28075],[128.87572,37.28008],[128.87607,37.27965],[128.8771,37.27869],[128.87759,37.27869],[128.88021,37.2783],[128.88131,37.2784],[128.88175,37.27823],[128.88238,37.27783],[128.88296,37.27697],[128.88397,37.27668],[128.8849,37.27699],[128.88545,37.27698],[128.8861,37.27665],[128.88702,37.27655],[128.88798,37.27629],[128.88874,37.27593],[128.88874,37.27549],[128.8883,37.27451],[128.88838,37.27394],[128.88822,37.27354],[128.88763,37.27306],[128.88717,37.27308],[128.88655,37.27294],[128.88526,37.27315],[128.88481,37.27288],[128.88396,37.27287],[128.88302,37.2723],[128.88254,37.27222],[128.88207,37.27185],[128.88216,37.27146],[128.88188,37.27095],[128.88121,37.26893],[128.88113,37.26824],[128.88096,37.26774],[128.88066,37.2675],[128.8804,37.26639],[128.88031,37.26571],[128.87992,37.26492],[128.88025,37.26439],[128.88087,37.26391],[128.88175,37.26292],[128.88281,37.26243],[128.88349,37.26196],[128.88455,37.26196],[128.88524,37.2621],[128.8861,37.26207],[128.88681,37.26176],[128.88714,37.26088],[128.88847,37.2589],[128.88986,37.25769],[128.89145,37.25596],[128.89159,37.25519],[128.89206,37.25461],[128.89287,37.25432],[128.89353,37.25436],[128.89417,37.25403],[128.8947,37.25349],[128.89472,37.2531],[128.89514,37.2527],[128.895,37.2522],[128.89528,37.25166],[128.89648,37.25102],[128.89695,37.25028],[128.89691,37.24986],[128.89668,37.24934],[128.89691,37.24914],[128.89775,37.24885],[128.89801,37.24848],[128.89803,37.24801],[128.89828,37.24639],[128.89849,37.24574],[128.89911,37.24519],[128.89975,37.24434],[128.90031,37.24392],[128.9008,37.24291],[128.90071,37.24187],[128.90067,37.2402],[128.89988,37.23904],[128.89963,37.23819],[128.89886,37.23709],[128.8986,37.23647],[128.89865,37.23595],[128.89925,37.235],[128.89986,37.23474],[128.90015,37.23403],[128.9,37.23337],[128.90017,37.23306],[128.90081,37.23265],[128.90098,37.23122],[128.90118,37.23077],[128.90218,37.2304],[128.90315,37.22869],[128.90394,37.22803],[128.9044,37.22784],[128.90439,37.22726],[128.90363,37.22569],[128.90355,37.22491],[128.90381,37.224],[128.90408,37.22234],[128.90492,37.22094],[128.9054,37.21946],[128.90546,37.21792],[128.90602,37.21771],[128.9067,37.2172],[128.90719,37.21665],[128.90797,37.21655],[128.90918,37.21715],[128.91005,37.21774],[128.91085,37.21978],[128.91238,37.22144],[128.9131,37.2219],[128.91388,37.22288],[128.91438,37.22307],[128.91529,37.22358],[128.91707,37.22553],[128.91694,37.22699],[128.91691,37.2283],[128.9173,37.22899],[128.91726,37.23155],[128.91775,37.23236],[128.91787,37.23348],[128.91762,37.23477],[128.91832,37.23556],[128.91845,37.23668],[128.91835,37.23743],[128.91801,37.2384],[128.91784,37.23945],[128.91811,37.24005],[128.91935,37.24053],[128.92098,37.24124],[128.9216,37.24131],[128.9227,37.24164],[128.92389,37.24275],[128.92601,37.24226],[128.92736,37.24178],[128.92912,37.24098],[128.9296,37.24072],[128.93038,37.24168],[128.93176,37.24258],[128.93195,37.24285],[128.9321,37.24367],[128.93267,37.24423],[128.93538,37.24536],[128.93519,37.24585],[128.93481,37.24639],[128.93466,37.24795],[128.93471,37.2487],[128.9346,37.24987],[128.93439,37.25056],[128.93373,37.25194],[128.93321,37.25315],[128.93322,37.25401],[128.93336,37.25452],[128.93397,37.25555],[128.93477,37.25657],[128.93499,37.25718],[128.93406,37.25729],[128.93347,37.25694],[128.9322,37.25723],[128.93109,37.25887],[128.93124,37.25936],[128.93099,37.25963],[128.93097,37.26082],[128.93084,37.26135],[128.93086,37.26222],[128.93101,37.26251],[128.92971,37.26333],[128.92896,37.26498],[128.92892,37.26577],[128.9288,37.26598],[128.92917,37.2668],[128.92904,37.26761],[128.92846,37.26812],[128.92787,37.26852],[128.92788,37.26917],[128.92755,37.27011],[128.9266,37.27052],[128.92516,37.27172],[128.92462,37.27239],[128.92433,37.27254],[128.92436,37.27296],[128.925,37.27341],[128.92541,37.27355],[128.92618,37.27414],[128.92766,37.27375],[128.92846,37.27376],[128.92995,37.27414],[128.9305,37.27449],[128.93396,37.27312],[128.93658,37.27412],[128.93733,37.27666],[128.94071,37.27908],[128.94104,37.27937],[128.94139,37.28106],[128.94035,37.2824],[128.93959,37.28389],[128.94064,37.28585],[128.94162,37.28632],[128.94185,37.28727],[128.94158,37.28761],[128.94154,37.28889],[128.9424,37.28896],[128.94303,37.28937],[128.94488,37.29],[128.94576,37.28973],[128.94645,37.29023],[128.94625,37.29083],[128.94582,37.29125],[128.94575,37.29163],[128.94535,37.29235],[128.94531,37.29291],[128.94494,37.29392],[128.94439,37.29454],[128.94378,37.29567],[128.94261,37.29665],[128.94231,37.29765],[128.94336,37.29949],[128.94361,37.30035],[128.94353,37.30127],[128.9436,37.30267],[128.94349,37.30413],[128.94323,37.30514],[128.94328,37.30554],[128.94458,37.30636],[128.94482,37.30671],[128.94577,37.30691],[128.94675,37.30736],[128.94753,37.30757],[128.94852,37.30809],[128.94929,37.30803],[128.95097,37.30779],[128.9523,37.31023],[128.95294,37.31124],[128.9534,37.31321],[128.95402,37.31345],[128.95378,37.31426],[128.95428,37.3149],[128.95514,37.31581],[128.95606,37.31647],[128.95697,37.31812],[128.95706,37.31941],[128.95723,37.32015],[128.95785,37.32112],[128.95781,37.32162],[128.958,37.32231],[128.95995,37.32377],[128.96086,37.32451],[128.96102,37.32501],[128.96208,37.32622],[128.96222,37.32655],[128.9631,37.32699],[128.96333,37.32774],[128.96367,37.32802],[128.96367,37.32888],[128.96418,37.32958],[128.9652,37.32978],[128.96589,37.33023],[128.96617,37.33025],[128.96616,37.33083],[128.96742,37.33157],[128.96778,37.33194],[128.96819,37.33277],[128.96875,37.33342],[128.96873,37.33396],[128.96902,37.33514],[128.96875,37.33587],[128.96905,37.3367],[128.96932,37.33691],[128.97008,37.33658],[128.97043,37.33604],[128.97094,37.33499],[128.97103,37.33442],[128.97394,37.33506],[128.97475,37.33534],[128.97598,37.3359],[128.97675,37.33592],[128.97739,37.33608],[128.97811,37.33641],[128.97956,37.33622],[128.98199,37.33618],[128.98365,37.3356],[128.98499,37.3354],[128.98694,37.33581],[128.98793,37.33572],[128.98837,37.33538],[128.98926,37.33528],[128.99033,37.33412],[128.9916,37.33549],[128.99255,37.33572],[128.99299,37.33597],[128.99529,37.33603],[128.99648,37.33685],[128.99714,37.33708],[128.99783,37.33761],[128.99932,37.3385],[128.99929,37.34],[129.00007,37.3401],[129.00133,37.34104],[129.00226,37.34274],[129.00236,37.34374],[129.005,37.34463],[129.00745,37.34559],[129.00831,37.34554],[129.00915,37.34404],[129.01001,37.34265],[129.00943,37.34115],[129.00983,37.34008],[129.01036,37.33966],[129.01254,37.33884],[129.01428,37.33839],[129.01435,37.33818],[129.01403,37.33768],[129.01267,37.33702],[129.01243,37.3359],[129.01135,37.33448],[129.0088,37.33386],[129.00854,37.33203],[129.00645,37.33209],[129.0056,37.33111],[129.00525,37.33013],[129.00439,37.32918],[129.00426,37.32756],[129.00268,37.32749],[129.00061,37.32625],[128.99972,37.32583],[128.99857,37.325],[128.99823,37.32488],[128.998,37.32456],[128.99873,37.324],[128.99925,37.32278],[128.99943,37.32152],[128.99831,37.31926],[128.99844,37.31899],[129.00071,37.31856],[129.00167,37.31848],[129.0028,37.31792],[129.00305,37.31757],[129.0033,37.31653],[129.0039,37.31598],[129.00508,37.31468],[129.00584,37.31442],[129.00614,37.31401],[129.00637,37.313],[129.00687,37.31305],[129.00832,37.31216],[129.0091,37.31217],[129.00948,37.31148],[129.01102,37.31167],[129.0121,37.31012],[129.01256,37.30885],[129.0131,37.30794],[129.01439,37.30762],[129.01551,37.30601],[129.01591,37.30522],[129.01773,37.30517],[129.01801,37.3047],[129.01807,37.30399],[129.01844,37.30352],[129.01807,37.30321],[129.01605,37.30083],[129.01375,37.29989],[129.01263,37.29885],[129.01187,37.29786],[129.0119,37.29752],[129.01099,37.29648],[129.01011,37.29581],[129.00874,37.29516],[129.00822,37.29509],[129.00728,37.29364],[129.00622,37.29291],[129.00609,37.29237],[129.00561,37.29215],[129.00535,37.29082],[129.00534,37.2901],[129.00459,37.28933],[129.00385,37.28837],[129.00505,37.28697],[129.00576,37.28652],[129.00592,37.28535],[129.00644,37.28435],[129.00667,37.28345],[129.00603,37.28281],[129.00763,37.28239],[129.00864,37.28224],[129.00927,37.2823],[129.00932,37.2819],[129.00962,37.28138],[129.0101,37.28114],[129.01052,37.2805],[129.01202,37.27937],[129.01319,37.2789],[129.01416,37.27869],[129.01327,37.27781],[129.01325,37.27734],[129.01345,37.27653],[129.01407,37.27521],[129.01438,37.27486],[129.01495,37.27468],[129.01513,37.27418],[129.01347,37.27347],[129.01268,37.27273],[129.01217,37.27255],[129.0112,37.27169],[129.01105,37.27063],[129.01088,37.2704],[129.01026,37.26996],[129.00888,37.27019],[129.00795,37.27041],[129.00799,37.26939],[129.00745,37.26865],[129.00708,37.26722],[129.00649,37.26684],[129.00597,37.26525],[129.0056,37.26425],[129.00511,37.26374],[129.00608,37.26332],[129.00659,37.26262],[129.00809,37.26115],[129.00832,37.26076],[129.00993,37.25956],[129.01029,37.25843],[129.01048,37.25679],[129.01045,37.25548],[129.01008,37.25509],[129.00897,37.25595],[129.00874,37.25662],[129.00819,37.2567],[129.00792,37.25599],[129.00729,37.25596],[129.00704,37.25537],[129.00746,37.25506],[129.00775,37.25443],[129.00798,37.25351],[129.00764,37.25314],[129.00747,37.25226],[129.00722,37.25201],[129.00706,37.25093],[129.0065,37.25059],[129.00603,37.25072],[129.00452,37.25073],[129.00311,37.25097],[129.00162,37.25056],[129.00155,37.2495],[129.00249,37.24906],[129.00164,37.24839],[129.00053,37.24713],[129.00109,37.24623],[129.00077,37.24576],[129.00131,37.24507],[129.00177,37.24466],[129.00001,37.24419],[128.99972,37.24356],[128.99851,37.24316],[128.99677,37.24337],[128.99545,37.24462],[128.99395,37.24462],[128.99287,37.24416],[128.99065,37.24263],[128.98995,37.24128],[128.98997,37.24079],[128.99078,37.24048],[128.99104,37.2396],[128.99203,37.23898],[128.99219,37.23868],[128.99217,37.23698],[128.99275,37.23574],[128.99319,37.23526],[128.99395,37.23533],[128.99568,37.23524],[128.99616,37.23537],[128.99645,37.23525],[128.99698,37.2345],[128.99771,37.23455],[128.99912,37.23531],[129.00067,37.23575],[129.00137,37.23563],[129.00163,37.23515],[129.0021,37.2351],[129.00425,37.23527],[129.00499,37.23511],[129.00556,37.23466],[129.00586,37.23424],[129.00674,37.23374],[129.00743,37.23351],[129.00792,37.23264],[129.00737,37.23251],[129.00553,37.23131],[129.00545,37.23075],[129.00667,37.23058],[129.00763,37.23002],[129.0081,37.22913],[129.00732,37.22798],[129.00654,37.22749],[129.00603,37.22762],[129.00455,37.22709],[129.00446,37.22677],[129.00473,37.22628],[129.00587,37.22543],[129.00597,37.22514],[129.00664,37.22461],[129.00752,37.22431],[129.0076,37.22415],[129.0082,37.22408],[129.00821,37.22369],[129.00846,37.22309],[129.00913,37.22243],[129.00998,37.22182],[129.01049,37.22082],[129.0087,37.22085],[129.0077,37.22042],[129.00641,37.22029],[129.00592,37.21997],[129.00482,37.21969],[129.00373,37.21967],[129.0023,37.21909],[129.00128,37.21842],[128.99998,37.21792],[129.00098,37.21631],[129.00118,37.21503],[129.00034,37.21388],[129.00039,37.2135],[128.99999,37.2128],[128.9999,37.21191],[129.00027,37.21074],[128.99992,37.2094],[129.00017,37.20892],[128.99974,37.20846],[128.99876,37.20781],[128.99956,37.20751],[129.00009,37.20713],[129.00134,37.20591],[129.00117,37.20467],[129.00132,37.20331],[129.00075,37.20282],[129.00214,37.20249],[129.00298,37.20173],[129.00429,37.20118],[129.00514,37.20132],[129.0059,37.20054],[129.00651,37.20094],[129.00713,37.20097],[129.00718,37.2005],[129.00749,37.19925],[129.00901,37.19851],[129.00804,37.19661],[129.00814,37.19559],[129.00703,37.19459],[129.00775,37.19429],[129.00827,37.19375],[129.00855,37.19305],[129.00896,37.19152],[129.00923,37.19091],[129.00998,37.19032],[129.01026,37.18977],[129.01012,37.18912],[129.0108,37.18841],[129.01134,37.18653],[129.01227,37.18548],[129.01331,37.18491],[129.01544,37.18447],[129.01629,37.18248],[129.01655,37.18142],[129.0185,37.1805],[129.01927,37.18029],[129.01995,37.18021],[129.02125,37.17962],[129.0216,37.1793],[129.02196,37.17875],[129.02314,37.1788],[129.02433,37.17796],[129.02517,37.17783],[129.0257,37.17751],[129.02596,37.17719],[129.026,37.17651],[129.02667,37.17615],[129.02722,37.17498],[129.02846,37.17478],[129.02896,37.1746],[129.0304,37.17452],[129.03103,37.17485],[129.03195,37.17512],[129.03277,37.17576],[129.03414,37.17509],[129.03451,37.1755],[129.03557,37.17544],[129.03592,37.17575],[129.03655,37.17589],[129.03686,37.17572],[129.03846,37.17465],[129.04039,37.17474],[129.04164,37.17382],[129.04165,37.17351],[129.0425,37.1729],[129.04364,37.17254],[129.04506,37.17171],[129.04671,37.17215],[129.04776,37.17264],[129.04819,37.17267],[129.04858,37.17247],[129.04937,37.17168],[129.04956,37.1712],[129.05023,37.17072],[129.05065,37.17031],[129.05128,37.16994],[129.05198,37.17006],[129.05229,37.17031],[129.05333,37.1703],[129.05395,37.17068],[129.05486,37.17065],[129.05755,37.17106],[129.05789,37.171],[129.05841,37.17131],[129.0591,37.17089],[129.05945,37.1709],[129.06021,37.1707],[129.06163,37.17111],[129.06228,37.17079],[129.06376,37.17063],[129.06449,37.17061],[129.06494,37.17028],[129.06539,37.17033],[129.06599,37.17013],[129.06658,37.17013],[129.06746,37.16957],[129.06817,37.16949],[129.06864,37.16962],[129.07183,37.16992],[129.07229,37.16965],[129.07282,37.16907],[129.0728,37.1684],[129.07371,37.16776],[129.07375,37.16721],[129.07427,37.16658],[129.07453,37.16596],[129.07466,37.16473],[129.07425,37.16349],[129.07407,37.16185],[129.07295,37.16107],[129.07192,37.16019],[129.07406,37.15972],[129.07548,37.15989],[129.07614,37.1602],[129.07956,37.15984],[129.08194,37.15987],[129.0826,37.1603],[129.08475,37.16035],[129.08496,37.16002],[129.08574,37.15955],[129.08619,37.1595],[129.08662,37.15969],[129.08696,37.15954],[129.08726,37.15888],[129.08857,37.15821],[129.08881,37.15652],[129.08846,37.15578],[129.08914,37.15476],[129.08875,37.1545],[129.0879,37.15244],[129.08892,37.15165],[129.08891,37.15083],[129.08915,37.15036],[129.08919,37.14915],[129.08899,37.14858],[129.08841,37.1477],[129.08886,37.14665],[129.08895,37.1461],[129.08953,37.14514],[129.08898,37.14456],[129.0887,37.14394],[129.09114,37.1432],[129.09238,37.14228],[129.09345,37.14216],[129.0938,37.14036],[129.09424,37.13935],[129.09537,37.13843],[129.09505,37.13776],[129.09485,37.13692],[129.09414,37.13627],[129.09358,37.13527],[129.09356,37.13422],[129.0928,37.1314],[129.09193,37.13059],[129.09154,37.13041],[129.09072,37.12963],[129.09098,37.12759],[129.09062,37.12642],[129.09008,37.12521],[129.08931,37.12437],[129.08906,37.12357],[129.09013,37.12284],[129.09037,37.12179],[129.0904,37.12093],[129.09105,37.12025],[129.0918,37.11992],[129.09196,37.11947],[129.09101,37.1181],[129.08991,37.11754],[129.08947,37.11743],[129.08815,37.11492],[129.08791,37.11421],[129.08799,37.11365],[129.08864,37.11327],[129.09003,37.11084],[129.09004,37.11049],[129.09033,37.11015],[129.09069,37.10897],[129.09372,37.10554],[129.09359,37.10523],[129.0946,37.10368],[129.09448,37.10249],[129.09566,37.10031],[129.09625,37.10041],[129.09679,37.1],[129.09732,37.09981],[129.0977,37.09991],[129.0982,37.09897],[129.09864,37.09901],[129.09942,37.09928],[129.1004,37.09944],[129.10173,37.09916],[129.10246,37.0987],[129.10302,37.09854],[129.1033,37.09823],[129.1045,37.0977],[129.10494,37.09691],[129.10594,37.09577],[129.10644,37.09494],[129.10695,37.09477],[129.10766,37.09437],[129.10736,37.09427],[129.10778,37.0935],[129.10876,37.09359],[129.10939,37.09316],[129.11057,37.09316],[129.11079,37.09293],[129.11142,37.09292],[129.112,37.0925],[129.11271,37.09241],[129.11466,37.09235],[129.11553,37.09284],[129.1161,37.0926],[129.11799,37.09273],[129.11846,37.09249],[129.11872,37.0922],[129.11972,37.09219],[129.12013,37.09233],[129.12075,37.09181],[129.1221,37.09142],[129.12289,37.09128],[129.12256,37.08995],[129.12351,37.08956],[129.12485,37.08957],[129.12549,37.08946],[129.12633,37.08917],[129.12661,37.08863],[129.12621,37.08753],[129.12639,37.08694],[129.1265,37.08612],[129.12649,37.08506],[129.12719,37.08444],[129.12791,37.08417],[129.12939,37.08384],[129.13072,37.08335],[129.1317,37.08314],[129.13243,37.0825],[129.13358,37.08178],[129.13463,37.08187],[129.13497,37.08171],[129.13659,37.08178],[129.13787,37.08139],[129.13852,37.08155],[129.13947,37.08227],[129.14043,37.08176],[129.14125,37.08114],[129.14145,37.0806],[129.14218,37.08035],[129.14236,37.07939],[129.14335,37.07836],[129.14368,37.07785],[129.14388,37.0778],[129.14384,37.07703],[129.14427,37.07658],[129.14596,37.07624],[129.14674,37.07633],[129.14805,37.07613],[129.14855,37.07539],[129.14976,37.07448],[129.15118,37.07416],[129.1518,37.07374],[129.15212,37.07323],[129.15259,37.07343],[129.15359,37.07259],[129.15426,37.07229],[129.1548,37.07172],[129.15524,37.07028],[129.15568,37.07051],[129.15663,37.07074],[129.15758,37.07121],[129.158,37.07132],[129.15852,37.07116],[129.15923,37.07074],[129.15943,37.06968],[129.16069,37.06955],[129.16177,37.06883],[129.16338,37.06924],[129.16458,37.06937],[129.16614,37.06916],[129.16605,37.06823],[129.16581,37.06734],[129.16625,37.06667],[129.16659,37.06589],[129.16676,37.06526],[129.1682,37.06447],[129.16922,37.06344],[129.16935,37.06274],[129.16966,37.06213],[129.16973,37.06153],[129.17013,37.06112],[129.1704,37.06036],[129.17155,37.05992],[129.17225,37.05921],[129.17366,37.05858],[129.17398,37.0587],[129.17494,37.05796],[129.17571,37.0578],[129.17628,37.05686],[129.17705,37.05672],[129.17738,37.05627],[129.17826,37.05556],[129.1791,37.05461],[129.17911,37.05412],[129.17937,37.05384],[129.17977,37.05379],[129.18043,37.05321],[129.18045,37.05241],[129.18084,37.05181],[129.18133,37.05162],[129.18164,37.05093],[129.1817,37.05039],[129.18209,37.05032],[129.18231,37.05003],[129.18307,37.04948],[129.18368,37.04886],[129.18401,37.04785],[129.18381,37.04725],[129.18441,37.04674],[129.18503,37.04658],[129.18508,37.04581],[129.18498,37.04562],[129.18495,37.0447],[129.18445,37.04378],[129.18488,37.04308],[129.1851,37.04218],[129.18541,37.04172],[129.1865,37.04174],[129.18693,37.04186],[129.18757,37.04135],[129.18857,37.04111],[129.18998,37.04092],[129.19061,37.04065],[129.19142,37.04058],[129.19222,37.04074],[129.19259,37.04064],[129.19337,37.04094],[129.19402,37.04073],[129.19475,37.04063],[129.19542,37.04159],[129.1956,37.04214],[129.19594,37.04249],[129.19727,37.04267],[129.19856,37.04247],[129.19961,37.04268],[129.20003,37.04314],[129.20053,37.04327],[129.20113,37.04377],[129.20215,37.04443],[129.20296,37.04457],[129.20367,37.04479],[129.20505,37.04497],[129.20572,37.04482],[129.20678,37.04449],[129.2075,37.04441],[129.20806,37.04395],[129.2085,37.04391],[129.20932,37.04367],[129.21055,37.04372],[129.21116,37.04347],[129.21145,37.04323],[129.21185,37.04328],[129.21341,37.04299],[129.2138,37.04303],[129.21465,37.04372],[129.21511,37.04392],[129.21612,37.04404],[129.21665,37.04402],[129.21742,37.04376],[129.21824,37.04362],[129.21933,37.0437],[129.21959,37.04395],[129.22074,37.04424],[129.22114,37.04444],[129.22131,37.04414],[129.22277,37.04426],[129.22344,37.04391],[129.22419,37.0444],[129.22531,37.04456],[129.22595,37.04428],[129.22642,37.04374],[129.22768,37.04315],[129.22835,37.04293],[129.23034,37.04248],[129.23086,37.04182],[129.23173,37.0417],[129.23195,37.04128],[129.2326,37.04119],[129.23359,37.0404],[129.23454,37.04015],[129.23554,37.04036],[129.23645,37.04036],[129.23722,37.0398],[129.23786,37.03868],[129.23801,37.03867],[129.23891,37.03937],[129.2387,37.04005],[129.23821,37.04036],[129.23821,37.04079],[129.2375,37.04136],[129.23681,37.04155],[129.23559,37.04244],[129.23537,37.04295],[129.23471,37.04289],[129.23434,37.04346],[129.23369,37.04359],[129.23326,37.04409],[129.23267,37.04422],[129.23252,37.04467],[129.23312,37.04544],[129.23312,37.04635],[129.23272,37.04681],[129.23306,37.04876],[129.23283,37.04919],[129.23293,37.0497],[129.23282,37.05024],[129.23201,37.05097],[129.23113,37.05222],[129.23177,37.05426],[129.23138,37.0545],[129.23069,37.05468],[129.22954,37.05474],[129.2295,37.055],[129.22885,37.05611],[129.22852,37.05723],[129.2288,37.05826],[129.22938,37.05821],[129.2308,37.05884],[129.23167,37.06041],[129.23163,37.06067],[129.23198,37.06124],[129.23223,37.06218],[129.23307,37.06388],[129.23293,37.06427],[129.23262,37.06451],[129.2319,37.06577],[129.23163,37.06592],[129.23093,37.06695],[129.23047,37.06722],[129.23086,37.0689],[129.22994,37.06984],[129.22881,37.07119],[129.22854,37.07161],[129.22764,37.07209],[129.22649,37.07216],[129.22587,37.07273],[129.22589,37.07326],[129.22538,37.07372],[129.22604,37.07417],[129.22712,37.07503],[129.22851,37.07535],[129.2291,37.07585],[129.23015,37.07645],[129.23086,37.07662],[129.23132,37.07705],[129.23214,37.07807],[129.23244,37.07858],[129.23288,37.07977],[129.23324,37.0801],[129.23394,37.08038],[129.23418,37.08066],[129.23535,37.08084],[129.23592,37.08106],[129.23578,37.08155],[129.23618,37.08228],[129.23673,37.08287],[129.23725,37.08381],[129.23818,37.08435],[129.23986,37.08494],[129.24046,37.08504],[129.24083,37.08546],[129.24112,37.08623],[129.24161,37.08685],[129.24195,37.0876],[129.2434,37.08816],[129.2437,37.089],[129.24361,37.08933],[129.24384,37.08983],[129.24438,37.09022],[129.24494,37.09088],[129.24526,37.09149],[129.24617,37.09261],[129.24624,37.09317],[129.24679,37.0937],[129.2477,37.09487],[129.24808,37.09496],[129.24881,37.09565],[129.24903,37.09615],[129.25043,37.0967],[129.25137,37.0969],[129.25179,37.09712],[129.25316,37.09679],[129.25394,37.0976],[129.25521,37.098],[129.25516,37.09868],[129.25526,37.09935],[129.25651,37.09972],[129.25695,37.10015],[129.25831,37.10048],[129.25854,37.10079],[129.25908,37.10105],[129.26023,37.10096],[129.26128,37.1013],[129.26243,37.1015],[129.26329,37.102],[129.26444,37.10213],[129.26566,37.10215],[129.26599,37.10232],[129.26635,37.10277],[129.2669,37.10319],[129.26697,37.10393],[129.26718,37.10436],[129.26798,37.10523],[129.26854,37.1057],[129.26886,37.10628],[129.26955,37.10652],[129.27024,37.10692],[129.26995,37.10764],[129.26943,37.10835],[129.26914,37.10851],[129.26943,37.10921],[129.26919,37.11021],[129.26976,37.11052],[129.27053,37.11117],[129.27037,37.11182],[129.26993,37.11245],[129.26978,37.11298],[129.27083,37.11397],[129.27107,37.11445],[129.27098,37.11537],[129.27131,37.11591],[129.27124,37.11638],[129.27202,37.11701],[129.27275,37.1171],[129.27349,37.11706],[129.27452,37.11727],[129.27505,37.11756],[129.27629,37.11798],[129.27674,37.11855],[129.27748,37.11799],[129.27824,37.11758],[129.27849,37.11706],[129.27951,37.11711],[129.28039,37.11676],[129.28112,37.11671],[129.28118,37.11636],[129.282,37.1161],[129.28309,37.11644],[129.28389,37.11694],[129.28461,37.11699],[129.28539,37.11725],[129.28626,37.11643],[129.28673,37.11626],[129.28754,37.11561],[129.28792,37.11561],[129.28865,37.11525],[129.28911,37.11529],[129.28955,37.11513],[129.29045,37.11513],[129.29127,37.11487],[129.29255,37.11432],[129.29322,37.11475],[129.29344,37.11437],[129.29459,37.11437],[129.29491,37.11588],[129.29479,37.11629],[129.29512,37.11702],[129.29476,37.11757],[129.29508,37.1181],[129.29528,37.11891],[129.29518,37.11931],[129.29523,37.1203],[129.29601,37.12091],[129.29651,37.1216],[129.29703,37.12182],[129.29759,37.12248],[129.29763,37.12351],[129.29783,37.12399],[129.29778,37.12443],[129.298,37.12454],[129.29881,37.12437],[129.29931,37.12411],[129.30055,37.12494],[129.30095,37.12568],[129.30113,37.12658],[129.30229,37.12754],[129.30308,37.12785],[129.30387,37.12824],[129.30457,37.128],[129.30523,37.12797],[129.30618,37.12768],[129.30846,37.12798],[129.30889,37.12794],[129.31027,37.12885],[129.31098,37.12958],[129.31088,37.12994],[129.31116,37.13022],[129.3112,37.13065],[129.31102,37.13132],[129.31104,37.13167],[129.3118,37.13221],[129.31313,37.13157],[129.31445,37.13134],[129.31498,37.13152],[129.31496,37.132],[129.31559,37.1323],[129.31641,37.13235],[129.31661,37.13271],[129.31708,37.1329],[129.31815,37.13295],[129.31897,37.13361],[129.31889,37.13383],[129.3194,37.13444],[129.31941,37.13507],[129.31916,37.13545],[129.31946,37.13578],[129.32036,37.13588],[129.32063,37.13577],[129.32162,37.13677],[129.32156,37.13759],[129.32295,37.1382],[129.32281,37.13918],[129.32299,37.13995],[129.32359,37.14072],[129.32368,37.14112],[129.32406,37.14177],[129.32483,37.14229],[129.32708,37.14216],[129.32789,37.14195],[129.32872,37.14152],[129.32912,37.14103],[129.32962,37.14102],[129.33057,37.1405],[129.33098,37.14048],[129.33191,37.14063],[129.33252,37.14052],[129.33324,37.14071],[129.33375,37.14213],[129.33408,37.1426],[129.33458,37.14265],[129.33644,37.14198],[129.33734,37.14289],[129.33835,37.14346],[129.33862,37.14394],[129.33865,37.14453],[129.33898,37.1452],[129.33901,37.14606],[129.33951,37.14683],[129.33975,37.1466],[129.33996,37.14533],[129.34099,37.1446],[129.3416,37.14514],[129.34224,37.14499],[129.34279,37.14508],[129.34376,37.14553],[129.34434,37.14595],[129.34461,37.14602],[129.34606,37.14574],[129.34685,37.14618],[129.34784,37.14645],[129.34909,37.14645],[129.349,37.14523],[129.34974,37.1454],[129.34985,37.14566],[129.35053,37.14623],[129.35074,37.1463],[129.35152,37.14612],[129.35207,37.14631],[129.35326,37.14617],[129.35396,37.1458],[129.35425,37.14589],[129.35485,37.14574],[129.35601,37.14514],[129.35638,37.14486],[129.35721,37.14489],[129.3575,37.14503],[129.35792,37.14494],[129.35829,37.14523],[129.3588,37.14522],[129.35915,37.14496],[129.36066,37.14501],[129.36108,37.14484],[129.36201,37.14494],[129.36277,37.14577],[129.3634,37.146],[129.36394,37.14624],[129.36361,37.14672],[129.36356,37.14751],[129.36397,37.14797],[129.36359,37.14828],[129.36291,37.14848],[129.36234,37.14902],[129.36215,37.14965],[129.36169,37.15012],[129.36164,37.1508],[129.36138,37.15074],[129.36081,37.15161],[129.36081,37.15189],[129.36049,37.15204],[129.36069,37.15281],[129.36028,37.15345],[129.35944,37.15421],[129.35955,37.15467],[129.36032,37.15464],[129.36032,37.15487],[129.35913,37.15495],[129.35911,37.15533],[129.35882,37.15559],[129.35857,37.15745],[129.35836,37.15768],[129.35777,37.15793],[129.35713,37.15845],[129.3567,37.15909],[129.35612,37.15975],[129.35484,37.16056],[129.35441,37.16095],[129.35314,37.1616],[129.35263,37.16243],[129.35247,37.16357],[129.35262,37.16413],[129.35189,37.16421],[129.35193,37.16513],[129.3533,37.16508],[129.35451,37.16517],[129.35575,37.16544],[129.35634,37.16567],[129.35759,37.16643],[129.35868,37.16641],[129.35867,37.1668],[129.35759,37.16682],[129.35637,37.16615],[129.3558,37.1667],[129.35668,37.16738],[129.35409,37.17024],[129.35287,37.17022],[129.35138,37.17189],[129.35152,37.17197],[129.34987,37.17385],[129.35246,37.17532],[129.35234,37.1754],[129.34959,37.17386],[129.34948,37.17398],[129.34679,37.17255],[129.34686,37.17244],[129.34553,37.17169],[129.34527,37.17189],[129.34414,37.1723],[129.34447,37.1735],[129.34441,37.17421],[129.34423,37.17447],[129.34325,37.17487],[129.34279,37.17521],[129.3428,37.17612],[129.34402,37.17611],[129.34556,37.17544],[129.34575,37.17573],[129.34569,37.17649],[129.34751,37.17659],[129.34756,37.17686],[129.35,37.17698],[129.35262,37.17708],[129.35245,37.18003],[129.35148,37.18],[129.35164,37.17766],[129.35183,37.17728],[129.34755,37.17705],[129.34734,37.17864],[129.34706,37.1821],[129.34725,37.18254],[129.34713,37.18304],[129.34628,37.18337],[129.34616,37.18393],[129.346,37.18577],[129.3457,37.18987],[129.34559,37.19056],[129.34547,37.19209],[129.34548,37.19268],[129.34534,37.19431],[129.34522,37.19465],[129.3447,37.19519],[129.34382,37.19532],[129.34309,37.19521],[129.34278,37.19581],[129.34286,37.19645],[129.34334,37.19657],[129.34292,37.19688],[129.34288,37.19733],[129.34309,37.19783],[129.34359,37.19811],[129.34311,37.19844],[129.3433,37.19876],[129.34375,37.19889],[129.34406,37.1994],[129.34409,37.19996],[129.34338,37.19999],[129.3432,37.20069],[129.3436,37.20112],[129.34459,37.20131],[129.34522,37.19965],[129.34552,37.19988],[129.34519,37.20094],[129.3449,37.20146],[129.34523,37.20149],[129.34582,37.20196],[129.34648,37.20269],[129.34634,37.20303],[129.34572,37.20374],[129.34591,37.20403],[129.34572,37.20463],[129.34622,37.20485],[129.34622,37.20508],[129.34573,37.2054],[129.34583,37.2061],[129.34661,37.20649],[129.34652,37.20701],[129.34663,37.20806],[129.34655,37.2086],[129.34685,37.20917],[129.34708,37.20912],[129.3475,37.20944],[129.34754,37.21003],[129.34782,37.21005],[129.34783,37.21044],[129.34804,37.21088],[129.34797,37.21127],[129.34748,37.21211],[129.34673,37.21244],[129.34674,37.21283],[129.34645,37.21315],[129.34606,37.21329],[129.34622,37.21366],[129.34604,37.21385],[129.34623,37.2142],[129.34642,37.21514],[129.34564,37.21501],[129.34533,37.21554],[129.34491,37.21565],[129.34469,37.21611],[129.34487,37.2169],[129.34436,37.21739],[129.34429,37.21819],[129.34401,37.21824],[129.34371,37.21858],[129.34385,37.21913],[129.34354,37.2197],[129.3429,37.2203],[129.34188,37.22053],[129.34176,37.22102],[129.34104,37.22161],[129.34096,37.22241],[129.34119,37.223],[129.34101,37.22379],[129.34121,37.2246],[129.34161,37.22507],[129.34246,37.22501],[129.34288,37.2253],[129.34245,37.22638],[129.34259,37.22647],[129.34319,37.22856],[129.34342,37.2296],[129.34415,37.22948],[129.34609,37.22944],[129.34602,37.22852],[129.34521,37.22765],[129.34529,37.22714],[129.34492,37.22537],[129.34491,37.2248],[129.34544,37.22482],[129.34525,37.22535],[129.3456,37.22678],[129.3457,37.22743],[129.34642,37.22822],[129.34674,37.2296],[129.34701,37.22992],[129.3479,37.23041],[129.34873,37.23069],[129.34943,37.23107],[129.35011,37.23118],[129.35024,37.23152],[129.35064,37.23157],[129.35083,37.23192],[129.35139,37.23209],[129.35166,37.23251],[129.35224,37.23259],[129.35316,37.23329],[129.35397,37.23374],[129.35436,37.23354],[129.35481,37.23393],[129.35517,37.23454],[129.35559,37.23475],[129.35598,37.23465],[129.35614,37.2353],[129.35666,37.23564],[129.3559,37.23574],[129.35575,37.23602],[129.3553,37.23575],[129.35491,37.23593],[129.35489,37.23644],[129.35462,37.2367],[129.35465,37.23726],[129.35387,37.23726],[129.35365,37.23701],[129.35317,37.23712],[129.35275,37.237],[129.35183,37.23757],[129.3518,37.23801],[129.35012,37.23882],[129.34984,37.23931],[129.3498,37.23981],[129.34959,37.24011],[129.34949,37.24111],[129.34926,37.24125],[129.34935,37.24208],[129.34909,37.24223],[129.34909,37.24312],[129.34849,37.2439],[129.34851,37.24474],[129.34834,37.24522],[129.3487,37.24734],[129.34889,37.24757],[129.34812,37.24803],[129.34739,37.24831],[129.34677,37.24837],[129.34658,37.24857],[129.34518,37.24874],[129.34438,37.24827],[129.3436,37.24827],[129.34216,37.24858],[129.34156,37.24914],[129.34144,37.24953],[129.34165,37.25001],[129.34209,37.2503],[129.34214,37.25068],[129.34201,37.25163],[129.34168,37.25208],[129.34207,37.2523],[129.34196,37.2527],[129.34158,37.25304],[129.34102,37.25316],[129.3407,37.25357],[129.34063,37.25425],[129.34075,37.25468],[129.34126,37.25491],[129.33965,37.25519],[129.33978,37.25559],[129.33841,37.25528],[129.33796,37.25566],[129.33718,37.25585],[129.33716,37.25628],[129.33656,37.25637],[129.33654,37.25666],[129.33693,37.25705],[129.33626,37.25737],[129.33554,37.25741],[129.335,37.25767],[129.33492,37.25844],[129.33465,37.25899],[129.33458,37.25939],[129.33482,37.25969],[129.33408,37.2598],[129.33381,37.26014],[129.33218,37.26056],[129.33176,37.26089],[129.33136,37.26092],[129.33094,37.2612],[129.33077,37.26189],[129.33041,37.26239],[129.32991,37.26234],[129.32946,37.2625],[129.32923,37.26331],[129.32854,37.26345],[129.32778,37.26338],[129.32771,37.26391],[129.32749,37.26419],[129.32771,37.26477],[129.32726,37.26493],[129.32717,37.26551],[129.32776,37.26609],[129.32829,37.26623],[129.32853,37.2659],[129.32892,37.26491],[129.32912,37.26508],[129.32865,37.26622],[129.32858,37.26686],[129.32904,37.26704],[129.32912,37.2673],[129.32852,37.26735],[129.32853,37.26772],[129.32784,37.26808],[129.32772,37.26855],[129.32792,37.26898],[129.32834,37.26919],[129.3282,37.26979],[129.32868,37.27007],[129.32854,37.27063],[129.32915,37.27075],[129.32876,37.27116],[129.32893,37.27158],[129.32946,37.27194],[129.32913,37.27238],[129.3292,37.27288],[129.3287,37.27287],[129.32784,37.27361],[129.32766,37.27447],[129.32742,37.27514],[129.32781,37.27562],[129.32783,37.27608],[129.32824,37.27641],[129.32915,37.27654],[129.32967,37.27712],[129.32932,37.2772],[129.32927,37.27786],[129.32957,37.278],[129.32962,37.27834],[129.32922,37.27899],[129.32872,37.27937],[129.32915,37.2798],[129.32912,37.2804],[129.32811,37.28041],[129.32802,37.28133],[129.32772,37.28107],[129.32779,37.28036],[129.32732,37.2802],[129.32703,37.27991],[129.3264,37.27987],[129.32624,37.28013],[129.32546,37.28051],[129.32516,37.28099],[129.32581,37.28153],[129.32545,37.28173],[129.32481,37.2811],[129.32456,37.28098],[129.32314,37.28141],[129.32264,37.28175],[129.32219,37.28173],[129.32192,37.2819],[129.32128,37.28186],[129.32045,37.28237],[129.3202,37.2831],[129.3204,37.28404],[129.31999,37.28433],[129.32039,37.28453],[129.32041,37.28491],[129.32115,37.28508],[129.32064,37.28557],[129.32109,37.28585],[129.32078,37.28614],[129.32108,37.28633],[129.32075,37.28666],[129.32042,37.28791],[129.3198,37.28842],[129.32007,37.2886],[129.32019,37.28897],[129.31897,37.28917],[129.31874,37.28962],[129.31823,37.28959],[129.31797,37.28918],[129.31792,37.28871],[129.31757,37.28866],[129.31557,37.28943],[129.31475,37.28969],[129.31433,37.28946],[129.31445,37.28921],[129.3149,37.28921],[129.3159,37.289],[129.31683,37.28871],[129.31676,37.28854],[129.31739,37.28835],[129.31721,37.28798],[129.31728,37.28748],[129.31757,37.28723],[129.31756,37.28673],[129.31708,37.28677],[129.31527,37.28731],[129.31505,37.28762],[129.31518,37.28838],[129.31495,37.28836],[129.31483,37.28761],[129.31442,37.28722],[129.31442,37.28676],[129.31465,37.28634],[129.31409,37.286],[129.31335,37.28587],[129.31248,37.28591],[129.31168,37.28613],[129.31123,37.28611],[129.31042,37.28636],[129.31012,37.28653],[129.31021,37.28688],[129.30987,37.28741],[129.31009,37.28763],[129.30946,37.28813],[129.30934,37.28837],[129.30962,37.28872],[129.30926,37.28885],[129.30932,37.28929],[129.30968,37.28931],[129.3101,37.2897],[129.31015,37.28997],[129.3096,37.29023],[129.30985,37.29074],[129.30954,37.29113],[129.30913,37.29111],[129.30857,37.2903],[129.30816,37.29078],[129.3075,37.28995],[129.30702,37.28978],[129.30655,37.28978],[129.30554,37.28994],[129.30446,37.29024],[129.30398,37.29051],[129.30218,37.29176],[129.30102,37.2924],[129.30043,37.29287],[129.30032,37.29311],[129.30037,37.29389],[129.30029,37.29429],[129.30068,37.29576],[129.30095,37.29619],[129.30073,37.2967],[129.30079,37.29701],[129.30038,37.29713],[129.30075,37.29746],[129.30059,37.29803],[129.30085,37.29824],[129.30115,37.29888],[129.30149,37.29899],[129.30168,37.29948],[129.30197,37.29956],[129.30223,37.29997],[129.30205,37.30029],[129.30228,37.30056],[129.30197,37.30079],[129.30208,37.30109],[129.30192,37.30143],[129.30217,37.30194],[129.30188,37.30307],[129.30194,37.30333],[129.30138,37.30346],[129.30087,37.30373],[129.30058,37.30407],[129.30082,37.30421],[129.30085,37.30506],[129.30048,37.30554],[129.30075,37.30561],[129.30022,37.30636],[129.30053,37.30649],[129.30032,37.30688],[129.29975,37.30685],[129.29929,37.3072],[129.29953,37.30765],[129.29943,37.308],[129.29898,37.30865],[129.29846,37.30886],[129.29856,37.30974],[129.29839,37.31017],[129.29779,37.31048],[129.29736,37.31088],[129.29548,37.31204],[129.29533,37.31155],[129.29473,37.31113],[129.29351,37.31156],[129.29273,37.3117],[129.29246,37.31156],[129.2941,37.31111],[129.29447,37.3109],[129.29442,37.30991],[129.2928,37.30988],[129.29276,37.31063],[129.29244,37.31089],[129.29203,37.31015],[129.29124,37.30976],[129.29049,37.30925],[129.28913,37.30938],[129.28852,37.30958],[129.28748,37.31006],[129.28623,37.3108],[129.28565,37.31102],[129.28512,37.31184],[129.28455,37.31204],[129.284,37.31237],[129.28383,37.31272],[129.28335,37.31276],[129.28272,37.31298],[129.28162,37.31356],[129.28092,37.31405],[129.28032,37.31435],[129.27949,37.31493],[129.2792,37.31523],[129.27798,37.31595],[129.2774,37.31642],[129.27709,37.31653],[129.276,37.31738],[129.27499,37.31794],[129.27405,37.3187],[129.27231,37.3199],[129.27181,37.32037],[129.27075,37.32114],[129.27041,37.32151],[129.26952,37.32287],[129.26919,37.32398],[129.26918,37.32483],[129.26931,37.32548],[129.26958,37.32573],[129.27046,37.32555],[129.2703,37.32585],[129.26891,37.32619],[129.26879,37.3266],[129.27005,37.32779],[129.27112,37.32703],[129.27153,37.32632],[129.27154,37.32587],[129.27132,37.32546],[129.27186,37.32533],[129.27204,37.32557],[129.272,37.32645],[129.27158,37.3272],[129.27071,37.3278],[129.27039,37.32819],[129.27049,37.32861],[129.27077,37.32891],[129.27062,37.32925],[129.27031,37.32945],[129.26975,37.32941],[129.26911,37.32918],[129.26875,37.32919],[129.26841,37.32966],[129.26912,37.33051],[129.26914,37.33084],[129.26851,37.33093],[129.26808,37.33116],[129.26799,37.33083],[129.2668,37.3309],[129.2667,37.33136],[129.2664,37.33166],[129.26661,37.33212],[129.26646,37.33294],[129.26621,37.33289],[129.26649,37.33427],[129.26678,37.33452],[129.26665,37.33493],[129.26683,37.33546],[129.26654,37.33656],[129.26658,37.33694],[129.26695,37.33741],[129.26761,37.3377],[129.26783,37.33888],[129.26775,37.33921],[129.26744,37.33954],[129.26693,37.33957],[129.26613,37.34062],[129.2661,37.34137],[129.26591,37.34162],[129.26649,37.34219],[129.26664,37.34265],[129.26689,37.34271],[129.267,37.34331],[129.26663,37.34369],[129.26598,37.34414],[129.2653,37.34409],[129.2645,37.34427],[129.26407,37.34455],[129.2639,37.34504],[129.26329,37.34496],[129.26262,37.34508],[129.26223,37.34528],[129.26241,37.34558],[129.26215,37.34599],[129.26215,37.34651],[129.26139,37.34675],[129.26151,37.34725],[129.26086,37.34736],[129.2607,37.34838],[129.26195,37.34822],[129.26226,37.34785],[129.26361,37.34667],[129.26382,37.34697],[129.26252,37.34804],[129.26225,37.34845],[129.26137,37.34857],[129.26112,37.34879],[129.2606,37.34966],[129.26071,37.35058],[129.26088,37.35091],[129.26091,37.35201],[129.26067,37.35199],[129.26064,37.35262],[129.25999,37.35294],[129.25933,37.35304],[129.25931,37.35346],[129.25865,37.35399],[129.25815,37.35388],[129.25807,37.35431],[129.25825,37.35506],[129.25776,37.35519],[129.25712,37.35496],[129.25649,37.35506],[129.25622,37.35544],[129.25644,37.35586],[129.2562,37.35678],[129.25603,37.35696],[129.2563,37.35777],[129.25613,37.35803],[129.2557,37.35803],[129.25538,37.35839],[129.25515,37.35817],[129.25481,37.35844],[129.25465,37.35895],[129.25372,37.35924],[129.25358,37.35944],[129.25343,37.36034],[129.2535,37.36065],[129.25322,37.36092],[129.25316,37.36144],[129.25273,37.36127],[129.25241,37.36141],[129.2528,37.36236],[129.25259,37.36241],[129.25198,37.36185],[129.25155,37.36199],[129.25082,37.36302],[129.25101,37.36423],[129.25146,37.36538],[129.25153,37.36602],[129.25127,37.36665],[129.25175,37.36744],[129.25153,37.36785],[129.25155,37.36823],[129.25187,37.36831],[129.25185,37.36883],[129.25147,37.36935],[129.2518,37.36973],[129.25175,37.37043],[129.25157,37.37093],[129.25179,37.37167],[129.25212,37.37176],[129.2521,37.37214],[129.2511,37.37288],[129.25122,37.37351],[129.25182,37.37376],[129.25235,37.3742],[129.25212,37.3745],[129.25263,37.37472],[129.25196,37.37532],[129.25181,37.37605],[129.25209,37.37639],[129.25282,37.37646],[129.25304,37.37701],[129.25338,37.37705],[129.25367,37.37852],[129.25481,37.3784],[129.25465,37.37748],[129.25494,37.37744],[129.25455,37.37594],[129.25435,37.37574],[129.25452,37.37535],[129.25488,37.37554],[129.25498,37.3762],[129.25528,37.37743],[129.25545,37.37846],[129.25608,37.37858],[129.25689,37.37841],[129.25728,37.37888],[129.25747,37.37931],[129.25742,37.37966],[129.25646,37.38052],[129.25601,37.37987],[129.25542,37.37961],[129.25484,37.37996],[129.25416,37.37988],[129.25227,37.38008],[129.2513,37.38039],[129.24998,37.38113],[129.24885,37.38184],[129.24842,37.38221],[129.24726,37.38282],[129.24575,37.38375],[129.24407,37.38486],[129.24223,37.38571],[129.24184,37.38604],[129.24093,37.38652],[129.24032,37.38693],[129.23967,37.38749],[129.23964,37.38816],[129.24004,37.38857],[129.23962,37.38895],[129.23919,37.38883],[129.23819,37.38907],[129.23798,37.38879],[129.23736,37.38857],[129.23682,37.3885],[129.23594,37.38896],[129.23557,37.38905],[129.23497,37.38938],[129.23444,37.38952],[129.23394,37.38981],[129.23339,37.38997],[129.23241,37.39042],[129.23194,37.39081],[129.22988,37.39177],[129.22955,37.39205],[129.22895,37.39232],[129.22707,37.39341],[129.22679,37.39365],[129.22602,37.39402],[129.22477,37.39454],[129.22411,37.39508],[129.22331,37.39562],[129.22164,37.3965],[129.22129,37.39679],[129.22104,37.39724],[129.22149,37.39775],[129.22133,37.39785],[129.22078,37.39731],[129.22008,37.39755],[129.21821,37.39875],[129.21811,37.3989],[129.21714,37.39953],[129.21593,37.40044],[129.21527,37.4011],[129.21511,37.40151],[129.21562,37.40181],[129.21504,37.40216],[129.21464,37.40257],[129.2144,37.40219],[129.21402,37.40221],[129.21356,37.40246],[129.21303,37.40297],[129.21274,37.40365],[129.21271,37.40434],[129.2131,37.40476],[129.21309,37.40501],[129.21251,37.40508],[129.21163,37.40429],[129.21145,37.40431],[129.21051,37.40483],[129.21022,37.40507],[129.20858,37.40604],[129.20797,37.40653],[129.20696,37.40776],[129.20611,37.40824],[129.20484,37.40945],[129.20473,37.40986],[129.20567,37.41061],[129.20534,37.41073],[129.20485,37.41036],[129.20454,37.40996],[129.20369,37.41007],[129.20305,37.41055],[129.20245,37.41151],[129.20237,37.41183],[129.20242,37.41269],[129.20221,37.41346],[129.20178,37.41374],[129.20173,37.41416],[129.20138,37.41479],[129.20255,37.4152],[129.20345,37.41543],[129.20553,37.41335],[129.20606,37.41315],[129.20618,37.41335],[129.20548,37.41409],[129.20365,37.41587],[129.20346,37.41593],[129.20198,37.41545],[129.20039,37.41481],[129.20012,37.4154],[129.19917,37.41507],[129.19842,37.41516],[129.19752,37.41598],[129.19789,37.41648],[129.19716,37.41714],[129.19705,37.41741],[129.19719,37.41808],[129.19702,37.41831],[129.19718,37.41871],[129.19763,37.41902],[129.198,37.41958],[129.19797,37.4199],[129.19716,37.42005],[129.19682,37.41984],[129.19633,37.4201],[129.19581,37.42077],[129.19598,37.4211],[129.19529,37.42149],[129.195,37.42275],[129.19527,37.42312],[129.19495,37.4237],[129.19503,37.42406],[129.19461,37.42408],[129.19444,37.42387],[129.19376,37.42408],[129.19333,37.42404],[129.19286,37.42424],[129.19225,37.42512],[129.19252,37.42587],[129.19216,37.42622],[129.1921,37.42652],[129.1929,37.42676],[129.19336,37.42722],[129.19293,37.42742],[129.19315,37.428],[129.19259,37.42823],[129.19247,37.42842],[129.19268,37.42887],[129.19263,37.42929],[129.19233,37.4297],[129.19259,37.42998],[129.19216,37.43047],[129.19179,37.43064],[129.19193,37.43111],[129.19161,37.43152],[129.19094,37.4317],[129.19065,37.43216],[129.19022,37.43215],[129.19007,37.4336],[129.19073,37.43387],[129.1922,37.43369],[129.19255,37.43348],[129.19349,37.43257],[129.19366,37.43265],[129.19274,37.43355],[129.19228,37.43385],[129.19224,37.43408],[129.18923,37.43441],[129.18944,37.43714],[129.19122,37.43702],[129.19174,37.43777],[129.19218,37.43796],[129.1928,37.43752],[129.19372,37.43561],[129.19428,37.43432],[129.19469,37.43403],[129.1956,37.43298],[129.19665,37.43241],[129.19713,37.43203],[129.19723,37.43245],[129.19603,37.43317],[129.19591,37.43343],[129.19475,37.43466],[129.19459,37.4352],[129.19424,37.43761],[129.19408,37.43787],[129.19401,37.43866],[129.19364,37.44077],[129.19354,37.44112],[129.19284,37.44157],[129.19259,37.44236],[129.19287,37.44272],[129.19221,37.44273],[129.19176,37.44353],[129.19214,37.44367],[129.19191,37.44394],[129.19151,37.44381],[129.19126,37.44399],[129.19086,37.44467],[129.19085,37.44493],[129.19036,37.44527],[129.18967,37.44553],[129.18952,37.44581],[129.19016,37.4461],[129.18983,37.44647],[129.18986,37.44718],[129.18957,37.44755],[129.18997,37.44809],[129.19066,37.44854],[129.18969,37.44858],[129.18974,37.4494],[129.19009,37.44957],[129.18974,37.44991],[129.19002,37.45009],[129.18986,37.45094],[129.1901,37.45136],[129.19002,37.45169],[129.18934,37.4523],[129.18886,37.45221],[129.18859,37.45274],[129.18831,37.45246],[129.18754,37.45266],[129.18705,37.4525],[129.18667,37.45286],[129.18658,37.45344],[129.1868,37.45368],[129.18716,37.45349],[129.18779,37.45347],[129.1878,37.45381],[129.18738,37.45398],[129.18748,37.45458],[129.18709,37.4548],[129.18725,37.45534],[129.18716,37.45557],[129.18752,37.45591],[129.1869,37.45654],[129.18651,37.45658],[129.18632,37.45685],[129.18622,37.45739],[129.18544,37.45731],[129.18507,37.45751],[129.18454,37.45737],[129.18435,37.45791],[129.18409,37.45785],[129.18333,37.45836],[129.18352,37.45881],[129.18315,37.45939],[129.18278,37.45949],[129.18243,37.45982],[129.18279,37.4602],[129.18233,37.46064],[129.18148,37.46078],[129.18102,37.46058],[129.18019,37.46068],[129.1798,37.46101],[129.17972,37.46152],[129.18005,37.46208],[129.17979,37.46243],[129.18003,37.46292],[129.1796,37.46303],[129.1791,37.46368],[129.17841,37.46352],[129.17811,37.46401],[129.1777,37.46383],[129.17755,37.46406],[129.17863,37.46472],[129.17961,37.46455],[129.18048,37.46418],[129.18066,37.46439],[129.18019,37.46468],[129.17946,37.46491],[129.17903,37.46488],[129.17867,37.46502],[129.17725,37.46424],[129.17672,37.46407],[129.17588,37.46439],[129.17508,37.46498],[129.1747,37.46544],[129.17464,37.46573],[129.17321,37.46586],[129.17165,37.46694],[129.16993,37.46827],[129.16876,37.46909],[129.16629,37.47116],[129.16548,37.472],[129.16537,37.47237],[129.16557,37.47266],[129.16618,37.47292],[129.16615,37.47346],[129.16584,37.4738],[129.1654,37.47358],[129.16506,37.47383],[129.16484,37.47359],[129.16429,37.47363],[129.16402,37.47384],[129.16373,37.47349],[129.1632,37.47361],[129.16198,37.47469],[129.16078,37.47584]],[[129.19011,37.43874],[129.19062,37.43873],[129.19156,37.43797],[129.19136,37.43757],[129.19097,37.43792],[129.18829,37.43815],[129.18808,37.43802],[129.188,37.43744],[129.18725,37.43749],[129.18734,37.43821],[129.18777,37.43858],[129.18827,37.43873],[129.19011,37.43874]]]]},"properties":{"code":"51230","name":"삼척시","bbox":[128.84594,37.03867,129.36567,37.47636],"labelPoint":[129.13303,37.27649]}},{"type":"Feature","geometry":{"type":"Polygon","coordinates":[[[128.48142,37.893],[128.48126,37.89254],[128.48065,37.89202],[128.47988,37.89171],[128.47939,37.89123],[128.47904,37.89044],[128.47764,37.88934],[128.47767,37.88857],[128.4774,37.88794],[128.47752,37.88763],[128.47692,37.88685],[128.47622,37.8863],[128.47536,37.88529],[128.47416,37.88552],[128.47377,37.8858],[128.47214,37.88626],[128.47073,37.88573],[128.46902,37.88429],[128.46844,37.88394],[128.46755,37.88291],[128.46734,37.88209],[128.46692,37.88138],[128.46632,37.88096],[128.46576,37.88075],[128.46424,37.88036],[128.46327,37.87982],[128.46289,37.87976],[128.46219,37.88016],[128.46194,37.88019],[128.46005,37.87944],[128.45875,37.87936],[128.45846,37.87945],[128.45803,37.87775],[128.45719,37.87728],[128.45646,37.87696],[128.45602,37.87654],[128.45503,37.87616],[128.4542,37.87556],[128.45402,37.8753],[128.45262,37.87507],[128.45224,37.87483],[128.4516,37.87464],[128.44974,37.8737],[128.44919,37.87363],[128.44873,37.87342],[128.44767,37.87348],[128.44743,37.8732],[128.44743,37.87214],[128.44705,37.87168],[128.4467,37.87146],[128.44607,37.87079],[128.446,37.87027],[128.44516,37.86902],[128.44513,37.86813],[128.44436,37.86757],[128.44408,37.86557],[128.44423,37.86489],[128.44237,37.86439],[128.44135,37.86456],[128.44043,37.86398],[128.43949,37.8641],[128.43886,37.86441],[128.43817,37.8646],[128.4371,37.86467],[128.43578,37.86451],[128.43501,37.8652],[128.43439,37.86529],[128.43241,37.8663],[128.43171,37.8667],[128.43137,37.86709],[128.43119,37.86787],[128.43085,37.86833],[128.43089,37.86903],[128.43069,37.87015],[128.42991,37.87054],[128.42944,37.87097],[128.4292,37.87298],[128.42841,37.87376],[128.42839,37.8751],[128.42706,37.87602],[128.42658,37.87701],[128.42596,37.87705],[128.42509,37.87771],[128.42433,37.87778],[128.42346,37.87893],[128.42334,37.8793],[128.42359,37.88014],[128.42312,37.88069],[128.42285,37.88143],[128.42246,37.88196],[128.42165,37.88259],[128.42153,37.88288],[128.42052,37.88316],[128.41925,37.88322],[128.41876,37.88353],[128.41803,37.88362],[128.41742,37.88345],[128.41698,37.8839],[128.41589,37.88443],[128.41517,37.88462],[128.41443,37.88532],[128.41227,37.88467],[128.41237,37.88439],[128.41238,37.88346],[128.41293,37.88228],[128.4132,37.88205],[128.41287,37.87993],[128.41158,37.87828],[128.41144,37.87793],[128.41154,37.87689],[128.41123,37.87582],[128.41131,37.87553],[128.41072,37.87432],[128.40986,37.87364],[128.40938,37.87274],[128.40966,37.87215],[128.4089,37.87125],[128.40742,37.87039],[128.40681,37.86987],[128.4061,37.86993],[128.40497,37.86961],[128.40272,37.86716],[128.40235,37.86661],[128.40231,37.86617],[128.40203,37.86572],[128.40201,37.86519],[128.40235,37.86444],[128.4021,37.86338],[128.40071,37.86166],[128.40059,37.86124],[128.39968,37.86163],[128.39907,37.8617],[128.39715,37.8623],[128.39641,37.86207],[128.3952,37.86116],[128.3938,37.86064],[128.39307,37.86011],[128.39271,37.86021],[128.39241,37.85993],[128.39162,37.85979],[128.39094,37.85948],[128.3904,37.85885],[128.38828,37.85891],[128.38734,37.85912],[128.38657,37.85913],[128.38533,37.85864],[128.38367,37.85879],[128.3824,37.85862],[128.38172,37.85779],[128.38167,37.85742],[128.38098,37.85696],[128.38033,37.85545],[128.37968,37.85455],[128.37895,37.85423],[128.37893,37.85385],[128.37859,37.85353],[128.37855,37.85294],[128.37818,37.85234],[128.37717,37.85251],[128.37622,37.85239],[128.37568,37.85158],[128.37417,37.8504],[128.37402,37.84995],[128.37303,37.84925],[128.3726,37.84925],[128.372,37.84904],[128.37098,37.84856],[128.37048,37.84841],[128.37004,37.84812],[128.36891,37.84797],[128.36834,37.84757],[128.36774,37.84768],[128.36737,37.84732],[128.36614,37.84705],[128.36559,37.84608],[128.36555,37.84545],[128.36522,37.84444],[128.36538,37.84358],[128.36494,37.84286],[128.36461,37.84251],[128.36445,37.84205],[128.3646,37.84124],[128.36435,37.84102],[128.36411,37.84004],[128.36281,37.83863],[128.3635,37.83809],[128.36396,37.83793],[128.36527,37.83728],[128.36636,37.83641],[128.36592,37.83516],[128.36516,37.83356],[128.36454,37.83342],[128.36296,37.83244],[128.36118,37.83193],[128.36005,37.83149],[128.35948,37.83116],[128.35869,37.83098],[128.35717,37.83109],[128.35639,37.83095],[128.35524,37.83058],[128.3549,37.8307],[128.35356,37.83072],[128.353,37.83011],[128.35206,37.82936],[128.35028,37.8284],[128.34932,37.82801],[128.34894,37.82744],[128.34827,37.82666],[128.34746,37.82629],[128.34681,37.82625],[128.34448,37.82659],[128.34262,37.82702],[128.34085,37.82754],[128.33946,37.82741],[128.33838,37.82754],[128.33759,37.82751],[128.33607,37.82793],[128.33532,37.82836],[128.33453,37.82869],[128.33326,37.83122],[128.33247,37.83199],[128.33156,37.83269],[128.33026,37.83328],[128.32927,37.83366],[128.32835,37.83388],[128.32612,37.83324],[128.32567,37.83275],[128.32376,37.83192],[128.32215,37.83143],[128.32062,37.83106],[128.32012,37.8307],[128.31905,37.83194],[128.31878,37.83249],[128.31799,37.83318],[128.31759,37.83339],[128.31766,37.83388],[128.31753,37.83455],[128.31662,37.83477],[128.31496,37.83669],[128.31457,37.83745],[128.31403,37.83796],[128.31369,37.83888],[128.31321,37.83952],[128.31228,37.84018],[128.31176,37.84101],[128.31114,37.8415],[128.3105,37.84124],[128.30956,37.84115],[128.3094,37.84152],[128.30874,37.84245],[128.30743,37.84368],[128.30707,37.84471],[128.30621,37.8462],[128.30626,37.84739],[128.30541,37.84959],[128.30585,37.84978],[128.30626,37.85022],[128.30639,37.85085],[128.30685,37.851],[128.30702,37.85132],[128.30683,37.85209],[128.30689,37.85279],[128.30644,37.85331],[128.30625,37.85375],[128.30626,37.8542],[128.30589,37.85455],[128.30573,37.85498],[128.3059,37.85568],[128.3057,37.85619],[128.30504,37.85682],[128.30512,37.85761],[128.30455,37.85816],[128.30387,37.85861],[128.30353,37.85964],[128.30325,37.86012],[128.30249,37.86097],[128.30182,37.86109],[128.30103,37.86175],[128.30093,37.86235],[128.30057,37.86253],[128.30054,37.86306],[128.29997,37.86365],[128.29922,37.86366],[128.29875,37.86416],[128.29785,37.86465],[128.29798,37.86525],[128.29783,37.86573],[128.29759,37.86731],[128.29706,37.86781],[128.29644,37.86808],[128.2959,37.86861],[128.29493,37.86891],[128.29451,37.86913],[128.2941,37.86913],[128.29363,37.86969],[128.29337,37.86977],[128.29213,37.86955],[128.29148,37.86932],[128.29107,37.8693],[128.28955,37.8685],[128.28919,37.86837],[128.28923,37.86793],[128.29045,37.86778],[128.29066,37.86722],[128.29044,37.86714],[128.28892,37.86551],[128.28778,37.86519],[128.28752,37.86486],[128.28671,37.86499],[128.28623,37.86519],[128.28541,37.8659],[128.28522,37.86623],[128.28375,37.86615],[128.28266,37.86589],[128.28097,37.86612],[128.27981,37.86548],[128.27904,37.86517],[128.27799,37.86496],[128.27747,37.86518],[128.27597,37.86468],[128.27561,37.86444],[128.27514,37.86322],[128.27416,37.86182],[128.27338,37.86137],[128.27308,37.86071],[128.27115,37.86093],[128.27047,37.86128],[128.26997,37.86111],[128.2695,37.86118],[128.26922,37.86139],[128.26753,37.86101],[128.26747,37.86054],[128.26647,37.85984],[128.26546,37.85881],[128.26448,37.85835],[128.26346,37.85835],[128.26293,37.85798],[128.26256,37.85681],[128.26136,37.85638],[128.26128,37.85593],[128.26106,37.85572],[128.26109,37.85511],[128.26169,37.85503],[128.26192,37.85486],[128.26181,37.85429],[128.26155,37.85368],[128.26164,37.85324],[128.26128,37.85252],[128.26114,37.852],[128.26074,37.85172],[128.26088,37.85075],[128.26067,37.84996],[128.26081,37.84959],[128.25974,37.84929],[128.25968,37.84825],[128.25892,37.847],[128.25835,37.8465],[128.25805,37.84561],[128.25814,37.84504],[128.25784,37.84447],[128.2568,37.84441],[128.25643,37.8437],[128.25611,37.8435],[128.25611,37.84229],[128.25625,37.84187],[128.25597,37.84166],[128.25627,37.84051],[128.2561,37.83962],[128.25505,37.83923],[128.2547,37.83951],[128.254,37.83957],[128.25373,37.83909],[128.25315,37.8388],[128.25296,37.83834],[128.25223,37.83793],[128.25174,37.83815],[128.25147,37.83806],[128.25106,37.83762],[128.25019,37.83728],[128.24985,37.83687],[128.2492,37.83651],[128.24857,37.8364],[128.24754,37.83607],[128.24697,37.83533],[128.2469,37.83488],[128.24729,37.8345],[128.24734,37.83403],[128.24718,37.83352],[128.24725,37.83298],[128.24701,37.83269],[128.24517,37.8327],[128.24371,37.83239],[128.2426,37.83209],[128.24152,37.83046],[128.24077,37.8294],[128.24058,37.82896],[128.24005,37.82899],[128.23955,37.8283],[128.23924,37.82752],[128.23932,37.82663],[128.23905,37.82619],[128.23869,37.82524],[128.23813,37.8246],[128.23776,37.82437],[128.2373,37.82439],[128.2366,37.82391],[128.23606,37.82377],[128.23536,37.82334],[128.23471,37.82217],[128.23365,37.8222],[128.23329,37.82202],[128.23278,37.82211],[128.23171,37.82208],[128.23161,37.82218],[128.23065,37.82189],[128.22988,37.82185],[128.22851,37.82188],[128.22827,37.82142],[128.2274,37.82058],[128.22688,37.82064],[128.22639,37.82093],[128.22573,37.82086],[128.22433,37.82051],[128.22414,37.82018],[128.22373,37.81999],[128.22352,37.81959],[128.22275,37.81931],[128.22242,37.81903],[128.22154,37.81867],[128.22094,37.81808],[128.21952,37.81785],[128.21931,37.81747],[128.21895,37.81723],[128.21885,37.81693],[128.21827,37.81649],[128.2173,37.81561],[128.21735,37.81535],[128.21653,37.8149],[128.21616,37.81409],[128.21575,37.81368],[128.21549,37.81314],[128.21521,37.81303],[128.21437,37.81236],[128.21353,37.81231],[128.21308,37.81203],[128.21242,37.812],[128.21071,37.81237],[128.20949,37.81252],[128.20866,37.81268],[128.20745,37.81392],[128.20688,37.81419],[128.20622,37.81468],[128.20552,37.81551],[128.20459,37.81556],[128.20254,37.8159],[128.2015,37.81623],[128.20071,37.81736],[128.19975,37.81786],[128.19923,37.81797],[128.19863,37.81875],[128.19722,37.82005],[128.19626,37.82204],[128.19444,37.82232],[128.19276,37.82289],[128.19195,37.82368],[128.19131,37.82418],[128.19025,37.82545],[128.18911,37.82639],[128.1882,37.82757],[128.18749,37.82878],[128.18661,37.82998],[128.18455,37.82999],[128.18476,37.83052],[128.18417,37.83085],[128.18381,37.8321],[128.18335,37.83287],[128.18316,37.83285],[128.18156,37.83391],[128.18085,37.83427],[128.18011,37.83501],[128.18026,37.83561],[128.18078,37.83607],[128.1809,37.83669],[128.18117,37.83731],[128.18141,37.83751],[128.18111,37.83805],[128.18152,37.8391],[128.18125,37.83946],[128.18095,37.8415],[128.18124,37.84215],[128.18114,37.8428],[128.18017,37.84345],[128.1788,37.84507],[128.17884,37.84564],[128.17819,37.84637],[128.17732,37.84664],[128.17581,37.84667],[128.1747,37.8471],[128.17356,37.84767],[128.172,37.84949],[128.17191,37.85014],[128.17053,37.85032],[128.1702,37.85069],[128.16922,37.851],[128.1687,37.85125],[128.16879,37.85218],[128.16901,37.85244],[128.16931,37.85319],[128.17022,37.85423],[128.17064,37.85461],[128.17067,37.85497],[128.17093,37.85521],[128.1709,37.85576],[128.17169,37.85696],[128.17022,37.85849],[128.17022,37.85906],[128.17003,37.85977],[128.16955,37.86095],[128.16919,37.86124],[128.16932,37.86166],[128.16903,37.86226],[128.16844,37.86279],[128.16856,37.86362],[128.16821,37.86449],[128.16805,37.8653],[128.16819,37.86564],[128.16921,37.86658],[128.16911,37.86709],[128.16925,37.86841],[128.16865,37.86885],[128.16888,37.86987],[128.16883,37.87076],[128.169,37.87123],[128.169,37.87176],[128.16943,37.87253],[128.16999,37.87318],[128.17048,37.87398],[128.1709,37.87443],[128.17178,37.87509],[128.17247,37.87574],[128.17336,37.8761],[128.17392,37.87641],[128.17363,37.87755],[128.17361,37.87795],[128.1742,37.87868],[128.17444,37.87923],[128.17431,37.88016],[128.17365,37.88153],[128.17369,37.88319],[128.17426,37.88492],[128.17298,37.88476],[128.17192,37.88476],[128.17121,37.88544],[128.16904,37.88621],[128.1677,37.8859],[128.16606,37.88706],[128.16423,37.88707],[128.16367,37.8879],[128.16372,37.8887],[128.16341,37.88911],[128.16366,37.8895],[128.16315,37.8905],[128.16286,37.89073],[128.16274,37.89118],[128.16107,37.89273],[128.16118,37.89396],[128.16104,37.89475],[128.16074,37.89523],[128.16013,37.89536],[128.15945,37.8953],[128.15815,37.89531],[128.15769,37.89512],[128.15664,37.89495],[128.15523,37.89495],[128.15453,37.89506],[128.15276,37.89512],[128.15192,37.89557],[128.15019,37.89534],[128.14962,37.89531],[128.14907,37.89467],[128.1488,37.89402],[128.14698,37.89348],[128.14632,37.89346],[128.14495,37.89286],[128.14398,37.8931],[128.1418,37.89305],[128.14124,37.8934],[128.14115,37.89372],[128.14048,37.89438],[128.13916,37.89422],[128.13827,37.89429],[128.13727,37.89446],[128.13632,37.89427],[128.13464,37.89417],[128.13317,37.89423],[128.13279,37.89495],[128.13295,37.89542],[128.13279,37.89641],[128.13222,37.89709],[128.1318,37.89737],[128.13107,37.89836],[128.13081,37.8977],[128.13027,37.89668],[128.12986,37.89619],[128.12932,37.89577],[128.12883,37.89555],[128.12792,37.89532],[128.12603,37.89512],[128.12467,37.89542],[128.12305,37.89562],[128.12226,37.89609],[128.12085,37.89652],[128.11942,37.89704],[128.11811,37.8969],[128.11738,37.89699],[128.11628,37.89702],[128.11496,37.89762],[128.11369,37.89829],[128.11312,37.89882],[128.11217,37.89923],[128.11102,37.89943],[128.10962,37.89943],[128.10816,37.89992],[128.10725,37.90012],[128.10598,37.90006],[128.1052,37.89928],[128.10446,37.89875],[128.10302,37.89803],[128.10252,37.89791],[128.10224,37.89767],[128.10155,37.89754],[128.101,37.89763],[128.09963,37.89737],[128.09946,37.89719],[128.09863,37.89721],[128.09808,37.89695],[128.09762,37.89699],[128.09715,37.89683],[128.09662,37.89727],[128.09604,37.89733],[128.09477,37.89782],[128.09429,37.89772],[128.09397,37.89781],[128.093,37.89782],[128.09217,37.89814],[128.0919,37.89808],[128.09131,37.8983],[128.09091,37.89894],[128.09041,37.89918],[128.08971,37.89975],[128.08897,37.89989],[128.08831,37.89976],[128.08718,37.90008],[128.08613,37.90045],[128.08527,37.90093],[128.08415,37.90134],[128.08319,37.90151],[128.08261,37.90171],[128.08216,37.90222],[128.08156,37.9027],[128.08014,37.90338],[128.07938,37.9039],[128.07891,37.90458],[128.07855,37.90574],[128.07722,37.9067],[128.07579,37.90712],[128.07504,37.90767],[128.07424,37.90791],[128.07351,37.9083],[128.0724,37.90864],[128.07125,37.90874],[128.06993,37.90874],[128.06878,37.90933],[128.06792,37.90952],[128.06704,37.91005],[128.0661,37.91046],[128.06514,37.91049],[128.06442,37.91075],[128.06362,37.91123],[128.06307,37.9119],[128.06241,37.91254],[128.06179,37.91275],[128.06068,37.91351],[128.06038,37.91454],[128.05954,37.91505],[128.05889,37.91578],[128.05843,37.91609],[128.0573,37.91619],[128.05678,37.9168],[128.05582,37.91765],[128.05536,37.91765],[128.05415,37.91739],[128.05362,37.91748],[128.05304,37.91733],[128.05274,37.91764],[128.0524,37.91886],[128.05175,37.91956],[128.05082,37.92071],[128.05013,37.92168],[128.04973,37.92197],[128.04774,37.92204],[128.04744,37.92213],[128.04689,37.92202],[128.04611,37.92217],[128.04549,37.92252],[128.04488,37.92329],[128.04493,37.9238],[128.04431,37.92434],[128.04362,37.92543],[128.0431,37.9258],[128.04291,37.92637],[128.0423,37.9268],[128.04084,37.92694],[128.0398,37.92732],[128.03941,37.92775],[128.03934,37.92806],[128.03895,37.92856],[128.0391,37.9288],[128.03911,37.92938],[128.0394,37.92988],[128.03847,37.9307],[128.03835,37.93106],[128.03833,37.93185],[128.03801,37.93207],[128.03746,37.93285],[128.03731,37.93356],[128.0369,37.93386],[128.03677,37.93421],[128.0369,37.93462],[128.03674,37.93584],[128.03616,37.93631],[128.03566,37.93621],[128.0349,37.93673],[128.03452,37.93676],[128.03436,37.93795],[128.03462,37.93855],[128.0343,37.93904],[128.0339,37.93999],[128.03411,37.94082],[128.03347,37.94103],[128.03274,37.94195],[128.03218,37.94214],[128.03144,37.94254],[128.03048,37.94403],[128.03011,37.94446],[128.02841,37.94419],[128.02723,37.94477],[128.0261,37.94552],[128.02534,37.94486],[128.02388,37.94463],[128.02249,37.94424],[128.02155,37.94413],[128.01946,37.94351],[128.01862,37.94323],[128.01815,37.94279],[128.01637,37.94255],[128.01614,37.94269],[128.01493,37.94157],[128.01447,37.94099],[128.0138,37.94035],[128.01352,37.93915],[128.01272,37.93832],[128.00978,37.93832],[128.00864,37.93789],[128.0061,37.93874],[128.00487,37.93853],[128.00414,37.9386],[128.00307,37.93835],[128.00182,37.93731],[128.00122,37.93727],[128.00076,37.93769],[127.99981,37.93898],[127.99888,37.93972],[127.99749,37.94039],[127.99704,37.94091],[127.99658,37.94091],[127.99573,37.94122],[127.99511,37.9412],[127.99529,37.93936],[127.99458,37.93796],[127.9948,37.93613],[127.99423,37.93477],[127.99315,37.93329],[127.993,37.93268],[127.99292,37.9309],[127.99241,37.93015],[127.99159,37.92961],[127.99078,37.92887],[127.98921,37.92698],[127.98677,37.92472],[127.98525,37.9242],[127.98363,37.92342],[127.98407,37.92144],[127.98405,37.91985],[127.98457,37.91705],[127.98505,37.91619],[127.98447,37.9154],[127.98448,37.91393],[127.98472,37.91361],[127.98538,37.9132],[127.98633,37.91231],[127.98597,37.91182],[127.98503,37.91145],[127.98322,37.91087],[127.98225,37.91021],[127.97964,37.90816],[127.97902,37.90715],[127.97855,37.906],[127.97785,37.90499],[127.97593,37.90409],[127.97468,37.90292],[127.97335,37.90138],[127.97191,37.89999],[127.97105,37.89869],[127.97093,37.89816],[127.97137,37.8971],[127.9714,37.89609],[127.97097,37.89442],[127.97015,37.89317],[127.97001,37.89266],[127.97045,37.89206],[127.97089,37.89052],[127.97123,37.89],[127.97177,37.88888],[127.97202,37.8881],[127.97198,37.88759],[127.97237,37.88722],[127.9731,37.88699],[127.97256,37.88491],[127.97233,37.88472],[127.97258,37.88402],[127.97278,37.88248],[127.97241,37.88246],[127.97105,37.88161],[127.96993,37.88102],[127.96825,37.88034],[127.96749,37.88028],[127.96723,37.87963],[127.96639,37.87901],[127.96578,37.8778],[127.96494,37.87752],[127.96457,37.87752],[127.96435,37.87718],[127.96365,37.87681],[127.96309,37.87641],[127.95965,37.87507],[127.95915,37.87447],[127.95829,37.87418],[127.95754,37.87378],[127.9577,37.87311],[127.95678,37.8725],[127.95644,37.87135],[127.95576,37.87015],[127.95464,37.86921],[127.95366,37.86792],[127.95308,37.86643],[127.95288,37.86485],[127.95063,37.864],[127.95005,37.86321],[127.95015,37.86237],[127.95004,37.86163],[127.94955,37.86113],[127.94886,37.86058],[127.94822,37.8602],[127.94765,37.85891],[127.94766,37.85815],[127.94728,37.85741],[127.94688,37.8569],[127.94632,37.85592],[127.94615,37.85507],[127.94588,37.85425],[127.9455,37.85362],[127.94469,37.85301],[127.94443,37.85136],[127.94411,37.85106],[127.94401,37.85047],[127.94361,37.84918],[127.94297,37.84772],[127.94325,37.84731],[127.94373,37.8469],[127.94474,37.84624],[127.9456,37.84578],[127.94597,37.84493],[127.94585,37.84456],[127.94535,37.84429],[127.94534,37.84405],[127.94586,37.84333],[127.94606,37.84275],[127.9461,37.84108],[127.94504,37.84035],[127.94436,37.83942],[127.94473,37.83879],[127.94412,37.83835],[127.94165,37.83816],[127.93992,37.83718],[127.93926,37.83694],[127.9378,37.836],[127.93751,37.83596],[127.93705,37.83558],[127.93631,37.83428],[127.93551,37.83207],[127.93527,37.83042],[127.93534,37.83006],[127.93523,37.82851],[127.93401,37.82709],[127.93279,37.82636],[127.93181,37.82647],[127.93153,37.8268],[127.93037,37.82694],[127.92927,37.82771],[127.92864,37.82918],[127.92643,37.83315],[127.92536,37.83701],[127.92447,37.83832],[127.92228,37.83906],[127.92099,37.84023],[127.91849,37.84422],[127.91662,37.84513],[127.91573,37.84576],[127.91361,37.84617],[127.91029,37.84797],[127.90863,37.84857],[127.90769,37.84906],[127.90567,37.84941],[127.90637,37.85064],[127.90611,37.85119],[127.90648,37.85179],[127.90666,37.85258],[127.90796,37.85335],[127.90882,37.85456],[127.90832,37.85544],[127.90619,37.85686],[127.90461,37.85748],[127.90212,37.85807],[127.90068,37.85877],[127.89865,37.85919],[127.89735,37.85909],[127.89604,37.85939],[127.89539,37.86017],[127.89496,37.861],[127.89332,37.86195],[127.8923,37.86211],[127.89169,37.8628],[127.89127,37.86304],[127.89067,37.86312],[127.88806,37.86205],[127.88645,37.86206],[127.88464,37.86161],[127.88311,37.86104],[127.88075,37.86069],[127.87989,37.86012],[127.87967,37.85935],[127.87708,37.85708],[127.8765,37.85642],[127.87775,37.85473],[127.87821,37.85391],[127.87881,37.85204],[127.8782,37.84949],[127.87739,37.84846],[127.87714,37.84781],[127.87736,37.84751],[127.8761,37.84675],[127.87533,37.84582],[127.87447,37.8458],[127.87357,37.84562],[127.87272,37.84462],[127.87257,37.84321],[127.87176,37.84103],[127.87184,37.83928],[127.87148,37.83897],[127.87119,37.83847],[127.87161,37.8375],[127.87116,37.83733],[127.87022,37.83717],[127.86931,37.83656],[127.86848,37.83661],[127.86819,37.83681],[127.8676,37.83673],[127.86696,37.83684],[127.86631,37.83637],[127.86294,37.83623],[127.86168,37.83665],[127.86107,37.83619],[127.86034,37.8362],[127.85907,37.83591],[127.85797,37.83589],[127.85718,37.83542],[127.85463,37.8348],[127.854,37.83507],[127.8518,37.83556],[127.85112,37.83561],[127.84979,37.83553],[127.84826,37.83563],[127.84725,37.83616],[127.84572,37.83684],[127.84544,37.83707],[127.84456,37.83744],[127.84292,37.83778],[127.84244,37.83778],[127.84159,37.83855],[127.84088,37.83902],[127.83989,37.83939],[127.83928,37.83981],[127.83835,37.83977],[127.83755,37.83991],[127.83633,37.84001],[127.83585,37.84044],[127.83459,37.84124],[127.83372,37.8417],[127.83307,37.84222],[127.83227,37.84364],[127.83015,37.84388],[127.82951,37.8439],[127.82917,37.84408],[127.82787,37.8435],[127.82519,37.8437],[127.8244,37.84434],[127.82363,37.84483],[127.82313,37.84537],[127.82217,37.84568],[127.82136,37.84543],[127.8209,37.84472],[127.81934,37.8437],[127.81944,37.84214],[127.8189,37.84187],[127.81789,37.84176],[127.8172,37.84162],[127.81637,37.84101],[127.81548,37.84099],[127.81519,37.84051],[127.81512,37.84004],[127.81483,37.83986],[127.81422,37.83872],[127.81432,37.83839],[127.81533,37.83765],[127.81502,37.8373],[127.81434,37.83696],[127.81453,37.83606],[127.81357,37.83367],[127.81363,37.83328],[127.81842,37.82937],[127.81722,37.82822],[127.81882,37.82688],[127.82079,37.8253],[127.82204,37.82462],[127.82361,37.82461],[127.82558,37.82434],[127.82622,37.82163],[127.8267,37.8214],[127.82761,37.82046],[127.82775,37.81924],[127.82742,37.81905],[127.8271,37.81768],[127.82677,37.81748],[127.82655,37.81709],[127.82608,37.81677],[127.82604,37.81641],[127.82501,37.81569],[127.82521,37.81406],[127.8251,37.81178],[127.82542,37.81096],[127.82716,37.80864],[127.8271,37.80737],[127.82666,37.80678],[127.82674,37.80597],[127.82649,37.80552],[127.82669,37.80531],[127.82656,37.80451],[127.82684,37.80385],[127.82616,37.80312],[127.82554,37.80293],[127.82542,37.80241],[127.8252,37.80208],[127.82508,37.80112],[127.82571,37.80041],[127.82514,37.79965],[127.82517,37.79864],[127.82489,37.79825],[127.82711,37.79625],[127.82837,37.79536],[127.83002,37.79473],[127.83068,37.79405],[127.83152,37.79373],[127.83235,37.79303],[127.83324,37.79243],[127.83401,37.79228],[127.83551,37.79184],[127.83611,37.79143],[127.837,37.79111],[127.83733,37.79042],[127.83845,37.79034],[127.83965,37.79008],[127.84072,37.78969],[127.84173,37.78984],[127.84231,37.79006],[127.84324,37.78969],[127.84407,37.7879],[127.84397,37.78631],[127.84467,37.78384],[127.84646,37.7811],[127.84667,37.78069],[127.848,37.78028],[127.84972,37.77919],[127.84979,37.77908],[127.84976,37.77787],[127.84984,37.77768],[127.85126,37.77753],[127.85181,37.77719],[127.85177,37.77629],[127.85184,37.77611],[127.85295,37.77489],[127.85321,37.77438],[127.85445,37.77352],[127.85473,37.77284],[127.85608,37.77102],[127.85645,37.76936],[127.8574,37.76852],[127.85715,37.76806],[127.85663,37.76767],[127.85613,37.76695],[127.85598,37.76612],[127.85624,37.76569],[127.8562,37.7653],[127.85572,37.76508],[127.85502,37.76403],[127.85486,37.7634],[127.85146,37.76139],[127.85095,37.76074],[127.84976,37.76039],[127.84943,37.75994],[127.84899,37.75974],[127.84814,37.75844],[127.8468,37.7579],[127.8462,37.75748],[127.84437,37.75738],[127.84287,37.75697],[127.84235,37.7569],[127.84171,37.75697],[127.84044,37.75635],[127.8403,37.75617],[127.84037,37.75564],[127.8406,37.75502],[127.84175,37.75384],[127.84286,37.75292],[127.84362,37.75268],[127.84428,37.75227],[127.84516,37.75222],[127.84524,37.75167],[127.84462,37.75111],[127.84467,37.75004],[127.84481,37.74946],[127.84422,37.74929],[127.84325,37.74887],[127.84135,37.74751],[127.84102,37.74759],[127.84041,37.74729],[127.8397,37.74741],[127.83941,37.74719],[127.8376,37.74665],[127.83599,37.74567],[127.83483,37.74429],[127.83428,37.74336],[127.83325,37.74188],[127.83231,37.74133],[127.83155,37.74174],[127.83143,37.74146],[127.83103,37.7412],[127.83043,37.7412],[127.82931,37.74099],[127.82835,37.74088],[127.82838,37.74136],[127.8271,37.74127],[127.82651,37.74173],[127.82615,37.74165],[127.82537,37.74196],[127.82529,37.74258],[127.82494,37.74287],[127.82497,37.74323],[127.82442,37.74394],[127.8228,37.74492],[127.82181,37.74496],[127.8213,37.74588],[127.8207,37.74626],[127.82046,37.74674],[127.81979,37.74717],[127.81905,37.74706],[127.81853,37.74754],[127.818,37.74775],[127.81717,37.74781],[127.81628,37.74855],[127.8157,37.74845],[127.8139,37.74837],[127.81277,37.74756],[127.81236,37.74741],[127.81211,37.74709],[127.81176,37.74704],[127.81099,37.74717],[127.81037,37.7466],[127.80944,37.74707],[127.80877,37.74665],[127.808,37.74658],[127.80762,37.74638],[127.80671,37.74633],[127.80639,37.7459],[127.80656,37.74507],[127.80639,37.74477],[127.80671,37.74413],[127.80631,37.74259],[127.8054,37.74223],[127.80461,37.74212],[127.80423,37.74224],[127.80372,37.74267],[127.80269,37.7419],[127.80176,37.74184],[127.80118,37.74109],[127.80122,37.74018],[127.80168,37.73919],[127.8015,37.73876],[127.80115,37.7386],[127.80076,37.7376],[127.80102,37.73713],[127.80063,37.73681],[127.80009,37.73717],[127.79887,37.73673],[127.79841,37.73672],[127.79745,37.73635],[127.79681,37.73628],[127.7962,37.7361],[127.79564,37.73575],[127.79491,37.73502],[127.7938,37.73538],[127.79306,37.73521],[127.79218,37.73545],[127.79177,37.73575],[127.79029,37.73583],[127.78749,37.73668],[127.7873,37.73692],[127.78718,37.73761],[127.78773,37.73886],[127.78648,37.73993],[127.78591,37.74001],[127.78511,37.74035],[127.78459,37.74082],[127.78362,37.74132],[127.78277,37.74157],[127.78181,37.74232],[127.78129,37.74181],[127.78078,37.74171],[127.78014,37.74107],[127.7794,37.74067],[127.77874,37.74057],[127.77808,37.7406],[127.77756,37.74074],[127.77598,37.74019],[127.77557,37.73916],[127.77477,37.73898],[127.77406,37.73865],[127.77268,37.73842],[127.77154,37.73774],[127.77109,37.7378],[127.77014,37.73763],[127.76963,37.7378],[127.76839,37.73792],[127.768,37.73774],[127.76729,37.73779],[127.76676,37.7377],[127.76441,37.73785],[127.76403,37.73783],[127.76374,37.73747],[127.76297,37.73722],[127.76217,37.73727],[127.76157,37.73686],[127.76087,37.73683],[127.76031,37.73656],[127.75942,37.73633],[127.75918,37.73594],[127.75882,37.73575],[127.75841,37.73524],[127.75796,37.73532],[127.75761,37.73489],[127.75738,37.7344],[127.75689,37.73413],[127.75513,37.73273],[127.75472,37.73246],[127.75438,37.73257],[127.75355,37.73309],[127.75278,37.73315],[127.75246,37.7336],[127.75199,37.73392],[127.75127,37.7342],[127.75103,37.73486],[127.7513,37.73526],[127.75132,37.73558],[127.75077,37.73595],[127.75059,37.73651],[127.75063,37.73691],[127.75035,37.73743],[127.75055,37.73783],[127.75042,37.73843],[127.75017,37.73885],[127.74904,37.74026],[127.74844,37.7407],[127.74784,37.74099],[127.74738,37.74147],[127.74645,37.74192],[127.74595,37.74174],[127.74554,37.74187],[127.74459,37.74143],[127.74352,37.74165],[127.74299,37.74164],[127.7418,37.74029],[127.73993,37.73929],[127.73946,37.73917],[127.73769,37.73816],[127.73635,37.73744],[127.736,37.73736],[127.73482,37.73735],[127.73377,37.73686],[127.73371,37.73648],[127.73325,37.73609],[127.73236,37.73597],[127.73193,37.73549],[127.73113,37.73538],[127.731,37.73505],[127.7303,37.7344],[127.73016,37.73409],[127.72922,37.73361],[127.729,37.73308],[127.7285,37.73272],[127.72808,37.73264],[127.7273,37.73211],[127.72673,37.73211],[127.72586,37.7319],[127.725,37.73216],[127.72458,37.73261],[127.72373,37.73276],[127.72346,37.73302],[127.72293,37.7331],[127.72255,37.73335],[127.72175,37.73338],[127.7211,37.73301],[127.72075,37.73221],[127.72083,37.7314],[127.71917,37.73124],[127.71859,37.73083],[127.7178,37.73079],[127.71747,37.73046],[127.71731,37.72965],[127.71652,37.72942],[127.71533,37.72918],[127.71528,37.72808],[127.71509,37.72784],[127.71407,37.72783],[127.71363,37.728],[127.71177,37.72758],[127.71123,37.72701],[127.71075,37.72678],[127.71072,37.72622],[127.71043,37.72581],[127.71013,37.72457],[127.70974,37.72431],[127.70954,37.72319],[127.70919,37.72316],[127.70828,37.72273],[127.70793,37.72271],[127.70773,37.72231],[127.70799,37.72182],[127.70749,37.72123],[127.70552,37.72101],[127.70495,37.72088],[127.70389,37.72024],[127.70357,37.71979],[127.70303,37.7194],[127.70119,37.71912],[127.70099,37.71902],[127.70099,37.71655],[127.69943,37.71628],[127.69873,37.71644],[127.69817,37.71691],[127.69765,37.71663],[127.69665,37.71636],[127.69526,37.7167],[127.69492,37.71715],[127.69408,37.71702],[127.69332,37.71713],[127.69219,37.71663],[127.6913,37.71691],[127.69046,37.7169],[127.68988,37.71634],[127.68807,37.71639],[127.68735,37.71622],[127.68732,37.7156],[127.68631,37.71515],[127.68576,37.71457],[127.68427,37.71367],[127.68371,37.71315],[127.68304,37.71281],[127.68295,37.71242],[127.68243,37.71239],[127.68159,37.71171],[127.68026,37.71159],[127.67952,37.71137],[127.67984,37.71081],[127.6798,37.70976],[127.67959,37.70925],[127.68015,37.70868],[127.68048,37.70798],[127.68103,37.70781],[127.68162,37.70777],[127.68217,37.70788],[127.68263,37.7078],[127.68302,37.70752],[127.68415,37.70735],[127.68333,37.70618],[127.68278,37.70565],[127.68274,37.70527],[127.68295,37.70472],[127.68332,37.70425],[127.68343,37.70368],[127.68414,37.70192],[127.68402,37.70127],[127.68387,37.70107],[127.68228,37.69846],[127.68186,37.69835],[127.68105,37.69762],[127.67973,37.69748],[127.67811,37.69617],[127.67783,37.69515],[127.67697,37.69525],[127.67582,37.6957],[127.6754,37.69577],[127.67425,37.69615],[127.67373,37.69612],[127.67271,37.69695],[127.67159,37.69678],[127.67127,37.69662],[127.67033,37.69569],[127.66696,37.69747],[127.66416,37.69816],[127.66252,37.69868],[127.65839,37.70005],[127.65272,37.69952],[127.65106,37.69831],[127.65103,37.69824],[127.65098,37.69467],[127.65216,37.68592],[127.65154,37.6838],[127.6495,37.68025],[127.64694,37.67909],[127.64531,37.67888],[127.64388,37.67929],[127.64261,37.68034],[127.64194,37.68156],[127.64132,37.68392],[127.64167,37.68746],[127.64153,37.68849],[127.64193,37.69105],[127.64149,37.69463],[127.64061,37.6959],[127.63987,37.69709],[127.63818,37.69849],[127.63562,37.69828],[127.63307,37.69794],[127.63008,37.69697],[127.62609,37.69477],[127.62335,37.69122],[127.62368,37.68748],[127.62369,37.68395],[127.62303,37.68123],[127.6211,37.67911],[127.61857,37.67773],[127.61577,37.67645],[127.61266,37.67564],[127.60939,37.67576],[127.60789,37.6768],[127.60795,37.6832],[127.60797,37.68401],[127.60794,37.68766],[127.60891,37.68923],[127.61033,37.69223],[127.61058,37.69484],[127.61048,37.69842],[127.60956,37.70066],[127.60753,37.70236],[127.60762,37.70262],[127.6074,37.70346],[127.60693,37.7039],[127.60571,37.70444],[127.60494,37.70463],[127.60177,37.70468],[127.5993,37.70418],[127.59617,37.70319],[127.59479,37.70407],[127.59419,37.70474],[127.59371,37.70549],[127.59308,37.70755],[127.59197,37.70943],[127.59164,37.71138],[127.59154,37.71299],[127.59214,37.71518],[127.593,37.71658],[127.59435,37.71803],[127.59458,37.71974],[127.59348,37.72122],[127.59174,37.72262],[127.58921,37.7254],[127.57366,37.73266],[127.57217,37.73296],[127.56755,37.73269],[127.56642,37.73108],[127.56518,37.72869],[127.56505,37.72836],[127.56424,37.72783],[127.56229,37.72795],[127.55991,37.72858],[127.55973,37.72803],[127.55993,37.72667],[127.55944,37.72578],[127.55935,37.72493],[127.55996,37.72445],[127.55988,37.7242],[127.56014,37.72368],[127.55976,37.72316],[127.56128,37.72222],[127.56138,37.72131],[127.56186,37.72007],[127.56165,37.71917],[127.56118,37.71841],[127.56108,37.71696],[127.56,37.71675],[127.55971,37.71656],[127.55962,37.71621],[127.55909,37.71574],[127.55925,37.71532],[127.55805,37.71391],[127.55826,37.71292],[127.55855,37.71233],[127.5589,37.71222],[127.55862,37.71139],[127.55882,37.7109],[127.55857,37.71059],[127.5583,37.70962],[127.55833,37.70891],[127.55877,37.7083],[127.5584,37.7078],[127.55825,37.70732],[127.55842,37.70695],[127.55843,37.70649],[127.55863,37.70604],[127.55847,37.70585],[127.55777,37.70547],[127.55762,37.70518],[127.55716,37.70487],[127.55605,37.70459],[127.5558,37.70436],[127.55581,37.70317],[127.55612,37.70252],[127.55658,37.70205],[127.55657,37.70169],[127.55565,37.70081],[127.55555,37.70044],[127.55526,37.70011],[127.5553,37.69922],[127.55497,37.69859],[127.55499,37.69796],[127.55431,37.69677],[127.55417,37.6953],[127.55366,37.69509],[127.55323,37.69452],[127.55305,37.69335],[127.55261,37.69297],[127.55294,37.69226],[127.55277,37.69196],[127.55227,37.69169],[127.55205,37.69116],[127.55173,37.69078],[127.5515,37.69019],[127.55162,37.68959],[127.55117,37.68873],[127.55085,37.68834],[127.55087,37.68771],[127.55064,37.68704],[127.55066,37.68609],[127.5508,37.68568],[127.55083,37.68458],[127.55052,37.68393],[127.55113,37.68228],[127.55065,37.68056],[127.55079,37.6789],[127.5508,37.67825],[127.55069,37.67785],[127.5508,37.67725],[127.55032,37.67679],[127.55026,37.67589],[127.54982,37.67542],[127.54954,37.67488],[127.54966,37.67456],[127.54967,37.67319],[127.54959,37.67277],[127.54975,37.67248],[127.54962,37.67217],[127.54984,37.67187],[127.54982,37.67134],[127.54924,37.67082],[127.54931,37.67009],[127.54905,37.66861],[127.54961,37.66684],[127.55026,37.66613],[127.55112,37.66559],[127.5517,37.66513],[127.55169,37.66442],[127.5518,37.66375],[127.55228,37.66322],[127.55282,37.66153],[127.55263,37.66137],[127.55126,37.66085],[127.55135,37.66049],[127.55111,37.66012],[127.55008,37.65972],[127.54987,37.65938],[127.54932,37.65906],[127.54798,37.65888],[127.54769,37.65873],[127.54723,37.65817],[127.5469,37.65793],[127.54622,37.65786],[127.54578,37.657],[127.54581,37.65662],[127.54535,37.65612],[127.54527,37.65571],[127.54483,37.65499],[127.54481,37.6544],[127.54449,37.65397],[127.54453,37.65349],[127.54435,37.65309],[127.54405,37.65293],[127.54385,37.65173],[127.54267,37.65155],[127.5418,37.65098],[127.54109,37.65109],[127.5402,37.6509],[127.53967,37.6507],[127.53878,37.65078],[127.5383,37.65059],[127.53722,37.65085],[127.53628,37.65058],[127.53566,37.65069],[127.53556,37.64967],[127.53579,37.64922],[127.53582,37.64875],[127.53563,37.64828],[127.53552,37.64737],[127.53524,37.64716],[127.53545,37.64625],[127.53546,37.64577],[127.53568,37.64502],[127.5366,37.64387],[127.53705,37.64316],[127.53716,37.64277],[127.53794,37.64148],[127.5387,37.6415],[127.53939,37.64102],[127.53962,37.64048],[127.54056,37.64033],[127.54157,37.63979],[127.54265,37.63953],[127.54344,37.63837],[127.54372,37.63786],[127.54451,37.63759],[127.54676,37.63748],[127.54717,37.63736],[127.54722,37.63617],[127.54753,37.63614],[127.54748,37.63565],[127.54772,37.63551],[127.54777,37.63478],[127.54818,37.63451],[127.54826,37.63321],[127.54867,37.633],[127.55043,37.63246],[127.55078,37.6325],[127.55136,37.63225],[127.55164,37.63187],[127.55248,37.63166],[127.55273,37.6318],[127.55331,37.63122],[127.55383,37.63144],[127.55427,37.63142],[127.55484,37.63068],[127.55529,37.63023],[127.55648,37.62998],[127.55668,37.62973],[127.55709,37.62962],[127.55812,37.62896],[127.55861,37.629],[127.55873,37.62862],[127.5594,37.6285],[127.56016,37.62984],[127.56105,37.63005],[127.56197,37.63056],[127.56248,37.63104],[127.56259,37.63134],[127.5633,37.63171],[127.56369,37.63219],[127.56417,37.63257],[127.56468,37.63316],[127.56555,37.63317],[127.56615,37.63298],[127.56723,37.6329],[127.56797,37.63257],[127.56885,37.63206],[127.56971,37.63232],[127.57089,37.63226],[127.57142,37.632],[127.572,37.63226],[127.57315,37.63253],[127.57375,37.63315],[127.57456,37.63305],[127.57473,37.63335],[127.57537,37.63361],[127.57593,37.63331],[127.57639,37.63334],[127.57712,37.63303],[127.57792,37.63282],[127.57871,37.63283],[127.57935,37.63298],[127.57981,37.63334],[127.58065,37.6334],[127.58128,37.63389],[127.58203,37.6342],[127.58287,37.63472],[127.58349,37.63559],[127.58347,37.63631],[127.5833,37.63743],[127.58324,37.63836],[127.58343,37.63899],[127.58326,37.64013],[127.58421,37.64096],[127.58449,37.64166],[127.58486,37.6423],[127.58532,37.64243],[127.58597,37.64285],[127.5867,37.64282],[127.58779,37.64305],[127.5883,37.64298],[127.58896,37.64319],[127.59083,37.64357],[127.59151,37.64363],[127.59178,37.64428],[127.5932,37.64506],[127.59435,37.64505],[127.59518,37.6455],[127.59568,37.64538],[127.59611,37.64572],[127.59661,37.64581],[127.59715,37.64662],[127.59836,37.64672],[127.59882,37.64688],[127.5991,37.64734],[127.5995,37.64773],[127.60031,37.64786],[127.60099,37.64921],[127.60133,37.64941],[127.60175,37.65017],[127.60171,37.6506],[127.60216,37.65108],[127.60219,37.65154],[127.60334,37.65115],[127.60436,37.65105],[127.60497,37.65122],[127.60561,37.65091],[127.60661,37.65081],[127.6074,37.65018],[127.60903,37.64988],[127.60926,37.64933],[127.60918,37.64914],[127.61001,37.64763],[127.61081,37.64742],[127.61135,37.64704],[127.61163,37.64657],[127.61274,37.64612],[127.61279,37.64561],[127.61332,37.64566],[127.61447,37.64627],[127.6155,37.64703],[127.616,37.64702],[127.61683,37.64669],[127.61796,37.64602],[127.61811,37.64585],[127.61883,37.64408],[127.61893,37.64341],[127.61922,37.64311],[127.61977,37.64293],[127.62084,37.64285],[127.62143,37.64293],[127.6218,37.64283],[127.62198,37.64214],[127.62154,37.64133],[127.6213,37.64074],[127.62117,37.64007],[127.62134,37.63973],[127.6219,37.63957],[127.62329,37.64148],[127.62394,37.64213],[127.6246,37.6426],[127.62541,37.64299],[127.62644,37.64308],[127.62765,37.64254],[127.62825,37.64195],[127.62886,37.64093],[127.6296,37.64022],[127.63089,37.63936],[127.63179,37.63923],[127.63314,37.63992],[127.63341,37.64001],[127.63415,37.63994],[127.63439,37.63975],[127.63435,37.63924],[127.63378,37.63791],[127.63359,37.63688],[127.63371,37.63596],[127.63411,37.63557],[127.63483,37.63539],[127.63535,37.63539],[127.63621,37.63586],[127.63735,37.63586],[127.63771,37.63575],[127.63886,37.63503],[127.63895,37.63441],[127.63864,37.63393],[127.6385,37.6334],[127.63871,37.63301],[127.63943,37.63264],[127.64087,37.63245],[127.64199,37.63249],[127.64439,37.63297],[127.64505,37.63287],[127.64612,37.63296],[127.64699,37.63274],[127.64713,37.63236],[127.64712,37.63143],[127.64692,37.6306],[127.64731,37.62933],[127.64736,37.629],[127.6486,37.62712],[127.64888,37.62646],[127.64918,37.62534],[127.64949,37.62465],[127.64985,37.62415],[127.65122,37.6231],[127.65211,37.62269],[127.65339,37.62231],[127.65515,37.62227],[127.65647,37.62236],[127.65741,37.62256],[127.65916,37.62327],[127.66028,37.62379],[127.66171,37.62432],[127.663,37.62424],[127.66385,37.6238],[127.6644,37.62293],[127.66451,37.62248],[127.66463,37.62119],[127.66458,37.62077],[127.66473,37.62024],[127.66549,37.6192],[127.66609,37.61898],[127.66667,37.61851],[127.66752,37.61725],[127.66905,37.61649],[127.66991,37.6162],[127.67138,37.61524],[127.67187,37.61462],[127.6724,37.61427],[127.67341,37.614],[127.6742,37.61362],[127.67457,37.61294],[127.6753,37.61223],[127.67605,37.61179],[127.67679,37.6116],[127.67768,37.61103],[127.67943,37.60941],[127.68057,37.60901],[127.68141,37.60884],[127.68338,37.60823],[127.68331,37.60766],[127.68424,37.60717],[127.68482,37.60674],[127.68511,37.60675],[127.68594,37.60636],[127.68627,37.60534],[127.68669,37.60451],[127.68738,37.60419],[127.68816,37.60438],[127.68851,37.60423],[127.68917,37.60419],[127.68948,37.60397],[127.68968,37.60339],[127.69059,37.6029],[127.6909,37.6024],[127.69163,37.60204],[127.69168,37.60133],[127.69364,37.60099],[127.69434,37.60125],[127.69536,37.60093],[127.69619,37.60079],[127.69653,37.59979],[127.6971,37.59907],[127.69712,37.59875],[127.69815,37.59801],[127.69876,37.59779],[127.69935,37.59699],[127.69998,37.59696],[127.70029,37.59648],[127.70084,37.59612],[127.70039,37.59561],[127.70052,37.59531],[127.69912,37.59472],[127.69926,37.59436],[127.69823,37.59368],[127.69837,37.59277],[127.69743,37.59185],[127.6982,37.59141],[127.6982,37.59089],[127.69911,37.59057],[127.69944,37.59007],[127.70071,37.58962],[127.70174,37.5895],[127.70217,37.58909],[127.70269,37.58918],[127.70347,37.589],[127.70436,37.58861],[127.7051,37.58843],[127.70635,37.5884],[127.70649,37.58795],[127.70694,37.58737],[127.70726,37.58677],[127.7079,37.58635],[127.70871,37.58649],[127.70948,37.58706],[127.71159,37.58749],[127.71313,37.58847],[127.71367,37.589],[127.71441,37.58847],[127.71526,37.58838],[127.71589,37.58807],[127.71705,37.5884],[127.71726,37.5886],[127.71879,37.58932],[127.71984,37.58946],[127.72127,37.59033],[127.72173,37.59019],[127.72212,37.59037],[127.72313,37.59063],[127.72376,37.59012],[127.72432,37.59019],[127.72508,37.59007],[127.72557,37.58963],[127.72682,37.58906],[127.72715,37.5893],[127.72769,37.58927],[127.72799,37.58959],[127.72871,37.58947],[127.7295,37.58959],[127.7299,37.58932],[127.73074,37.58915],[127.73146,37.58878],[127.73176,37.58848],[127.73205,37.58857],[127.73234,37.58827],[127.73287,37.5885],[127.73432,37.58826],[127.73478,37.5883],[127.73586,37.58815],[127.73649,37.58828],[127.73764,37.5881],[127.73889,37.58756],[127.7394,37.58709],[127.74044,37.58731],[127.7406,37.58762],[127.74154,37.58796],[127.74302,37.58774],[127.74397,37.58801],[127.7447,37.58788],[127.74592,37.58862],[127.74599,37.5889],[127.74691,37.58947],[127.74753,37.58995],[127.74867,37.59045],[127.74956,37.59069],[127.75141,37.59054],[127.75315,37.59178],[127.75389,37.59185],[127.75411,37.59206],[127.75502,37.59154],[127.75519,37.59092],[127.7558,37.59028],[127.75571,37.59009],[127.7561,37.5895],[127.75706,37.58932],[127.75728,37.58871],[127.75732,37.5881],[127.75756,37.58742],[127.75798,37.58681],[127.75886,37.58686],[127.7599,37.58701],[127.76074,37.58749],[127.76128,37.58759],[127.7622,37.58675],[127.76345,37.58635],[127.76361,37.58613],[127.76462,37.58585],[127.76476,37.58534],[127.76589,37.58389],[127.76649,37.58357],[127.76657,37.58267],[127.76732,37.58264],[127.76759,37.5823],[127.76896,37.58186],[127.76905,37.58174],[127.77011,37.58201],[127.77148,37.58195],[127.77204,37.58162],[127.77253,37.58149],[127.77323,37.58099],[127.77397,37.5811],[127.77474,37.58084],[127.77548,37.58031],[127.77608,37.58005],[127.77701,37.58014],[127.77793,37.58012],[127.7784,37.57983],[127.7792,37.57996],[127.78006,37.57951],[127.78079,37.57944],[127.78329,37.57844],[127.78428,37.57826],[127.78444,37.57812],[127.78513,37.57824],[127.78558,37.5785],[127.78616,37.57856],[127.78697,37.57877],[127.78786,37.57891],[127.78787,37.57913],[127.78836,37.57959],[127.78904,37.58005],[127.79008,37.58061],[127.79013,37.58121],[127.7906,37.58152],[127.791,37.582],[127.79131,37.58317],[127.79132,37.58364],[127.79258,37.58479],[127.7929,37.58529],[127.7932,37.5852],[127.79408,37.58525],[127.79491,37.58493],[127.79528,37.58445],[127.79594,37.58419],[127.79621,37.58429],[127.79681,37.58402],[127.79735,37.58397],[127.79828,37.58322],[127.79998,37.58277],[127.7999,37.58232],[127.80103,37.58146],[127.80075,37.58097],[127.80301,37.57949],[127.80408,37.57931],[127.80425,37.57913],[127.80419,37.57852],[127.80435,37.57794],[127.80487,37.57506],[127.80563,37.57409],[127.80629,37.5741],[127.80737,37.57392],[127.80771,37.57371],[127.80815,37.57389],[127.80909,37.57377],[127.80961,37.57345],[127.80967,37.57292],[127.81002,37.57267],[127.81011,37.57227],[127.81041,37.57167],[127.81029,37.57115],[127.81042,37.57047],[127.81124,37.56987],[127.81101,37.5691],[127.81143,37.56878],[127.81175,37.56881],[127.81261,37.56847],[127.81273,37.56791],[127.81306,37.56758],[127.81299,37.56736],[127.8135,37.56702],[127.81321,37.56677],[127.81352,37.56624],[127.81397,37.56627],[127.81415,37.56601],[127.814,37.56551],[127.81377,37.56527],[127.81378,37.56461],[127.81413,37.56415],[127.81508,37.56377],[127.81573,37.56364],[127.81607,37.56389],[127.81661,37.56389],[127.8173,37.5636],[127.81751,37.56281],[127.81797,37.56286],[127.81827,37.5632],[127.81896,37.56323],[127.81932,37.56292],[127.81986,37.56293],[127.82061,37.5628],[127.82106,37.56293],[127.82137,37.56339],[127.82195,37.56325],[127.82281,37.56323],[127.82339,37.5631],[127.82366,37.56245],[127.82377,37.56183],[127.82507,37.56128],[127.8259,37.56131],[127.82623,37.56071],[127.82704,37.56061],[127.82763,37.5608],[127.828,37.56126],[127.82885,37.56102],[127.82913,37.56111],[127.8307,37.56123],[127.83125,37.56068],[127.83175,37.56082],[127.83232,37.56157],[127.83342,37.5609],[127.83428,37.56059],[127.835,37.56048],[127.83636,37.56041],[127.83685,37.5599],[127.83744,37.55985],[127.83824,37.55965],[127.83911,37.5592],[127.83951,37.55922],[127.84035,37.55812],[127.84023,37.55781],[127.84039,37.55679],[127.84166,37.5561],[127.84209,37.55579],[127.84253,37.55528],[127.84312,37.55477],[127.84369,37.55452],[127.84476,37.55358],[127.8454,37.55331],[127.84627,37.55321],[127.8473,37.55265],[127.848,37.55245],[127.84808,37.5523],[127.84849,37.55246],[127.8498,37.55334],[127.8501,37.5538],[127.85115,37.55384],[127.85137,37.55412],[127.85226,37.55399],[127.85267,37.55424],[127.8534,37.55394],[127.85407,37.55406],[127.85458,37.55382],[127.8552,37.55399],[127.8563,37.55523],[127.85727,37.5555],[127.85759,37.55644],[127.85809,37.55676],[127.85826,37.55711],[127.85879,37.55744],[127.85912,37.55737],[127.85955,37.55772],[127.8599,37.55754],[127.86086,37.55763],[127.86108,37.55748],[127.86183,37.55745],[127.86278,37.55719],[127.86377,37.55743],[127.86443,37.55735],[127.86489,37.55707],[127.86537,37.5572],[127.86587,37.55685],[127.86627,37.5563],[127.86822,37.55639],[127.8685,37.55666],[127.86898,37.55681],[127.87001,37.55678],[127.87018,37.5566],[127.87096,37.55648],[127.8713,37.55625],[127.87195,37.55653],[127.87206,37.55688],[127.87276,37.55704],[127.87374,37.55745],[127.87271,37.55987],[127.87238,37.56078],[127.87241,37.56217],[127.87513,37.56415],[127.87681,37.56573],[127.87874,37.56626],[127.88043,37.56759],[127.88157,37.56874],[127.88156,37.57007],[127.88297,37.57014],[127.88415,37.57127],[127.8847,37.57253],[127.88427,37.57534],[127.88569,37.57603],[127.88792,37.57614],[127.88902,37.5769],[127.88883,37.57824],[127.88882,37.58003],[127.88902,37.58042],[127.88907,37.58093],[127.88975,37.58086],[127.89017,37.58139],[127.89019,37.58183],[127.89172,37.58235],[127.89258,37.58387],[127.89231,37.58424],[127.89297,37.58472],[127.89379,37.58508],[127.89342,37.58637],[127.89356,37.58664],[127.89306,37.5877],[127.89316,37.58782],[127.89306,37.58869],[127.89341,37.58928],[127.89377,37.58953],[127.89428,37.59029],[127.89412,37.59104],[127.89437,37.59128],[127.89405,37.59253],[127.89426,37.59289],[127.89414,37.59318],[127.89375,37.59345],[127.89381,37.59463],[127.8928,37.59535],[127.8929,37.59568],[127.89262,37.59654],[127.89223,37.59669],[127.89263,37.59721],[127.89338,37.59779],[127.89504,37.59831],[127.89567,37.59768],[127.89639,37.59737],[127.89847,37.59789],[127.90752,37.59842],[127.90915,37.59894],[127.91011,37.60035],[127.91063,37.60057],[127.91253,37.60071],[127.91311,37.60125],[127.9147,37.60179],[127.91656,37.60236],[127.91674,37.60262],[127.91838,37.60403],[127.91921,37.60455],[127.92261,37.6057],[127.92464,37.60476],[127.927,37.60415],[127.92754,37.60621],[127.92942,37.60684],[127.93319,37.60982],[127.93706,37.60957],[127.93895,37.6093],[127.94104,37.60951],[127.94348,37.60919],[127.94524,37.60878],[127.94688,37.60946],[127.94939,37.61022],[127.95122,37.61114],[127.95121,37.61154],[127.95163,37.61207],[127.95185,37.61331],[127.95221,37.61393],[127.95209,37.61459],[127.95243,37.61514],[127.95231,37.61628],[127.9525,37.61712],[127.95236,37.6178],[127.95401,37.61786],[127.95465,37.61822],[127.95521,37.61839],[127.9555,37.61883],[127.9559,37.61892],[127.95652,37.6195],[127.95725,37.62136],[127.95716,37.62231],[127.95884,37.62388],[127.95953,37.62489],[127.9592,37.62563],[127.95974,37.62612],[127.96013,37.62612],[127.96179,37.62655],[127.96238,37.62655],[127.9632,37.6264],[127.96435,37.62603],[127.96469,37.62581],[127.96749,37.62694],[127.96825,37.62869],[127.96855,37.62911],[127.96818,37.62978],[127.96833,37.63065],[127.96802,37.63135],[127.96933,37.63266],[127.96944,37.63311],[127.97012,37.63437],[127.96968,37.63634],[127.96993,37.63665],[127.97002,37.63712],[127.9706,37.63774],[127.97121,37.63808],[127.97326,37.63778],[127.97413,37.63757],[127.97482,37.63689],[127.97567,37.63621],[127.97641,37.63631],[127.97708,37.63624],[127.97761,37.63578],[127.97792,37.63515],[127.97792,37.63486],[127.97838,37.63462],[127.97962,37.63313],[127.97922,37.63233],[127.97928,37.63185],[127.98061,37.63185],[127.98081,37.63132],[127.98261,37.63081],[127.98403,37.63051],[127.98456,37.63021],[127.98611,37.62989],[127.98759,37.62991],[127.98883,37.62941],[127.99023,37.62853],[127.99145,37.62812],[127.99171,37.6281],[127.99224,37.62777],[127.99262,37.62772],[127.99383,37.62797],[127.99575,37.62756],[127.99675,37.62727],[127.99784,37.62685],[128.00025,37.62663],[128.00137,37.62664],[128.00221,37.62688],[128.00329,37.62696],[128.00349,37.6267],[128.00401,37.62655],[128.00675,37.62688],[128.00837,37.62692],[128.00977,37.62673],[128.01088,37.62665],[128.01165,37.6265],[128.01215,37.62624],[128.0129,37.62564],[128.01329,37.62518],[128.01322,37.62435],[128.01421,37.62369],[128.01382,37.62297],[128.01327,37.62265],[128.01292,37.62201],[128.01297,37.62175],[128.01402,37.62033],[128.01387,37.61983],[128.01405,37.61884],[128.01384,37.61859],[128.01418,37.61794],[128.01407,37.61714],[128.01382,37.61678],[128.01384,37.61623],[128.01369,37.61606],[128.01394,37.61553],[128.01434,37.61541],[128.01444,37.61472],[128.01548,37.61428],[128.01581,37.61402],[128.01667,37.61364],[128.0179,37.61336],[128.01963,37.61326],[128.02012,37.61317],[128.02093,37.61356],[128.02196,37.61438],[128.02264,37.61479],[128.02299,37.61555],[128.02437,37.61573],[128.0248,37.61619],[128.02474,37.61665],[128.02504,37.61691],[128.02523,37.61756],[128.02633,37.6179],[128.02699,37.61851],[128.02803,37.61868],[128.02828,37.619],[128.0291,37.61968],[128.0293,37.62016],[128.02999,37.62128],[128.03053,37.62163],[128.03113,37.62223],[128.03145,37.62271],[128.03234,37.6226],[128.03312,37.62289],[128.03363,37.62347],[128.03517,37.62421],[128.03632,37.62425],[128.03741,37.62415],[128.03877,37.62445],[128.03988,37.62491],[128.04089,37.62506],[128.04168,37.62534],[128.04332,37.6258],[128.04444,37.62584],[128.04498,37.62639],[128.04558,37.62685],[128.0463,37.62711],[128.04686,37.62715],[128.04707,37.62747],[128.04842,37.62779],[128.04932,37.62739],[128.04996,37.62761],[128.04998,37.63104],[128.05236,37.63159],[128.05297,37.63244],[128.05386,37.63281],[128.05571,37.63275],[128.05669,37.63295],[128.05794,37.63353],[128.059,37.63414],[128.06114,37.6343],[128.0635,37.6352],[128.06462,37.63542],[128.06628,37.63643],[128.06669,37.63948],[128.06662,37.64013],[128.06707,37.64101],[128.06747,37.64134],[128.06903,37.64166],[128.06982,37.64228],[128.07196,37.64291],[128.0724,37.64333],[128.07311,37.6436],[128.07377,37.64373],[128.07458,37.64413],[128.07521,37.64403],[128.07556,37.64424],[128.07571,37.64527],[128.07668,37.64592],[128.07723,37.64717],[128.07764,37.64738],[128.07823,37.64737],[128.07887,37.64782],[128.07864,37.64859],[128.07954,37.64918],[128.08002,37.64917],[128.0806,37.64939],[128.08132,37.64945],[128.08194,37.64984],[128.08272,37.65002],[128.08324,37.65043],[128.08353,37.65031],[128.08427,37.65054],[128.08449,37.65037],[128.08557,37.65019],[128.08595,37.65045],[128.0871,37.65081],[128.08724,37.65132],[128.08825,37.65168],[128.08863,37.65195],[128.08941,37.65225],[128.08976,37.65229],[128.09053,37.65215],[128.09095,37.65218],[128.09193,37.65261],[128.09233,37.65256],[128.09328,37.65308],[128.09413,37.65275],[128.09497,37.65294],[128.09586,37.6528],[128.09645,37.65254],[128.09719,37.65241],[128.09796,37.65209],[128.09845,37.6516],[128.09831,37.65087],[128.09909,37.65057],[128.09991,37.65043],[128.10049,37.65051],[128.10142,37.65045],[128.10186,37.65015],[128.10213,37.65015],[128.10408,37.64978],[128.10616,37.65023],[128.10689,37.65075],[128.10804,37.65084],[128.10938,37.65142],[128.10984,37.65184],[128.11018,37.65241],[128.11095,37.6531],[128.11197,37.65381],[128.11332,37.65421],[128.11412,37.65454],[128.11283,37.65527],[128.11029,37.65562],[128.10905,37.65591],[128.1081,37.65624],[128.10733,37.65689],[128.10618,37.65826],[128.10559,37.65941],[128.10607,37.66009],[128.10643,37.66091],[128.10667,37.66121],[128.109,37.66301],[128.1105,37.66379],[128.11247,37.66488],[128.11154,37.66634],[128.11182,37.66677],[128.11196,37.66789],[128.112,37.66928],[128.11176,37.67017],[128.11147,37.67074],[128.11168,37.67149],[128.11236,37.6724],[128.11327,37.67344],[128.11419,37.67472],[128.11492,37.67476],[128.11545,37.67544],[128.11597,37.67592],[128.11622,37.67599],[128.11726,37.67674],[128.11822,37.67815],[128.11872,37.67862],[128.11973,37.67849],[128.1211,37.67821],[128.1222,37.67844],[128.12321,37.67849],[128.12441,37.67817],[128.12539,37.67749],[128.12606,37.67747],[128.1268,37.6776],[128.12725,37.67789],[128.12813,37.678],[128.12937,37.67863],[128.13025,37.67884],[128.13093,37.6793],[128.13195,37.67953],[128.13258,37.67951],[128.1336,37.67983],[128.13425,37.68012],[128.13538,37.68004],[128.1359,37.68016],[128.13669,37.67993],[128.13744,37.67961],[128.13783,37.67921],[128.13843,37.67803],[128.13856,37.67762],[128.13884,37.67738],[128.13895,37.67694],[128.13951,37.67619],[128.13987,37.67514],[128.13997,37.67447],[128.14085,37.67518],[128.14159,37.67536],[128.14227,37.67475],[128.14289,37.67402],[128.14327,37.67378],[128.14337,37.67346],[128.14428,37.67324],[128.14564,37.67281],[128.14617,37.67249],[128.14654,37.67185],[128.14728,37.67009],[128.1481,37.66979],[128.14871,37.66881],[128.14948,37.66675],[128.14945,37.66618],[128.14966,37.66541],[128.14952,37.66514],[128.14999,37.66413],[128.15048,37.66336],[128.15094,37.66311],[128.15065,37.6621],[128.15101,37.66196],[128.15121,37.66149],[128.15149,37.66124],[128.15158,37.66032],[128.15256,37.65914],[128.15294,37.6603],[128.15365,37.66118],[128.15424,37.66169],[128.15517,37.66192],[128.15622,37.66201],[128.15761,37.66277],[128.15814,37.6627],[128.15876,37.6632],[128.16026,37.6631],[128.16132,37.66354],[128.16166,37.664],[128.16232,37.66427],[128.16296,37.66435],[128.16342,37.66457],[128.1641,37.6647],[128.16434,37.66342],[128.16426,37.66213],[128.1647,37.66178],[128.16435,37.66109],[128.16509,37.66072],[128.16529,37.66005],[128.16591,37.65929],[128.16828,37.65852],[128.16981,37.65859],[128.17118,37.65752],[128.17418,37.65578],[128.17456,37.65505],[128.17531,37.65418],[128.17577,37.65457],[128.17693,37.65525],[128.17728,37.65453],[128.17865,37.65395],[128.17896,37.65376],[128.17979,37.65391],[128.18059,37.65341],[128.18128,37.65348],[128.18106,37.65262],[128.18157,37.65154],[128.18294,37.65065],[128.18446,37.65006],[128.18577,37.64964],[128.18597,37.64897],[128.18591,37.64768],[128.18626,37.64614],[128.18623,37.64516],[128.18651,37.64441],[128.18821,37.64443],[128.18928,37.64495],[128.19096,37.64606],[128.19181,37.64731],[128.19358,37.64819],[128.19488,37.64925],[128.19542,37.65015],[128.19689,37.65064],[128.19793,37.6512],[128.19956,37.65167],[128.2009,37.65101],[128.20209,37.65029],[128.20554,37.65],[128.2065,37.64978],[128.20752,37.6492],[128.20872,37.64907],[128.20963,37.64764],[128.20969,37.64726],[128.21028,37.64617],[128.21069,37.64575],[128.21171,37.64583],[128.2129,37.64586],[128.21336,37.64544],[128.21391,37.64509],[128.21526,37.64382],[128.2158,37.64272],[128.21568,37.642],[128.2157,37.64087],[128.21655,37.64038],[128.21773,37.63997],[128.2195,37.63943],[128.22011,37.63865],[128.22111,37.6378],[128.22154,37.63723],[128.22229,37.63542],[128.22324,37.6349],[128.22435,37.63314],[128.22638,37.63204],[128.22766,37.63002],[128.22772,37.62971],[128.22854,37.62875],[128.23074,37.62804],[128.23244,37.62714],[128.23583,37.62522],[128.24204,37.62669],[128.24355,37.62612],[128.24615,37.62607],[128.24715,37.62506],[128.24848,37.62602],[128.25332,37.62701],[128.2539,37.62737],[128.25434,37.62834],[128.25529,37.62836],[128.26249,37.63202],[128.26323,37.63251],[128.26405,37.63237],[128.2646,37.6324],[128.26631,37.63353],[128.267,37.63358],[128.26799,37.63335],[128.26921,37.63315],[128.27034,37.63266],[128.27085,37.63456],[128.27118,37.63511],[128.27151,37.6369],[128.27231,37.63753],[128.27241,37.63792],[128.27341,37.6386],[128.27551,37.63916],[128.27574,37.63967],[128.27503,37.64025],[128.27457,37.64121],[128.27426,37.64216],[128.27421,37.64325],[128.27371,37.64428],[128.27392,37.64524],[128.27339,37.64627],[128.27325,37.64705],[128.27344,37.64808],[128.27329,37.64843],[128.27354,37.65012],[128.27318,37.65194],[128.27311,37.65254],[128.27373,37.65326],[128.27385,37.65352],[128.27445,37.65417],[128.27366,37.6552],[128.27386,37.65601],[128.27429,37.65655],[128.27483,37.65678],[128.27626,37.65777],[128.27641,37.65828],[128.27715,37.65917],[128.27781,37.65977],[128.27827,37.66144],[128.27797,37.662],[128.27883,37.66396],[128.27813,37.66526],[128.27805,37.66603],[128.27731,37.66681],[128.27718,37.66815],[128.27658,37.66888],[128.27775,37.66925],[128.27907,37.66983],[128.27955,37.67042],[128.27978,37.67101],[128.27988,37.67212],[128.28038,37.67304],[128.28158,37.67342],[128.28194,37.67382],[128.2826,37.67408],[128.28335,37.67456],[128.28399,37.67462],[128.28444,37.67452],[128.28508,37.67525],[128.28534,37.67583],[128.28586,37.67628],[128.28604,37.67677],[128.28719,37.67802],[128.28749,37.67875],[128.28827,37.67925],[128.28876,37.68013],[128.2895,37.68062],[128.29078,37.68164],[128.29218,37.68299],[128.29336,37.68301],[128.29507,37.6835],[128.29577,37.68446],[128.29643,37.68562],[128.2968,37.68581],[128.29717,37.68708],[128.2978,37.68763],[128.29889,37.68812],[128.2993,37.68873],[128.30069,37.68897],[128.30135,37.68944],[128.30204,37.68961],[128.30252,37.68991],[128.30272,37.69048],[128.30445,37.6912],[128.30437,37.69187],[128.30505,37.69242],[128.30522,37.69334],[128.30639,37.69436],[128.30722,37.69565],[128.307,37.69635],[128.30784,37.69696],[128.30838,37.69831],[128.30895,37.69898],[128.30885,37.69928],[128.30926,37.69972],[128.3096,37.70054],[128.30977,37.70138],[128.31018,37.70185],[128.3112,37.70158],[128.31164,37.70221],[128.31255,37.70272],[128.31246,37.7032],[128.31334,37.70316],[128.31426,37.7017],[128.31453,37.70099],[128.31556,37.70044],[128.31586,37.70006],[128.31636,37.7001],[128.31671,37.69972],[128.31674,37.69938],[128.31703,37.69867],[128.31733,37.69836],[128.31758,37.69786],[128.31758,37.69674],[128.31881,37.69542],[128.31932,37.69455],[128.32011,37.69389],[128.31988,37.69331],[128.32,37.69289],[128.32035,37.69242],[128.32034,37.69209],[128.32128,37.69117],[128.32139,37.69082],[128.32271,37.69049],[128.32337,37.69004],[128.32476,37.69076],[128.32527,37.6909],[128.3258,37.69087],[128.32648,37.69151],[128.32677,37.69162],[128.32765,37.69169],[128.32867,37.69239],[128.32966,37.69242],[128.33051,37.69281],[128.33096,37.69263],[128.33158,37.69275],[128.33204,37.6932],[128.33299,37.69377],[128.33448,37.69398],[128.335,37.69424],[128.3354,37.69479],[128.3369,37.69555],[128.33752,37.69549],[128.33814,37.69561],[128.33962,37.69566],[128.34064,37.6956],[128.34162,37.69603],[128.34232,37.69618],[128.34337,37.69579],[128.34387,37.69583],[128.34446,37.69605],[128.34616,37.6956],[128.34711,37.69613],[128.34779,37.69621],[128.34902,37.69654],[128.34964,37.69661],[128.35066,37.69718],[128.35088,37.69748],[128.35164,37.69777],[128.35293,37.69763],[128.35536,37.69761],[128.35634,37.69788],[128.35748,37.69919],[128.35804,37.69938],[128.35848,37.69904],[128.35878,37.699],[128.35989,37.69935],[128.36045,37.69855],[128.36334,37.69818],[128.3642,37.69785],[128.36498,37.69779],[128.36567,37.69663],[128.36624,37.69615],[128.36706,37.69579],[128.36808,37.69487],[128.36833,37.69484],[128.36915,37.6939],[128.37134,37.69342],[128.37237,37.69329],[128.37385,37.69291],[128.37432,37.69234],[128.37557,37.69195],[128.37608,37.69161],[128.37672,37.69149],[128.37781,37.69169],[128.37849,37.69173],[128.37902,37.69163],[128.37936,37.69143],[128.38034,37.69179],[128.38135,37.6918],[128.38221,37.69191],[128.38256,37.69187],[128.3834,37.69213],[128.3847,37.69229],[128.38506,37.69189],[128.38592,37.6913],[128.38733,37.69154],[128.38767,37.69146],[128.38811,37.69169],[128.38909,37.69194],[128.39004,37.69185],[128.39078,37.69193],[128.39226,37.69137],[128.39279,37.6913],[128.39381,37.69139],[128.39471,37.69134],[128.39552,37.69181],[128.39644,37.69109],[128.39709,37.69092],[128.39804,37.69042],[128.39854,37.68997],[128.39925,37.68967],[128.40043,37.6897],[128.40309,37.68855],[128.40443,37.68833],[128.40539,37.68892],[128.40684,37.68995],[128.40852,37.69079],[128.41013,37.69014],[128.41128,37.68961],[128.41206,37.68887],[128.41289,37.68849],[128.414,37.68836],[128.41549,37.68798],[128.41709,37.68861],[128.41895,37.68893],[128.41963,37.68918],[128.42064,37.68911],[128.42219,37.68953],[128.423,37.69048],[128.4234,37.69077],[128.42486,37.69141],[128.42527,37.69134],[128.42647,37.69159],[128.427,37.69138],[128.42932,37.6914],[128.43122,37.6924],[128.4317,37.69217],[128.43204,37.69224],[128.43307,37.69198],[128.43481,37.69236],[128.43526,37.69239],[128.43578,37.69397],[128.43571,37.69474],[128.43593,37.69527],[128.43759,37.69665],[128.43972,37.69748],[128.43988,37.69802],[128.44096,37.69864],[128.44159,37.69915],[128.44227,37.6995],[128.44321,37.70031],[128.44395,37.70073],[128.44367,37.70111],[128.44369,37.70167],[128.44401,37.70222],[128.44398,37.70266],[128.44414,37.70338],[128.44398,37.70365],[128.44401,37.70416],[128.4443,37.70477],[128.44445,37.70559],[128.44425,37.70606],[128.44432,37.70678],[128.44461,37.70781],[128.44485,37.70821],[128.44464,37.70845],[128.44466,37.70886],[128.44545,37.70954],[128.4458,37.71039],[128.44614,37.71099],[128.44578,37.71165],[128.44614,37.71249],[128.44577,37.71298],[128.44587,37.71347],[128.44555,37.71427],[128.44512,37.7146],[128.44486,37.71547],[128.44459,37.71588],[128.44496,37.71659],[128.4448,37.71733],[128.44492,37.71766],[128.44542,37.71793],[128.44628,37.71906],[128.44723,37.71913],[128.44806,37.7212],[128.44837,37.7215],[128.44854,37.72221],[128.44944,37.72335],[128.44978,37.72361],[128.44989,37.72391],[128.45096,37.72458],[128.45134,37.72513],[128.45261,37.72605],[128.4525,37.72707],[128.45304,37.7274],[128.4534,37.72796],[128.45438,37.72887],[128.45484,37.72915],[128.45573,37.72937],[128.45667,37.72995],[128.45781,37.73081],[128.45897,37.73057],[128.45948,37.7303],[128.46006,37.73027],[128.4605,37.73003],[128.46066,37.7296],[128.46229,37.72854],[128.46288,37.72835],[128.46364,37.72845],[128.46555,37.72844],[128.46619,37.72849],[128.46746,37.72913],[128.46822,37.72944],[128.46856,37.7303],[128.46905,37.73101],[128.47113,37.73279],[128.47195,37.7331],[128.47261,37.73287],[128.47319,37.73286],[128.47595,37.73375],[128.4787,37.73466],[128.48034,37.7336],[128.48175,37.73346],[128.48401,37.73414],[128.48624,37.73409],[128.49083,37.7331],[128.49213,37.73317],[128.49269,37.73281],[128.49334,37.73297],[128.49464,37.73269],[128.49535,37.7327],[128.49604,37.73289],[128.49708,37.73269],[128.49775,37.73236],[128.49829,37.73242],[128.49871,37.73209],[128.49917,37.73195],[128.49983,37.73192],[128.50128,37.73164],[128.50183,37.73183],[128.50222,37.73175],[128.50333,37.7319],[128.50413,37.73164],[128.50474,37.73104],[128.5053,37.73119],[128.50673,37.7312],[128.50799,37.73104],[128.50962,37.73055],[128.51093,37.73052],[128.51231,37.73057],[128.51307,37.73037],[128.51396,37.73131],[128.51447,37.73142],[128.51495,37.73194],[128.51606,37.73221],[128.51795,37.73192],[128.5192,37.73146],[128.52057,37.73109],[128.52171,37.73018],[128.52222,37.72971],[128.52254,37.73002],[128.52351,37.73023],[128.52437,37.73085],[128.52583,37.73145],[128.52643,37.73156],[128.528,37.73297],[128.52811,37.73351],[128.5275,37.73407],[128.5277,37.73652],[128.52698,37.73748],[128.52569,37.73801],[128.52517,37.73882],[128.52531,37.74005],[128.52448,37.741],[128.52406,37.74263],[128.52514,37.74421],[128.52498,37.74529],[128.52645,37.74774],[128.52599,37.74878],[128.52626,37.74954],[128.52684,37.75058],[128.52672,37.75125],[128.52697,37.75172],[128.52695,37.75227],[128.52711,37.75281],[128.52603,37.75429],[128.52406,37.75535],[128.52395,37.76401],[128.52523,37.76423],[128.52553,37.76463],[128.52652,37.76495],[128.52811,37.76713],[128.52902,37.76767],[128.53004,37.76886],[128.53165,37.76972],[128.53323,37.77096],[128.53325,37.77219],[128.53301,37.77307],[128.53308,37.77399],[128.53366,37.77592],[128.53305,37.7766],[128.53288,37.7774],[128.53339,37.77886],[128.5332,37.77979],[128.53436,37.78008],[128.53548,37.78108],[128.53822,37.78224],[128.53959,37.78322],[128.54141,37.78649],[128.54252,37.78834],[128.54293,37.78958],[128.54287,37.79159],[128.54235,37.79228],[128.54258,37.79345],[128.54397,37.79534],[128.54326,37.79715],[128.54376,37.80023],[128.54437,37.8009],[128.54595,37.80169],[128.54736,37.80276],[128.54866,37.80353],[128.55039,37.80372],[128.55096,37.80417],[128.55157,37.80453],[128.55201,37.80582],[128.55233,37.80636],[128.55269,37.80652],[128.5535,37.80731],[128.55547,37.80911],[128.55638,37.80946],[128.55763,37.80916],[128.56024,37.80892],[128.56174,37.80864],[128.56336,37.80863],[128.56483,37.80832],[128.56577,37.80828],[128.56689,37.80799],[128.56806,37.80805],[128.56916,37.80748],[128.56966,37.80741],[128.57024,37.80783],[128.57084,37.808],[128.57057,37.80839],[128.57155,37.8099],[128.57266,37.811],[128.57333,37.81178],[128.57429,37.81311],[128.57575,37.81415],[128.57592,37.81574],[128.57697,37.81706],[128.57818,37.81816],[128.57961,37.81909],[128.58054,37.81982],[128.58199,37.82076],[128.58274,37.82139],[128.58177,37.8228],[128.58158,37.82334],[128.58139,37.8247],[128.58112,37.82537],[128.58048,37.82615],[128.58061,37.82702],[128.58036,37.82798],[128.58066,37.82876],[128.58125,37.83098],[128.58182,37.83194],[128.5823,37.83242],[128.58194,37.83302],[128.58181,37.83405],[128.58187,37.83449],[128.58157,37.83537],[128.582,37.83618],[128.58161,37.83773],[128.58186,37.83838],[128.58256,37.83872],[128.58324,37.84032],[128.58353,37.84083],[128.58303,37.84207],[128.58339,37.84263],[128.58455,37.84321],[128.58519,37.84434],[128.58606,37.84514],[128.5858,37.84575],[128.58611,37.84623],[128.58568,37.84702],[128.58493,37.84815],[128.58508,37.84923],[128.58554,37.84984],[128.58577,37.85065],[128.58639,37.85141],[128.58725,37.852],[128.58737,37.8522],[128.58739,37.85308],[128.58714,37.85404],[128.58756,37.8549],[128.58739,37.8557],[128.58826,37.85673],[128.58827,37.85754],[128.58861,37.85855],[128.58878,37.85992],[128.58879,37.861],[128.58802,37.86203],[128.58797,37.86209],[128.58633,37.86254],[128.58425,37.86296],[128.58341,37.86343],[128.58249,37.86326],[128.58158,37.86291],[128.58051,37.86277],[128.5794,37.86297],[128.57883,37.86279],[128.57793,37.86323],[128.57749,37.8638],[128.57715,37.86402],[128.57514,37.86427],[128.57376,37.86464],[128.57354,37.86504],[128.57366,37.86536],[128.57346,37.86637],[128.57327,37.86667],[128.57344,37.86763],[128.57327,37.86782],[128.57334,37.86832],[128.5729,37.86895],[128.57263,37.86909],[128.57236,37.86953],[128.57214,37.87052],[128.57188,37.87083],[128.57099,37.87151],[128.56961,37.87276],[128.56944,37.8731],[128.56869,37.87348],[128.56821,37.87436],[128.56774,37.8754],[128.56752,37.87555],[128.56682,37.87563],[128.56602,37.8753],[128.56553,37.87543],[128.56427,37.87548],[128.56372,37.87562],[128.56007,37.87539],[128.55949,37.8756],[128.55925,37.87614],[128.55922,37.87705],[128.55845,37.87776],[128.55824,37.87806],[128.55824,37.87852],[128.55804,37.87942],[128.55746,37.88003],[128.55711,37.88016],[128.55667,37.88067],[128.55632,37.88078],[128.55525,37.88172],[128.55243,37.88308],[128.5518,37.8833],[128.55089,37.88413],[128.54999,37.88451],[128.54776,37.88526],[128.5467,37.88614],[128.5453,37.88692],[128.54407,37.8872],[128.54299,37.88845],[128.54224,37.89005],[128.54153,37.89052],[128.54101,37.89109],[128.53975,37.89114],[128.53928,37.89095],[128.53661,37.88969],[128.53613,37.88989],[128.53407,37.89007],[128.53294,37.88961],[128.53076,37.88895],[128.52998,37.88885],[128.52929,37.88754],[128.52816,37.88688],[128.52744,37.88634],[128.52753,37.88532],[128.52682,37.88453],[128.52652,37.88399],[128.52613,37.88296],[128.52522,37.88259],[128.52373,37.88281],[128.52319,37.88252],[128.52234,37.88233],[128.52145,37.88238],[128.52063,37.88225],[128.51919,37.88137],[128.51883,37.88081],[128.51774,37.88074],[128.51735,37.88089],[128.51663,37.88092],[128.51604,37.88077],[128.51491,37.88067],[128.51268,37.88008],[128.51176,37.88006],[128.51077,37.88053],[128.50974,37.88201],[128.50949,37.88284],[128.50922,37.88319],[128.50821,37.88422],[128.50742,37.88444],[128.50673,37.88549],[128.50635,37.88583],[128.50599,37.88649],[128.50593,37.88687],[128.5035,37.88734],[128.50307,37.88704],[128.50255,37.88698],[128.50163,37.88647],[128.50093,37.88618],[128.49979,37.88619],[128.49867,37.88612],[128.49845,37.88602],[128.49738,37.88518],[128.49719,37.88376],[128.4968,37.88389],[128.49659,37.88485],[128.49625,37.8854],[128.49546,37.88571],[128.49472,37.88688],[128.49393,37.88777],[128.49279,37.88791],[128.49187,37.88868],[128.49099,37.88871],[128.49047,37.88895],[128.489,37.88911],[128.48872,37.88957],[128.48809,37.89],[128.48755,37.89019],[128.48636,37.89044],[128.48544,37.89139],[128.485,37.89168],[128.48399,37.89205],[128.48353,37.89241],[128.48295,37.89266],[128.48142,37.893]]]},"properties":{"code":"51720","name":"홍천군","bbox":[127.53524,37.5523,128.58879,37.94552],"labelPoint":[128.05996,37.77155]}},{"type":"Feature","geometry":{"type":"Polygon","coordinates":[[[128.2539,37.62737],[128.25332,37.62701],[128.24848,37.62602],[128.24715,37.62506],[128.24615,37.62607],[128.24355,37.62612],[128.24204,37.62669],[128.23583,37.62522],[128.23244,37.62714],[128.23074,37.62804],[128.22854,37.62875],[128.22772,37.62971],[128.22766,37.63002],[128.22638,37.63204],[128.22435,37.63314],[128.22324,37.6349],[128.22229,37.63542],[128.22154,37.63723],[128.22111,37.6378],[128.22011,37.63865],[128.2195,37.63943],[128.21773,37.63997],[128.21655,37.64038],[128.2157,37.64087],[128.21568,37.642],[128.2158,37.64272],[128.21526,37.64382],[128.21391,37.64509],[128.21336,37.64544],[128.2129,37.64586],[128.21171,37.64583],[128.21069,37.64575],[128.21028,37.64617],[128.20969,37.64726],[128.20963,37.64764],[128.20872,37.64907],[128.20752,37.6492],[128.2065,37.64978],[128.20554,37.65],[128.20209,37.65029],[128.2009,37.65101],[128.19956,37.65167],[128.19793,37.6512],[128.19689,37.65064],[128.19542,37.65015],[128.19488,37.64925],[128.19358,37.64819],[128.19181,37.64731],[128.19096,37.64606],[128.18928,37.64495],[128.18821,37.64443],[128.18651,37.64441],[128.18623,37.64516],[128.18626,37.64614],[128.18591,37.64768],[128.18597,37.64897],[128.18577,37.64964],[128.18446,37.65006],[128.18294,37.65065],[128.18157,37.65154],[128.18106,37.65262],[128.18128,37.65348],[128.18059,37.65341],[128.17979,37.65391],[128.17896,37.65376],[128.17865,37.65395],[128.17728,37.65453],[128.17693,37.65525],[128.17577,37.65457],[128.17531,37.65418],[128.17456,37.65505],[128.17418,37.65578],[128.17118,37.65752],[128.16981,37.65859],[128.16828,37.65852],[128.16591,37.65929],[128.16529,37.66005],[128.16509,37.66072],[128.16435,37.66109],[128.1647,37.66178],[128.16426,37.66213],[128.16434,37.66342],[128.1641,37.6647],[128.16342,37.66457],[128.16296,37.66435],[128.16232,37.66427],[128.16166,37.664],[128.16132,37.66354],[128.16026,37.6631],[128.15876,37.6632],[128.15814,37.6627],[128.15761,37.66277],[128.15622,37.66201],[128.15517,37.66192],[128.15424,37.66169],[128.15365,37.66118],[128.15294,37.6603],[128.15256,37.65914],[128.15158,37.66032],[128.15149,37.66124],[128.15121,37.66149],[128.15101,37.66196],[128.15065,37.6621],[128.15094,37.66311],[128.15048,37.66336],[128.14999,37.66413],[128.14952,37.66514],[128.14966,37.66541],[128.14945,37.66618],[128.14948,37.66675],[128.14871,37.66881],[128.1481,37.66979],[128.14728,37.67009],[128.14654,37.67185],[128.14617,37.67249],[128.14564,37.67281],[128.14428,37.67324],[128.14337,37.67346],[128.14327,37.67378],[128.14289,37.67402],[128.14227,37.67475],[128.14159,37.67536],[128.14085,37.67518],[128.13997,37.67447],[128.13987,37.67514],[128.13951,37.67619],[128.13895,37.67694],[128.13884,37.67738],[128.13856,37.67762],[128.13843,37.67803],[128.13783,37.67921],[128.13744,37.67961],[128.13669,37.67993],[128.1359,37.68016],[128.13538,37.68004],[128.13425,37.68012],[128.1336,37.67983],[128.13258,37.67951],[128.13195,37.67953],[128.13093,37.6793],[128.13025,37.67884],[128.12937,37.67863],[128.12813,37.678],[128.12725,37.67789],[128.1268,37.6776],[128.12606,37.67747],[128.12539,37.67749],[128.12441,37.67817],[128.12321,37.67849],[128.1222,37.67844],[128.1211,37.67821],[128.11973,37.67849],[128.11872,37.67862],[128.11822,37.67815],[128.11726,37.67674],[128.11622,37.67599],[128.11597,37.67592],[128.11545,37.67544],[128.11492,37.67476],[128.11419,37.67472],[128.11327,37.67344],[128.11236,37.6724],[128.11168,37.67149],[128.11147,37.67074],[128.11176,37.67017],[128.112,37.66928],[128.11196,37.66789],[128.11182,37.66677],[128.11154,37.66634],[128.11247,37.66488],[128.1105,37.66379],[128.109,37.66301],[128.10667,37.66121],[128.10643,37.66091],[128.10607,37.66009],[128.10559,37.65941],[128.10618,37.65826],[128.10733,37.65689],[128.1081,37.65624],[128.10905,37.65591],[128.11029,37.65562],[128.11283,37.65527],[128.11412,37.65454],[128.11332,37.65421],[128.11197,37.65381],[128.11095,37.6531],[128.11018,37.65241],[128.10984,37.65184],[128.10938,37.65142],[128.10804,37.65084],[128.10689,37.65075],[128.10616,37.65023],[128.10408,37.64978],[128.10213,37.65015],[128.10186,37.65015],[128.10142,37.65045],[128.10049,37.65051],[128.09991,37.65043],[128.09909,37.65057],[128.09831,37.65087],[128.09845,37.6516],[128.09796,37.65209],[128.09719,37.65241],[128.09645,37.65254],[128.09586,37.6528],[128.09497,37.65294],[128.09413,37.65275],[128.09328,37.65308],[128.09233,37.65256],[128.09193,37.65261],[128.09095,37.65218],[128.09053,37.65215],[128.08976,37.65229],[128.08941,37.65225],[128.08863,37.65195],[128.08825,37.65168],[128.08724,37.65132],[128.0871,37.65081],[128.08595,37.65045],[128.08557,37.65019],[128.08449,37.65037],[128.08427,37.65054],[128.08353,37.65031],[128.08324,37.65043],[128.08272,37.65002],[128.08194,37.64984],[128.08132,37.64945],[128.0806,37.64939],[128.08002,37.64917],[128.07954,37.64918],[128.07864,37.64859],[128.07887,37.64782],[128.07823,37.64737],[128.07764,37.64738],[128.07723,37.64717],[128.07668,37.64592],[128.07571,37.64527],[128.07556,37.64424],[128.07521,37.64403],[128.07458,37.64413],[128.07377,37.64373],[128.07311,37.6436],[128.0724,37.64333],[128.07196,37.64291],[128.06982,37.64228],[128.06903,37.64166],[128.06747,37.64134],[128.06707,37.64101],[128.06662,37.64013],[128.06669,37.63948],[128.06628,37.63643],[128.06462,37.63542],[128.0635,37.6352],[128.06114,37.6343],[128.059,37.63414],[128.05794,37.63353],[128.05669,37.63295],[128.05571,37.63275],[128.05386,37.63281],[128.05297,37.63244],[128.05236,37.63159],[128.04998,37.63104],[128.04996,37.62761],[128.04932,37.62739],[128.04842,37.62779],[128.04707,37.62747],[128.04686,37.62715],[128.0463,37.62711],[128.04558,37.62685],[128.04498,37.62639],[128.04444,37.62584],[128.04332,37.6258],[128.04168,37.62534],[128.04089,37.62506],[128.03988,37.62491],[128.03877,37.62445],[128.03741,37.62415],[128.03632,37.62425],[128.03517,37.62421],[128.03363,37.62347],[128.03312,37.62289],[128.03234,37.6226],[128.03145,37.62271],[128.03113,37.62223],[128.03053,37.62163],[128.02999,37.62128],[128.0293,37.62016],[128.0291,37.61968],[128.02828,37.619],[128.02803,37.61868],[128.02699,37.61851],[128.02633,37.6179],[128.02523,37.61756],[128.02504,37.61691],[128.02474,37.61665],[128.0248,37.61619],[128.02437,37.61573],[128.02299,37.61555],[128.02264,37.61479],[128.02196,37.61438],[128.02093,37.61356],[128.02012,37.61317],[128.01963,37.61326],[128.0179,37.61336],[128.01667,37.61364],[128.01581,37.61402],[128.01548,37.61428],[128.01444,37.61472],[128.01434,37.61541],[128.01394,37.61553],[128.01369,37.61606],[128.01384,37.61623],[128.01382,37.61678],[128.01407,37.61714],[128.01418,37.61794],[128.01384,37.61859],[128.01405,37.61884],[128.01387,37.61983],[128.01402,37.62033],[128.01297,37.62175],[128.01292,37.62201],[128.01327,37.62265],[128.01382,37.62297],[128.01421,37.62369],[128.01322,37.62435],[128.01329,37.62518],[128.0129,37.62564],[128.01215,37.62624],[128.01165,37.6265],[128.01088,37.62665],[128.00977,37.62673],[128.00837,37.62692],[128.00675,37.62688],[128.00401,37.62655],[128.00349,37.6267],[128.00329,37.62696],[128.00221,37.62688],[128.00137,37.62664],[128.00025,37.62663],[127.99784,37.62685],[127.99675,37.62727],[127.99575,37.62756],[127.99383,37.62797],[127.99262,37.62772],[127.99224,37.62777],[127.99171,37.6281],[127.99145,37.62812],[127.99023,37.62853],[127.98883,37.62941],[127.98759,37.62991],[127.98611,37.62989],[127.98456,37.63021],[127.98403,37.63051],[127.98261,37.63081],[127.98081,37.63132],[127.98061,37.63185],[127.97928,37.63185],[127.97922,37.63233],[127.97962,37.63313],[127.97838,37.63462],[127.97792,37.63486],[127.97792,37.63515],[127.97761,37.63578],[127.97708,37.63624],[127.97641,37.63631],[127.97567,37.63621],[127.97482,37.63689],[127.97413,37.63757],[127.97326,37.63778],[127.97121,37.63808],[127.9706,37.63774],[127.97002,37.63712],[127.96993,37.63665],[127.96968,37.63634],[127.97012,37.63437],[127.96944,37.63311],[127.96933,37.63266],[127.96802,37.63135],[127.96833,37.63065],[127.96818,37.62978],[127.96855,37.62911],[127.96825,37.62869],[127.96749,37.62694],[127.96469,37.62581],[127.96435,37.62603],[127.9632,37.6264],[127.96238,37.62655],[127.96179,37.62655],[127.96013,37.62612],[127.95974,37.62612],[127.9592,37.62563],[127.95953,37.62489],[127.95884,37.62388],[127.95716,37.62231],[127.95725,37.62136],[127.95652,37.6195],[127.9559,37.61892],[127.9555,37.61883],[127.95521,37.61839],[127.95465,37.61822],[127.95401,37.61786],[127.95236,37.6178],[127.9525,37.61712],[127.95231,37.61628],[127.95243,37.61514],[127.95209,37.61459],[127.95221,37.61393],[127.95185,37.61331],[127.95163,37.61207],[127.95121,37.61154],[127.95122,37.61114],[127.94939,37.61022],[127.94688,37.60946],[127.94524,37.60878],[127.94348,37.60919],[127.94104,37.60951],[127.93895,37.6093],[127.93706,37.60957],[127.93319,37.60982],[127.92942,37.60684],[127.92754,37.60621],[127.927,37.60415],[127.92464,37.60476],[127.92261,37.6057],[127.91921,37.60455],[127.91838,37.60403],[127.91674,37.60262],[127.91656,37.60236],[127.9147,37.60179],[127.91311,37.60125],[127.91253,37.60071],[127.91063,37.60057],[127.91011,37.60035],[127.90915,37.59894],[127.90752,37.59842],[127.89847,37.59789],[127.89639,37.59737],[127.89567,37.59768],[127.89504,37.59831],[127.89338,37.59779],[127.89263,37.59721],[127.89223,37.59669],[127.89262,37.59654],[127.8929,37.59568],[127.8928,37.59535],[127.89381,37.59463],[127.89375,37.59345],[127.89414,37.59318],[127.89426,37.59289],[127.89405,37.59253],[127.89437,37.59128],[127.89412,37.59104],[127.89428,37.59029],[127.89377,37.58953],[127.89341,37.58928],[127.89306,37.58869],[127.89316,37.58782],[127.89306,37.5877],[127.89356,37.58664],[127.89342,37.58637],[127.89379,37.58508],[127.89297,37.58472],[127.89231,37.58424],[127.89258,37.58387],[127.89172,37.58235],[127.89019,37.58183],[127.89017,37.58139],[127.88975,37.58086],[127.88907,37.58093],[127.88902,37.58042],[127.88882,37.58003],[127.88883,37.57824],[127.88902,37.5769],[127.88792,37.57614],[127.88569,37.57603],[127.88427,37.57534],[127.8847,37.57253],[127.88415,37.57127],[127.88297,37.57014],[127.88156,37.57007],[127.88157,37.56874],[127.88043,37.56759],[127.87874,37.56626],[127.87681,37.56573],[127.87513,37.56415],[127.87241,37.56217],[127.87238,37.56078],[127.87271,37.55987],[127.87374,37.55745],[127.87276,37.55704],[127.87206,37.55688],[127.87195,37.55653],[127.8713,37.55625],[127.87096,37.55648],[127.87018,37.5566],[127.87001,37.55678],[127.86898,37.55681],[127.8685,37.55666],[127.86822,37.55639],[127.86627,37.5563],[127.86587,37.55685],[127.86537,37.5572],[127.86489,37.55707],[127.86443,37.55735],[127.86377,37.55743],[127.86278,37.55719],[127.86183,37.55745],[127.86108,37.55748],[127.86086,37.55763],[127.8599,37.55754],[127.85955,37.55772],[127.85912,37.55737],[127.85879,37.55744],[127.85826,37.55711],[127.85809,37.55676],[127.85759,37.55644],[127.85727,37.5555],[127.8563,37.55523],[127.8552,37.55399],[127.85458,37.55382],[127.85407,37.55406],[127.8534,37.55394],[127.85267,37.55424],[127.85226,37.55399],[127.85137,37.55412],[127.85115,37.55384],[127.8501,37.5538],[127.8498,37.55334],[127.84849,37.55246],[127.84808,37.5523],[127.84793,37.55165],[127.84807,37.55132],[127.84811,37.55033],[127.84762,37.54952],[127.84699,37.54915],[127.84621,37.54842],[127.84556,37.54827],[127.84514,37.54773],[127.84532,37.54656],[127.84497,37.54569],[127.84603,37.54447],[127.84595,37.54409],[127.84545,37.54378],[127.84523,37.54332],[127.84463,37.54297],[127.84411,37.54287],[127.84393,37.54259],[127.84304,37.54192],[127.84285,37.54144],[127.8426,37.54003],[127.84248,37.53961],[127.84202,37.5389],[127.84097,37.53885],[127.8396,37.53906],[127.83889,37.53846],[127.83847,37.5383],[127.8373,37.53819],[127.83583,37.53844],[127.83467,37.5388],[127.83424,37.53918],[127.83363,37.53921],[127.83297,37.53894],[127.83297,37.53876],[127.83242,37.53833],[127.83213,37.53826],[127.83191,37.53763],[127.83173,37.53756],[127.83055,37.53801],[127.83009,37.53747],[127.82904,37.53736],[127.82891,37.53713],[127.82827,37.53664],[127.82676,37.53721],[127.82569,37.53787],[127.8245,37.53818],[127.82426,37.53805],[127.8238,37.5382],[127.82253,37.53846],[127.82204,37.53845],[127.82117,37.5381],[127.82075,37.53784],[127.81979,37.53771],[127.81915,37.53755],[127.81803,37.53751],[127.81755,37.53724],[127.81709,37.53741],[127.81647,37.53704],[127.81525,37.53713],[127.81485,37.53743],[127.81437,37.53753],[127.81378,37.53786],[127.81221,37.53778],[127.81197,37.53756],[127.81047,37.53779],[127.81006,37.53806],[127.80958,37.53786],[127.80946,37.53759],[127.8096,37.53701],[127.80861,37.53641],[127.80757,37.53569],[127.80687,37.53541],[127.80623,37.53492],[127.80674,37.53354],[127.80633,37.53288],[127.80645,37.53227],[127.80636,37.5319],[127.80647,37.53117],[127.80538,37.53055],[127.80501,37.53016],[127.80433,37.53],[127.80387,37.52978],[127.80342,37.52978],[127.80308,37.5295],[127.80164,37.52914],[127.79996,37.52931],[127.79947,37.52917],[127.79901,37.52877],[127.79778,37.52852],[127.79634,37.52858],[127.79625,37.52822],[127.79638,37.52769],[127.79632,37.52718],[127.7959,37.52697],[127.79549,37.52653],[127.79532,37.5258],[127.79536,37.52535],[127.79504,37.52489],[127.79577,37.52417],[127.79623,37.52405],[127.79647,37.5235],[127.7964,37.52311],[127.79531,37.52268],[127.79449,37.52251],[127.79357,37.52196],[127.79362,37.5217],[127.79329,37.52136],[127.79208,37.52072],[127.79195,37.52002],[127.79129,37.51989],[127.78949,37.51888],[127.78879,37.51855],[127.78835,37.51804],[127.78778,37.51715],[127.78773,37.51655],[127.78737,37.51588],[127.78711,37.51568],[127.78712,37.51498],[127.78664,37.51428],[127.7855,37.51331],[127.78445,37.51283],[127.78417,37.51245],[127.7837,37.51214],[127.78308,37.51253],[127.78161,37.513],[127.78112,37.51306],[127.78064,37.51277],[127.78036,37.51228],[127.77972,37.51185],[127.77927,37.51126],[127.77871,37.51072],[127.77874,37.51009],[127.77832,37.50957],[127.77751,37.50913],[127.77675,37.50809],[127.77597,37.5081],[127.77561,37.50776],[127.77539,37.50726],[127.77485,37.50666],[127.77419,37.50643],[127.7736,37.50594],[127.77284,37.50581],[127.77179,37.50519],[127.77091,37.50516],[127.76971,37.5054],[127.76803,37.50407],[127.76736,37.50367],[127.76645,37.5037],[127.76591,37.50294],[127.76544,37.50276],[127.76466,37.50266],[127.76365,37.50287],[127.76248,37.50292],[127.7614,37.50326],[127.76085,37.5032],[127.76026,37.50342],[127.75987,37.50313],[127.76001,37.50246],[127.76003,37.50166],[127.75989,37.50126],[127.75989,37.50035],[127.76018,37.49986],[127.76012,37.49944],[127.7603,37.49876],[127.7596,37.49812],[127.75967,37.4972],[127.75948,37.49686],[127.75942,37.49542],[127.75965,37.49502],[127.75991,37.49388],[127.75975,37.49354],[127.76003,37.49289],[127.75979,37.49248],[127.76019,37.49222],[127.76104,37.49234],[127.76136,37.49262],[127.76212,37.49272],[127.76298,37.49249],[127.76404,37.49192],[127.7643,37.49225],[127.76504,37.49264],[127.7653,37.49307],[127.76631,37.49294],[127.76744,37.49261],[127.76818,37.49217],[127.76873,37.49257],[127.76929,37.49236],[127.76974,37.49243],[127.7701,37.49269],[127.77067,37.49223],[127.77109,37.49205],[127.77135,37.49176],[127.77228,37.49188],[127.77272,37.49201],[127.77303,37.4918],[127.77397,37.49167],[127.77469,37.49175],[127.7748,37.49106],[127.7751,37.49032],[127.77557,37.49013],[127.77571,37.48984],[127.77612,37.48952],[127.77589,37.48909],[127.77607,37.48854],[127.77734,37.48829],[127.77802,37.48802],[127.77877,37.48811],[127.78019,37.48865],[127.78059,37.48808],[127.78075,37.48736],[127.78129,37.48639],[127.78131,37.48568],[127.78155,37.48541],[127.78139,37.48412],[127.78189,37.48373],[127.78197,37.48295],[127.7819,37.48213],[127.78217,37.48168],[127.7837,37.48143],[127.78371,37.48059],[127.78449,37.47997],[127.78471,37.47991],[127.78452,37.4793],[127.78485,37.47869],[127.78559,37.47862],[127.78615,37.47804],[127.78757,37.47764],[127.78755,37.47705],[127.78776,37.47642],[127.78836,37.4758],[127.78864,37.4759],[127.78958,37.4748],[127.79052,37.47501],[127.79108,37.47486],[127.79133,37.47428],[127.7924,37.47408],[127.79374,37.47313],[127.79471,37.47328],[127.79515,37.47258],[127.79583,37.47269],[127.79671,37.47234],[127.79757,37.47254],[127.79777,37.47234],[127.79832,37.47222],[127.79979,37.47238],[127.80048,37.47125],[127.80097,37.47004],[127.8008,37.46897],[127.80071,37.46786],[127.80008,37.46732],[127.80003,37.46665],[127.79955,37.46609],[127.79943,37.46556],[127.79841,37.465],[127.7979,37.46492],[127.7976,37.46453],[127.79762,37.46401],[127.79684,37.46365],[127.79647,37.46372],[127.79627,37.46304],[127.79672,37.46271],[127.79675,37.46228],[127.79653,37.46191],[127.79665,37.46158],[127.79651,37.46115],[127.79657,37.45977],[127.79727,37.4593],[127.79791,37.45872],[127.79787,37.45811],[127.79759,37.45739],[127.79723,37.4569],[127.79736,37.45644],[127.79818,37.45611],[127.79815,37.45555],[127.79849,37.45525],[127.79814,37.45489],[127.79877,37.45356],[127.79894,37.45273],[127.79938,37.45177],[127.79894,37.45106],[127.79939,37.45058],[127.79913,37.45026],[127.7994,37.44962],[127.79946,37.44902],[127.79889,37.44862],[127.79895,37.44817],[127.7993,37.4478],[127.79935,37.44738],[127.79923,37.44666],[127.79937,37.44582],[127.79882,37.44505],[127.79883,37.44322],[127.79839,37.44259],[127.79912,37.44114],[127.79949,37.4401],[127.79936,37.43929],[127.79993,37.4387],[127.80047,37.43864],[127.80204,37.43921],[127.80258,37.43954],[127.80343,37.43971],[127.80393,37.43964],[127.80489,37.44002],[127.80588,37.44015],[127.80676,37.44036],[127.8079,37.44076],[127.80885,37.44095],[127.8092,37.44125],[127.8105,37.44139],[127.81033,37.44189],[127.81156,37.44303],[127.81172,37.44371],[127.812,37.44409],[127.81231,37.44414],[127.81317,37.4451],[127.81344,37.44527],[127.81385,37.44499],[127.81482,37.44486],[127.81566,37.44522],[127.81652,37.4454],[127.8173,37.44599],[127.81803,37.44601],[127.81861,37.44626],[127.81983,37.44658],[127.82009,37.44633],[127.82058,37.44628],[127.82091,37.44538],[127.82188,37.44546],[127.82278,37.44432],[127.82316,37.44366],[127.82354,37.44331],[127.82363,37.44294],[127.82478,37.44271],[127.8251,37.44254],[127.82524,37.442],[127.82519,37.44145],[127.8254,37.44128],[127.8262,37.44117],[127.82658,37.44028],[127.82716,37.44011],[127.82734,37.43988],[127.82812,37.43943],[127.8289,37.43886],[127.82918,37.43892],[127.82959,37.43871],[127.83068,37.43838],[127.83093,37.43769],[127.83129,37.43707],[127.83174,37.4366],[127.83278,37.43636],[127.83319,37.43611],[127.8333,37.43567],[127.8339,37.43486],[127.83445,37.43428],[127.8345,37.434],[127.83556,37.43404],[127.83683,37.43418],[127.83864,37.43417],[127.83884,37.43424],[127.83968,37.43415],[127.84002,37.43382],[127.83996,37.4333],[127.83972,37.4326],[127.84006,37.4322],[127.84009,37.43147],[127.84033,37.43122],[127.8405,37.43047],[127.84078,37.42981],[127.84082,37.42925],[127.84112,37.42866],[127.84175,37.42816],[127.84175,37.42746],[127.84242,37.42675],[127.84246,37.42633],[127.84305,37.4259],[127.84354,37.42522],[127.84354,37.42495],[127.84397,37.42433],[127.84491,37.42381],[127.84494,37.4236],[127.84545,37.42261],[127.84558,37.42154],[127.84579,37.4212],[127.8458,37.42068],[127.84556,37.4202],[127.84574,37.41962],[127.84567,37.41928],[127.84592,37.41894],[127.84655,37.41848],[127.84742,37.41806],[127.84755,37.41778],[127.84746,37.41737],[127.84787,37.41499],[127.84816,37.41437],[127.84822,37.41335],[127.8488,37.41253],[127.84909,37.4119],[127.84901,37.41162],[127.84955,37.41057],[127.85018,37.41024],[127.85081,37.40934],[127.85108,37.40918],[127.85127,37.40858],[127.85122,37.40776],[127.85033,37.40682],[127.85014,37.40646],[127.8501,37.4057],[127.85052,37.40505],[127.85002,37.404],[127.84965,37.40353],[127.84945,37.40244],[127.84853,37.40193],[127.84764,37.40079],[127.84859,37.39967],[127.84914,37.39866],[127.84965,37.39821],[127.84964,37.39755],[127.84978,37.39693],[127.8505,37.39604],[127.85105,37.39551],[127.85159,37.39613],[127.85241,37.39694],[127.85427,37.39782],[127.85573,37.39828],[127.8565,37.39865],[127.85791,37.39891],[127.85923,37.39886],[127.86116,37.39834],[127.8625,37.39831],[127.86422,37.39844],[127.86597,37.39868],[127.86716,37.39905],[127.868,37.39963],[127.86799,37.40048],[127.86808,37.40223],[127.86808,37.40416],[127.86837,37.40493],[127.86878,37.40569],[127.86948,37.40631],[127.86996,37.40648],[127.86935,37.40785],[127.8692,37.40834],[127.86926,37.40884],[127.86986,37.40975],[127.87033,37.41111],[127.87054,37.41226],[127.87041,37.41291],[127.87061,37.41341],[127.87067,37.41453],[127.87082,37.41504],[127.87126,37.41565],[127.87069,37.41644],[127.87078,37.4176],[127.87044,37.41842],[127.87006,37.41865],[127.8696,37.41916],[127.86896,37.41952],[127.8675,37.42013],[127.86738,37.4206],[127.86751,37.42099],[127.86732,37.42141],[127.86628,37.42282],[127.86561,37.42301],[127.86549,37.42364],[127.86511,37.42384],[127.86484,37.4243],[127.8647,37.42486],[127.86438,37.42493],[127.86394,37.42533],[127.86404,37.42611],[127.86388,37.42694],[127.86431,37.42794],[127.86426,37.42851],[127.86476,37.42902],[127.86494,37.43001],[127.86494,37.4307],[127.86509,37.43196],[127.86489,37.4322],[127.8645,37.43314],[127.86457,37.43358],[127.86433,37.43432],[127.86372,37.43465],[127.86369,37.43536],[127.86339,37.43625],[127.86405,37.437],[127.86423,37.43849],[127.8657,37.43964],[127.86595,37.44014],[127.86586,37.44077],[127.86607,37.44152],[127.86584,37.44272],[127.86596,37.44415],[127.86591,37.44478],[127.86565,37.44497],[127.86548,37.44555],[127.86561,37.44615],[127.86565,37.44695],[127.86599,37.44719],[127.86611,37.44754],[127.86717,37.44795],[127.86834,37.44901],[127.86823,37.44961],[127.86857,37.45069],[127.86886,37.45116],[127.86957,37.45189],[127.87064,37.45276],[127.87093,37.45341],[127.87183,37.4539],[127.8731,37.45446],[127.87465,37.45501],[127.87485,37.45616],[127.87515,37.45658],[127.87502,37.45736],[127.87476,37.45805],[127.8753,37.45846],[127.87523,37.45922],[127.87555,37.45947],[127.87556,37.45988],[127.87585,37.46034],[127.8758,37.46081],[127.87533,37.46184],[127.87535,37.46207],[127.87621,37.4635],[127.87628,37.46467],[127.87662,37.46537],[127.87665,37.466],[127.87725,37.46657],[127.87699,37.46692],[127.87784,37.46746],[127.88054,37.46856],[127.88106,37.4687],[127.88208,37.46947],[127.88329,37.46941],[127.88452,37.4702],[127.88411,37.46852],[127.88423,37.46777],[127.88504,37.46774],[127.8869,37.46854],[127.88717,37.46827],[127.88745,37.46731],[127.88782,37.46714],[127.88841,37.46647],[127.88895,37.46619],[127.89227,37.46782],[127.89245,37.46785],[127.89381,37.4687],[127.89381,37.4692],[127.89436,37.46961],[127.89503,37.46968],[127.89627,37.4694],[127.89708,37.46865],[127.89727,37.46887],[127.89686,37.46971],[127.89675,37.47067],[127.89639,37.47155],[127.89587,37.47235],[127.89735,37.47249],[127.89889,37.47252],[127.9004,37.47219],[127.90115,37.47209],[127.90201,37.47225],[127.90311,37.47213],[127.90343,37.47239],[127.904,37.47255],[127.90469,37.47249],[127.90535,37.47268],[127.90611,37.47327],[127.90586,37.47432],[127.90599,37.47512],[127.90645,37.47575],[127.90665,37.4764],[127.90697,37.47674],[127.90703,37.47708],[127.90738,37.47753],[127.90791,37.47859],[127.9074,37.47915],[127.90779,37.48003],[127.90815,37.4804],[127.90834,37.48137],[127.90851,37.48174],[127.90894,37.48191],[127.90901,37.48246],[127.90879,37.48297],[127.90928,37.4835],[127.90943,37.48399],[127.90921,37.48437],[127.90959,37.48485],[127.90942,37.48521],[127.90976,37.48567],[127.90969,37.48644],[127.91036,37.48708],[127.91127,37.48704],[127.91139,37.48782],[127.91163,37.48826],[127.91258,37.48865],[127.91322,37.48979],[127.91376,37.49015],[127.9141,37.4905],[127.91494,37.49052],[127.9151,37.49086],[127.91553,37.49099],[127.91645,37.49108],[127.91662,37.49145],[127.9175,37.4917],[127.91842,37.49225],[127.91847,37.49254],[127.91913,37.49287],[127.91892,37.49323],[127.9187,37.49409],[127.9183,37.49491],[127.91838,37.49514],[127.91821,37.49598],[127.91843,37.49614],[127.91904,37.49691],[127.91846,37.4975],[127.91875,37.49797],[127.91989,37.4983],[127.92098,37.49829],[127.92142,37.49865],[127.92174,37.49922],[127.92211,37.4995],[127.9222,37.50001],[127.92248,37.50052],[127.92242,37.5011],[127.92262,37.50171],[127.92326,37.50205],[127.92364,37.50269],[127.92446,37.50293],[127.9251,37.50407],[127.92575,37.50423],[127.92601,37.50478],[127.92641,37.50527],[127.92665,37.50537],[127.92705,37.5059],[127.92705,37.50613],[127.92765,37.50649],[127.92882,37.50674],[127.92915,37.50691],[127.92953,37.50668],[127.92981,37.5063],[127.93065,37.50601],[127.93095,37.50555],[127.93159,37.50524],[127.93249,37.5044],[127.93282,37.50428],[127.93316,37.50383],[127.93423,37.50376],[127.93458,37.50339],[127.93618,37.50216],[127.93649,37.50218],[127.93702,37.50194],[127.93766,37.50149],[127.93859,37.50147],[127.93878,37.50132],[127.93967,37.50115],[127.93868,37.49935],[127.93872,37.49859],[127.93837,37.49794],[127.93806,37.49626],[127.93712,37.49552],[127.93605,37.49485],[127.93571,37.49477],[127.93561,37.49323],[127.93573,37.49242],[127.93487,37.49195],[127.93443,37.49198],[127.93395,37.49176],[127.93289,37.49078],[127.93246,37.49046],[127.93268,37.49],[127.93254,37.48949],[127.93287,37.48839],[127.93273,37.4881],[127.93289,37.48705],[127.93333,37.48654],[127.93405,37.48619],[127.93489,37.4861],[127.93574,37.4855],[127.93641,37.48456],[127.9372,37.48398],[127.93794,37.48281],[127.93846,37.48251],[127.93825,37.48211],[127.93775,37.48188],[127.93775,37.48147],[127.93865,37.48028],[127.93821,37.47958],[127.93768,37.47914],[127.93751,37.47877],[127.93703,37.47711],[127.93711,37.4769],[127.93697,37.47629],[127.93753,37.47591],[127.93847,37.47607],[127.93901,37.47555],[127.93934,37.4748],[127.93943,37.47383],[127.93932,37.47348],[127.93962,37.4733],[127.9402,37.47219],[127.94017,37.47177],[127.9405,37.47071],[127.94094,37.46996],[127.94121,37.46892],[127.94173,37.46846],[127.94197,37.4681],[127.94162,37.46689],[127.94178,37.46668],[127.94256,37.4663],[127.94255,37.46596],[127.94305,37.46521],[127.9434,37.46495],[127.94372,37.46445],[127.944,37.46287],[127.94434,37.46235],[127.94525,37.46179],[127.94556,37.46141],[127.94604,37.46109],[127.94778,37.45953],[127.94858,37.45838],[127.94867,37.45723],[127.94901,37.45633],[127.9489,37.45583],[127.94904,37.45487],[127.9493,37.45444],[127.95119,37.45443],[127.95171,37.45467],[127.95241,37.45464],[127.95286,37.45494],[127.95466,37.45555],[127.95504,37.45544],[127.95518,37.45495],[127.95558,37.45473],[127.95636,37.45409],[127.95687,37.45394],[127.95728,37.45332],[127.95849,37.45297],[127.95907,37.45335],[127.95961,37.45305],[127.96057,37.45328],[127.96112,37.45361],[127.96161,37.45373],[127.96229,37.45374],[127.96358,37.45355],[127.96438,37.45278],[127.96477,37.45256],[127.96455,37.45173],[127.96498,37.45088],[127.96817,37.45187],[127.96884,37.45231],[127.97046,37.45366],[127.97139,37.45458],[127.97276,37.4556],[127.97345,37.45622],[127.97392,37.45693],[127.97427,37.45763],[127.97616,37.45773],[127.97652,37.45797],[127.97629,37.45829],[127.97703,37.45848],[127.97779,37.45852],[127.9784,37.45806],[127.97874,37.45822],[127.97912,37.45864],[127.98003,37.45862],[127.98087,37.45919],[127.98111,37.45912],[127.98161,37.45936],[127.98188,37.45974],[127.98214,37.45975],[127.98271,37.46019],[127.98318,37.4594],[127.98428,37.4591],[127.98456,37.4592],[127.98578,37.45847],[127.98602,37.45841],[127.9865,37.45871],[127.98717,37.45873],[127.98789,37.4589],[127.98861,37.45854],[127.9894,37.45851],[127.99097,37.45762],[127.99118,37.45731],[127.99209,37.45711],[127.99236,37.45691],[127.9925,37.4564],[127.9939,37.45631],[127.99423,37.45616],[127.9949,37.45656],[127.99636,37.45657],[127.99751,37.45686],[127.99802,37.45657],[127.99974,37.45633],[128.00068,37.45645],[128.00121,37.45644],[128.00188,37.45678],[128.00262,37.45684],[128.00284,37.45662],[128.00344,37.45637],[128.004,37.45589],[128.00484,37.45568],[128.00522,37.4552],[128.00558,37.45441],[128.00579,37.45435],[128.00605,37.45385],[128.00712,37.45288],[128.00667,37.45244],[128.00712,37.45173],[128.00711,37.45132],[128.00748,37.45093],[128.00697,37.45047],[128.00677,37.45011],[128.00697,37.44979],[128.00779,37.44929],[128.00812,37.44927],[128.00973,37.44974],[128.01063,37.44979],[128.01144,37.44958],[128.01202,37.44977],[128.01226,37.44947],[128.01249,37.44879],[128.013,37.44798],[128.01374,37.44756],[128.01388,37.44688],[128.0137,37.44617],[128.01424,37.44525],[128.01506,37.44537],[128.01574,37.44534],[128.0164,37.44586],[128.01686,37.44588],[128.01739,37.44565],[128.01788,37.44579],[128.01818,37.44614],[128.01941,37.44588],[128.01971,37.44617],[128.01986,37.44666],[128.02011,37.44673],[128.02052,37.44636],[128.02094,37.44626],[128.02127,37.44663],[128.02248,37.4468],[128.02351,37.44723],[128.02334,37.44768],[128.02393,37.44799],[128.02484,37.44807],[128.02504,37.44833],[128.02564,37.44829],[128.02592,37.44846],[128.02661,37.44842],[128.02741,37.44859],[128.02819,37.44848],[128.02847,37.44828],[128.02886,37.44837],[128.02947,37.44831],[128.02997,37.44787],[128.03055,37.44799],[128.03093,37.4479],[128.03107,37.44764],[128.03168,37.44777],[128.0324,37.44777],[128.03263,37.44714],[128.03331,37.44646],[128.03394,37.44655],[128.03485,37.44633],[128.0357,37.44644],[128.03717,37.44635],[128.03792,37.4467],[128.03852,37.4471],[128.04001,37.44606],[128.04051,37.44598],[128.04114,37.4456],[128.04178,37.44558],[128.04184,37.44528],[128.04158,37.44429],[128.04154,37.44385],[128.04183,37.4436],[128.04227,37.44357],[128.04272,37.44332],[128.04308,37.44338],[128.04408,37.44327],[128.04479,37.44365],[128.04629,37.44382],[128.0471,37.44397],[128.04736,37.44368],[128.0476,37.44306],[128.04889,37.44317],[128.04911,37.44296],[128.04961,37.44306],[128.05006,37.44334],[128.05082,37.44349],[128.05155,37.44344],[128.05241,37.44358],[128.05307,37.44358],[128.05378,37.44371],[128.0541,37.44336],[128.05476,37.44359],[128.05502,37.44384],[128.05538,37.44387],[128.05672,37.4445],[128.0574,37.4443],[128.05771,37.44473],[128.05832,37.44506],[128.05893,37.44513],[128.05981,37.44451],[128.05938,37.44341],[128.05919,37.44312],[128.06115,37.44286],[128.06114,37.44213],[128.06154,37.44208],[128.0621,37.44178],[128.06225,37.44106],[128.06255,37.44087],[128.06266,37.44041],[128.06246,37.43988],[128.06257,37.43972],[128.06238,37.4392],[128.06202,37.43888],[128.06187,37.43816],[128.0614,37.43786],[128.06143,37.43763],[128.06238,37.4369],[128.06238,37.43653],[128.06213,37.4358],[128.06346,37.43592],[128.0644,37.43573],[128.06513,37.43533],[128.06598,37.43502],[128.0663,37.43472],[128.06785,37.43404],[128.06803,37.43357],[128.06887,37.43279],[128.07059,37.43173],[128.07072,37.43124],[128.07118,37.43085],[128.07294,37.43068],[128.07362,37.43096],[128.07506,37.43054],[128.0753,37.43007],[128.07653,37.43016],[128.07795,37.42963],[128.07829,37.42923],[128.07888,37.4288],[128.07942,37.42891],[128.08033,37.42831],[128.08075,37.42795],[128.08173,37.4273],[128.0827,37.42693],[128.08424,37.42673],[128.08426,37.42619],[128.08412,37.4258],[128.08396,37.4247],[128.08361,37.42442],[128.08393,37.42388],[128.08478,37.42321],[128.08538,37.42286],[128.0856,37.42246],[128.08605,37.42203],[128.08606,37.42141],[128.08622,37.42111],[128.0859,37.42071],[128.0863,37.4199],[128.08687,37.41829],[128.08708,37.41756],[128.08755,37.41713],[128.08806,37.41639],[128.08811,37.41587],[128.08843,37.41504],[128.08858,37.41429],[128.08942,37.41343],[128.09004,37.41289],[128.09125,37.41162],[128.09206,37.4114],[128.09276,37.41087],[128.09392,37.41033],[128.09605,37.41024],[128.0963,37.40905],[128.09664,37.40841],[128.09707,37.40814],[128.0973,37.40669],[128.09745,37.40632],[128.097,37.40612],[128.09626,37.40541],[128.09539,37.40542],[128.09488,37.40505],[128.0948,37.40444],[128.09458,37.40419],[128.09345,37.40399],[128.09301,37.4037],[128.09213,37.40341],[128.09168,37.40266],[128.09092,37.40227],[128.0904,37.40236],[128.08998,37.40222],[128.08905,37.40216],[128.08841,37.40128],[128.08745,37.40097],[128.08651,37.40105],[128.08627,37.40118],[128.08498,37.40057],[128.08448,37.40051],[128.08384,37.40091],[128.0835,37.40101],[128.08283,37.40086],[128.08225,37.40089],[128.08174,37.4011],[128.08045,37.40061],[128.07956,37.40014],[128.07874,37.3999],[128.07849,37.39896],[128.07784,37.39845],[128.07714,37.39812],[128.0769,37.39721],[128.07655,37.39689],[128.07613,37.39693],[128.07553,37.39683],[128.0751,37.39549],[128.07444,37.39477],[128.07427,37.3943],[128.07382,37.39409],[128.07335,37.39352],[128.07272,37.39312],[128.0719,37.39187],[128.0719,37.39178],[128.07328,37.39],[128.07327,37.38948],[128.07369,37.38864],[128.07364,37.38785],[128.074,37.38719],[128.07444,37.38682],[128.07457,37.38634],[128.07494,37.3859],[128.07556,37.38476],[128.07631,37.38462],[128.07631,37.3832],[128.07648,37.38278],[128.07604,37.38215],[128.07652,37.38156],[128.07615,37.3808],[128.07447,37.37965],[128.07461,37.37871],[128.07529,37.37706],[128.07526,37.37613],[128.07487,37.37555],[128.07635,37.37432],[128.07679,37.37374],[128.07597,37.37237],[128.07529,37.37152],[128.07434,37.37078],[128.07339,37.37054],[128.07279,37.36986],[128.07273,37.36946],[128.07329,37.3688],[128.07262,37.36783],[128.07268,37.36742],[128.0724,37.36726],[128.07166,37.36715],[128.07113,37.36697],[128.07064,37.36707],[128.07016,37.36695],[128.0686,37.36591],[128.06712,37.36497],[128.06637,37.36493],[128.06568,37.36472],[128.06548,37.36441],[128.06437,37.36448],[128.06244,37.3653],[128.06215,37.36559],[128.06074,37.36582],[128.06048,37.366],[128.06004,37.36601],[128.05956,37.36548],[128.05705,37.36413],[128.05642,37.36396],[128.05556,37.364],[128.05482,37.36422],[128.05354,37.36482],[128.0525,37.36511],[128.05126,37.3653],[128.05003,37.36594],[128.04965,37.36601],[128.04871,37.36495],[128.04728,37.36452],[128.04686,37.3635],[128.04616,37.36341],[128.04563,37.36146],[128.0458,37.35926],[128.04472,37.35835],[128.04188,37.35652],[128.04078,37.35629],[128.0403,37.3563],[128.03919,37.35596],[128.03824,37.35457],[128.03837,37.35407],[128.03828,37.35318],[128.03771,37.35165],[128.03733,37.351],[128.03689,37.35051],[128.03696,37.34792],[128.03686,37.34661],[128.03721,37.34629],[128.03794,37.3459],[128.03834,37.34504],[128.03939,37.34469],[128.0394,37.34352],[128.03931,37.34318],[128.0384,37.34198],[128.03775,37.34092],[128.03761,37.3395],[128.03789,37.33806],[128.03775,37.3376],[128.03727,37.33736],[128.0365,37.33664],[128.03633,37.33615],[128.03564,37.3357],[128.03537,37.33517],[128.03439,37.33417],[128.03406,37.33339],[128.03368,37.33291],[128.03368,37.33248],[128.0344,37.33141],[128.03436,37.331],[128.03483,37.33092],[128.03512,37.3297],[128.03558,37.32824],[128.0356,37.32768],[128.03714,37.32763],[128.03741,37.32703],[128.03725,37.3267],[128.0375,37.32542],[128.03766,37.32532],[128.03759,37.32469],[128.03769,37.32413],[128.03801,37.32352],[128.03804,37.32283],[128.03833,37.32264],[128.03838,37.32167],[128.03937,37.32096],[128.03972,37.32018],[128.03971,37.31956],[128.04005,37.3191],[128.04053,37.31878],[128.04085,37.31835],[128.04204,37.31831],[128.04276,37.31776],[128.04317,37.31676],[128.04369,37.31669],[128.04381,37.31635],[128.04433,37.3156],[128.04513,37.31512],[128.04548,37.3144],[128.04542,37.31402],[128.04627,37.31323],[128.04757,37.3124],[128.04774,37.31191],[128.04831,37.31104],[128.04941,37.31046],[128.04961,37.31019],[128.05035,37.30971],[128.05069,37.3096],[128.05185,37.3087],[128.05198,37.30846],[128.05339,37.3087],[128.05495,37.30911],[128.05524,37.30904],[128.05634,37.30913],[128.05716,37.30907],[128.05804,37.30918],[128.06037,37.30914],[128.06219,37.30926],[128.06384,37.3088],[128.06476,37.30878],[128.06654,37.30885],[128.06811,37.3085],[128.06975,37.30759],[128.07055,37.30692],[128.07185,37.30603],[128.07334,37.30473],[128.07365,37.30439],[128.07462,37.30431],[128.07576,37.30412],[128.07654,37.30388],[128.0778,37.30413],[128.07933,37.30345],[128.08075,37.30331],[128.08122,37.30339],[128.0832,37.30206],[128.08342,37.30175],[128.08406,37.30195],[128.08468,37.30184],[128.08493,37.30198],[128.08568,37.30175],[128.08654,37.30136],[128.08686,37.30095],[128.0882,37.30087],[128.0889,37.30181],[128.09005,37.30165],[128.09079,37.30136],[128.0914,37.30123],[128.09219,37.30086],[128.09271,37.30088],[128.09368,37.30053],[128.09536,37.30058],[128.09652,37.30103],[128.09751,37.30094],[128.09814,37.30126],[128.09955,37.30066],[128.10011,37.30081],[128.10083,37.30006],[128.1013,37.29967],[128.10168,37.29954],[128.10292,37.30032],[128.1042,37.30091],[128.10452,37.30091],[128.10576,37.29998],[128.10627,37.29978],[128.10724,37.2996],[128.10857,37.29878],[128.10998,37.30001],[128.11116,37.30038],[128.11145,37.30075],[128.11255,37.30129],[128.11377,37.30151],[128.11498,37.30226],[128.11587,37.30322],[128.11722,37.30378],[128.11802,37.30404],[128.11806,37.30438],[128.11699,37.3054],[128.11692,37.30617],[128.11656,37.30677],[128.11629,37.30686],[128.11604,37.30742],[128.11567,37.30763],[128.11547,37.30847],[128.11499,37.3093],[128.11506,37.30953],[128.11473,37.31005],[128.11451,37.31131],[128.11462,37.31211],[128.11543,37.31317],[128.11537,37.31363],[128.11511,37.31408],[128.11522,37.31437],[128.11493,37.31565],[128.11588,37.31823],[128.11712,37.31909],[128.11758,37.31992],[128.11836,37.32039],[128.11963,37.32076],[128.11993,37.32141],[128.11946,37.32243],[128.11949,37.32307],[128.11995,37.32363],[128.12036,37.32369],[128.12064,37.32404],[128.12144,37.32446],[128.12282,37.32482],[128.12353,37.32494],[128.12414,37.32545],[128.12478,37.32565],[128.12556,37.32606],[128.12591,37.3265],[128.12649,37.32664],[128.1278,37.32744],[128.12843,37.32759],[128.12946,37.32847],[128.12998,37.32838],[128.13089,37.32885],[128.13154,37.32885],[128.1334,37.32839],[128.13522,37.32718],[128.13557,37.32622],[128.13625,37.32586],[128.13693,37.32595],[128.13793,37.32561],[128.13824,37.3253],[128.13917,37.32506],[128.14032,37.325],[128.14111,37.32518],[128.14183,37.32486],[128.14326,37.32472],[128.14385,37.32482],[128.14446,37.32457],[128.14539,37.32403],[128.14612,37.32315],[128.14667,37.32295],[128.14841,37.32408],[128.14844,37.3248],[128.14897,37.32556],[128.14971,37.32624],[128.15067,37.327],[128.15217,37.32708],[128.15268,37.32727],[128.15349,37.32667],[128.15471,37.32586],[128.15568,37.32531],[128.15683,37.32444],[128.15732,37.32448],[128.15787,37.32399],[128.15841,37.32363],[128.15919,37.32356],[128.16007,37.32318],[128.16061,37.32306],[128.16207,37.32299],[128.16255,37.32306],[128.16313,37.32342],[128.1636,37.32335],[128.16452,37.3226],[128.16458,37.32234],[128.16573,37.32201],[128.16637,37.32215],[128.1667,37.32183],[128.16784,37.3221],[128.16863,37.32244],[128.16904,37.32286],[128.17038,37.32352],[128.1714,37.32476],[128.17252,37.32485],[128.17282,37.32523],[128.17288,37.32706],[128.17261,37.32857],[128.17231,37.32911],[128.17223,37.32953],[128.17182,37.33012],[128.17136,37.33105],[128.17128,37.33147],[128.17015,37.33312],[128.16997,37.33385],[128.16922,37.33509],[128.1682,37.33616],[128.16855,37.33644],[128.16814,37.33684],[128.16766,37.3376],[128.16918,37.33915],[128.16961,37.33884],[128.17012,37.33893],[128.17064,37.33872],[128.17118,37.33873],[128.1719,37.33861],[128.17268,37.33862],[128.17319,37.33825],[128.17349,37.3378],[128.17422,37.33796],[128.17476,37.33761],[128.17525,37.3375],[128.17593,37.33758],[128.17665,37.33812],[128.1773,37.33813],[128.17843,37.33861],[128.17908,37.33854],[128.17975,37.33913],[128.18033,37.3395],[128.18084,37.33947],[128.18214,37.33888],[128.18287,37.33923],[128.18387,37.33932],[128.1847,37.34003],[128.18474,37.34034],[128.18517,37.34031],[128.18615,37.34089],[128.18654,37.34143],[128.18623,37.34165],[128.18605,37.34213],[128.18555,37.34277],[128.18561,37.34315],[128.18542,37.34339],[128.18528,37.34395],[128.18542,37.34423],[128.18521,37.34468],[128.18525,37.34519],[128.1855,37.34594],[128.1851,37.34687],[128.18539,37.34732],[128.18543,37.34812],[128.18497,37.34869],[128.18457,37.34894],[128.1845,37.35036],[128.1846,37.35082],[128.18487,37.35108],[128.18477,37.3515],[128.18451,37.35165],[128.18446,37.35201],[128.18412,37.35271],[128.18411,37.35356],[128.18394,37.3541],[128.18361,37.35438],[128.18306,37.35524],[128.18372,37.35638],[128.184,37.35724],[128.18383,37.35791],[128.18395,37.35839],[128.18467,37.35911],[128.18527,37.35916],[128.18544,37.35938],[128.18461,37.36022],[128.18445,37.36087],[128.18373,37.36174],[128.18308,37.36206],[128.18301,37.36243],[128.18242,37.36283],[128.18206,37.36345],[128.18212,37.36411],[128.18189,37.36436],[128.18188,37.36491],[128.18142,37.36527],[128.18158,37.3661],[128.18157,37.36737],[128.18094,37.36912],[128.18028,37.36986],[128.17914,37.37067],[128.17918,37.37112],[128.17863,37.37183],[128.17888,37.37246],[128.17884,37.37306],[128.17831,37.37356],[128.17804,37.37506],[128.17805,37.37653],[128.17911,37.37749],[128.18013,37.37826],[128.18009,37.37976],[128.18028,37.38087],[128.1807,37.38098],[128.18119,37.38186],[128.18059,37.38258],[128.18011,37.38295],[128.18027,37.38338],[128.17985,37.38411],[128.17964,37.38509],[128.17928,37.38586],[128.1799,37.38685],[128.17981,37.38723],[128.18001,37.38763],[128.1807,37.38806],[128.18135,37.3882],[128.18225,37.38872],[128.18274,37.38963],[128.18342,37.38992],[128.18419,37.39012],[128.18484,37.39091],[128.18498,37.39188],[128.18491,37.39241],[128.18559,37.39286],[128.18609,37.39265],[128.18744,37.39282],[128.1876,37.39259],[128.18828,37.39215],[128.18902,37.39153],[128.19023,37.39128],[128.19119,37.39129],[128.19223,37.39116],[128.193,37.39006],[128.19335,37.38979],[128.19346,37.39032],[128.19583,37.39078],[128.19706,37.39094],[128.19827,37.3909],[128.20061,37.39097],[128.20159,37.39137],[128.20281,37.39264],[128.2037,37.39289],[128.20458,37.39368],[128.20811,37.39499],[128.2105,37.3947],[128.21139,37.39448],[128.21324,37.39392],[128.21359,37.39323],[128.21395,37.39286],[128.21576,37.39286],[128.21641,37.39308],[128.21808,37.39351],[128.22032,37.3942],[128.22075,37.39423],[128.22136,37.3941],[128.22223,37.39352],[128.22326,37.39334],[128.22525,37.39251],[128.22654,37.39142],[128.22841,37.39006],[128.22926,37.38969],[128.2297,37.38975],[128.23109,37.38975],[128.23157,37.38982],[128.23265,37.38982],[128.23307,37.38959],[128.23416,37.38929],[128.23492,37.38846],[128.23591,37.38816],[128.23618,37.38794],[128.23846,37.38933],[128.23981,37.39049],[128.24014,37.3906],[128.24093,37.3913],[128.24163,37.3924],[128.24242,37.39318],[128.24321,37.3943],[128.24381,37.39484],[128.24411,37.39527],[128.2447,37.39562],[128.24573,37.39533],[128.24639,37.39506],[128.24716,37.39486],[128.24798,37.3944],[128.24863,37.39367],[128.25028,37.39373],[128.25065,37.39388],[128.25163,37.39348],[128.25248,37.39354],[128.25379,37.39324],[128.25427,37.39402],[128.25537,37.39507],[128.25543,37.39533],[128.25593,37.39579],[128.25615,37.39676],[128.25725,37.3981],[128.25775,37.39942],[128.2576,37.40058],[128.25779,37.4015],[128.25761,37.40179],[128.25837,37.40338],[128.25847,37.40396],[128.25915,37.40507],[128.25969,37.40574],[128.26054,37.40649],[128.26209,37.40688],[128.26276,37.40711],[128.26366,37.40716],[128.26442,37.40795],[128.26548,37.40844],[128.26503,37.40869],[128.26486,37.40963],[128.26429,37.41043],[128.26424,37.4109],[128.26312,37.41166],[128.26258,37.413],[128.26169,37.41403],[128.26118,37.41489],[128.26107,37.41543],[128.2607,37.41632],[128.2592,37.41688],[128.25867,37.42019],[128.25837,37.42095],[128.25784,37.42165],[128.25815,37.42243],[128.25798,37.4228],[128.25831,37.42319],[128.25788,37.42403],[128.2569,37.42452],[128.25608,37.42585],[128.25577,37.42623],[128.25501,37.42676],[128.25464,37.42747],[128.25409,37.42796],[128.25435,37.4288],[128.25514,37.4295],[128.2562,37.42958],[128.25599,37.4303],[128.25625,37.43074],[128.25633,37.43178],[128.2559,37.43241],[128.25603,37.43352],[128.25657,37.43388],[128.25676,37.43484],[128.25716,37.43557],[128.25701,37.43598],[128.25742,37.43656],[128.2576,37.43756],[128.25778,37.43813],[128.25773,37.4385],[128.25719,37.43882],[128.25691,37.43928],[128.25574,37.43993],[128.25426,37.44069],[128.25347,37.44077],[128.25243,37.44108],[128.25195,37.44112],[128.25132,37.4409],[128.2506,37.44091],[128.24966,37.44079],[128.24898,37.44083],[128.24865,37.44103],[128.24816,37.44167],[128.24767,37.44201],[128.24779,37.44233],[128.24756,37.44307],[128.24728,37.44351],[128.24707,37.44495],[128.24657,37.44525],[128.24628,37.44599],[128.24672,37.44696],[128.24651,37.44877],[128.24598,37.4502],[128.24588,37.451],[128.24562,37.45125],[128.24542,37.45173],[128.2457,37.45226],[128.24607,37.45324],[128.24496,37.45396],[128.24475,37.45453],[128.24506,37.45525],[128.24489,37.45588],[128.24508,37.45666],[128.24504,37.4572],[128.2454,37.45787],[128.24582,37.45803],[128.24642,37.46028],[128.24655,37.46051],[128.24644,37.46208],[128.24659,37.46268],[128.24624,37.46327],[128.24644,37.46377],[128.24648,37.46446],[128.24628,37.46505],[128.24659,37.46521],[128.24655,37.46608],[128.24667,37.46622],[128.24601,37.46675],[128.24509,37.46709],[128.24471,37.46741],[128.24458,37.46773],[128.24355,37.46835],[128.24466,37.46885],[128.24458,37.46919],[128.24475,37.47012],[128.2447,37.47037],[128.24498,37.47168],[128.24485,37.47331],[128.24467,37.47348],[128.24496,37.47386],[128.24462,37.47446],[128.24481,37.47498],[128.24482,37.47568],[128.2446,37.47631],[128.24487,37.47647],[128.24482,37.47725],[128.24496,37.47746],[128.24448,37.47785],[128.24409,37.47795],[128.24386,37.47879],[128.24388,37.47911],[128.24353,37.47972],[128.24363,37.47998],[128.2443,37.48012],[128.24449,37.48029],[128.24509,37.48009],[128.24617,37.48032],[128.24694,37.48066],[128.2478,37.4806],[128.24908,37.48073],[128.25008,37.48112],[128.25077,37.48102],[128.25256,37.48132],[128.25286,37.4812],[128.25537,37.48186],[128.25725,37.48297],[128.25766,37.48333],[128.25812,37.48351],[128.25876,37.48345],[128.25913,37.4837],[128.2601,37.48412],[128.26159,37.48452],[128.26269,37.48475],[128.26386,37.48463],[128.26487,37.48542],[128.26488,37.48614],[128.26589,37.48666],[128.26666,37.48678],[128.26699,37.48732],[128.26695,37.48808],[128.26713,37.48874],[128.26786,37.48985],[128.2683,37.49015],[128.26805,37.49074],[128.268,37.49159],[128.26821,37.49228],[128.26843,37.4926],[128.26904,37.4927],[128.26965,37.49306],[128.27004,37.49348],[128.27009,37.49403],[128.27053,37.49426],[128.27071,37.4948],[128.27137,37.49533],[128.27215,37.49546],[128.27182,37.49611],[128.27241,37.4964],[128.2727,37.49703],[128.27324,37.49768],[128.2745,37.49748],[128.2748,37.49758],[128.27493,37.49843],[128.27571,37.49964],[128.27603,37.50035],[128.27651,37.501],[128.27699,37.50124],[128.27738,37.50165],[128.27682,37.50252],[128.27868,37.50257],[128.28009,37.5031],[128.28175,37.50411],[128.28287,37.50391],[128.28357,37.50473],[128.28461,37.5054],[128.28571,37.50703],[128.2857,37.50733],[128.28667,37.50706],[128.28799,37.50705],[128.28872,37.50682],[128.28982,37.507],[128.29006,37.50739],[128.2898,37.5086],[128.28973,37.50972],[128.29067,37.51039],[128.29078,37.51102],[128.29099,37.51124],[128.29202,37.51134],[128.29281,37.51164],[128.2931,37.51149],[128.29454,37.51182],[128.29635,37.51168],[128.29756,37.51183],[128.29777,37.51253],[128.29762,37.5132],[128.29735,37.51342],[128.29714,37.51397],[128.29687,37.5156],[128.29688,37.51604],[128.29635,37.51699],[128.29632,37.51784],[128.29714,37.5192],[128.29822,37.5199],[128.29879,37.52229],[128.29996,37.52295],[128.30082,37.52409],[128.30084,37.52509],[128.30114,37.52733],[128.30128,37.52936],[128.30199,37.53037],[128.30175,37.53189],[128.30008,37.53318],[128.30008,37.53385],[128.29958,37.5344],[128.30028,37.53575],[128.30164,37.53708],[128.30227,37.53796],[128.30133,37.53841],[128.30019,37.53915],[128.29885,37.54026],[128.29865,37.54055],[128.29693,37.54152],[128.29592,37.54254],[128.29431,37.54397],[128.29389,37.545],[128.29431,37.54676],[128.29474,37.54761],[128.29505,37.54883],[128.29535,37.54905],[128.29522,37.54982],[128.29469,37.55038],[128.29579,37.55082],[128.29633,37.55207],[128.29602,37.55295],[128.2972,37.5539],[128.29786,37.555],[128.29689,37.55651],[128.29631,37.55709],[128.29565,37.55797],[128.29537,37.55922],[128.29523,37.56091],[128.29524,37.5626],[128.29482,37.56326],[128.29517,37.56528],[128.29486,37.56563],[128.294,37.56811],[128.29492,37.5688],[128.29366,37.56949],[128.29233,37.57009],[128.29127,37.57156],[128.29089,37.57308],[128.28926,37.57472],[128.28712,37.57683],[128.28516,37.5773],[128.28433,37.57831],[128.28407,37.57985],[128.28536,37.58282],[128.28543,37.58329],[128.28471,37.58421],[128.28491,37.58498],[128.28476,37.58541],[128.28345,37.58569],[128.28167,37.58648],[128.28036,37.59002],[128.27987,37.59128],[128.27929,37.59187],[128.27954,37.59374],[128.27934,37.5948],[128.27899,37.59562],[128.27935,37.59615],[128.27944,37.59663],[128.27978,37.59702],[128.27971,37.59749],[128.28011,37.59854],[128.28146,37.59881],[128.28257,37.59978],[128.28455,37.60047],[128.28511,37.60083],[128.28525,37.60123],[128.28599,37.60187],[128.28546,37.60258],[128.28509,37.60325],[128.28467,37.60358],[128.28351,37.60415],[128.28234,37.60456],[128.28081,37.60541],[128.2803,37.60926],[128.27979,37.60982],[128.27938,37.61054],[128.27966,37.61102],[128.27943,37.61192],[128.27952,37.61249],[128.28004,37.61467],[128.28084,37.61531],[128.28309,37.6179],[128.28367,37.61897],[128.28304,37.62056],[128.28168,37.62033],[128.28098,37.62042],[128.27872,37.62009],[128.278,37.6201],[128.27449,37.62078],[128.27407,37.62095],[128.2726,37.62132],[128.26908,37.62297],[128.26748,37.62387],[128.26677,37.624],[128.26553,37.62458],[128.26333,37.62503],[128.26233,37.62509],[128.26115,37.62545],[128.25927,37.62551],[128.25809,37.62547],[128.25635,37.62657],[128.25467,37.6269],[128.2539,37.62737]]]},"properties":{"code":"51730","name":"횡성군","bbox":[127.75942,37.29878,128.30227,37.68016],"labelPoint":[128.11195,37.53877]}},{"type":"Feature","geometry":{"type":"Polygon","coordinates":[[[128.57602,37.26828],[128.57773,37.26885],[128.579,37.27116],[128.57827,37.27321],[128.57728,37.27468],[128.57709,37.27438],[128.57647,37.2751],[128.57606,37.27645],[128.57587,37.27761],[128.57541,37.27882],[128.57474,37.27972],[128.57365,37.28035],[128.57213,37.28073],[128.57083,37.28063],[128.56811,37.27944],[128.56723,37.279],[128.5665,37.27882],[128.56535,37.27903],[128.56453,37.27927],[128.56332,37.28053],[128.56237,37.28177],[128.56179,37.28311],[128.55942,37.2861],[128.55643,37.28852],[128.55253,37.28919],[128.54939,37.28916],[128.54785,37.28866],[128.54497,37.2874],[128.54426,37.2869],[128.54323,37.28562],[128.54134,37.28648],[128.53994,37.28529],[128.53805,37.28472],[128.5377,37.28495],[128.53695,37.28478],[128.53593,37.28388],[128.53447,37.28579],[128.5327,37.28955],[128.5316,37.29052],[128.53036,37.29154],[128.52967,37.29188],[128.52902,37.29248],[128.52846,37.29212],[128.52766,37.29066],[128.5272,37.29027],[128.52653,37.29008],[128.52599,37.28981],[128.52553,37.28991],[128.52284,37.2897],[128.52251,37.28985],[128.52136,37.28867],[128.52117,37.28797],[128.51982,37.28762],[128.51935,37.28799],[128.51885,37.2878],[128.51843,37.28802],[128.51758,37.28758],[128.51549,37.28764],[128.51354,37.28739],[128.51293,37.2874],[128.51198,37.28821],[128.51099,37.28836],[128.51075,37.28894],[128.51016,37.28937],[128.5097,37.28953],[128.50893,37.28927],[128.50878,37.28878],[128.50678,37.28873],[128.50553,37.28887],[128.50502,37.28875],[128.50355,37.28895],[128.50254,37.28927],[128.50214,37.28951],[128.50088,37.28929],[128.50048,37.29082],[128.50053,37.29157],[128.50073,37.29192],[128.50057,37.29225],[128.50087,37.29299],[128.50023,37.29324],[128.50024,37.29437],[128.50012,37.29477],[128.50023,37.2952],[128.50008,37.29579],[128.49956,37.29632],[128.49917,37.29714],[128.49815,37.29817],[128.49826,37.29895],[128.49808,37.29951],[128.49758,37.30029],[128.49774,37.3012],[128.49753,37.30216],[128.49725,37.30266],[128.49712,37.30315],[128.49669,37.3034],[128.49522,37.30306],[128.49482,37.3027],[128.49346,37.30249],[128.49297,37.30232],[128.48973,37.30244],[128.48926,37.30266],[128.48847,37.30275],[128.48735,37.30257],[128.48536,37.30292],[128.48475,37.30281],[128.48402,37.30252],[128.48314,37.30247],[128.48135,37.30259],[128.47993,37.30287],[128.47893,37.30354],[128.47717,37.30423],[128.47614,37.30427],[128.47307,37.30623],[128.47233,37.30622],[128.47122,37.30674],[128.4706,37.30691],[128.46903,37.3071],[128.46825,37.30686],[128.46604,37.30655],[128.46513,37.30672],[128.46471,37.30668],[128.46401,37.30743],[128.46354,37.3076],[128.46309,37.30823],[128.46247,37.30849],[128.46208,37.30956],[128.46174,37.30993],[128.46145,37.31091],[128.46115,37.31126],[128.46129,37.31265],[128.46218,37.31443],[128.46273,37.31533],[128.46443,37.31654],[128.46439,37.31703],[128.46397,37.31736],[128.46331,37.31834],[128.46417,37.31888],[128.46471,37.31935],[128.46366,37.32098],[128.46391,37.32153],[128.46377,37.32225],[128.4634,37.32276],[128.46303,37.32418],[128.4603,37.32576],[128.45966,37.3261],[128.45938,37.32721],[128.45904,37.32744],[128.45855,37.32807],[128.45778,37.32866],[128.45606,37.33071],[128.45401,37.3321],[128.45374,37.33287],[128.45397,37.33374],[128.45282,37.33569],[128.45198,37.33566],[128.45029,37.33638],[128.44931,37.33736],[128.4487,37.33762],[128.4472,37.33766],[128.44565,37.3373],[128.44557,37.33714],[128.44402,37.33693],[128.44276,37.33738],[128.44203,37.33748],[128.44113,37.33809],[128.43997,37.33804],[128.43965,37.33825],[128.43834,37.3389],[128.43727,37.33905],[128.43679,37.33931],[128.43622,37.33925],[128.43561,37.33956],[128.43309,37.33919],[128.43249,37.33973],[128.43069,37.3397],[128.42971,37.33982],[128.42717,37.34221],[128.42617,37.34242],[128.42575,37.34277],[128.42504,37.34295],[128.42169,37.34319],[128.42059,37.34366],[128.41899,37.34337],[128.41808,37.34282],[128.41726,37.34181],[128.41526,37.34054],[128.41396,37.33939],[128.41304,37.33922],[128.41172,37.33857],[128.41287,37.33702],[128.41121,37.33409],[128.41169,37.33144],[128.41196,37.33038],[128.41145,37.32981],[128.41144,37.3295],[128.40992,37.32854],[128.4099,37.32809],[128.40874,37.32713],[128.40833,37.32635],[128.40664,37.32491],[128.40596,37.32379],[128.4067,37.32278],[128.40575,37.32211],[128.40537,37.32132],[128.40469,37.32085],[128.40464,37.31966],[128.40518,37.31835],[128.40513,37.31751],[128.40531,37.31662],[128.406,37.31608],[128.40638,37.31485],[128.40674,37.31445],[128.40707,37.31346],[128.40698,37.31255],[128.40727,37.31202],[128.40735,37.3113],[128.40822,37.31087],[128.4093,37.30978],[128.4097,37.3092],[128.41076,37.30873],[128.41044,37.30757],[128.40897,37.30649],[128.40702,37.30555],[128.40663,37.30542],[128.40703,37.30494],[128.40603,37.30357],[128.40606,37.30267],[128.40566,37.3016],[128.40638,37.30095],[128.40733,37.2997],[128.4081,37.29941],[128.40862,37.29823],[128.40877,37.29733],[128.40935,37.29606],[128.40913,37.29515],[128.40885,37.29466],[128.40846,37.29429],[128.40695,37.29453],[128.40609,37.29401],[128.40511,37.29445],[128.40393,37.2952],[128.40268,37.29515],[128.40196,37.29567],[128.40095,37.29603],[128.40015,37.29707],[128.39817,37.29733],[128.39715,37.29727],[128.39639,37.29679],[128.39446,37.29594],[128.39349,37.29516],[128.39296,37.29445],[128.39144,37.29389],[128.39113,37.29336],[128.39021,37.29308],[128.38876,37.29185],[128.38878,37.29134],[128.38779,37.2911],[128.38633,37.29124],[128.38345,37.28962],[128.38271,37.28895],[128.38091,37.28869],[128.37949,37.28881],[128.3787,37.28906],[128.37716,37.28939],[128.37669,37.28993],[128.37608,37.29002],[128.37555,37.28992],[128.37502,37.29028],[128.37372,37.29046],[128.37358,37.29071],[128.37187,37.29124],[128.37121,37.29162],[128.3711,37.29232],[128.37153,37.29324],[128.37107,37.29438],[128.36946,37.29517],[128.36903,37.29585],[128.36897,37.2963],[128.3678,37.29676],[128.36726,37.29711],[128.36646,37.29737],[128.36594,37.29774],[128.36546,37.29791],[128.36411,37.29882],[128.36382,37.29911],[128.36349,37.30041],[128.36294,37.30108],[128.36301,37.30172],[128.36272,37.30197],[128.36177,37.30335],[128.36137,37.30409],[128.36044,37.30518],[128.3592,37.30556],[128.35901,37.3057],[128.35763,37.30594],[128.35814,37.3071],[128.35759,37.30857],[128.35631,37.30895],[128.354,37.30921],[128.352,37.30925],[128.34904,37.30993],[128.34635,37.31065],[128.3449,37.3111],[128.34313,37.31171],[128.34177,37.31258],[128.33902,37.31473],[128.33686,37.31678],[128.33552,37.31848],[128.33451,37.32012],[128.3337,37.32035],[128.33231,37.32123],[128.33174,37.32137],[128.33136,37.32181],[128.33038,37.32261],[128.33003,37.32242],[128.32914,37.32258],[128.32791,37.32204],[128.32548,37.32148],[128.32482,37.32087],[128.32448,37.32137],[128.32409,37.32268],[128.32365,37.32389],[128.32387,37.32574],[128.32426,37.32704],[128.32407,37.32749],[128.32408,37.32852],[128.32428,37.32945],[128.32401,37.33034],[128.324,37.331],[128.32385,37.33178],[128.32342,37.33216],[128.32326,37.33312],[128.32352,37.33372],[128.32257,37.33498],[128.32196,37.33553],[128.32209,37.33601],[128.32193,37.33652],[128.3216,37.33691],[128.32167,37.33744],[128.32115,37.33921],[128.32198,37.34041],[128.32174,37.34223],[128.32205,37.34281],[128.32277,37.34374],[128.32215,37.34461],[128.32194,37.34509],[128.32205,37.34633],[128.32166,37.34666],[128.3215,37.34719],[128.32165,37.34736],[128.32098,37.34824],[128.32024,37.34891],[128.31979,37.34895],[128.31911,37.34955],[128.31855,37.35056],[128.31829,37.35061],[128.3181,37.35111],[128.31772,37.35131],[128.31738,37.35208],[128.31688,37.35228],[128.31657,37.35297],[128.31648,37.35349],[128.31672,37.35458],[128.31678,37.35525],[128.31722,37.35572],[128.3173,37.35679],[128.31749,37.35823],[128.31773,37.35846],[128.31773,37.35928],[128.31835,37.35953],[128.31929,37.36012],[128.31942,37.3608],[128.31977,37.36122],[128.31969,37.36163],[128.31986,37.36194],[128.3196,37.36228],[128.31976,37.36334],[128.31947,37.3638],[128.31951,37.36434],[128.32048,37.36516],[128.3207,37.36554],[128.32062,37.36634],[128.32025,37.36666],[128.3207,37.36754],[128.32142,37.36773],[128.32193,37.36853],[128.32284,37.36911],[128.32326,37.36984],[128.32379,37.37052],[128.32342,37.37132],[128.3239,37.37174],[128.32419,37.37236],[128.32409,37.37265],[128.32499,37.37396],[128.32564,37.37455],[128.32636,37.37483],[128.32711,37.37565],[128.32721,37.37611],[128.32594,37.37807],[128.32371,37.37832],[128.32271,37.37861],[128.32223,37.37854],[128.32165,37.37866],[128.32121,37.37854],[128.32076,37.37894],[128.32022,37.37914],[128.31997,37.37939],[128.31942,37.37965],[128.31841,37.37933],[128.31789,37.37869],[128.31676,37.37826],[128.31639,37.37849],[128.31589,37.37907],[128.31531,37.37931],[128.31527,37.37986],[128.31438,37.38043],[128.31434,37.38091],[128.31365,37.38128],[128.31341,37.38191],[128.31281,37.38212],[128.31262,37.38256],[128.31187,37.38329],[128.31106,37.38359],[128.31056,37.38356],[128.30995,37.38384],[128.30879,37.38389],[128.30832,37.38501],[128.30796,37.38524],[128.30701,37.38683],[128.30474,37.38731],[128.30342,37.38818],[128.30284,37.38847],[128.30151,37.38847],[128.30003,37.38875],[128.29822,37.38857],[128.29751,37.3887],[128.29688,37.39018],[128.29665,37.39124],[128.2959,37.39207],[128.29542,37.39293],[128.29454,37.39394],[128.29463,37.39426],[128.29405,37.39512],[128.29379,37.39603],[128.29341,37.39678],[128.29367,37.39726],[128.29403,37.39837],[128.29381,37.39991],[128.29402,37.40054],[128.29433,37.40101],[128.29327,37.40213],[128.29231,37.40205],[128.29105,37.40261],[128.28998,37.403],[128.28922,37.40315],[128.28708,37.40403],[128.28647,37.40415],[128.28504,37.40474],[128.28417,37.40515],[128.28378,37.40619],[128.28282,37.40666],[128.28141,37.40689],[128.28052,37.40666],[128.28011,37.40681],[128.27892,37.40654],[128.27844,37.40652],[128.27679,37.40732],[128.27647,37.40724],[128.27555,37.40746],[128.27483,37.40741],[128.27343,37.4084],[128.27252,37.40846],[128.27225,37.40871],[128.27146,37.40896],[128.27096,37.40882],[128.26986,37.40867],[128.26907,37.40874],[128.26831,37.40867],[128.26787,37.40889],[128.26705,37.40877],[128.26664,37.40857],[128.26548,37.40844],[128.26442,37.40795],[128.26366,37.40716],[128.26276,37.40711],[128.26209,37.40688],[128.26054,37.40649],[128.25969,37.40574],[128.25915,37.40507],[128.25847,37.40396],[128.25837,37.40338],[128.25761,37.40179],[128.25779,37.4015],[128.2576,37.40058],[128.25775,37.39942],[128.25725,37.3981],[128.25615,37.39676],[128.25593,37.39579],[128.25543,37.39533],[128.25537,37.39507],[128.25427,37.39402],[128.25379,37.39324],[128.25248,37.39354],[128.25163,37.39348],[128.25065,37.39388],[128.25028,37.39373],[128.24863,37.39367],[128.24798,37.3944],[128.24716,37.39486],[128.24639,37.39506],[128.24573,37.39533],[128.2447,37.39562],[128.24411,37.39527],[128.24381,37.39484],[128.24321,37.3943],[128.24242,37.39318],[128.24163,37.3924],[128.24093,37.3913],[128.24014,37.3906],[128.23981,37.39049],[128.23846,37.38933],[128.23618,37.38794],[128.23591,37.38816],[128.23492,37.38846],[128.23416,37.38929],[128.23307,37.38959],[128.23265,37.38982],[128.23157,37.38982],[128.23109,37.38975],[128.2297,37.38975],[128.22926,37.38969],[128.22841,37.39006],[128.22654,37.39142],[128.22525,37.39251],[128.22326,37.39334],[128.22223,37.39352],[128.22136,37.3941],[128.22075,37.39423],[128.22032,37.3942],[128.21808,37.39351],[128.21641,37.39308],[128.21576,37.39286],[128.21395,37.39286],[128.21359,37.39323],[128.21324,37.39392],[128.21139,37.39448],[128.2105,37.3947],[128.20811,37.39499],[128.20458,37.39368],[128.2037,37.39289],[128.20281,37.39264],[128.20159,37.39137],[128.20061,37.39097],[128.19827,37.3909],[128.19706,37.39094],[128.19583,37.39078],[128.19346,37.39032],[128.19335,37.38979],[128.193,37.39006],[128.19223,37.39116],[128.19119,37.39129],[128.19023,37.39128],[128.18902,37.39153],[128.18828,37.39215],[128.1876,37.39259],[128.18744,37.39282],[128.18609,37.39265],[128.18559,37.39286],[128.18491,37.39241],[128.18498,37.39188],[128.18484,37.39091],[128.18419,37.39012],[128.18342,37.38992],[128.18274,37.38963],[128.18225,37.38872],[128.18135,37.3882],[128.1807,37.38806],[128.18001,37.38763],[128.17981,37.38723],[128.1799,37.38685],[128.17928,37.38586],[128.17964,37.38509],[128.17985,37.38411],[128.18027,37.38338],[128.18011,37.38295],[128.18059,37.38258],[128.18119,37.38186],[128.1807,37.38098],[128.18028,37.38087],[128.18009,37.37976],[128.18013,37.37826],[128.17911,37.37749],[128.17805,37.37653],[128.17804,37.37506],[128.17831,37.37356],[128.17884,37.37306],[128.17888,37.37246],[128.17863,37.37183],[128.17918,37.37112],[128.17914,37.37067],[128.18028,37.36986],[128.18094,37.36912],[128.18157,37.36737],[128.18158,37.3661],[128.18142,37.36527],[128.18188,37.36491],[128.18189,37.36436],[128.18212,37.36411],[128.18206,37.36345],[128.18242,37.36283],[128.18301,37.36243],[128.18308,37.36206],[128.18373,37.36174],[128.18445,37.36087],[128.18461,37.36022],[128.18544,37.35938],[128.18527,37.35916],[128.18467,37.35911],[128.18395,37.35839],[128.18383,37.35791],[128.184,37.35724],[128.18372,37.35638],[128.18306,37.35524],[128.18361,37.35438],[128.18394,37.3541],[128.18411,37.35356],[128.18412,37.35271],[128.18446,37.35201],[128.18451,37.35165],[128.18477,37.3515],[128.18487,37.35108],[128.1846,37.35082],[128.1845,37.35036],[128.18457,37.34894],[128.18497,37.34869],[128.18543,37.34812],[128.18539,37.34732],[128.1851,37.34687],[128.1855,37.34594],[128.18525,37.34519],[128.18521,37.34468],[128.18542,37.34423],[128.18528,37.34395],[128.18542,37.34339],[128.18561,37.34315],[128.18555,37.34277],[128.18605,37.34213],[128.18623,37.34165],[128.18654,37.34143],[128.18615,37.34089],[128.18517,37.34031],[128.18474,37.34034],[128.1847,37.34003],[128.18387,37.33932],[128.18287,37.33923],[128.18214,37.33888],[128.18084,37.33947],[128.18033,37.3395],[128.17975,37.33913],[128.17908,37.33854],[128.17843,37.33861],[128.1773,37.33813],[128.17665,37.33812],[128.17593,37.33758],[128.17525,37.3375],[128.17476,37.33761],[128.17422,37.33796],[128.17349,37.3378],[128.17319,37.33825],[128.17268,37.33862],[128.1719,37.33861],[128.17118,37.33873],[128.17064,37.33872],[128.17012,37.33893],[128.16961,37.33884],[128.16918,37.33915],[128.16766,37.3376],[128.16814,37.33684],[128.16855,37.33644],[128.1682,37.33616],[128.16922,37.33509],[128.16997,37.33385],[128.17015,37.33312],[128.17128,37.33147],[128.17136,37.33105],[128.17182,37.33012],[128.17223,37.32953],[128.17231,37.32911],[128.17261,37.32857],[128.17288,37.32706],[128.17282,37.32523],[128.17252,37.32485],[128.1714,37.32476],[128.17038,37.32352],[128.16904,37.32286],[128.16863,37.32244],[128.16784,37.3221],[128.1667,37.32183],[128.16637,37.32215],[128.16573,37.32201],[128.16458,37.32234],[128.16452,37.3226],[128.1636,37.32335],[128.16313,37.32342],[128.16255,37.32306],[128.16207,37.32299],[128.16061,37.32306],[128.16007,37.32318],[128.15919,37.32356],[128.15841,37.32363],[128.15787,37.32399],[128.15732,37.32448],[128.15683,37.32444],[128.15568,37.32531],[128.15471,37.32586],[128.15349,37.32667],[128.15268,37.32727],[128.15217,37.32708],[128.15067,37.327],[128.14971,37.32624],[128.14897,37.32556],[128.14844,37.3248],[128.14841,37.32408],[128.14667,37.32295],[128.14612,37.32315],[128.14539,37.32403],[128.14446,37.32457],[128.14385,37.32482],[128.14326,37.32472],[128.14183,37.32486],[128.14111,37.32518],[128.14032,37.325],[128.13917,37.32506],[128.13824,37.3253],[128.13793,37.32561],[128.13693,37.32595],[128.13625,37.32586],[128.13557,37.32622],[128.13522,37.32718],[128.1334,37.32839],[128.13154,37.32885],[128.13089,37.32885],[128.12998,37.32838],[128.12946,37.32847],[128.12843,37.32759],[128.1278,37.32744],[128.12649,37.32664],[128.12591,37.3265],[128.12556,37.32606],[128.12478,37.32565],[128.12414,37.32545],[128.12353,37.32494],[128.12282,37.32482],[128.12144,37.32446],[128.12064,37.32404],[128.12036,37.32369],[128.11995,37.32363],[128.11949,37.32307],[128.11946,37.32243],[128.11993,37.32141],[128.11963,37.32076],[128.11836,37.32039],[128.11758,37.31992],[128.11712,37.31909],[128.11588,37.31823],[128.11493,37.31565],[128.11522,37.31437],[128.11511,37.31408],[128.11537,37.31363],[128.11543,37.31317],[128.11462,37.31211],[128.11451,37.31131],[128.11473,37.31005],[128.11506,37.30953],[128.11499,37.3093],[128.11547,37.30847],[128.11567,37.30763],[128.11604,37.30742],[128.11629,37.30686],[128.11656,37.30677],[128.11692,37.30617],[128.11699,37.3054],[128.11806,37.30438],[128.11802,37.30404],[128.11722,37.30378],[128.11587,37.30322],[128.11498,37.30226],[128.11377,37.30151],[128.11255,37.30129],[128.11145,37.30075],[128.11116,37.30038],[128.10998,37.30001],[128.10857,37.29878],[128.1088,37.29832],[128.10875,37.29724],[128.10895,37.2967],[128.10868,37.29564],[128.10829,37.29491],[128.10791,37.29454],[128.10766,37.2937],[128.10741,37.29361],[128.10716,37.29276],[128.10727,37.29134],[128.10766,37.29085],[128.10761,37.29029],[128.10786,37.28968],[128.10913,37.28848],[128.10892,37.288],[128.10866,37.28705],[128.10854,37.28617],[128.10878,37.28559],[128.10871,37.28513],[128.10888,37.28458],[128.10896,37.28384],[128.11007,37.28321],[128.11044,37.28243],[128.11013,37.28191],[128.10984,37.28117],[128.11001,37.28044],[128.11042,37.27924],[128.11105,37.27917],[128.11169,37.27881],[128.11204,37.27879],[128.11309,37.27828],[128.1142,37.2783],[128.11453,37.27753],[128.11501,37.27683],[128.11545,37.27651],[128.11545,37.27597],[128.11516,37.27521],[128.11499,37.27434],[128.11459,37.27349],[128.11516,37.27306],[128.11555,37.27248],[128.11662,37.27226],[128.1174,37.27264],[128.11806,37.27263],[128.11883,37.27233],[128.11964,37.27243],[128.12141,37.27222],[128.12384,37.27463],[128.12468,37.27515],[128.12555,37.27522],[128.12597,37.27495],[128.12741,37.27434],[128.12862,37.27472],[128.12987,37.2745],[128.13137,37.27448],[128.13269,37.27389],[128.13418,37.27303],[128.13495,37.27265],[128.13577,37.27213],[128.1368,37.2718],[128.13833,37.27182],[128.13885,37.27149],[128.14051,37.27119],[128.14094,37.27128],[128.14256,37.27104],[128.14485,37.27157],[128.14599,37.27212],[128.1472,37.2722],[128.14843,37.27245],[128.14878,37.27241],[128.1502,37.27256],[128.15246,37.27225],[128.1532,37.27254],[128.15481,37.2726],[128.15653,37.27301],[128.1571,37.27323],[128.1576,37.2731],[128.15854,37.27317],[128.15935,37.27386],[128.16026,37.27368],[128.16163,37.27385],[128.16287,37.27378],[128.16341,37.27392],[128.16391,37.27447],[128.16393,37.27486],[128.16467,37.27539],[128.16584,37.27568],[128.16631,37.27573],[128.16717,37.27617],[128.16797,37.27621],[128.16871,37.27679],[128.16969,37.27722],[128.17016,37.27792],[128.17079,37.27771],[128.17163,37.27795],[128.17212,37.27851],[128.17328,37.27921],[128.17417,37.27905],[128.17524,37.27924],[128.17642,37.27922],[128.17783,37.27952],[128.17784,37.28033],[128.17811,37.28095],[128.17769,37.28172],[128.17769,37.28245],[128.17803,37.2827],[128.17822,37.28317],[128.17875,37.28346],[128.17865,37.28394],[128.17901,37.28424],[128.17886,37.28473],[128.17908,37.28486],[128.17909,37.2854],[128.1789,37.2856],[128.17863,37.28637],[128.17852,37.28761],[128.17813,37.28811],[128.17805,37.28845],[128.17775,37.28869],[128.17765,37.28912],[128.17788,37.28947],[128.17781,37.28988],[128.17818,37.29074],[128.1784,37.29094],[128.17837,37.29141],[128.17882,37.29186],[128.1796,37.29195],[128.18121,37.29242],[128.18201,37.29258],[128.18267,37.29289],[128.18333,37.29276],[128.18453,37.29226],[128.18551,37.29236],[128.18621,37.29283],[128.18736,37.29305],[128.18809,37.29284],[128.19025,37.29346],[128.19042,37.29364],[128.19144,37.2942],[128.19162,37.2944],[128.19151,37.29544],[128.19156,37.29582],[128.1929,37.29668],[128.19366,37.29702],[128.19446,37.29728],[128.19574,37.29743],[128.19736,37.29684],[128.19785,37.29655],[128.19837,37.29609],[128.19936,37.29478],[128.19958,37.29388],[128.19975,37.29357],[128.20041,37.293],[128.20143,37.29124],[128.20182,37.29086],[128.20261,37.29029],[128.20345,37.28988],[128.20414,37.29001],[128.20441,37.29018],[128.20555,37.28938],[128.2058,37.2888],[128.20657,37.28783],[128.20774,37.28813],[128.20852,37.28874],[128.21007,37.28894],[128.21154,37.2887],[128.21288,37.28882],[128.21412,37.28815],[128.21421,37.2875],[128.2145,37.28689],[128.21491,37.28665],[128.21508,37.28538],[128.21565,37.28473],[128.21591,37.28402],[128.21643,37.28322],[128.21617,37.28219],[128.21675,37.28137],[128.21692,37.2803],[128.21789,37.27953],[128.21846,37.27856],[128.21785,37.27757],[128.21689,37.27782],[128.21655,37.27725],[128.21568,37.27738],[128.21407,37.27688],[128.21317,37.27614],[128.21276,37.27564],[128.21169,37.27551],[128.21107,37.27535],[128.21074,37.27507],[128.21139,37.27424],[128.21177,37.27315],[128.21185,37.27208],[128.21145,37.27057],[128.21178,37.26945],[128.21159,37.26889],[128.21138,37.26779],[128.2115,37.2672],[128.2123,37.26655],[128.21301,37.26614],[128.21282,37.26566],[128.21292,37.26501],[128.21274,37.26442],[128.21293,37.26384],[128.21272,37.26327],[128.21282,37.2627],[128.21305,37.26252],[128.21307,37.26206],[128.21266,37.26144],[128.21194,37.26078],[128.2121,37.25977],[128.21158,37.25939],[128.21161,37.25864],[128.21142,37.25793],[128.21111,37.25718],[128.21048,37.25605],[128.21029,37.25533],[128.21004,37.25482],[128.20957,37.25436],[128.20972,37.25315],[128.20937,37.2526],[128.20931,37.25176],[128.20949,37.25124],[128.20918,37.25085],[128.20932,37.25012],[128.20888,37.24963],[128.20859,37.2489],[128.2078,37.24882],[128.20814,37.24796],[128.21024,37.24579],[128.21144,37.24565],[128.21202,37.24536],[128.21312,37.24581],[128.21465,37.24607],[128.21488,37.24433],[128.21502,37.24361],[128.21461,37.24237],[128.21479,37.24184],[128.21581,37.24177],[128.21749,37.24109],[128.21768,37.24082],[128.21867,37.2407],[128.21971,37.24029],[128.22031,37.2403],[128.22109,37.23913],[128.22185,37.23811],[128.22197,37.23729],[128.22283,37.23632],[128.22276,37.23579],[128.22284,37.23533],[128.22363,37.23391],[128.22402,37.23389],[128.22435,37.23294],[128.22483,37.23285],[128.22543,37.23295],[128.22623,37.23284],[128.22681,37.23235],[128.22681,37.23189],[128.22718,37.23122],[128.22862,37.23018],[128.22829,37.22905],[128.2285,37.22803],[128.22924,37.22757],[128.2298,37.22754],[128.23013,37.22731],[128.23072,37.22738],[128.23119,37.22713],[128.23175,37.22701],[128.23302,37.22702],[128.23368,37.22754],[128.23446,37.22734],[128.23492,37.22771],[128.23533,37.22833],[128.23565,37.22864],[128.23624,37.22889],[128.23665,37.22895],[128.23703,37.22928],[128.23742,37.22932],[128.23758,37.22888],[128.23912,37.22906],[128.23929,37.22885],[128.2404,37.22844],[128.24053,37.22805],[128.24096,37.22757],[128.24147,37.22753],[128.24179,37.22716],[128.24234,37.22732],[128.24256,37.22714],[128.24372,37.22701],[128.24413,37.22661],[128.24451,37.22662],[128.24537,37.22724],[128.24647,37.2278],[128.24731,37.22851],[128.24812,37.22895],[128.24941,37.22949],[128.25022,37.22974],[128.25093,37.22958],[128.25157,37.22893],[128.25194,37.22822],[128.25265,37.22798],[128.25279,37.22739],[128.25263,37.22714],[128.25312,37.22679],[128.25393,37.22595],[128.25395,37.22507],[128.25531,37.22409],[128.25542,37.22381],[128.25617,37.22346],[128.25687,37.22283],[128.25712,37.22239],[128.25625,37.22186],[128.25557,37.22219],[128.25519,37.22215],[128.25564,37.22157],[128.25646,37.22151],[128.25722,37.22195],[128.25798,37.22124],[128.25822,37.22028],[128.25864,37.21956],[128.25865,37.21874],[128.25899,37.21784],[128.25979,37.21641],[128.26081,37.21524],[128.26169,37.21412],[128.26277,37.21325],[128.2641,37.21233],[128.2654,37.21125],[128.26651,37.2106],[128.26673,37.20967],[128.26704,37.20909],[128.26839,37.20792],[128.26994,37.20842],[128.27033,37.20867],[128.27102,37.20878],[128.27243,37.20946],[128.27286,37.20986],[128.27406,37.20986],[128.27479,37.20965],[128.27552,37.20969],[128.27606,37.2099],[128.27805,37.20992],[128.27854,37.2101],[128.27984,37.20978],[128.28044,37.20943],[128.28136,37.20994],[128.28253,37.21027],[128.28395,37.21018],[128.28404,37.2107],[128.28465,37.21167],[128.28536,37.21212],[128.28623,37.21293],[128.28638,37.21345],[128.28692,37.21402],[128.2877,37.2144],[128.28818,37.21507],[128.28985,37.21505],[128.29128,37.2146],[128.29259,37.21514],[128.29365,37.21595],[128.29469,37.21563],[128.29498,37.216],[128.29608,37.21599],[128.29704,37.21634],[128.29804,37.21628],[128.29886,37.21609],[128.29998,37.21624],[128.30125,37.21658],[128.30138,37.2169],[128.30263,37.21691],[128.30367,37.21683],[128.30421,37.21715],[128.30485,37.21724],[128.30531,37.21711],[128.30795,37.21711],[128.30914,37.21746],[128.30951,37.2182],[128.30983,37.21851],[128.31015,37.21926],[128.31086,37.21971],[128.31132,37.22025],[128.3126,37.22146],[128.3137,37.222],[128.31404,37.22269],[128.3151,37.22301],[128.31659,37.22339],[128.31632,37.22245],[128.31868,37.22165],[128.31924,37.22081],[128.32006,37.21986],[128.32101,37.21936],[128.3217,37.21915],[128.32311,37.2193],[128.32383,37.21923],[128.32439,37.21874],[128.32445,37.21847],[128.32544,37.2177],[128.32578,37.21764],[128.32606,37.21724],[128.32707,37.21681],[128.32836,37.21676],[128.32879,37.21662],[128.32897,37.21682],[128.32948,37.21664],[128.32974,37.21633],[128.33209,37.2159],[128.3334,37.21579],[128.33311,37.21488],[128.33287,37.21446],[128.33218,37.2139],[128.33111,37.2127],[128.33052,37.21166],[128.33046,37.21117],[128.33002,37.21035],[128.32985,37.20965],[128.32993,37.20835],[128.32988,37.2078],[128.32951,37.20712],[128.3288,37.20618],[128.32865,37.20519],[128.3287,37.20461],[128.32916,37.20438],[128.32926,37.2039],[128.32969,37.2032],[128.32964,37.20226],[128.32949,37.20198],[128.32872,37.20141],[128.32811,37.20028],[128.3275,37.1996],[128.32741,37.19927],[128.32746,37.1985],[128.32688,37.19806],[128.32639,37.19729],[128.32602,37.19721],[128.32574,37.19693],[128.32513,37.19708],[128.3247,37.19748],[128.32428,37.1975],[128.32367,37.19798],[128.32244,37.19835],[128.3217,37.19789],[128.3215,37.19758],[128.32159,37.19703],[128.32185,37.19666],[128.32176,37.19555],[128.32074,37.19569],[128.31951,37.196],[128.3188,37.19644],[128.31786,37.19642],[128.31739,37.19656],[128.31593,37.19656],[128.31508,37.19676],[128.31506,37.19712],[128.3145,37.19681],[128.31383,37.19667],[128.31339,37.19678],[128.31308,37.19648],[128.3132,37.19576],[128.31285,37.19505],[128.31314,37.1943],[128.31371,37.19333],[128.31299,37.19114],[128.3142,37.19],[128.31302,37.18979],[128.3111,37.18984],[128.31077,37.18828],[128.31049,37.18734],[128.30866,37.18747],[128.30841,37.18654],[128.30766,37.186],[128.30639,37.18626],[128.30599,37.18707],[128.30492,37.18677],[128.30445,37.18689],[128.30264,37.18662],[128.30207,37.18605],[128.3007,37.18446],[128.30058,37.18419],[128.29992,37.18358],[128.29945,37.18356],[128.29765,37.18366],[128.29562,37.18329],[128.29575,37.18217],[128.29578,37.18087],[128.29589,37.18023],[128.29606,37.17846],[128.29668,37.17719],[128.2973,37.17615],[128.29713,37.17505],[128.29751,37.17291],[128.29807,37.17166],[128.29669,37.17144],[128.29587,37.17155],[128.29483,37.17116],[128.29391,37.17107],[128.29215,37.17046],[128.29156,37.17055],[128.2913,37.17029],[128.28968,37.17015],[128.28782,37.1713],[128.28646,37.17137],[128.28512,37.17172],[128.28434,37.1717],[128.28243,37.17179],[128.28218,37.17243],[128.28183,37.17265],[128.28111,37.1734],[128.28043,37.17316],[128.27842,37.17213],[128.2763,37.17268],[128.27645,37.17228],[128.27592,37.17106],[128.27499,37.17021],[128.27367,37.16964],[128.27375,37.16929],[128.2732,37.16835],[128.27099,37.16655],[128.27072,37.16636],[128.27005,37.16488],[128.27012,37.16349],[128.27047,37.16194],[128.27039,37.16177],[128.26863,37.16162],[128.26632,37.16127],[128.26444,37.16042],[128.26511,37.1589],[128.26548,37.15851],[128.26592,37.15787],[128.26611,37.15699],[128.2662,37.15603],[128.26687,37.15612],[128.26724,37.15603],[128.26774,37.15561],[128.26928,37.1549],[128.27059,37.15423],[128.27124,37.15307],[128.2719,37.15215],[128.27189,37.15171],[128.27227,37.15116],[128.2724,37.15029],[128.27226,37.14895],[128.27329,37.14763],[128.27424,37.14696],[128.27526,37.14647],[128.27672,37.14614],[128.27736,37.14517],[128.27759,37.14416],[128.27993,37.14246],[128.28185,37.14307],[128.28469,37.14315],[128.28497,37.14237],[128.28558,37.14245],[128.28654,37.14188],[128.28766,37.14152],[128.28828,37.14146],[128.28889,37.14123],[128.2899,37.14023],[128.29062,37.13985],[128.29267,37.1393],[128.2939,37.13767],[128.29571,37.13603],[128.29611,37.13422],[128.2964,37.13405],[128.29791,37.1341],[128.29834,37.13419],[128.30073,37.13527],[128.30099,37.13595],[128.30353,37.13652],[128.30545,37.13716],[128.30636,37.13753],[128.30608,37.13825],[128.30588,37.13953],[128.30633,37.13971],[128.30754,37.14079],[128.30841,37.14208],[128.30873,37.14244],[128.30932,37.1428],[128.30948,37.14315],[128.30922,37.14396],[128.30952,37.14493],[128.31111,37.14578],[128.31211,37.145],[128.31358,37.14586],[128.31548,37.1467],[128.31586,37.14722],[128.31672,37.14756],[128.31853,37.14784],[128.31964,37.14744],[128.31979,37.14726],[128.321,37.14835],[128.32172,37.14887],[128.32202,37.14922],[128.32306,37.14851],[128.32351,37.14842],[128.32444,37.14796],[128.32473,37.14807],[128.32599,37.14911],[128.32613,37.14995],[128.32661,37.15024],[128.32704,37.15109],[128.32725,37.15257],[128.32747,37.15294],[128.32784,37.15301],[128.32838,37.15257],[128.32922,37.15201],[128.33018,37.15106],[128.33067,37.15034],[128.33219,37.15157],[128.33305,37.15256],[128.33347,37.15248],[128.33381,37.15305],[128.33398,37.15374],[128.33426,37.15403],[128.33487,37.15512],[128.33446,37.15598],[128.33475,37.15652],[128.3355,37.15725],[128.33617,37.15755],[128.33709,37.15785],[128.33761,37.1579],[128.33848,37.15814],[128.33896,37.15775],[128.33948,37.15799],[128.34049,37.15809],[128.34144,37.15732],[128.3415,37.15677],[128.34208,37.15615],[128.34259,37.15594],[128.34309,37.156],[128.34343,37.15631],[128.34451,37.15623],[128.34502,37.15632],[128.34526,37.15607],[128.34601,37.15632],[128.34652,37.15691],[128.34705,37.15717],[128.34763,37.1565],[128.34822,37.15651],[128.34844,37.15686],[128.34875,37.15699],[128.3496,37.15701],[128.35015,37.15693],[128.35051,37.15703],[128.3508,37.15757],[128.35151,37.15741],[128.35233,37.15666],[128.35312,37.15612],[128.35398,37.15567],[128.35532,37.15389],[128.35602,37.15329],[128.35828,37.15228],[128.35885,37.15125],[128.35948,37.15069],[128.35972,37.15022],[128.3602,37.15064],[128.36217,37.1527],[128.36227,37.15345],[128.36258,37.15394],[128.36339,37.15462],[128.36424,37.15619],[128.36446,37.15624],[128.36442,37.15763],[128.36487,37.15772],[128.36535,37.15764],[128.36597,37.15701],[128.36682,37.15546],[128.36789,37.15443],[128.36839,37.15444],[128.36878,37.15463],[128.36931,37.15512],[128.37194,37.15414],[128.37413,37.15349],[128.37492,37.1533],[128.37583,37.15331],[128.37646,37.15241],[128.37672,37.1517],[128.37802,37.15171],[128.3783,37.15254],[128.37806,37.15294],[128.37813,37.15318],[128.37862,37.15361],[128.37881,37.15393],[128.37865,37.15452],[128.37971,37.15503],[128.38012,37.15491],[128.38051,37.15499],[128.38125,37.15547],[128.38146,37.1559],[128.38172,37.15586],[128.38185,37.15522],[128.38222,37.15594],[128.38332,37.1566],[128.38332,37.15712],[128.3836,37.15753],[128.38374,37.15802],[128.38435,37.15812],[128.38539,37.15726],[128.38608,37.15688],[128.38613,37.15648],[128.38657,37.15635],[128.38746,37.15557],[128.38824,37.15532],[128.38876,37.15462],[128.39024,37.15501],[128.39107,37.15512],[128.39188,37.15513],[128.3928,37.1548],[128.39253,37.15339],[128.39321,37.15253],[128.39318,37.15173],[128.39353,37.15139],[128.39419,37.15147],[128.39537,37.15054],[128.39533,37.14999],[128.39563,37.14944],[128.39608,37.14935],[128.39637,37.14857],[128.39688,37.14844],[128.39848,37.14773],[128.39934,37.14774],[128.39967,37.14733],[128.40035,37.1473],[128.40087,37.14688],[128.40104,37.14553],[128.40132,37.14508],[128.40136,37.14463],[128.40204,37.14329],[128.40231,37.14229],[128.40241,37.14155],[128.40302,37.14086],[128.40366,37.13962],[128.40338,37.13914],[128.40182,37.13852],[128.40147,37.1376],[128.40187,37.13678],[128.40132,37.13543],[128.40179,37.13481],[128.40088,37.13409],[128.40079,37.13333],[128.39932,37.13235],[128.39809,37.13165],[128.3979,37.13062],[128.39703,37.13007],[128.39683,37.12937],[128.396,37.12859],[128.39658,37.12836],[128.39772,37.12844],[128.39861,37.12832],[128.39879,37.12814],[128.39947,37.12811],[128.4013,37.12788],[128.40268,37.12747],[128.40294,37.12754],[128.40407,37.1273],[128.40479,37.12701],[128.40575,37.12699],[128.40729,37.12638],[128.40864,37.12503],[128.40952,37.12356],[128.40989,37.12332],[128.41028,37.12283],[128.41104,37.12213],[128.41195,37.12198],[128.41242,37.12176],[128.41311,37.12101],[128.41503,37.12039],[128.41536,37.12024],[128.41615,37.12082],[128.41847,37.11981],[128.41942,37.11852],[128.42002,37.118],[128.41974,37.11722],[128.41989,37.1163],[128.42027,37.11587],[128.42075,37.11494],[128.42105,37.1137],[128.42356,37.11224],[128.42312,37.11146],[128.42216,37.11016],[128.42257,37.10939],[128.42237,37.10915],[128.42237,37.10866],[128.42214,37.10812],[128.42216,37.10779],[128.42248,37.10733],[128.42262,37.10689],[128.42249,37.10606],[128.42267,37.10547],[128.42259,37.10473],[128.423,37.10412],[128.42306,37.10325],[128.42375,37.10305],[128.4247,37.10246],[128.42539,37.10256],[128.42799,37.10337],[128.42843,37.10329],[128.43012,37.10367],[128.43007,37.10531],[128.43058,37.10675],[128.43265,37.10807],[128.43415,37.1087],[128.43555,37.10951],[128.4353,37.111],[128.43514,37.11148],[128.43605,37.11191],[128.43645,37.11186],[128.43788,37.11105],[128.43843,37.11078],[128.4388,37.11045],[128.43982,37.10996],[128.44071,37.10984],[128.44143,37.10943],[128.44241,37.10934],[128.44292,37.10901],[128.44334,37.10804],[128.44414,37.10742],[128.44476,37.10629],[128.44532,37.10747],[128.4457,37.10784],[128.44645,37.10829],[128.44666,37.10902],[128.44752,37.10942],[128.44805,37.11001],[128.44836,37.11014],[128.4485,37.11055],[128.44905,37.11109],[128.45019,37.112],[128.45029,37.11222],[128.451,37.11231],[128.45117,37.11211],[128.45238,37.11175],[128.45387,37.1118],[128.45469,37.1117],[128.45531,37.11185],[128.45558,37.11169],[128.45618,37.11101],[128.45685,37.11061],[128.45805,37.11028],[128.4612,37.11047],[128.46174,37.11016],[128.46236,37.11046],[128.463,37.11041],[128.46325,37.11023],[128.46425,37.11011],[128.46508,37.10987],[128.4658,37.10987],[128.46817,37.11021],[128.4723,37.10984],[128.47322,37.11016],[128.47643,37.11011],[128.47781,37.11015],[128.47928,37.11133],[128.48007,37.11141],[128.48087,37.11169],[128.48153,37.11246],[128.48187,37.1127],[128.48168,37.11374],[128.48176,37.11418],[128.48217,37.11456],[128.48239,37.11496],[128.48332,37.11582],[128.48347,37.1162],[128.48404,37.11648],[128.48452,37.11741],[128.48556,37.11777],[128.48626,37.11886],[128.48685,37.12007],[128.48786,37.12035],[128.48945,37.12101],[128.48953,37.12172],[128.49026,37.12286],[128.49042,37.12326],[128.491,37.12382],[128.49213,37.12419],[128.49262,37.12461],[128.49357,37.12469],[128.49524,37.12535],[128.49561,37.12562],[128.49655,37.12579],[128.49749,37.1248],[128.49833,37.12374],[128.50037,37.12188],[128.50175,37.12085],[128.50299,37.11967],[128.5032,37.11877],[128.50387,37.11801],[128.50474,37.11734],[128.50518,37.11712],[128.50607,37.11629],[128.50667,37.11544],[128.50777,37.11492],[128.50827,37.11478],[128.51003,37.114],[128.51076,37.11395],[128.51076,37.11311],[128.51097,37.11157],[128.51119,37.11087],[128.51171,37.11027],[128.5122,37.10943],[128.51326,37.10713],[128.51391,37.10511],[128.51417,37.10373],[128.51447,37.10135],[128.51552,37.10325],[128.51739,37.10255],[128.51843,37.10189],[128.51933,37.10228],[128.52073,37.10224],[128.52184,37.10309],[128.52285,37.10243],[128.52359,37.10225],[128.52494,37.10146],[128.52555,37.10152],[128.52705,37.10138],[128.52771,37.10153],[128.52953,37.1008],[128.5303,37.10028],[128.53117,37.10001],[128.53414,37.09811],[128.53416,37.09708],[128.53472,37.09591],[128.53492,37.09483],[128.5354,37.09383],[128.53517,37.09302],[128.53557,37.09187],[128.53683,37.09014],[128.53775,37.09],[128.53813,37.08963],[128.53954,37.08938],[128.54044,37.08916],[128.54104,37.08894],[128.54156,37.08903],[128.54225,37.08862],[128.54372,37.08802],[128.54447,37.08759],[128.54532,37.0877],[128.5471,37.08728],[128.54796,37.08688],[128.54934,37.08656],[128.54975,37.08619],[128.55046,37.08655],[128.55191,37.08674],[128.55385,37.08659],[128.55668,37.08723],[128.55864,37.08867],[128.56054,37.08949],[128.5617,37.09024],[128.56331,37.08965],[128.56484,37.08866],[128.56512,37.08871],[128.56611,37.08848],[128.56655,37.08823],[128.56741,37.08824],[128.56841,37.08736],[128.56888,37.08706],[128.56918,37.08671],[128.56975,37.08649],[128.57048,37.0865],[128.57091,37.08622],[128.57073,37.08597],[128.57037,37.08447],[128.57223,37.08383],[128.57265,37.08332],[128.57334,37.08296],[128.57365,37.08249],[128.57419,37.08212],[128.57441,37.08132],[128.57565,37.08123],[128.57887,37.08142],[128.57971,37.0816],[128.58042,37.08142],[128.58173,37.08167],[128.58216,37.08151],[128.5832,37.08075],[128.58445,37.0807],[128.58656,37.08009],[128.58709,37.07997],[128.58868,37.07998],[128.58904,37.0797],[128.59016,37.07915],[128.59083,37.07837],[128.59185,37.07816],[128.59225,37.07818],[128.5928,37.07848],[128.5931,37.07839],[128.59357,37.07884],[128.59403,37.0797],[128.59398,37.08086],[128.59504,37.08154],[128.59614,37.08188],[128.5969,37.08242],[128.59778,37.08234],[128.59827,37.08247],[128.59922,37.08209],[128.59956,37.08224],[128.59959,37.08258],[128.59909,37.08295],[128.59969,37.08315],[128.60032,37.08289],[128.60154,37.08303],[128.60172,37.08295],[128.60201,37.0822],[128.60137,37.08152],[128.60088,37.08049],[128.60069,37.07955],[128.60101,37.07887],[128.60164,37.07845],[128.60225,37.07832],[128.60304,37.0784],[128.60309,37.07865],[128.60449,37.07937],[128.60513,37.07918],[128.60486,37.07822],[128.60493,37.07797],[128.60555,37.07755],[128.60583,37.07693],[128.6061,37.07671],[128.60701,37.07677],[128.60797,37.07751],[128.60812,37.07781],[128.60849,37.07808],[128.60923,37.07922],[128.60992,37.07991],[128.61063,37.08006],[128.6113,37.07982],[128.61202,37.08068],[128.61262,37.08092],[128.61402,37.08124],[128.61503,37.08188],[128.61522,37.08217],[128.61671,37.08356],[128.61754,37.08423],[128.61766,37.08514],[128.61838,37.08547],[128.62065,37.08583],[128.62264,37.0874],[128.62395,37.0858],[128.62456,37.08443],[128.6258,37.08322],[128.62688,37.08255],[128.62786,37.08178],[128.62828,37.08133],[128.62775,37.08049],[128.62762,37.07962],[128.62765,37.07839],[128.6273,37.07747],[128.62822,37.07652],[128.62821,37.07516],[128.62985,37.07412],[128.63114,37.07347],[128.63227,37.0731],[128.63353,37.07232],[128.63436,37.0707],[128.63631,37.07196],[128.6374,37.07226],[128.63774,37.07178],[128.63885,37.07117],[128.6391,37.07066],[128.64046,37.07104],[128.64133,37.07082],[128.64267,37.07076],[128.64412,37.06975],[128.64467,37.06905],[128.64593,37.0691],[128.64696,37.06809],[128.64822,37.06768],[128.6506,37.06583],[128.65118,37.06581],[128.6521,37.06544],[128.65225,37.06558],[128.65308,37.06571],[128.6533,37.06551],[128.65484,37.06515],[128.65601,37.06446],[128.65667,37.06307],[128.6574,37.06117],[128.65786,37.06083],[128.65815,37.06085],[128.65941,37.06035],[128.66191,37.06104],[128.66237,37.06089],[128.66331,37.06094],[128.66428,37.0609],[128.66608,37.06052],[128.66689,37.06021],[128.66731,37.06026],[128.66927,37.0594],[128.67031,37.05944],[128.67192,37.05859],[128.67313,37.05898],[128.67425,37.05904],[128.67464,37.05872],[128.67565,37.05885],[128.67632,37.05815],[128.67688,37.05806],[128.67752,37.05701],[128.6783,37.05646],[128.67884,37.05634],[128.67923,37.05601],[128.67976,37.05579],[128.67984,37.05508],[128.68048,37.05416],[128.68061,37.05383],[128.68177,37.05366],[128.68288,37.05314],[128.68314,37.05251],[128.68373,37.05144],[128.68404,37.05147],[128.68539,37.05215],[128.68667,37.05218],[128.6871,37.05256],[128.6878,37.05262],[128.68907,37.05305],[128.68975,37.05246],[128.69028,37.05164],[128.69153,37.0504],[128.69217,37.04947],[128.69322,37.04844],[128.6945,37.04741],[128.69459,37.04693],[128.69527,37.04619],[128.69671,37.04529],[128.69684,37.04424],[128.69711,37.04408],[128.69879,37.04237],[128.7004,37.04083],[128.70238,37.0408],[128.70413,37.04092],[128.70458,37.04043],[128.70506,37.04012],[128.70632,37.04009],[128.70813,37.03947],[128.7091,37.03936],[128.7098,37.04011],[128.71101,37.04118],[128.71152,37.0419],[128.71237,37.0422],[128.71275,37.04265],[128.71422,37.04267],[128.71501,37.04279],[128.71532,37.04297],[128.71664,37.04337],[128.71726,37.04328],[128.71867,37.04375],[128.72013,37.04343],[128.72104,37.04309],[128.72225,37.0425],[128.72295,37.04253],[128.72512,37.04233],[128.72588,37.04235],[128.72663,37.04192],[128.72746,37.04103],[128.72852,37.04113],[128.72908,37.04098],[128.73012,37.04113],[128.73082,37.04083],[128.73118,37.04085],[128.732,37.04038],[128.73311,37.04052],[128.73378,37.0403],[128.73462,37.04023],[128.73583,37.03975],[128.73677,37.03898],[128.73819,37.03797],[128.73894,37.03791],[128.73953,37.03714],[128.74018,37.03698],[128.74057,37.0367],[128.74155,37.03573],[128.74249,37.03493],[128.74322,37.03449],[128.74311,37.03392],[128.74381,37.03374],[128.74451,37.03344],[128.74498,37.03303],[128.74521,37.03238],[128.74553,37.03223],[128.74587,37.03177],[128.7465,37.03132],[128.74714,37.03056],[128.74825,37.02961],[128.74857,37.02956],[128.74908,37.02886],[128.74973,37.0289],[128.7504,37.02831],[128.75098,37.0281],[128.7528,37.02821],[128.75376,37.02783],[128.75377,37.02821],[128.75402,37.02879],[128.75414,37.02953],[128.75419,37.03119],[128.75455,37.03196],[128.7557,37.03281],[128.75628,37.03309],[128.75675,37.03346],[128.7571,37.03394],[128.75776,37.03444],[128.75978,37.03562],[128.76091,37.03603],[128.76218,37.03616],[128.76215,37.03685],[128.76254,37.03786],[128.76187,37.04021],[128.7622,37.04179],[128.76168,37.04269],[128.76177,37.04323],[128.76167,37.04386],[128.76142,37.04444],[128.76061,37.04505],[128.76068,37.04537],[128.76001,37.04549],[128.75955,37.04643],[128.7591,37.047],[128.75725,37.04758],[128.75686,37.04818],[128.75664,37.04909],[128.75628,37.04945],[128.75519,37.05016],[128.75501,37.05091],[128.75472,37.05125],[128.75448,37.05238],[128.75464,37.05279],[128.75415,37.05299],[128.75302,37.05372],[128.75302,37.05439],[128.75276,37.05465],[128.75232,37.05593],[128.75235,37.05696],[128.75258,37.05786],[128.75317,37.05811],[128.75398,37.05927],[128.75455,37.05975],[128.75469,37.06114],[128.75417,37.0616],[128.75406,37.06194],[128.75449,37.06224],[128.75475,37.06279],[128.7547,37.06324],[128.75515,37.06382],[128.75525,37.06445],[128.75582,37.06497],[128.75572,37.06564],[128.75531,37.06587],[128.75526,37.06622],[128.75585,37.06667],[128.75636,37.06693],[128.75662,37.06722],[128.75636,37.06782],[128.75655,37.06863],[128.75704,37.06917],[128.75718,37.07001],[128.75751,37.07001],[128.75815,37.06972],[128.75808,37.06908],[128.75886,37.0685],[128.75949,37.0674],[128.76015,37.06676],[128.7623,37.06549],[128.76406,37.06399],[128.76475,37.06355],[128.76559,37.06428],[128.76652,37.06549],[128.76687,37.06573],[128.76718,37.06619],[128.76723,37.0668],[128.76781,37.06724],[128.76839,37.06781],[128.76856,37.06841],[128.76841,37.06961],[128.76875,37.07039],[128.76883,37.07104],[128.76848,37.07203],[128.76858,37.07271],[128.76945,37.0734],[128.76999,37.07434],[128.77008,37.07523],[128.77046,37.07531],[128.77099,37.07563],[128.77134,37.07635],[128.77205,37.07653],[128.77423,37.07735],[128.77502,37.0781],[128.77541,37.07865],[128.77699,37.07885],[128.77777,37.07883],[128.77797,37.07929],[128.77773,37.08012],[128.77777,37.08088],[128.77769,37.08273],[128.77784,37.08328],[128.77657,37.08438],[128.77577,37.08526],[128.77545,37.08574],[128.77493,37.08596],[128.77413,37.08678],[128.77359,37.08751],[128.7744,37.08782],[128.77466,37.08781],[128.77578,37.08827],[128.77668,37.08879],[128.77643,37.08978],[128.77767,37.09037],[128.77824,37.09082],[128.77872,37.09145],[128.77985,37.09184],[128.78028,37.09234],[128.78128,37.09227],[128.78162,37.09177],[128.78269,37.09144],[128.7832,37.09095],[128.78404,37.08982],[128.78445,37.08953],[128.78476,37.08879],[128.78518,37.08851],[128.78581,37.08785],[128.78714,37.08776],[128.79077,37.08762],[128.79138,37.08732],[128.79188,37.08754],[128.79257,37.08731],[128.79506,37.08717],[128.79737,37.08716],[128.79942,37.08694],[128.80109,37.0856],[128.80153,37.08435],[128.80067,37.08206],[128.80011,37.08128],[128.80048,37.08003],[128.79997,37.07897],[128.80077,37.07832],[128.80111,37.07829],[128.80219,37.07771],[128.80381,37.07794],[128.80521,37.07713],[128.80566,37.07721],[128.80611,37.07688],[128.80695,37.07655],[128.80787,37.076],[128.808,37.07576],[128.80898,37.07671],[128.80987,37.07721],[128.81052,37.07779],[128.81141,37.07813],[128.81233,37.07868],[128.81257,37.07871],[128.81437,37.07847],[128.81531,37.078],[128.81596,37.07803],[128.81762,37.07777],[128.81943,37.07703],[128.82081,37.07744],[128.82116,37.07723],[128.82302,37.07757],[128.82362,37.07788],[128.82435,37.07785],[128.82581,37.0787],[128.82635,37.07883],[128.82669,37.07868],[128.8277,37.07872],[128.82841,37.0789],[128.82938,37.07846],[128.8299,37.07772],[128.83208,37.07508],[128.83126,37.07411],[128.83093,37.07017],[128.83133,37.0688],[128.83142,37.06811],[128.83167,37.0674],[128.83296,37.06731],[128.83512,37.0662],[128.83595,37.06594],[128.83657,37.06507],[128.83807,37.06343],[128.83845,37.06313],[128.83906,37.06239],[128.83998,37.06167],[128.84029,37.06122],[128.84067,37.0604],[128.84065,37.05936],[128.84097,37.05906],[128.84384,37.05723],[128.84402,37.05717],[128.84403,37.05648],[128.84371,37.05575],[128.84392,37.05462],[128.84455,37.05417],[128.84606,37.05293],[128.84611,37.05228],[128.84687,37.05161],[128.84751,37.05157],[128.84829,37.05113],[128.84887,37.05096],[128.8504,37.05073],[128.85108,37.0502],[128.85204,37.05038],[128.85252,37.05034],[128.85277,37.05006],[128.85348,37.05006],[128.85532,37.04963],[128.85537,37.04949],[128.85621,37.04935],[128.85699,37.04892],[128.85752,37.04921],[128.85813,37.0492],[128.85898,37.04966],[128.8596,37.04955],[128.86051,37.04925],[128.86221,37.04889],[128.86256,37.04892],[128.86365,37.0487],[128.86405,37.04831],[128.86463,37.04803],[128.86503,37.04813],[128.86595,37.04794],[128.86714,37.04691],[128.86737,37.04621],[128.86842,37.04605],[128.86893,37.04577],[128.86971,37.04555],[128.87032,37.04495],[128.87248,37.04395],[128.87344,37.04434],[128.87435,37.04455],[128.87566,37.04475],[128.87636,37.04562],[128.87684,37.04608],[128.87695,37.04725],[128.87725,37.04782],[128.87712,37.04904],[128.87764,37.04966],[128.87778,37.05028],[128.87835,37.05086],[128.8779,37.05186],[128.87854,37.05326],[128.88009,37.05245],[128.88097,37.05183],[128.88168,37.05194],[128.88201,37.05175],[128.88261,37.05165],[128.88345,37.05129],[128.88431,37.05118],[128.88481,37.05073],[128.88517,37.05024],[128.88688,37.05023],[128.88734,37.05036],[128.8892,37.04975],[128.88927,37.04939],[128.89042,37.0487],[128.89168,37.0477],[128.89284,37.04748],[128.89325,37.04671],[128.89398,37.04592],[128.89444,37.04571],[128.89479,37.04525],[128.89539,37.04503],[128.89642,37.04452],[128.89765,37.04546],[128.89788,37.04597],[128.89761,37.04642],[128.89757,37.04712],[128.89741,37.04796],[128.89739,37.0489],[128.89769,37.04975],[128.89698,37.05057],[128.89709,37.05173],[128.897,37.05292],[128.8969,37.05331],[128.89712,37.0539],[128.89711,37.0543],[128.8968,37.05506],[128.8972,37.0556],[128.89756,37.05637],[128.89777,37.05656],[128.89807,37.0576],[128.89854,37.05816],[128.8993,37.05874],[128.90031,37.05906],[128.90141,37.05971],[128.90198,37.06021],[128.90344,37.06131],[128.90436,37.06171],[128.90486,37.06204],[128.90506,37.06292],[128.90555,37.06397],[128.90633,37.06433],[128.90686,37.06485],[128.90805,37.06538],[128.90888,37.06539],[128.91042,37.06613],[128.91032,37.06832],[128.90713,37.06688],[128.90609,37.06626],[128.90498,37.06597],[128.90332,37.06639],[128.90258,37.06645],[128.90132,37.06679],[128.89942,37.06672],[128.89876,37.06666],[128.89874,37.06649],[128.89808,37.06621],[128.89753,37.06567],[128.89617,37.06474],[128.89613,37.06426],[128.89587,37.06416],[128.89529,37.06363],[128.89416,37.06347],[128.89245,37.06262],[128.89162,37.06204],[128.88969,37.06178],[128.88881,37.0618],[128.88839,37.06169],[128.8871,37.06213],[128.88662,37.06249],[128.88631,37.06313],[128.88615,37.06378],[128.88577,37.06398],[128.88538,37.06456],[128.8857,37.06595],[128.88531,37.06586],[128.88372,37.0672],[128.88305,37.0676],[128.88227,37.06785],[128.88047,37.06898],[128.87932,37.07015],[128.87811,37.07077],[128.87767,37.07119],[128.87641,37.07202],[128.87596,37.07285],[128.87557,37.07328],[128.87552,37.07443],[128.87482,37.07547],[128.87496,37.076],[128.87487,37.07708],[128.87508,37.07749],[128.87455,37.07823],[128.87454,37.0786],[128.8756,37.07847],[128.87691,37.07896],[128.87815,37.07965],[128.87933,37.07991],[128.88058,37.08048],[128.88092,37.08056],[128.88157,37.08095],[128.88214,37.08144],[128.88253,37.08205],[128.88303,37.08258],[128.88354,37.08295],[128.88417,37.08368],[128.885,37.08403],[128.88505,37.08434],[128.88491,37.0851],[128.88531,37.08594],[128.88522,37.08677],[128.88557,37.0884],[128.88565,37.08936],[128.88605,37.08962],[128.88653,37.08974],[128.88718,37.09036],[128.88818,37.09112],[128.88856,37.09171],[128.88846,37.09263],[128.88827,37.09336],[128.88792,37.09365],[128.88799,37.09459],[128.88783,37.09546],[128.88734,37.09562],[128.8867,37.09677],[128.88655,37.09726],[128.88645,37.09859],[128.88659,37.09902],[128.88694,37.09962],[128.88701,37.10029],[128.88717,37.10057],[128.88741,37.10171],[128.88674,37.10244],[128.88603,37.10274],[128.88452,37.10286],[128.88351,37.10299],[128.8819,37.10413],[128.88087,37.10438],[128.8788,37.10447],[128.87814,37.10492],[128.87715,37.10669],[128.87642,37.10745],[128.87555,37.10807],[128.87492,37.10829],[128.87422,37.10834],[128.87287,37.10787],[128.87162,37.10783],[128.87048,37.10796],[128.86996,37.10779],[128.86879,37.10711],[128.86817,37.10725],[128.86762,37.10783],[128.86733,37.10829],[128.86716,37.10886],[128.86819,37.10897],[128.86944,37.10979],[128.86947,37.11057],[128.86932,37.11212],[128.86948,37.11247],[128.87027,37.11275],[128.87023,37.11321],[128.87046,37.11363],[128.87144,37.11397],[128.87238,37.11417],[128.87325,37.11406],[128.87376,37.11379],[128.87444,37.11385],[128.87615,37.11459],[128.87646,37.11507],[128.87684,37.11519],[128.87759,37.11593],[128.8776,37.11654],[128.87847,37.11655],[128.87919,37.11724],[128.87948,37.11761],[128.87963,37.1187],[128.88078,37.11892],[128.8819,37.1194],[128.88309,37.11946],[128.88324,37.11978],[128.8832,37.12021],[128.88447,37.1213],[128.88571,37.12142],[128.88632,37.12174],[128.88685,37.12268],[128.88751,37.12345],[128.88832,37.12407],[128.88881,37.12419],[128.88924,37.12471],[128.88872,37.126],[128.88863,37.12705],[128.88902,37.12878],[128.88883,37.12928],[128.88803,37.13022],[128.8882,37.13037],[128.88823,37.13098],[128.88807,37.13133],[128.88809,37.13189],[128.88778,37.13225],[128.88742,37.13302],[128.88698,37.13449],[128.88714,37.13561],[128.88692,37.13632],[128.88706,37.13684],[128.88736,37.13731],[128.88737,37.13776],[128.88781,37.13837],[128.88797,37.13957],[128.88788,37.13984],[128.88814,37.14061],[128.88818,37.14107],[128.88922,37.14253],[128.89068,37.14412],[128.89154,37.14432],[128.89251,37.1447],[128.8929,37.14531],[128.894,37.14623],[128.89487,37.14662],[128.89607,37.14663],[128.89738,37.14717],[128.89861,37.14704],[128.90053,37.14708],[128.89955,37.14774],[128.89909,37.14853],[128.89825,37.14912],[128.89832,37.15019],[128.89756,37.15085],[128.897,37.15109],[128.89563,37.15133],[128.89503,37.15136],[128.89317,37.15209],[128.89304,37.15379],[128.89248,37.15481],[128.89244,37.15536],[128.89253,37.15606],[128.89202,37.15688],[128.89217,37.15872],[128.89241,37.15886],[128.89188,37.16059],[128.89123,37.16177],[128.89079,37.16227],[128.88957,37.1628],[128.88899,37.16289],[128.88859,37.16349],[128.88816,37.16442],[128.88668,37.16531],[128.8863,37.16641],[128.88654,37.16675],[128.88649,37.16784],[128.88564,37.16847],[128.88485,37.16884],[128.88372,37.16892],[128.8823,37.16836],[128.88148,37.16859],[128.88031,37.16866],[128.87867,37.16784],[128.87634,37.16768],[128.87202,37.16731],[128.8701,37.16812],[128.86843,37.16836],[128.86706,37.16937],[128.86642,37.16925],[128.86521,37.16953],[128.86486,37.16922],[128.86345,37.16869],[128.86328,37.16846],[128.86235,37.16834],[128.86133,37.16856],[128.86046,37.16822],[128.85954,37.1685],[128.85901,37.1682],[128.85768,37.16793],[128.85727,37.16798],[128.85673,37.16785],[128.8554,37.16782],[128.85413,37.16764],[128.85267,37.16772],[128.85087,37.16731],[128.85039,37.16689],[128.84896,37.16681],[128.84757,37.16718],[128.84598,37.16703],[128.8455,37.16648],[128.84469,37.16677],[128.84396,37.16672],[128.84283,37.16716],[128.84155,37.1671],[128.84153,37.16774],[128.84011,37.16748],[128.84001,37.16857],[128.83936,37.16953],[128.83823,37.17061],[128.83739,37.17066],[128.83712,37.17166],[128.83562,37.17274],[128.83556,37.17302],[128.83482,37.1744],[128.83406,37.17528],[128.83349,37.17573],[128.83253,37.17594],[128.83112,37.17592],[128.83011,37.176],[128.82966,37.17558],[128.82809,37.17488],[128.8273,37.17487],[128.82642,37.17471],[128.82542,37.1749],[128.82459,37.17546],[128.82278,37.17565],[128.82147,37.17564],[128.82034,37.17616],[128.81958,37.1773],[128.81874,37.1788],[128.81817,37.1796],[128.81777,37.18073],[128.81691,37.18216],[128.81656,37.18292],[128.81661,37.18308],[128.816,37.18364],[128.81514,37.18492],[128.81516,37.18525],[128.81205,37.1862],[128.81145,37.18665],[128.80972,37.18922],[128.80936,37.19059],[128.80836,37.1906],[128.80752,37.19085],[128.80648,37.19001],[128.80584,37.19038],[128.80571,37.19082],[128.80456,37.19112],[128.80449,37.19138],[128.80239,37.1922],[128.80174,37.19266],[128.80127,37.19321],[128.80065,37.1941],[128.79997,37.1942],[128.7985,37.19463],[128.79772,37.19508],[128.79694,37.19537],[128.79703,37.19601],[128.7959,37.19629],[128.79533,37.19654],[128.7944,37.19672],[128.79389,37.19659],[128.79269,37.19704],[128.79209,37.19692],[128.79117,37.19721],[128.7907,37.19765],[128.78888,37.19788],[128.78743,37.19768],[128.78531,37.19786],[128.78456,37.19815],[128.78349,37.19975],[128.78345,37.20004],[128.78305,37.2006],[128.78267,37.20066],[128.78046,37.20033],[128.77978,37.20017],[128.77915,37.20071],[128.77885,37.20067],[128.77649,37.20151],[128.77569,37.20157],[128.77457,37.2019],[128.77423,37.20256],[128.77275,37.20245],[128.77173,37.20219],[128.77054,37.20259],[128.77022,37.20285],[128.76883,37.20325],[128.76829,37.20316],[128.76775,37.20336],[128.76741,37.20381],[128.76633,37.20446],[128.76577,37.20515],[128.76516,37.20536],[128.76477,37.20598],[128.76355,37.20635],[128.75923,37.2079],[128.75856,37.20882],[128.75431,37.21158],[128.7516,37.21142],[128.75061,37.21183],[128.74876,37.21195],[128.74789,37.21116],[128.74675,37.21084],[128.74638,37.21037],[128.74556,37.20906],[128.74384,37.2078],[128.74246,37.20762],[128.74212,37.2073],[128.74127,37.20699],[128.73979,37.20605],[128.73857,37.20493],[128.73797,37.20455],[128.73653,37.20324],[128.73543,37.20164],[128.7344,37.20138],[128.73337,37.20029],[128.73324,37.19865],[128.73189,37.19766],[128.73114,37.19754],[128.73012,37.19769],[128.72903,37.19729],[128.72752,37.19753],[128.72575,37.19842],[128.72528,37.19845],[128.72457,37.19826],[128.72383,37.19763],[128.72274,37.19702],[128.72098,37.19645],[128.7187,37.19557],[128.71811,37.19573],[128.71723,37.19584],[128.71603,37.1956],[128.71505,37.19502],[128.7141,37.19408],[128.71304,37.1931],[128.71248,37.19243],[128.71155,37.19243],[128.71055,37.19202],[128.70992,37.191],[128.70968,37.19079],[128.70875,37.19084],[128.70662,37.19058],[128.70471,37.19078],[128.70362,37.19056],[128.70225,37.1907],[128.7014,37.19072],[128.69918,37.19001],[128.69915,37.18958],[128.6989,37.18841],[128.69756,37.1877],[128.69698,37.18617],[128.69623,37.18589],[128.69439,37.18457],[128.69305,37.18451],[128.69274,37.18476],[128.69076,37.18514],[128.68968,37.18493],[128.6887,37.18439],[128.68799,37.18435],[128.68775,37.18486],[128.68613,37.18519],[128.68507,37.18561],[128.68384,37.18544],[128.68251,37.18492],[128.68172,37.18517],[128.6813,37.18586],[128.68032,37.18633],[128.67896,37.18633],[128.67676,37.18707],[128.67581,37.18695],[128.67447,37.18658],[128.67437,37.18628],[128.67376,37.1863],[128.6727,37.18706],[128.67168,37.18722],[128.67098,37.18653],[128.67089,37.18623],[128.66969,37.18612],[128.66817,37.18552],[128.66767,37.18561],[128.66639,37.18686],[128.66506,37.18632],[128.66296,37.18615],[128.66221,37.18633],[128.66115,37.18669],[128.6603,37.18677],[128.65952,37.18654],[128.65905,37.18656],[128.65712,37.1863],[128.65528,37.18585],[128.65237,37.18397],[128.65149,37.18353],[128.65054,37.18323],[128.64982,37.1831],[128.64848,37.18252],[128.64726,37.18224],[128.6465,37.18183],[128.64576,37.18207],[128.64487,37.1822],[128.64413,37.18212],[128.64312,37.18233],[128.64207,37.1824],[128.64121,37.18322],[128.64047,37.18367],[128.64008,37.18421],[128.63914,37.18469],[128.63855,37.18602],[128.63768,37.18659],[128.63701,37.18666],[128.63628,37.18711],[128.63593,37.18753],[128.63552,37.18778],[128.63542,37.18866],[128.63563,37.19009],[128.63558,37.19069],[128.63574,37.1916],[128.63533,37.19209],[128.63505,37.19295],[128.63462,37.19348],[128.63382,37.19425],[128.63397,37.19507],[128.63348,37.19662],[128.63289,37.19709],[128.63165,37.19747],[128.63087,37.19724],[128.6301,37.19629],[128.62908,37.19576],[128.62914,37.19604],[128.62848,37.19725],[128.62763,37.19858],[128.62715,37.19838],[128.62667,37.19867],[128.62639,37.19925],[128.6253,37.19985],[128.62442,37.20002],[128.6244,37.20026],[128.62403,37.20058],[128.62365,37.20061],[128.62279,37.20095],[128.62247,37.2019],[128.62227,37.20324],[128.62226,37.20422],[128.62063,37.20443],[128.62019,37.20539],[128.61897,37.20577],[128.61754,37.20599],[128.6176,37.20628],[128.61827,37.20656],[128.61871,37.2075],[128.61876,37.20822],[128.61914,37.20894],[128.61967,37.20943],[128.61987,37.21003],[128.62117,37.2106],[128.62143,37.21101],[128.62207,37.21173],[128.6221,37.21262],[128.62252,37.21339],[128.62237,37.21451],[128.62172,37.21484],[128.62057,37.2156],[128.62053,37.21598],[128.62073,37.21649],[128.62059,37.21739],[128.6197,37.21829],[128.61926,37.21863],[128.61807,37.21783],[128.61612,37.21696],[128.61535,37.21754],[128.61495,37.21811],[128.61356,37.21829],[128.61232,37.21815],[128.61122,37.21822],[128.61055,37.2184],[128.61037,37.2186],[128.60951,37.21864],[128.60844,37.2182],[128.60706,37.21788],[128.60619,37.2176],[128.60437,37.21828],[128.6038,37.21762],[128.60378,37.21695],[128.60342,37.21656],[128.60337,37.21586],[128.60285,37.21547],[128.60267,37.21456],[128.60184,37.21417],[128.60116,37.21416],[128.60039,37.21316],[128.60023,37.21278],[128.5998,37.21305],[128.59833,37.21458],[128.59776,37.21522],[128.59715,37.21559],[128.59673,37.21563],[128.59531,37.21628],[128.59416,37.21668],[128.5936,37.21704],[128.59293,37.21718],[128.59214,37.2176],[128.59161,37.21766],[128.59097,37.21808],[128.5907,37.21843],[128.58959,37.21871],[128.58889,37.21929],[128.5883,37.22006],[128.58807,37.22004],[128.5875,37.22046],[128.58678,37.22077],[128.58621,37.22115],[128.58465,37.2215],[128.58396,37.22127],[128.58228,37.22141],[128.58053,37.22076],[128.57921,37.22002],[128.57884,37.22018],[128.5779,37.22195],[128.57735,37.22227],[128.57758,37.22357],[128.57761,37.22426],[128.57815,37.22514],[128.57803,37.22672],[128.57704,37.22751],[128.57683,37.22798],[128.57683,37.22857],[128.57663,37.22895],[128.57682,37.22953],[128.57639,37.23062],[128.57643,37.23114],[128.5762,37.23146],[128.57621,37.23208],[128.57598,37.23272],[128.57625,37.23322],[128.576,37.23372],[128.576,37.23436],[128.57565,37.23515],[128.57561,37.23576],[128.57582,37.23651],[128.57633,37.23718],[128.57669,37.23781],[128.57625,37.23889],[128.57619,37.24018],[128.57637,37.24145],[128.57668,37.24226],[128.57657,37.2433],[128.57686,37.24463],[128.57674,37.24511],[128.57638,37.24555],[128.57529,37.2463],[128.5747,37.24663],[128.57395,37.24692],[128.57296,37.24755],[128.57243,37.24781],[128.57173,37.24798],[128.57104,37.24826],[128.57062,37.24861],[128.56956,37.24927],[128.56907,37.24986],[128.56809,37.25159],[128.56764,37.25182],[128.56765,37.25235],[128.56665,37.25314],[128.56588,37.25326],[128.56517,37.25595],[128.56496,37.25701],[128.56488,37.25808],[128.56484,37.25955],[128.56492,37.26061],[128.5653,37.26225],[128.56573,37.26365],[128.56596,37.26671],[128.56706,37.26865],[128.56756,37.26962],[128.56813,37.27037],[128.56826,37.27088],[128.56938,37.27108],[128.57065,37.27104],[128.57269,37.26982],[128.57499,37.26863],[128.57579,37.26887],[128.57602,37.26828]]]},"properties":{"code":"51750","name":"영월군","bbox":[128.10716,37.02783,128.91042,37.40896],"labelPoint":[128.49898,37.20545]}},{"type":"Feature","geometry":{"type":"Polygon","coordinates":[[[128.67896,37.56986],[128.67918,37.57044],[128.67967,37.57084],[128.68036,37.57188],[128.68032,37.57229],[128.6807,37.57338],[128.68144,37.57383],[128.68136,37.57479],[128.68163,37.57535],[128.68179,37.57627],[128.68142,37.5766],[128.68161,37.57725],[128.6818,37.5775],[128.68155,37.57823],[128.68153,37.57976],[128.68172,37.58054],[128.68199,37.58115],[128.68268,37.58201],[128.68242,37.58271],[128.68265,37.58343],[128.68274,37.58453],[128.6829,37.58491],[128.68281,37.58552],[128.68306,37.58614],[128.68315,37.58688],[128.68345,37.58793],[128.68335,37.58842],[128.6836,37.58865],[128.68407,37.59004],[128.68427,37.59114],[128.68406,37.59198],[128.68372,37.59222],[128.68396,37.59385],[128.68491,37.59371],[128.68632,37.59313],[128.68711,37.59301],[128.68795,37.59269],[128.68923,37.5928],[128.68952,37.59276],[128.69035,37.59239],[128.69197,37.59204],[128.69267,37.59219],[128.69318,37.5925],[128.6943,37.59242],[128.69533,37.59211],[128.69694,37.59259],[128.69733,37.59263],[128.69855,37.59342],[128.69892,37.59352],[128.69991,37.59298],[128.70056,37.59244],[128.70187,37.59183],[128.70278,37.59112],[128.70316,37.59067],[128.70344,37.59],[128.70443,37.58977],[128.70537,37.5894],[128.707,37.58892],[128.70833,37.58863],[128.71058,37.58843],[128.7113,37.58861],[128.71207,37.58864],[128.71194,37.58975],[128.71207,37.59087],[128.71312,37.59185],[128.7143,37.59242],[128.7154,37.59286],[128.71635,37.59338],[128.71635,37.59507],[128.71628,37.59548],[128.71643,37.59723],[128.71672,37.59885],[128.71663,37.59958],[128.71675,37.60094],[128.71666,37.60229],[128.71665,37.60427],[128.71736,37.60555],[128.71838,37.6068],[128.71906,37.60745],[128.71953,37.60778],[128.72021,37.60886],[128.7214,37.60963],[128.72233,37.61033],[128.72302,37.61132],[128.7234,37.61125],[128.7242,37.61069],[128.72449,37.61037],[128.72542,37.61042],[128.72644,37.61035],[128.72735,37.60996],[128.72834,37.61008],[128.72906,37.60994],[128.7305,37.60952],[128.73224,37.60927],[128.73324,37.6092],[128.73397,37.60906],[128.73552,37.60909],[128.73597,37.60957],[128.73656,37.60975],[128.73666,37.61023],[128.73635,37.61113],[128.73642,37.6115],[128.73592,37.61222],[128.73627,37.6126],[128.73624,37.61282],[128.73655,37.61354],[128.7371,37.61402],[128.737,37.61492],[128.73678,37.61539],[128.73682,37.61677],[128.73632,37.61754],[128.7362,37.61804],[128.7365,37.61863],[128.73642,37.61928],[128.73595,37.61976],[128.73606,37.62046],[128.73601,37.62265],[128.73622,37.62315],[128.7361,37.6238],[128.73608,37.62478],[128.7363,37.62574],[128.73619,37.6263],[128.73565,37.62653],[128.73589,37.62754],[128.73602,37.62768],[128.73583,37.6287],[128.73539,37.6295],[128.73524,37.62998],[128.7346,37.63062],[128.73455,37.63093],[128.73393,37.63139],[128.73343,37.63201],[128.73293,37.63281],[128.7324,37.63318],[128.73172,37.63406],[128.73007,37.63449],[128.72923,37.63632],[128.7287,37.6368],[128.72863,37.63793],[128.72898,37.6387],[128.72959,37.63955],[128.73027,37.63993],[128.73064,37.64034],[128.73063,37.64195],[128.73106,37.64331],[128.7313,37.64355],[128.73226,37.64531],[128.73377,37.64684],[128.7323,37.64893],[128.73177,37.64978],[128.73292,37.65201],[128.73312,37.65278],[128.73294,37.65348],[128.73347,37.65454],[128.73347,37.6549],[128.73424,37.65516],[128.73475,37.65544],[128.73587,37.65625],[128.73668,37.65664],[128.73737,37.65676],[128.7393,37.65748],[128.74141,37.65758],[128.74273,37.65845],[128.74367,37.65883],[128.74378,37.65947],[128.74365,37.66029],[128.74413,37.66135],[128.74466,37.66172],[128.74479,37.66291],[128.74598,37.66362],[128.74614,37.66455],[128.74576,37.66503],[128.74727,37.66649],[128.74786,37.66644],[128.74949,37.66658],[128.74984,37.66684],[128.7506,37.66687],[128.75189,37.66758],[128.75186,37.66821],[128.75206,37.66856],[128.75247,37.66978],[128.75302,37.66979],[128.75527,37.67037],[128.75613,37.67033],[128.75707,37.67084],[128.7584,37.67139],[128.75925,37.6714],[128.76062,37.67128],[128.76178,37.67183],[128.76238,37.6724],[128.76442,37.67258],[128.76503,37.67292],[128.76511,37.67352],[128.76475,37.67395],[128.76476,37.67454],[128.76427,37.67603],[128.76418,37.6767],[128.7634,37.67793],[128.7633,37.67895],[128.76351,37.68003],[128.76395,37.6807],[128.762,37.68171],[128.76071,37.68284],[128.76076,37.68399],[128.76112,37.68492],[128.76119,37.6859],[128.761,37.68639],[128.75943,37.68627],[128.75917,37.68788],[128.75928,37.6882],[128.75931,37.6897],[128.75864,37.69139],[128.75873,37.69191],[128.75913,37.69266],[128.75878,37.69334],[128.75858,37.69417],[128.75828,37.69448],[128.75776,37.69437],[128.75723,37.69476],[128.7556,37.69777],[128.75497,37.69883],[128.75456,37.69965],[128.75439,37.70086],[128.75468,37.70213],[128.75525,37.70367],[128.75509,37.70409],[128.75393,37.7054],[128.75399,37.70684],[128.75494,37.70755],[128.75338,37.7086],[128.75318,37.71071],[128.75215,37.71142],[128.75051,37.71224],[128.74889,37.71296],[128.74783,37.7141],[128.74798,37.71447],[128.74746,37.71542],[128.74691,37.71835],[128.74848,37.71995],[128.74794,37.72028],[128.74524,37.72232],[128.74455,37.72344],[128.74479,37.72489],[128.74567,37.72677],[128.74465,37.72779],[128.74403,37.72879],[128.74401,37.73003],[128.74486,37.73116],[128.745,37.73176],[128.74478,37.73405],[128.74417,37.73563],[128.74425,37.73914],[128.7438,37.74143],[128.74177,37.74203],[128.73966,37.74163],[128.73807,37.74251],[128.73596,37.7443],[128.73586,37.74506],[128.73411,37.74571],[128.73374,37.7463],[128.73188,37.7477],[128.7303,37.74795],[128.72787,37.74862],[128.72536,37.7495],[128.72491,37.75004],[128.72415,37.75038],[128.72313,37.75132],[128.72332,37.75246],[128.72278,37.75311],[128.72337,37.75389],[128.72236,37.75513],[128.72138,37.75565],[128.72077,37.7556],[128.72023,37.75596],[128.7187,37.75614],[128.71806,37.75607],[128.71758,37.75752],[128.71596,37.75894],[128.71517,37.75995],[128.71517,37.76043],[128.71359,37.76169],[128.71358,37.76253],[128.71209,37.76314],[128.7101,37.76373],[128.71053,37.76473],[128.71153,37.76505],[128.71061,37.76651],[128.71002,37.7668],[128.7089,37.76805],[128.70611,37.76878],[128.70407,37.76838],[128.70327,37.76893],[128.70323,37.76994],[128.70025,37.77054],[128.69837,37.77133],[128.6973,37.77003],[128.69676,37.76984],[128.69597,37.77082],[128.69528,37.77035],[128.69458,37.77024],[128.69304,37.77019],[128.69097,37.76972],[128.68956,37.77083],[128.68822,37.771],[128.68722,37.77234],[128.68485,37.77305],[128.68399,37.77269],[128.68268,37.77287],[128.68199,37.77252],[128.67984,37.77303],[128.67926,37.7729],[128.67875,37.77247],[128.67852,37.77197],[128.67722,37.77127],[128.67697,37.77095],[128.67618,37.77104],[128.67513,37.77043],[128.67363,37.76985],[128.67362,37.76948],[128.67244,37.76855],[128.67135,37.76785],[128.67085,37.76688],[128.66985,37.76751],[128.66926,37.76832],[128.66738,37.76979],[128.66606,37.77026],[128.66578,37.7703],[128.66296,37.77034],[128.66063,37.77052],[128.65981,37.77116],[128.65844,37.77199],[128.65748,37.7713],[128.6557,37.77143],[128.65378,37.77271],[128.65309,37.77268],[128.65286,37.77308],[128.65142,37.77378],[128.65039,37.77379],[128.64982,37.77458],[128.64769,37.77621],[128.64506,37.77711],[128.64333,37.77719],[128.64309,37.77732],[128.64237,37.77864],[128.64092,37.77909],[128.63947,37.78021],[128.63898,37.78202],[128.63898,37.78244],[128.63734,37.78246],[128.63669,37.78226],[128.63642,37.78176],[128.63496,37.78128],[128.63386,37.78027],[128.63324,37.7794],[128.63314,37.77835],[128.63178,37.77654],[128.63144,37.77436],[128.6307,37.77381],[128.63047,37.77295],[128.62959,37.77256],[128.62749,37.7729],[128.62706,37.77274],[128.62562,37.77055],[128.62363,37.76959],[128.62261,37.77045],[128.6196,37.76928],[128.61811,37.76973],[128.61612,37.76937],[128.6152,37.76985],[128.6147,37.77058],[128.61403,37.77054],[128.613,37.76954],[128.61175,37.76768],[128.61075,37.76721],[128.61056,37.76686],[128.6104,37.76621],[128.60928,37.76632],[128.608,37.767],[128.60758,37.76787],[128.60669,37.76837],[128.60563,37.7686],[128.60394,37.76917],[128.60244,37.76935],[128.60167,37.76993],[128.60103,37.77067],[128.60021,37.77188],[128.59879,37.7745],[128.59911,37.77726],[128.6,37.77934],[128.60099,37.78011],[128.60085,37.78104],[128.60141,37.78133],[128.6013,37.78241],[128.60111,37.78334],[128.60103,37.78717],[128.60064,37.78806],[128.59999,37.78872],[128.60028,37.78961],[128.59998,37.79048],[128.59979,37.79161],[128.60047,37.79213],[128.60112,37.79279],[128.60159,37.79377],[128.60089,37.79545],[128.60095,37.79643],[128.60125,37.7979],[128.60068,37.79957],[128.60095,37.80054],[128.60094,37.80174],[128.60061,37.80235],[128.59974,37.80289],[128.59881,37.80304],[128.59837,37.80351],[128.59815,37.80438],[128.59863,37.80574],[128.59927,37.80631],[128.59996,37.80882],[128.5989,37.80927],[128.59795,37.81003],[128.597,37.81157],[128.5956,37.81252],[128.5944,37.81384],[128.59192,37.81604],[128.5896,37.81672],[128.58767,37.81762],[128.5855,37.81854],[128.58484,37.81917],[128.58413,37.82016],[128.58274,37.82139],[128.58199,37.82076],[128.58054,37.81982],[128.57961,37.81909],[128.57818,37.81816],[128.57697,37.81706],[128.57592,37.81574],[128.57575,37.81415],[128.57429,37.81311],[128.57333,37.81178],[128.57266,37.811],[128.57155,37.8099],[128.57057,37.80839],[128.57084,37.808],[128.57024,37.80783],[128.56966,37.80741],[128.56916,37.80748],[128.56806,37.80805],[128.56689,37.80799],[128.56577,37.80828],[128.56483,37.80832],[128.56336,37.80863],[128.56174,37.80864],[128.56024,37.80892],[128.55763,37.80916],[128.55638,37.80946],[128.55547,37.80911],[128.5535,37.80731],[128.55269,37.80652],[128.55233,37.80636],[128.55201,37.80582],[128.55157,37.80453],[128.55096,37.80417],[128.55039,37.80372],[128.54866,37.80353],[128.54736,37.80276],[128.54595,37.80169],[128.54437,37.8009],[128.54376,37.80023],[128.54326,37.79715],[128.54397,37.79534],[128.54258,37.79345],[128.54235,37.79228],[128.54287,37.79159],[128.54293,37.78958],[128.54252,37.78834],[128.54141,37.78649],[128.53959,37.78322],[128.53822,37.78224],[128.53548,37.78108],[128.53436,37.78008],[128.5332,37.77979],[128.53339,37.77886],[128.53288,37.7774],[128.53305,37.7766],[128.53366,37.77592],[128.53308,37.77399],[128.53301,37.77307],[128.53325,37.77219],[128.53323,37.77096],[128.53165,37.76972],[128.53004,37.76886],[128.52902,37.76767],[128.52811,37.76713],[128.52652,37.76495],[128.52553,37.76463],[128.52523,37.76423],[128.52395,37.76401],[128.52406,37.75535],[128.52603,37.75429],[128.52711,37.75281],[128.52695,37.75227],[128.52697,37.75172],[128.52672,37.75125],[128.52684,37.75058],[128.52626,37.74954],[128.52599,37.74878],[128.52645,37.74774],[128.52498,37.74529],[128.52514,37.74421],[128.52406,37.74263],[128.52448,37.741],[128.52531,37.74005],[128.52517,37.73882],[128.52569,37.73801],[128.52698,37.73748],[128.5277,37.73652],[128.5275,37.73407],[128.52811,37.73351],[128.528,37.73297],[128.52643,37.73156],[128.52583,37.73145],[128.52437,37.73085],[128.52351,37.73023],[128.52254,37.73002],[128.52222,37.72971],[128.52171,37.73018],[128.52057,37.73109],[128.5192,37.73146],[128.51795,37.73192],[128.51606,37.73221],[128.51495,37.73194],[128.51447,37.73142],[128.51396,37.73131],[128.51307,37.73037],[128.51231,37.73057],[128.51093,37.73052],[128.50962,37.73055],[128.50799,37.73104],[128.50673,37.7312],[128.5053,37.73119],[128.50474,37.73104],[128.50413,37.73164],[128.50333,37.7319],[128.50222,37.73175],[128.50183,37.73183],[128.50128,37.73164],[128.49983,37.73192],[128.49917,37.73195],[128.49871,37.73209],[128.49829,37.73242],[128.49775,37.73236],[128.49708,37.73269],[128.49604,37.73289],[128.49535,37.7327],[128.49464,37.73269],[128.49334,37.73297],[128.49269,37.73281],[128.49213,37.73317],[128.49083,37.7331],[128.48624,37.73409],[128.48401,37.73414],[128.48175,37.73346],[128.48034,37.7336],[128.4787,37.73466],[128.47595,37.73375],[128.47319,37.73286],[128.47261,37.73287],[128.47195,37.7331],[128.47113,37.73279],[128.46905,37.73101],[128.46856,37.7303],[128.46822,37.72944],[128.46746,37.72913],[128.46619,37.72849],[128.46555,37.72844],[128.46364,37.72845],[128.46288,37.72835],[128.46229,37.72854],[128.46066,37.7296],[128.4605,37.73003],[128.46006,37.73027],[128.45948,37.7303],[128.45897,37.73057],[128.45781,37.73081],[128.45667,37.72995],[128.45573,37.72937],[128.45484,37.72915],[128.45438,37.72887],[128.4534,37.72796],[128.45304,37.7274],[128.4525,37.72707],[128.45261,37.72605],[128.45134,37.72513],[128.45096,37.72458],[128.44989,37.72391],[128.44978,37.72361],[128.44944,37.72335],[128.44854,37.72221],[128.44837,37.7215],[128.44806,37.7212],[128.44723,37.71913],[128.44628,37.71906],[128.44542,37.71793],[128.44492,37.71766],[128.4448,37.71733],[128.44496,37.71659],[128.44459,37.71588],[128.44486,37.71547],[128.44512,37.7146],[128.44555,37.71427],[128.44587,37.71347],[128.44577,37.71298],[128.44614,37.71249],[128.44578,37.71165],[128.44614,37.71099],[128.4458,37.71039],[128.44545,37.70954],[128.44466,37.70886],[128.44464,37.70845],[128.44485,37.70821],[128.44461,37.70781],[128.44432,37.70678],[128.44425,37.70606],[128.44445,37.70559],[128.4443,37.70477],[128.44401,37.70416],[128.44398,37.70365],[128.44414,37.70338],[128.44398,37.70266],[128.44401,37.70222],[128.44369,37.70167],[128.44367,37.70111],[128.44395,37.70073],[128.44321,37.70031],[128.44227,37.6995],[128.44159,37.69915],[128.44096,37.69864],[128.43988,37.69802],[128.43972,37.69748],[128.43759,37.69665],[128.43593,37.69527],[128.43571,37.69474],[128.43578,37.69397],[128.43526,37.69239],[128.43481,37.69236],[128.43307,37.69198],[128.43204,37.69224],[128.4317,37.69217],[128.43122,37.6924],[128.42932,37.6914],[128.427,37.69138],[128.42647,37.69159],[128.42527,37.69134],[128.42486,37.69141],[128.4234,37.69077],[128.423,37.69048],[128.42219,37.68953],[128.42064,37.68911],[128.41963,37.68918],[128.41895,37.68893],[128.41709,37.68861],[128.41549,37.68798],[128.414,37.68836],[128.41289,37.68849],[128.41206,37.68887],[128.41128,37.68961],[128.41013,37.69014],[128.40852,37.69079],[128.40684,37.68995],[128.40539,37.68892],[128.40443,37.68833],[128.40309,37.68855],[128.40043,37.6897],[128.39925,37.68967],[128.39854,37.68997],[128.39804,37.69042],[128.39709,37.69092],[128.39644,37.69109],[128.39552,37.69181],[128.39471,37.69134],[128.39381,37.69139],[128.39279,37.6913],[128.39226,37.69137],[128.39078,37.69193],[128.39004,37.69185],[128.38909,37.69194],[128.38811,37.69169],[128.38767,37.69146],[128.38733,37.69154],[128.38592,37.6913],[128.38506,37.69189],[128.3847,37.69229],[128.3834,37.69213],[128.38256,37.69187],[128.38221,37.69191],[128.38135,37.6918],[128.38034,37.69179],[128.37936,37.69143],[128.37902,37.69163],[128.37849,37.69173],[128.37781,37.69169],[128.37672,37.69149],[128.37608,37.69161],[128.37557,37.69195],[128.37432,37.69234],[128.37385,37.69291],[128.37237,37.69329],[128.37134,37.69342],[128.36915,37.6939],[128.36833,37.69484],[128.36808,37.69487],[128.36706,37.69579],[128.36624,37.69615],[128.36567,37.69663],[128.36498,37.69779],[128.3642,37.69785],[128.36334,37.69818],[128.36045,37.69855],[128.35989,37.69935],[128.35878,37.699],[128.35848,37.69904],[128.35804,37.69938],[128.35748,37.69919],[128.35634,37.69788],[128.35536,37.69761],[128.35293,37.69763],[128.35164,37.69777],[128.35088,37.69748],[128.35066,37.69718],[128.34964,37.69661],[128.34902,37.69654],[128.34779,37.69621],[128.34711,37.69613],[128.34616,37.6956],[128.34446,37.69605],[128.34387,37.69583],[128.34337,37.69579],[128.34232,37.69618],[128.34162,37.69603],[128.34064,37.6956],[128.33962,37.69566],[128.33814,37.69561],[128.33752,37.69549],[128.3369,37.69555],[128.3354,37.69479],[128.335,37.69424],[128.33448,37.69398],[128.33299,37.69377],[128.33204,37.6932],[128.33158,37.69275],[128.33096,37.69263],[128.33051,37.69281],[128.32966,37.69242],[128.32867,37.69239],[128.32765,37.69169],[128.32677,37.69162],[128.32648,37.69151],[128.3258,37.69087],[128.32527,37.6909],[128.32476,37.69076],[128.32337,37.69004],[128.32271,37.69049],[128.32139,37.69082],[128.32128,37.69117],[128.32034,37.69209],[128.32035,37.69242],[128.32,37.69289],[128.31988,37.69331],[128.32011,37.69389],[128.31932,37.69455],[128.31881,37.69542],[128.31758,37.69674],[128.31758,37.69786],[128.31733,37.69836],[128.31703,37.69867],[128.31674,37.69938],[128.31671,37.69972],[128.31636,37.7001],[128.31586,37.70006],[128.31556,37.70044],[128.31453,37.70099],[128.31426,37.7017],[128.31334,37.70316],[128.31246,37.7032],[128.31255,37.70272],[128.31164,37.70221],[128.3112,37.70158],[128.31018,37.70185],[128.30977,37.70138],[128.3096,37.70054],[128.30926,37.69972],[128.30885,37.69928],[128.30895,37.69898],[128.30838,37.69831],[128.30784,37.69696],[128.307,37.69635],[128.30722,37.69565],[128.30639,37.69436],[128.30522,37.69334],[128.30505,37.69242],[128.30437,37.69187],[128.30445,37.6912],[128.30272,37.69048],[128.30252,37.68991],[128.30204,37.68961],[128.30135,37.68944],[128.30069,37.68897],[128.2993,37.68873],[128.29889,37.68812],[128.2978,37.68763],[128.29717,37.68708],[128.2968,37.68581],[128.29643,37.68562],[128.29577,37.68446],[128.29507,37.6835],[128.29336,37.68301],[128.29218,37.68299],[128.29078,37.68164],[128.2895,37.68062],[128.28876,37.68013],[128.28827,37.67925],[128.28749,37.67875],[128.28719,37.67802],[128.28604,37.67677],[128.28586,37.67628],[128.28534,37.67583],[128.28508,37.67525],[128.28444,37.67452],[128.28399,37.67462],[128.28335,37.67456],[128.2826,37.67408],[128.28194,37.67382],[128.28158,37.67342],[128.28038,37.67304],[128.27988,37.67212],[128.27978,37.67101],[128.27955,37.67042],[128.27907,37.66983],[128.27775,37.66925],[128.27658,37.66888],[128.27718,37.66815],[128.27731,37.66681],[128.27805,37.66603],[128.27813,37.66526],[128.27883,37.66396],[128.27797,37.662],[128.27827,37.66144],[128.27781,37.65977],[128.27715,37.65917],[128.27641,37.65828],[128.27626,37.65777],[128.27483,37.65678],[128.27429,37.65655],[128.27386,37.65601],[128.27366,37.6552],[128.27445,37.65417],[128.27385,37.65352],[128.27373,37.65326],[128.27311,37.65254],[128.27318,37.65194],[128.27354,37.65012],[128.27329,37.64843],[128.27344,37.64808],[128.27325,37.64705],[128.27339,37.64627],[128.27392,37.64524],[128.27371,37.64428],[128.27421,37.64325],[128.27426,37.64216],[128.27457,37.64121],[128.27503,37.64025],[128.27574,37.63967],[128.27551,37.63916],[128.27341,37.6386],[128.27241,37.63792],[128.27231,37.63753],[128.27151,37.6369],[128.27118,37.63511],[128.27085,37.63456],[128.27034,37.63266],[128.26921,37.63315],[128.26799,37.63335],[128.267,37.63358],[128.26631,37.63353],[128.2646,37.6324],[128.26405,37.63237],[128.26323,37.63251],[128.26249,37.63202],[128.25529,37.62836],[128.25434,37.62834],[128.2539,37.62737],[128.25467,37.6269],[128.25635,37.62657],[128.25809,37.62547],[128.25927,37.62551],[128.26115,37.62545],[128.26233,37.62509],[128.26333,37.62503],[128.26553,37.62458],[128.26677,37.624],[128.26748,37.62387],[128.26908,37.62297],[128.2726,37.62132],[128.27407,37.62095],[128.27449,37.62078],[128.278,37.6201],[128.27872,37.62009],[128.28098,37.62042],[128.28168,37.62033],[128.28304,37.62056],[128.28367,37.61897],[128.28309,37.6179],[128.28084,37.61531],[128.28004,37.61467],[128.27952,37.61249],[128.27943,37.61192],[128.27966,37.61102],[128.27938,37.61054],[128.27979,37.60982],[128.2803,37.60926],[128.28081,37.60541],[128.28234,37.60456],[128.28351,37.60415],[128.28467,37.60358],[128.28509,37.60325],[128.28546,37.60258],[128.28599,37.60187],[128.28525,37.60123],[128.28511,37.60083],[128.28455,37.60047],[128.28257,37.59978],[128.28146,37.59881],[128.28011,37.59854],[128.27971,37.59749],[128.27978,37.59702],[128.27944,37.59663],[128.27935,37.59615],[128.27899,37.59562],[128.27934,37.5948],[128.27954,37.59374],[128.27929,37.59187],[128.27987,37.59128],[128.28036,37.59002],[128.28167,37.58648],[128.28345,37.58569],[128.28476,37.58541],[128.28491,37.58498],[128.28471,37.58421],[128.28543,37.58329],[128.28536,37.58282],[128.28407,37.57985],[128.28433,37.57831],[128.28516,37.5773],[128.28712,37.57683],[128.28926,37.57472],[128.29089,37.57308],[128.29127,37.57156],[128.29233,37.57009],[128.29366,37.56949],[128.29492,37.5688],[128.294,37.56811],[128.29486,37.56563],[128.29517,37.56528],[128.29482,37.56326],[128.29524,37.5626],[128.29523,37.56091],[128.29537,37.55922],[128.29565,37.55797],[128.29631,37.55709],[128.29689,37.55651],[128.29786,37.555],[128.2972,37.5539],[128.29602,37.55295],[128.29633,37.55207],[128.29579,37.55082],[128.29469,37.55038],[128.29522,37.54982],[128.29535,37.54905],[128.29505,37.54883],[128.29474,37.54761],[128.29431,37.54676],[128.29389,37.545],[128.29431,37.54397],[128.29592,37.54254],[128.29693,37.54152],[128.29865,37.54055],[128.29885,37.54026],[128.30019,37.53915],[128.30133,37.53841],[128.30227,37.53796],[128.30164,37.53708],[128.30028,37.53575],[128.29958,37.5344],[128.30008,37.53385],[128.30008,37.53318],[128.30175,37.53189],[128.30199,37.53037],[128.30128,37.52936],[128.30114,37.52733],[128.30084,37.52509],[128.30082,37.52409],[128.29996,37.52295],[128.29879,37.52229],[128.29822,37.5199],[128.29714,37.5192],[128.29632,37.51784],[128.29635,37.51699],[128.29688,37.51604],[128.29687,37.5156],[128.29714,37.51397],[128.29735,37.51342],[128.29762,37.5132],[128.29777,37.51253],[128.29756,37.51183],[128.29635,37.51168],[128.29454,37.51182],[128.2931,37.51149],[128.29281,37.51164],[128.29202,37.51134],[128.29099,37.51124],[128.29078,37.51102],[128.29067,37.51039],[128.28973,37.50972],[128.2898,37.5086],[128.29006,37.50739],[128.28982,37.507],[128.28872,37.50682],[128.28799,37.50705],[128.28667,37.50706],[128.2857,37.50733],[128.28571,37.50703],[128.28461,37.5054],[128.28357,37.50473],[128.28287,37.50391],[128.28175,37.50411],[128.28009,37.5031],[128.27868,37.50257],[128.27682,37.50252],[128.27738,37.50165],[128.27699,37.50124],[128.27651,37.501],[128.27603,37.50035],[128.27571,37.49964],[128.27493,37.49843],[128.2748,37.49758],[128.2745,37.49748],[128.27324,37.49768],[128.2727,37.49703],[128.27241,37.4964],[128.27182,37.49611],[128.27215,37.49546],[128.27137,37.49533],[128.27071,37.4948],[128.27053,37.49426],[128.27009,37.49403],[128.27004,37.49348],[128.26965,37.49306],[128.26904,37.4927],[128.26843,37.4926],[128.26821,37.49228],[128.268,37.49159],[128.26805,37.49074],[128.2683,37.49015],[128.26786,37.48985],[128.26713,37.48874],[128.26695,37.48808],[128.26699,37.48732],[128.26666,37.48678],[128.26589,37.48666],[128.26488,37.48614],[128.26487,37.48542],[128.26386,37.48463],[128.26269,37.48475],[128.26159,37.48452],[128.2601,37.48412],[128.25913,37.4837],[128.25876,37.48345],[128.25812,37.48351],[128.25766,37.48333],[128.25725,37.48297],[128.25537,37.48186],[128.25286,37.4812],[128.25256,37.48132],[128.25077,37.48102],[128.25008,37.48112],[128.24908,37.48073],[128.2478,37.4806],[128.24694,37.48066],[128.24617,37.48032],[128.24509,37.48009],[128.24449,37.48029],[128.2443,37.48012],[128.24363,37.47998],[128.24353,37.47972],[128.24388,37.47911],[128.24386,37.47879],[128.24409,37.47795],[128.24448,37.47785],[128.24496,37.47746],[128.24482,37.47725],[128.24487,37.47647],[128.2446,37.47631],[128.24482,37.47568],[128.24481,37.47498],[128.24462,37.47446],[128.24496,37.47386],[128.24467,37.47348],[128.24485,37.47331],[128.24498,37.47168],[128.2447,37.47037],[128.24475,37.47012],[128.24458,37.46919],[128.24466,37.46885],[128.24355,37.46835],[128.24458,37.46773],[128.24471,37.46741],[128.24509,37.46709],[128.24601,37.46675],[128.24667,37.46622],[128.24655,37.46608],[128.24659,37.46521],[128.24628,37.46505],[128.24648,37.46446],[128.24644,37.46377],[128.24624,37.46327],[128.24659,37.46268],[128.24644,37.46208],[128.24655,37.46051],[128.24642,37.46028],[128.24582,37.45803],[128.2454,37.45787],[128.24504,37.4572],[128.24508,37.45666],[128.24489,37.45588],[128.24506,37.45525],[128.24475,37.45453],[128.24496,37.45396],[128.24607,37.45324],[128.2457,37.45226],[128.24542,37.45173],[128.24562,37.45125],[128.24588,37.451],[128.24598,37.4502],[128.24651,37.44877],[128.24672,37.44696],[128.24628,37.44599],[128.24657,37.44525],[128.24707,37.44495],[128.24728,37.44351],[128.24756,37.44307],[128.24779,37.44233],[128.24767,37.44201],[128.24816,37.44167],[128.24865,37.44103],[128.24898,37.44083],[128.24966,37.44079],[128.2506,37.44091],[128.25132,37.4409],[128.25195,37.44112],[128.25243,37.44108],[128.25347,37.44077],[128.25426,37.44069],[128.25574,37.43993],[128.25691,37.43928],[128.25719,37.43882],[128.25773,37.4385],[128.25778,37.43813],[128.2576,37.43756],[128.25742,37.43656],[128.25701,37.43598],[128.25716,37.43557],[128.25676,37.43484],[128.25657,37.43388],[128.25603,37.43352],[128.2559,37.43241],[128.25633,37.43178],[128.25625,37.43074],[128.25599,37.4303],[128.2562,37.42958],[128.25514,37.4295],[128.25435,37.4288],[128.25409,37.42796],[128.25464,37.42747],[128.25501,37.42676],[128.25577,37.42623],[128.25608,37.42585],[128.2569,37.42452],[128.25788,37.42403],[128.25831,37.42319],[128.25798,37.4228],[128.25815,37.42243],[128.25784,37.42165],[128.25837,37.42095],[128.25867,37.42019],[128.2592,37.41688],[128.2607,37.41632],[128.26107,37.41543],[128.26118,37.41489],[128.26169,37.41403],[128.26258,37.413],[128.26312,37.41166],[128.26424,37.4109],[128.26429,37.41043],[128.26486,37.40963],[128.26503,37.40869],[128.26548,37.40844],[128.26664,37.40857],[128.26705,37.40877],[128.26787,37.40889],[128.26831,37.40867],[128.26907,37.40874],[128.26986,37.40867],[128.27096,37.40882],[128.27146,37.40896],[128.27225,37.40871],[128.27252,37.40846],[128.27343,37.4084],[128.27483,37.40741],[128.27555,37.40746],[128.27647,37.40724],[128.27679,37.40732],[128.27844,37.40652],[128.27892,37.40654],[128.28011,37.40681],[128.28052,37.40666],[128.28141,37.40689],[128.28282,37.40666],[128.28378,37.40619],[128.28417,37.40515],[128.28504,37.40474],[128.28647,37.40415],[128.28708,37.40403],[128.28922,37.40315],[128.28998,37.403],[128.29105,37.40261],[128.29231,37.40205],[128.29327,37.40213],[128.29433,37.40101],[128.29402,37.40054],[128.29381,37.39991],[128.29403,37.39837],[128.29367,37.39726],[128.29341,37.39678],[128.29379,37.39603],[128.29405,37.39512],[128.29463,37.39426],[128.29454,37.39394],[128.29542,37.39293],[128.2959,37.39207],[128.29665,37.39124],[128.29688,37.39018],[128.29751,37.3887],[128.29822,37.38857],[128.30003,37.38875],[128.30151,37.38847],[128.30284,37.38847],[128.30342,37.38818],[128.30474,37.38731],[128.30701,37.38683],[128.30796,37.38524],[128.30832,37.38501],[128.30879,37.38389],[128.30995,37.38384],[128.31056,37.38356],[128.31106,37.38359],[128.31187,37.38329],[128.31262,37.38256],[128.31281,37.38212],[128.31341,37.38191],[128.31365,37.38128],[128.31434,37.38091],[128.31438,37.38043],[128.31527,37.37986],[128.31531,37.37931],[128.31589,37.37907],[128.31639,37.37849],[128.31676,37.37826],[128.31789,37.37869],[128.31841,37.37933],[128.31942,37.37965],[128.31997,37.37939],[128.32022,37.37914],[128.32076,37.37894],[128.32121,37.37854],[128.32165,37.37866],[128.32223,37.37854],[128.32271,37.37861],[128.32371,37.37832],[128.32594,37.37807],[128.32721,37.37611],[128.32711,37.37565],[128.32636,37.37483],[128.32564,37.37455],[128.32499,37.37396],[128.32409,37.37265],[128.32419,37.37236],[128.3239,37.37174],[128.32342,37.37132],[128.32379,37.37052],[128.32326,37.36984],[128.32284,37.36911],[128.32193,37.36853],[128.32142,37.36773],[128.3207,37.36754],[128.32025,37.36666],[128.32062,37.36634],[128.3207,37.36554],[128.32048,37.36516],[128.31951,37.36434],[128.31947,37.3638],[128.31976,37.36334],[128.3196,37.36228],[128.31986,37.36194],[128.31969,37.36163],[128.31977,37.36122],[128.31942,37.3608],[128.31929,37.36012],[128.31835,37.35953],[128.31773,37.35928],[128.31773,37.35846],[128.31749,37.35823],[128.3173,37.35679],[128.31722,37.35572],[128.31678,37.35525],[128.31672,37.35458],[128.31648,37.35349],[128.31657,37.35297],[128.31688,37.35228],[128.31738,37.35208],[128.31772,37.35131],[128.3181,37.35111],[128.31829,37.35061],[128.31855,37.35056],[128.31911,37.34955],[128.31979,37.34895],[128.32024,37.34891],[128.32098,37.34824],[128.32165,37.34736],[128.3215,37.34719],[128.32166,37.34666],[128.32205,37.34633],[128.32194,37.34509],[128.32215,37.34461],[128.32277,37.34374],[128.32205,37.34281],[128.32174,37.34223],[128.32198,37.34041],[128.32115,37.33921],[128.32167,37.33744],[128.3216,37.33691],[128.32193,37.33652],[128.32209,37.33601],[128.32196,37.33553],[128.32257,37.33498],[128.32352,37.33372],[128.32326,37.33312],[128.32342,37.33216],[128.32385,37.33178],[128.324,37.331],[128.32401,37.33034],[128.32428,37.32945],[128.32408,37.32852],[128.32407,37.32749],[128.32426,37.32704],[128.32387,37.32574],[128.32365,37.32389],[128.32409,37.32268],[128.32448,37.32137],[128.32482,37.32087],[128.32548,37.32148],[128.32791,37.32204],[128.32914,37.32258],[128.33003,37.32242],[128.33038,37.32261],[128.33136,37.32181],[128.33174,37.32137],[128.33231,37.32123],[128.3337,37.32035],[128.33451,37.32012],[128.33552,37.31848],[128.33686,37.31678],[128.33902,37.31473],[128.34177,37.31258],[128.34313,37.31171],[128.3449,37.3111],[128.34635,37.31065],[128.34904,37.30993],[128.352,37.30925],[128.354,37.30921],[128.35631,37.30895],[128.35759,37.30857],[128.35814,37.3071],[128.35763,37.30594],[128.35901,37.3057],[128.3592,37.30556],[128.36044,37.30518],[128.36137,37.30409],[128.36177,37.30335],[128.36272,37.30197],[128.36301,37.30172],[128.36294,37.30108],[128.36349,37.30041],[128.36382,37.29911],[128.36411,37.29882],[128.36546,37.29791],[128.36594,37.29774],[128.36646,37.29737],[128.36726,37.29711],[128.3678,37.29676],[128.36897,37.2963],[128.36903,37.29585],[128.36946,37.29517],[128.37107,37.29438],[128.37153,37.29324],[128.3711,37.29232],[128.37121,37.29162],[128.37187,37.29124],[128.37358,37.29071],[128.37372,37.29046],[128.37502,37.29028],[128.37555,37.28992],[128.37608,37.29002],[128.37669,37.28993],[128.37716,37.28939],[128.3787,37.28906],[128.37949,37.28881],[128.38091,37.28869],[128.38271,37.28895],[128.38345,37.28962],[128.38633,37.29124],[128.38779,37.2911],[128.38878,37.29134],[128.38876,37.29185],[128.39021,37.29308],[128.39113,37.29336],[128.39144,37.29389],[128.39296,37.29445],[128.39349,37.29516],[128.39446,37.29594],[128.39639,37.29679],[128.39715,37.29727],[128.39817,37.29733],[128.40015,37.29707],[128.40095,37.29603],[128.40196,37.29567],[128.40268,37.29515],[128.40393,37.2952],[128.40511,37.29445],[128.40609,37.29401],[128.40695,37.29453],[128.40846,37.29429],[128.40885,37.29466],[128.40913,37.29515],[128.40935,37.29606],[128.40877,37.29733],[128.40862,37.29823],[128.4081,37.29941],[128.40733,37.2997],[128.40638,37.30095],[128.40566,37.3016],[128.40606,37.30267],[128.40603,37.30357],[128.40703,37.30494],[128.40663,37.30542],[128.40702,37.30555],[128.40897,37.30649],[128.41044,37.30757],[128.41076,37.30873],[128.4097,37.3092],[128.4093,37.30978],[128.40822,37.31087],[128.40735,37.3113],[128.40727,37.31202],[128.40698,37.31255],[128.40707,37.31346],[128.40674,37.31445],[128.40638,37.31485],[128.406,37.31608],[128.40531,37.31662],[128.40513,37.31751],[128.40518,37.31835],[128.40464,37.31966],[128.40469,37.32085],[128.40537,37.32132],[128.40575,37.32211],[128.4067,37.32278],[128.40596,37.32379],[128.40664,37.32491],[128.40833,37.32635],[128.40874,37.32713],[128.4099,37.32809],[128.40992,37.32854],[128.41144,37.3295],[128.41145,37.32981],[128.41196,37.33038],[128.41169,37.33144],[128.41121,37.33409],[128.41287,37.33702],[128.41172,37.33857],[128.41304,37.33922],[128.41396,37.33939],[128.41526,37.34054],[128.41726,37.34181],[128.41808,37.34282],[128.41899,37.34337],[128.42059,37.34366],[128.42169,37.34319],[128.42504,37.34295],[128.42575,37.34277],[128.42617,37.34242],[128.42717,37.34221],[128.42971,37.33982],[128.43069,37.3397],[128.43249,37.33973],[128.43309,37.33919],[128.43561,37.33956],[128.43622,37.33925],[128.43679,37.33931],[128.43727,37.33905],[128.43834,37.3389],[128.43965,37.33825],[128.43997,37.33804],[128.44113,37.33809],[128.44203,37.33748],[128.44276,37.33738],[128.44402,37.33693],[128.44557,37.33714],[128.44565,37.3373],[128.4472,37.33766],[128.4487,37.33762],[128.44931,37.33736],[128.45029,37.33638],[128.45198,37.33566],[128.45282,37.33569],[128.45397,37.33374],[128.45374,37.33287],[128.45401,37.3321],[128.45606,37.33071],[128.45778,37.32866],[128.45855,37.32807],[128.45904,37.32744],[128.45938,37.32721],[128.45966,37.3261],[128.4603,37.32576],[128.46303,37.32418],[128.4634,37.32276],[128.46377,37.32225],[128.46391,37.32153],[128.46366,37.32098],[128.46471,37.31935],[128.46417,37.31888],[128.46331,37.31834],[128.46397,37.31736],[128.46439,37.31703],[128.46443,37.31654],[128.46273,37.31533],[128.46218,37.31443],[128.46129,37.31265],[128.46115,37.31126],[128.46145,37.31091],[128.46174,37.30993],[128.46208,37.30956],[128.46247,37.30849],[128.46309,37.30823],[128.46354,37.3076],[128.46401,37.30743],[128.46471,37.30668],[128.46513,37.30672],[128.46604,37.30655],[128.46825,37.30686],[128.46903,37.3071],[128.4706,37.30691],[128.47122,37.30674],[128.47233,37.30622],[128.47307,37.30623],[128.47614,37.30427],[128.47717,37.30423],[128.47893,37.30354],[128.47993,37.30287],[128.48135,37.30259],[128.48314,37.30247],[128.48402,37.30252],[128.48475,37.30281],[128.48536,37.30292],[128.48735,37.30257],[128.48847,37.30275],[128.48926,37.30266],[128.48973,37.30244],[128.49297,37.30232],[128.49346,37.30249],[128.49482,37.3027],[128.49522,37.30306],[128.49669,37.3034],[128.49712,37.30315],[128.49725,37.30266],[128.49753,37.30216],[128.49774,37.3012],[128.49758,37.30029],[128.49808,37.29951],[128.49826,37.29895],[128.49815,37.29817],[128.49917,37.29714],[128.49956,37.29632],[128.50008,37.29579],[128.50023,37.2952],[128.50012,37.29477],[128.50024,37.29437],[128.50023,37.29324],[128.50087,37.29299],[128.50057,37.29225],[128.50073,37.29192],[128.50053,37.29157],[128.50048,37.29082],[128.50088,37.28929],[128.50214,37.28951],[128.50254,37.28927],[128.50355,37.28895],[128.50502,37.28875],[128.50553,37.28887],[128.50678,37.28873],[128.50878,37.28878],[128.50893,37.28927],[128.5097,37.28953],[128.51016,37.28937],[128.51075,37.28894],[128.51099,37.28836],[128.51198,37.28821],[128.51293,37.2874],[128.51354,37.28739],[128.51549,37.28764],[128.51758,37.28758],[128.51843,37.28802],[128.51885,37.2878],[128.51935,37.28799],[128.51982,37.28762],[128.52117,37.28797],[128.52136,37.28867],[128.52251,37.28985],[128.52284,37.2897],[128.52553,37.28991],[128.52599,37.28981],[128.52653,37.29008],[128.5272,37.29027],[128.52766,37.29066],[128.52846,37.29212],[128.52902,37.29248],[128.52967,37.29188],[128.53036,37.29154],[128.5316,37.29052],[128.5327,37.28955],[128.53447,37.28579],[128.53593,37.28388],[128.53695,37.28478],[128.5377,37.28495],[128.53805,37.28472],[128.53994,37.28529],[128.54134,37.28648],[128.54323,37.28562],[128.54426,37.2869],[128.54497,37.2874],[128.54785,37.28866],[128.54939,37.28916],[128.55253,37.28919],[128.55643,37.28852],[128.55942,37.2861],[128.56179,37.28311],[128.56237,37.28177],[128.56332,37.28053],[128.56453,37.27927],[128.56535,37.27903],[128.5665,37.27882],[128.56723,37.279],[128.56811,37.27944],[128.57083,37.28063],[128.57213,37.28073],[128.57365,37.28035],[128.57474,37.27972],[128.57541,37.27882],[128.57587,37.27761],[128.57606,37.27645],[128.57647,37.2751],[128.57709,37.27438],[128.57728,37.27468],[128.57827,37.27321],[128.579,37.27116],[128.57773,37.26885],[128.57602,37.26828],[128.57591,37.26712],[128.57683,37.26698],[128.5772,37.26706],[128.57864,37.26691],[128.57924,37.26702],[128.57956,37.2669],[128.58096,37.26663],[128.58203,37.26672],[128.58182,37.26763],[128.58145,37.26781],[128.58184,37.26871],[128.58239,37.26976],[128.5821,37.27067],[128.58215,37.27084],[128.58296,37.27151],[128.58304,37.27188],[128.58409,37.27309],[128.58427,37.27421],[128.58485,37.27469],[128.58508,37.2751],[128.58546,37.27526],[128.58613,37.27511],[128.58709,37.27548],[128.58713,37.27584],[128.58782,37.276],[128.58833,37.27623],[128.58889,37.27679],[128.58918,37.2774],[128.59018,37.27791],[128.59031,37.27816],[128.59072,37.27827],[128.59132,37.27821],[128.59202,37.27831],[128.59241,37.27874],[128.59341,37.27947],[128.59427,37.27977],[128.59503,37.27982],[128.5961,37.28008],[128.59631,37.28109],[128.59624,37.28221],[128.59635,37.28262],[128.59514,37.28452],[128.59413,37.28512],[128.59325,37.28665],[128.59251,37.28736],[128.59092,37.28754],[128.58941,37.28952],[128.58941,37.29044],[128.58859,37.29146],[128.58637,37.29337],[128.58509,37.29399],[128.58303,37.29395],[128.58293,37.29493],[128.58129,37.29684],[128.58108,37.29745],[128.58063,37.29783],[128.58027,37.29856],[128.57969,37.29873],[128.5803,37.3004],[128.58123,37.30146],[128.58145,37.30156],[128.58218,37.3023],[128.58339,37.3046],[128.58421,37.30492],[128.58461,37.30656],[128.58396,37.3082],[128.58322,37.30861],[128.58348,37.30933],[128.5839,37.31004],[128.58396,37.3106],[128.58259,37.31095],[128.58162,37.31138],[128.58117,37.31143],[128.58069,37.31172],[128.5801,37.31256],[128.5798,37.31319],[128.5797,37.31383],[128.57929,37.31423],[128.57873,37.31451],[128.57851,37.31493],[128.57786,37.31551],[128.57756,37.31663],[128.57702,37.31686],[128.57673,37.31789],[128.57617,37.31869],[128.57623,37.31899],[128.57575,37.31972],[128.57592,37.32044],[128.5752,37.32123],[128.57517,37.32147],[128.57461,37.32233],[128.57389,37.32297],[128.5735,37.3241],[128.57359,37.32438],[128.57207,37.32497],[128.57096,37.3252],[128.57078,37.32568],[128.57107,37.32658],[128.57075,37.32741],[128.57028,37.32764],[128.5699,37.3287],[128.57003,37.32906],[128.57,37.32973],[128.56985,37.33011],[128.5694,37.33066],[128.56915,37.33121],[128.56895,37.33261],[128.56908,37.33286],[128.56907,37.33348],[128.5686,37.33451],[128.56862,37.33477],[128.56926,37.3351],[128.56991,37.33587],[128.56937,37.33662],[128.56861,37.33721],[128.56756,37.3384],[128.56659,37.33958],[128.56646,37.3402],[128.56624,37.34051],[128.56626,37.34116],[128.56607,37.34154],[128.56624,37.3418],[128.56621,37.34303],[128.56589,37.34455],[128.56621,37.34531],[128.56546,37.34606],[128.56536,37.34629],[128.56486,37.34654],[128.56443,37.34723],[128.56344,37.34748],[128.56227,37.34859],[128.5611,37.34897],[128.56022,37.35058],[128.55853,37.3509],[128.55837,37.35142],[128.55753,37.35227],[128.5567,37.35283],[128.55606,37.35285],[128.55485,37.3532],[128.554,37.35374],[128.55275,37.35381],[128.55197,37.35414],[128.55182,37.35446],[128.55011,37.35476],[128.54823,37.35452],[128.54721,37.3549],[128.54844,37.35739],[128.54832,37.35787],[128.54886,37.35846],[128.54899,37.35904],[128.54945,37.35935],[128.55095,37.35978],[128.55106,37.36008],[128.55252,37.36105],[128.55233,37.36252],[128.55354,37.36417],[128.55339,37.36463],[128.55337,37.36709],[128.55347,37.36726],[128.55308,37.36966],[128.55328,37.37025],[128.5537,37.37053],[128.55315,37.37073],[128.55212,37.37133],[128.55119,37.37261],[128.55094,37.37309],[128.55035,37.37392],[128.5498,37.376],[128.54819,37.37735],[128.54805,37.37831],[128.54726,37.37886],[128.5467,37.379],[128.54651,37.37933],[128.54559,37.37978],[128.54528,37.38083],[128.5447,37.38193],[128.54459,37.38251],[128.54481,37.38273],[128.54478,37.38444],[128.54531,37.38601],[128.54441,37.38668],[128.54429,37.38708],[128.54315,37.38755],[128.54253,37.38748],[128.5424,37.38852],[128.54259,37.38884],[128.5427,37.3894],[128.54181,37.39052],[128.54133,37.39091],[128.54096,37.39136],[128.54057,37.39221],[128.54012,37.39274],[128.5405,37.39475],[128.54061,37.39591],[128.54043,37.39683],[128.53983,37.39721],[128.53883,37.39861],[128.53879,37.39921],[128.53889,37.39969],[128.53589,37.40027],[128.53462,37.40055],[128.53361,37.40051],[128.53279,37.40019],[128.53208,37.40015],[128.52993,37.39966],[128.52924,37.4004],[128.52849,37.40064],[128.52737,37.40135],[128.5272,37.40133],[128.52658,37.40174],[128.52612,37.40164],[128.52476,37.40233],[128.52339,37.4027],[128.52238,37.4025],[128.52143,37.40276],[128.52091,37.40336],[128.51972,37.40374],[128.51834,37.40384],[128.51794,37.40368],[128.5159,37.40354],[128.51552,37.40347],[128.51393,37.40411],[128.51239,37.40587],[128.5119,37.40693],[128.51065,37.40893],[128.50929,37.40933],[128.50917,37.40976],[128.50837,37.41026],[128.50844,37.41051],[128.50809,37.4109],[128.50833,37.41158],[128.50796,37.41229],[128.50826,37.41346],[128.50806,37.41478],[128.50781,37.41535],[128.50597,37.41656],[128.50625,37.41704],[128.50632,37.41822],[128.50671,37.41873],[128.50862,37.41946],[128.51014,37.42028],[128.51133,37.42105],[128.51161,37.42143],[128.51353,37.42284],[128.51319,37.42513],[128.51328,37.42666],[128.51376,37.42729],[128.5139,37.42828],[128.51456,37.42902],[128.51604,37.43038],[128.51687,37.43164],[128.51761,37.43229],[128.51842,37.43284],[128.51899,37.43445],[128.51863,37.43537],[128.51817,37.43593],[128.51807,37.43699],[128.51816,37.43736],[128.51803,37.43779],[128.51777,37.43985],[128.51786,37.44055],[128.51704,37.44123],[128.51678,37.4416],[128.51628,37.44181],[128.51579,37.44237],[128.51527,37.44342],[128.51537,37.4451],[128.51516,37.44535],[128.51509,37.44611],[128.51413,37.44696],[128.51337,37.44879],[128.51343,37.44916],[128.51303,37.44997],[128.51329,37.45107],[128.51324,37.45171],[128.51331,37.45228],[128.51317,37.45324],[128.5132,37.45406],[128.5134,37.45448],[128.51318,37.45465],[128.51321,37.4551],[128.51367,37.45574],[128.51493,37.45701],[128.51571,37.45722],[128.51639,37.45727],[128.517,37.45767],[128.51771,37.45794],[128.51845,37.45838],[128.51851,37.45883],[128.52021,37.45979],[128.52141,37.46025],[128.52201,37.4603],[128.52277,37.46132],[128.52292,37.46169],[128.52322,37.46189],[128.52367,37.46307],[128.5238,37.46362],[128.52573,37.46357],[128.52787,37.46292],[128.52909,37.46304],[128.53022,37.46261],[128.53081,37.46255],[128.53196,37.46168],[128.53253,37.46144],[128.53381,37.46157],[128.53541,37.46146],[128.53615,37.46114],[128.53689,37.46114],[128.53758,37.46084],[128.53873,37.46063],[128.54121,37.45988],[128.54225,37.45941],[128.5428,37.45945],[128.54387,37.45986],[128.54485,37.45951],[128.54628,37.4594],[128.54724,37.4591],[128.54748,37.45879],[128.54804,37.45862],[128.54824,37.45831],[128.5488,37.45833],[128.54971,37.45784],[128.5505,37.4576],[128.55219,37.45645],[128.55341,37.45676],[128.55376,37.45698],[128.55434,37.45705],[128.55562,37.45814],[128.55691,37.45827],[128.55771,37.45862],[128.55851,37.45874],[128.55992,37.45948],[128.56057,37.4599],[128.56166,37.46036],[128.56201,37.46069],[128.56343,37.46137],[128.56313,37.46352],[128.56282,37.46385],[128.56258,37.46448],[128.5621,37.46482],[128.56168,37.46585],[128.56128,37.46618],[128.56138,37.46685],[128.56161,37.46764],[128.56141,37.46789],[128.56183,37.46893],[128.56153,37.47046],[128.56149,37.47201],[128.56151,37.47333],[128.5612,37.47403],[128.56105,37.47518],[128.56047,37.47579],[128.56045,37.47619],[128.5602,37.4769],[128.56046,37.47743],[128.56001,37.47783],[128.55991,37.47845],[128.55958,37.47914],[128.55885,37.4797],[128.55794,37.4811],[128.55754,37.48324],[128.5571,37.48402],[128.55659,37.48573],[128.55673,37.48676],[128.55678,37.48818],[128.55659,37.48903],[128.55744,37.48942],[128.55796,37.48977],[128.5581,37.49047],[128.55921,37.49231],[128.55971,37.49277],[128.55982,37.49368],[128.56023,37.49464],[128.5607,37.49488],[128.56137,37.49488],[128.5617,37.49574],[128.5616,37.49636],[128.56309,37.49846],[128.56379,37.49877],[128.56429,37.49945],[128.56447,37.49995],[128.56487,37.50063],[128.56491,37.50151],[128.56507,37.50241],[128.56554,37.50244],[128.5655,37.50035],[128.57005,37.4977],[128.57099,37.49235],[128.57211,37.49023],[128.57352,37.48926],[128.57534,37.48919],[128.57675,37.48952],[128.57904,37.4899],[128.58008,37.49027],[128.58068,37.49025],[128.58128,37.49009],[128.58224,37.48909],[128.58313,37.4881],[128.58384,37.4875],[128.58446,37.4873],[128.58472,37.4882],[128.58445,37.48813],[128.58455,37.48912],[128.58335,37.49086],[128.58201,37.49115],[128.58156,37.49092],[128.57971,37.4919],[128.57902,37.4924],[128.57751,37.49266],[128.57684,37.49314],[128.576,37.49316],[128.57533,37.49375],[128.57589,37.49482],[128.57635,37.49538],[128.57662,37.49596],[128.57649,37.49654],[128.57723,37.49808],[128.57733,37.49883],[128.57722,37.4993],[128.57711,37.50053],[128.57742,37.50119],[128.57689,37.5017],[128.57649,37.50254],[128.57641,37.50295],[128.5769,37.50411],[128.57715,37.50501],[128.57713,37.50623],[128.57722,37.50739],[128.57742,37.50811],[128.57742,37.50874],[128.57712,37.51009],[128.57717,37.51113],[128.57798,37.51242],[128.57805,37.51315],[128.57827,37.51328],[128.57822,37.51509],[128.57949,37.51738],[128.57991,37.51938],[128.57954,37.52061],[128.5797,37.52157],[128.5803,37.52207],[128.5808,37.5234],[128.58091,37.52485],[128.58123,37.52649],[128.58102,37.52686],[128.58117,37.52804],[128.58198,37.52935],[128.58214,37.53004],[128.5834,37.53046],[128.58337,37.53186],[128.58252,37.53293],[128.58327,37.53503],[128.58318,37.5358],[128.58368,37.5361],[128.58451,37.53722],[128.58558,37.53751],[128.58763,37.53783],[128.58865,37.53878],[128.58923,37.54026],[128.58939,37.54049],[128.58912,37.5423],[128.58871,37.54357],[128.58876,37.54424],[128.58836,37.54462],[128.58789,37.54596],[128.58758,37.54632],[128.58701,37.54803],[128.58723,37.54884],[128.58843,37.54963],[128.58848,37.5511],[128.58821,37.55187],[128.58859,37.55294],[128.58896,37.55365],[128.58874,37.55392],[128.58838,37.55505],[128.58851,37.5556],[128.58804,37.55638],[128.58836,37.55724],[128.58864,37.55754],[128.5896,37.56028],[128.59068,37.56073],[128.59166,37.56137],[128.59246,37.56161],[128.59309,37.56237],[128.59378,37.56283],[128.59444,37.56357],[128.59563,37.56433],[128.59622,37.56499],[128.5972,37.56588],[128.59792,37.56608],[128.59849,37.56675],[128.59864,37.56722],[128.59954,37.56839],[128.60038,37.56906],[128.60091,37.56959],[128.60122,37.56968],[128.60263,37.5704],[128.60315,37.57044],[128.60423,37.57098],[128.60439,37.5712],[128.60611,37.57193],[128.60789,37.5725],[128.60858,37.57265],[128.61007,37.5727],[128.61097,37.57325],[128.61163,37.57332],[128.61222,37.57358],[128.61236,37.574],[128.61262,37.57418],[128.61366,37.57454],[128.61547,37.57551],[128.61698,37.57474],[128.61901,37.57429],[128.61999,37.57468],[128.6206,37.57439],[128.6217,37.5741],[128.6222,37.57378],[128.62385,37.57331],[128.62448,37.57341],[128.62517,37.57317],[128.62571,37.57266],[128.62553,37.57221],[128.62532,37.56981],[128.62514,37.56921],[128.62452,37.56764],[128.62483,37.56555],[128.62568,37.5646],[128.62638,37.56353],[128.62628,37.56307],[128.62658,37.56239],[128.62656,37.56187],[128.62672,37.561],[128.62692,37.55927],[128.62692,37.55889],[128.62714,37.55764],[128.62714,37.5566],[128.62675,37.55563],[128.62688,37.55506],[128.62794,37.55375],[128.62843,37.55371],[128.62926,37.55312],[128.6302,37.55257],[128.63037,37.55177],[128.63053,37.55162],[128.63053,37.55101],[128.63117,37.55068],[128.63174,37.55025],[128.63179,37.54951],[128.63207,37.54894],[128.632,37.54809],[128.63172,37.54676],[128.63187,37.54635],[128.63184,37.5451],[128.63161,37.54462],[128.63244,37.54256],[128.63323,37.5416],[128.63377,37.54114],[128.63395,37.54075],[128.63462,37.53971],[128.63544,37.53968],[128.63698,37.53996],[128.63877,37.5405],[128.6396,37.54051],[128.64037,37.54069],[128.64114,37.54123],[128.6419,37.54149],[128.64131,37.54305],[128.6416,37.54519],[128.64249,37.54724],[128.64288,37.54853],[128.64353,37.54981],[128.64435,37.55113],[128.64458,37.55179],[128.64453,37.55226],[128.64511,37.55313],[128.64612,37.5533],[128.64762,37.5541],[128.649,37.55446],[128.65058,37.55514],[128.65089,37.55499],[128.65235,37.55508],[128.65341,37.5555],[128.65348,37.55569],[128.65442,37.55585],[128.65505,37.55574],[128.65617,37.5553],[128.6571,37.55559],[128.65791,37.55562],[128.65843,37.55583],[128.65903,37.5559],[128.66011,37.55564],[128.66115,37.55588],[128.66192,37.55599],[128.66249,37.55634],[128.66341,37.5563],[128.66418,37.55662],[128.66545,37.55673],[128.66634,37.55688],[128.66755,37.55719],[128.66819,37.55752],[128.66999,37.55757],[128.67212,37.55694],[128.67242,37.55662],[128.67387,37.55592],[128.67342,37.55742],[128.67349,37.55793],[128.67335,37.55822],[128.67325,37.55911],[128.67299,37.55961],[128.67254,37.55996],[128.67194,37.56006],[128.67121,37.55983],[128.67002,37.55987],[128.66955,37.56019],[128.6682,37.56083],[128.66787,37.56135],[128.66809,37.56231],[128.66806,37.56261],[128.66837,37.56361],[128.6681,37.56506],[128.66808,37.56594],[128.6682,37.56759],[128.66732,37.56873],[128.66754,37.56907],[128.66845,37.56962],[128.66926,37.5694],[128.67031,37.56937],[128.67145,37.56958],[128.67324,37.57003],[128.67439,37.5705],[128.67504,37.57037],[128.67648,37.57061],[128.67686,37.57039],[128.67896,37.56986]]]},"properties":{"code":"51760","name":"평창군","bbox":[128.24353,37.26663,128.76511,37.82139],"labelPoint":[128.46586,37.56622]}},{"type":"Feature","geometry":{"type":"Polygon","coordinates":[[[128.97338,37.53374],[128.97217,37.53526],[128.97216,37.53635],[128.97119,37.53684],[128.97,37.53677],[128.96977,37.53694],[128.96829,37.53857],[128.96831,37.53962],[128.96643,37.54031],[128.96504,37.54194],[128.96278,37.54316],[128.96207,37.54598],[128.96177,37.54775],[128.96123,37.54875],[128.95954,37.5484],[128.95982,37.54719],[128.95973,37.54602],[128.95914,37.54551],[128.95839,37.54457],[128.95781,37.54458],[128.95761,37.54424],[128.95686,37.54382],[128.95724,37.54322],[128.95707,37.54302],[128.95513,37.54144],[128.95422,37.54139],[128.95341,37.54154],[128.95309,37.54138],[128.95173,37.54091],[128.95126,37.54092],[128.95062,37.54062],[128.95017,37.53993],[128.94925,37.53967],[128.94593,37.54084],[128.94563,37.54122],[128.94463,37.54096],[128.94444,37.54078],[128.94394,37.54069],[128.94284,37.53956],[128.94282,37.53922],[128.94165,37.53854],[128.941,37.53856],[128.94046,37.53814],[128.93922,37.53811],[128.9389,37.538],[128.93797,37.53807],[128.93726,37.53777],[128.93529,37.53829],[128.93438,37.53814],[128.93372,37.53889],[128.93276,37.53885],[128.93198,37.53938],[128.93179,37.53967],[128.93197,37.54105],[128.93143,37.54188],[128.93141,37.54231],[128.93085,37.54278],[128.9297,37.5425],[128.9295,37.5427],[128.92806,37.54309],[128.9271,37.5443],[128.92635,37.54464],[128.92635,37.54505],[128.92575,37.54595],[128.92549,37.54611],[128.92549,37.54664],[128.92476,37.54724],[128.92395,37.54706],[128.92298,37.54728],[128.92203,37.54726],[128.92148,37.54743],[128.91979,37.54767],[128.91907,37.5485],[128.91751,37.54883],[128.9171,37.5483],[128.91622,37.54801],[128.91506,37.54927],[128.91455,37.55027],[128.91484,37.5512],[128.91446,37.55193],[128.91372,37.55215],[128.91292,37.55285],[128.91151,37.55298],[128.91032,37.55292],[128.90867,37.55276],[128.90832,37.55286],[128.90765,37.5526],[128.90574,37.55262],[128.90529,37.55348],[128.90503,37.5547],[128.90447,37.55547],[128.90521,37.55782],[128.9049,37.55985],[128.90545,37.56139],[128.90487,37.56299],[128.90482,37.56333],[128.90417,37.56356],[128.90446,37.56578],[128.90573,37.5671],[128.90521,37.56844],[128.90477,37.57037],[128.90407,37.57144],[128.9034,37.57139],[128.90139,37.5715],[128.90102,37.57189],[128.90123,37.57399],[128.90043,37.57485],[128.89975,37.57795],[128.89934,37.57925],[128.89955,37.5807],[128.89821,37.58181],[128.89869,37.584],[128.89752,37.58502],[128.89776,37.58669],[128.89594,37.58647],[128.89531,37.58676],[128.89445,37.58775],[128.89263,37.58841],[128.89116,37.5883],[128.89025,37.58855],[128.88986,37.59007],[128.88937,37.59152],[128.88879,37.59223],[128.88555,37.59289],[128.88448,37.59292],[128.88393,37.59272],[128.88249,37.59244],[128.88186,37.59115],[128.88059,37.59055],[128.87934,37.59013],[128.87771,37.58849],[128.87684,37.58899],[128.87606,37.58931],[128.87354,37.58967],[128.87309,37.58808],[128.87227,37.58723],[128.872,37.58634],[128.87143,37.58583],[128.87184,37.58487],[128.8717,37.5846],[128.87093,37.58452],[128.87046,37.58316],[128.86994,37.58233],[128.8702,37.58198],[128.86996,37.5811],[128.86938,37.58011],[128.86875,37.57949],[128.86856,37.57907],[128.86754,37.57912],[128.86722,37.5787],[128.86663,37.57834],[128.86603,37.57728],[128.86588,37.57643],[128.8647,37.57592],[128.86379,37.57522],[128.86315,37.57368],[128.86257,37.57168],[128.86195,37.57046],[128.86257,37.56845],[128.86271,37.56598],[128.8627,37.56507],[128.86255,37.56465],[128.86212,37.56421],[128.86127,37.56378],[128.86127,37.563],[128.85879,37.56122],[128.8589,37.56066],[128.85913,37.56024],[128.85914,37.5594],[128.85942,37.5594],[128.85931,37.55812],[128.85942,37.55706],[128.85918,37.5559],[128.85989,37.5553],[128.86177,37.55447],[128.86161,37.55425],[128.86203,37.55363],[128.86198,37.55307],[128.86176,37.5528],[128.86186,37.55225],[128.86173,37.55178],[128.86145,37.55151],[128.86157,37.55083],[128.86097,37.54983],[128.86078,37.54931],[128.86089,37.54902],[128.86005,37.54813],[128.85916,37.54778],[128.85928,37.54704],[128.85909,37.54667],[128.85916,37.54571],[128.85952,37.54551],[128.85987,37.5451],[128.85966,37.54458],[128.86011,37.54398],[128.8598,37.54358],[128.85974,37.543],[128.85993,37.54242],[128.85934,37.54177],[128.85937,37.54127],[128.85958,37.54093],[128.85914,37.54053],[128.85898,37.53973],[128.85856,37.5391],[128.85795,37.53902],[128.85751,37.53808],[128.85689,37.53787],[128.85672,37.53725],[128.85593,37.53747],[128.85551,37.53729],[128.85524,37.53624],[128.85525,37.5351],[128.85539,37.53471],[128.85538,37.53394],[128.85565,37.53376],[128.85565,37.53336],[128.85589,37.53301],[128.85577,37.53271],[128.8553,37.53225],[128.85523,37.53191],[128.85451,37.53085],[128.85367,37.52989],[128.85359,37.5293],[128.85375,37.52805],[128.85355,37.52765],[128.85397,37.5267],[128.85475,37.52624],[128.85471,37.5256],[128.85451,37.52543],[128.85453,37.52491],[128.85426,37.5242],[128.85376,37.52421],[128.85333,37.52399],[128.85311,37.52349],[128.85266,37.52342],[128.85257,37.52318],[128.8517,37.523],[128.8513,37.52322],[128.85093,37.52299],[128.84954,37.52238],[128.84943,37.52223],[128.84838,37.5218],[128.84815,37.52144],[128.84946,37.52066],[128.85005,37.51997],[128.84997,37.51925],[128.84957,37.51854],[128.84886,37.51749],[128.8485,37.51711],[128.84849,37.51644],[128.84897,37.51575],[128.84879,37.51544],[128.84817,37.51493],[128.84705,37.51466],[128.84582,37.51384],[128.84311,37.51257],[128.84245,37.51285],[128.84203,37.51322],[128.84101,37.51252],[128.84042,37.51203],[128.83942,37.51203],[128.83873,37.51193],[128.83818,37.51211],[128.8365,37.51249],[128.83581,37.51285],[128.83396,37.51314],[128.83309,37.51277],[128.83291,37.51243],[128.83245,37.51238],[128.83157,37.5117],[128.8314,37.511],[128.83049,37.51009],[128.82906,37.50965],[128.82826,37.50922],[128.8261,37.50854],[128.82469,37.50834],[128.82288,37.50786],[128.82078,37.50713],[128.81927,37.50619],[128.81907,37.5059],[128.818,37.50542],[128.8176,37.5051],[128.81696,37.50431],[128.81663,37.50432],[128.81582,37.50409],[128.81516,37.50377],[128.81463,37.50377],[128.81439,37.50348],[128.81375,37.5033],[128.81431,37.50528],[128.81415,37.50555],[128.8145,37.50632],[128.81435,37.50658],[128.81366,37.50714],[128.81287,37.50748],[128.81216,37.50799],[128.81201,37.50834],[128.81225,37.50882],[128.81195,37.50966],[128.81169,37.50993],[128.81086,37.51001],[128.81049,37.51033],[128.81023,37.51082],[128.80858,37.51159],[128.80802,37.51214],[128.80801,37.51306],[128.80735,37.51342],[128.80652,37.5137],[128.80555,37.51384],[128.80259,37.51515],[128.79955,37.51674],[128.79921,37.51734],[128.79762,37.51845],[128.79779,37.5187],[128.79784,37.51967],[128.79814,37.52017],[128.79805,37.52053],[128.79824,37.52121],[128.79757,37.52187],[128.79723,37.52284],[128.79745,37.52352],[128.7975,37.52526],[128.7976,37.52587],[128.79714,37.52667],[128.79775,37.52697],[128.79813,37.52747],[128.79749,37.52771],[128.79721,37.52832],[128.79724,37.52867],[128.797,37.52896],[128.79607,37.52963],[128.79533,37.5296],[128.79422,37.52982],[128.7937,37.52978],[128.79333,37.53126],[128.79266,37.53207],[128.79239,37.53219],[128.79203,37.53276],[128.79205,37.53413],[128.79199,37.5353],[128.79274,37.53644],[128.79296,37.53717],[128.79221,37.53791],[128.7921,37.53824],[128.79166,37.53843],[128.79082,37.53922],[128.78983,37.53969],[128.78908,37.53995],[128.78823,37.53989],[128.78781,37.5401],[128.78702,37.54099],[128.78615,37.54088],[128.7855,37.54092],[128.78507,37.54144],[128.78437,37.54173],[128.78319,37.54239],[128.78093,37.54349],[128.78,37.54377],[128.77736,37.54417],[128.77414,37.54277],[128.77319,37.54301],[128.77201,37.54294],[128.76964,37.54325],[128.76824,37.54322],[128.76703,37.54363],[128.76584,37.54323],[128.76543,37.54297],[128.76463,37.54277],[128.76341,37.54208],[128.76241,37.54182],[128.76201,37.5415],[128.76079,37.54187],[128.75995,37.54186],[128.75892,37.54226],[128.75828,37.54269],[128.75733,37.54312],[128.75666,37.54379],[128.75654,37.54421],[128.7559,37.54416],[128.75431,37.54469],[128.75348,37.54506],[128.75314,37.54501],[128.75196,37.54525],[128.75179,37.54555],[128.7513,37.54567],[128.74979,37.54659],[128.74869,37.5469],[128.74783,37.54656],[128.74669,37.54676],[128.74598,37.54702],[128.74521,37.54685],[128.74451,37.54617],[128.74315,37.54586],[128.74237,37.54589],[128.7409,37.54657],[128.73973,37.54741],[128.73923,37.54767],[128.73765,37.54751],[128.73708,37.5473],[128.7367,37.54671],[128.7362,37.54627],[128.73606,37.54575],[128.73568,37.54547],[128.7356,37.54519],[128.73502,37.54491],[128.73494,37.54472],[128.73408,37.54438],[128.73354,37.54431],[128.73312,37.54408],[128.73241,37.54389],[128.73169,37.54305],[128.73149,37.54259],[128.7303,37.54193],[128.72898,37.54009],[128.72773,37.53896],[128.72726,37.53784],[128.72437,37.53594],[128.72382,37.53544],[128.72289,37.53489],[128.72249,37.53414],[128.72271,37.533],[128.72237,37.53133],[128.72086,37.52918],[128.71978,37.52871],[128.71878,37.52994],[128.71716,37.53101],[128.71618,37.53118],[128.71523,37.53122],[128.71413,37.53161],[128.7128,37.53161],[128.71184,37.53153],[128.71071,37.53159],[128.71007,37.53152],[128.70891,37.53181],[128.7071,37.53219],[128.70683,37.53246],[128.70589,37.53294],[128.70485,37.53415],[128.70425,37.53506],[128.7036,37.53525],[128.70243,37.53524],[128.70165,37.53537],[128.70084,37.53606],[128.70001,37.53629],[128.69978,37.53654],[128.69901,37.53665],[128.69833,37.53731],[128.69768,37.53778],[128.69673,37.53889],[128.696,37.54029],[128.6948,37.541],[128.69405,37.54125],[128.69357,37.54264],[128.69334,37.54292],[128.69269,37.54312],[128.69262,37.54401],[128.69192,37.54577],[128.69173,37.54608],[128.69136,37.54738],[128.68977,37.5493],[128.6895,37.55055],[128.68946,37.55112],[128.68905,37.55255],[128.68855,37.55285],[128.68823,37.55332],[128.68776,37.55432],[128.68671,37.55487],[128.68639,37.55496],[128.68595,37.55555],[128.68592,37.55576],[128.68503,37.55599],[128.68469,37.5562],[128.6835,37.55715],[128.68339,37.55867],[128.68365,37.55933],[128.68391,37.5597],[128.68417,37.5618],[128.68374,37.56278],[128.68358,37.56341],[128.68265,37.56417],[128.68186,37.56496],[128.67957,37.56617],[128.67888,37.56706],[128.67918,37.56903],[128.67896,37.56986],[128.67686,37.57039],[128.67648,37.57061],[128.67504,37.57037],[128.67439,37.5705],[128.67324,37.57003],[128.67145,37.56958],[128.67031,37.56937],[128.66926,37.5694],[128.66845,37.56962],[128.66754,37.56907],[128.66732,37.56873],[128.6682,37.56759],[128.66808,37.56594],[128.6681,37.56506],[128.66837,37.56361],[128.66806,37.56261],[128.66809,37.56231],[128.66787,37.56135],[128.6682,37.56083],[128.66955,37.56019],[128.67002,37.55987],[128.67121,37.55983],[128.67194,37.56006],[128.67254,37.55996],[128.67299,37.55961],[128.67325,37.55911],[128.67335,37.55822],[128.67349,37.55793],[128.67342,37.55742],[128.67387,37.55592],[128.67242,37.55662],[128.67212,37.55694],[128.66999,37.55757],[128.66819,37.55752],[128.66755,37.55719],[128.66634,37.55688],[128.66545,37.55673],[128.66418,37.55662],[128.66341,37.5563],[128.66249,37.55634],[128.66192,37.55599],[128.66115,37.55588],[128.66011,37.55564],[128.65903,37.5559],[128.65843,37.55583],[128.65791,37.55562],[128.6571,37.55559],[128.65617,37.5553],[128.65505,37.55574],[128.65442,37.55585],[128.65348,37.55569],[128.65341,37.5555],[128.65235,37.55508],[128.65089,37.55499],[128.65058,37.55514],[128.649,37.55446],[128.64762,37.5541],[128.64612,37.5533],[128.64511,37.55313],[128.64453,37.55226],[128.64458,37.55179],[128.64435,37.55113],[128.64353,37.54981],[128.64288,37.54853],[128.64249,37.54724],[128.6416,37.54519],[128.64131,37.54305],[128.6419,37.54149],[128.64114,37.54123],[128.64037,37.54069],[128.6396,37.54051],[128.63877,37.5405],[128.63698,37.53996],[128.63544,37.53968],[128.63462,37.53971],[128.63395,37.54075],[128.63377,37.54114],[128.63323,37.5416],[128.63244,37.54256],[128.63161,37.54462],[128.63184,37.5451],[128.63187,37.54635],[128.63172,37.54676],[128.632,37.54809],[128.63207,37.54894],[128.63179,37.54951],[128.63174,37.55025],[128.63117,37.55068],[128.63053,37.55101],[128.63053,37.55162],[128.63037,37.55177],[128.6302,37.55257],[128.62926,37.55312],[128.62843,37.55371],[128.62794,37.55375],[128.62688,37.55506],[128.62675,37.55563],[128.62714,37.5566],[128.62714,37.55764],[128.62692,37.55889],[128.62692,37.55927],[128.62672,37.561],[128.62656,37.56187],[128.62658,37.56239],[128.62628,37.56307],[128.62638,37.56353],[128.62568,37.5646],[128.62483,37.56555],[128.62452,37.56764],[128.62514,37.56921],[128.62532,37.56981],[128.62553,37.57221],[128.62571,37.57266],[128.62517,37.57317],[128.62448,37.57341],[128.62385,37.57331],[128.6222,37.57378],[128.6217,37.5741],[128.6206,37.57439],[128.61999,37.57468],[128.61901,37.57429],[128.61698,37.57474],[128.61547,37.57551],[128.61366,37.57454],[128.61262,37.57418],[128.61236,37.574],[128.61222,37.57358],[128.61163,37.57332],[128.61097,37.57325],[128.61007,37.5727],[128.60858,37.57265],[128.60789,37.5725],[128.60611,37.57193],[128.60439,37.5712],[128.60423,37.57098],[128.60315,37.57044],[128.60263,37.5704],[128.60122,37.56968],[128.60091,37.56959],[128.60038,37.56906],[128.59954,37.56839],[128.59864,37.56722],[128.59849,37.56675],[128.59792,37.56608],[128.5972,37.56588],[128.59622,37.56499],[128.59563,37.56433],[128.59444,37.56357],[128.59378,37.56283],[128.59309,37.56237],[128.59246,37.56161],[128.59166,37.56137],[128.59068,37.56073],[128.5896,37.56028],[128.58864,37.55754],[128.58836,37.55724],[128.58804,37.55638],[128.58851,37.5556],[128.58838,37.55505],[128.58874,37.55392],[128.58896,37.55365],[128.58859,37.55294],[128.58821,37.55187],[128.58848,37.5511],[128.58843,37.54963],[128.58723,37.54884],[128.58701,37.54803],[128.58758,37.54632],[128.58789,37.54596],[128.58836,37.54462],[128.58876,37.54424],[128.58871,37.54357],[128.58912,37.5423],[128.58939,37.54049],[128.58923,37.54026],[128.58865,37.53878],[128.58763,37.53783],[128.58558,37.53751],[128.58451,37.53722],[128.58368,37.5361],[128.58318,37.5358],[128.58327,37.53503],[128.58252,37.53293],[128.58337,37.53186],[128.5834,37.53046],[128.58214,37.53004],[128.58198,37.52935],[128.58117,37.52804],[128.58102,37.52686],[128.58123,37.52649],[128.58091,37.52485],[128.5808,37.5234],[128.5803,37.52207],[128.5797,37.52157],[128.57954,37.52061],[128.57991,37.51938],[128.57949,37.51738],[128.57822,37.51509],[128.57827,37.51328],[128.57805,37.51315],[128.57798,37.51242],[128.57717,37.51113],[128.57712,37.51009],[128.57742,37.50874],[128.57742,37.50811],[128.57722,37.50739],[128.57713,37.50623],[128.57715,37.50501],[128.5769,37.50411],[128.57641,37.50295],[128.57649,37.50254],[128.57689,37.5017],[128.57742,37.50119],[128.57711,37.50053],[128.57722,37.4993],[128.57733,37.49883],[128.57723,37.49808],[128.57649,37.49654],[128.57662,37.49596],[128.57635,37.49538],[128.57589,37.49482],[128.57533,37.49375],[128.576,37.49316],[128.57684,37.49314],[128.57751,37.49266],[128.57902,37.4924],[128.57971,37.4919],[128.58156,37.49092],[128.58201,37.49115],[128.58335,37.49086],[128.58455,37.48912],[128.58445,37.48813],[128.58472,37.4882],[128.58446,37.4873],[128.58384,37.4875],[128.58313,37.4881],[128.58224,37.48909],[128.58128,37.49009],[128.58068,37.49025],[128.58008,37.49027],[128.57904,37.4899],[128.57675,37.48952],[128.57534,37.48919],[128.57352,37.48926],[128.57211,37.49023],[128.57099,37.49235],[128.57005,37.4977],[128.5655,37.50035],[128.56554,37.50244],[128.56507,37.50241],[128.56491,37.50151],[128.56487,37.50063],[128.56447,37.49995],[128.56429,37.49945],[128.56379,37.49877],[128.56309,37.49846],[128.5616,37.49636],[128.5617,37.49574],[128.56137,37.49488],[128.5607,37.49488],[128.56023,37.49464],[128.55982,37.49368],[128.55971,37.49277],[128.55921,37.49231],[128.5581,37.49047],[128.55796,37.48977],[128.55744,37.48942],[128.55659,37.48903],[128.55678,37.48818],[128.55673,37.48676],[128.55659,37.48573],[128.5571,37.48402],[128.55754,37.48324],[128.55794,37.4811],[128.55885,37.4797],[128.55958,37.47914],[128.55991,37.47845],[128.56001,37.47783],[128.56046,37.47743],[128.5602,37.4769],[128.56045,37.47619],[128.56047,37.47579],[128.56105,37.47518],[128.5612,37.47403],[128.56151,37.47333],[128.56149,37.47201],[128.56153,37.47046],[128.56183,37.46893],[128.56141,37.46789],[128.56161,37.46764],[128.56138,37.46685],[128.56128,37.46618],[128.56168,37.46585],[128.5621,37.46482],[128.56258,37.46448],[128.56282,37.46385],[128.56313,37.46352],[128.56343,37.46137],[128.56201,37.46069],[128.56166,37.46036],[128.56057,37.4599],[128.55992,37.45948],[128.55851,37.45874],[128.55771,37.45862],[128.55691,37.45827],[128.55562,37.45814],[128.55434,37.45705],[128.55376,37.45698],[128.55341,37.45676],[128.55219,37.45645],[128.5505,37.4576],[128.54971,37.45784],[128.5488,37.45833],[128.54824,37.45831],[128.54804,37.45862],[128.54748,37.45879],[128.54724,37.4591],[128.54628,37.4594],[128.54485,37.45951],[128.54387,37.45986],[128.5428,37.45945],[128.54225,37.45941],[128.54121,37.45988],[128.53873,37.46063],[128.53758,37.46084],[128.53689,37.46114],[128.53615,37.46114],[128.53541,37.46146],[128.53381,37.46157],[128.53253,37.46144],[128.53196,37.46168],[128.53081,37.46255],[128.53022,37.46261],[128.52909,37.46304],[128.52787,37.46292],[128.52573,37.46357],[128.5238,37.46362],[128.52367,37.46307],[128.52322,37.46189],[128.52292,37.46169],[128.52277,37.46132],[128.52201,37.4603],[128.52141,37.46025],[128.52021,37.45979],[128.51851,37.45883],[128.51845,37.45838],[128.51771,37.45794],[128.517,37.45767],[128.51639,37.45727],[128.51571,37.45722],[128.51493,37.45701],[128.51367,37.45574],[128.51321,37.4551],[128.51318,37.45465],[128.5134,37.45448],[128.5132,37.45406],[128.51317,37.45324],[128.51331,37.45228],[128.51324,37.45171],[128.51329,37.45107],[128.51303,37.44997],[128.51343,37.44916],[128.51337,37.44879],[128.51413,37.44696],[128.51509,37.44611],[128.51516,37.44535],[128.51537,37.4451],[128.51527,37.44342],[128.51579,37.44237],[128.51628,37.44181],[128.51678,37.4416],[128.51704,37.44123],[128.51786,37.44055],[128.51777,37.43985],[128.51803,37.43779],[128.51816,37.43736],[128.51807,37.43699],[128.51817,37.43593],[128.51863,37.43537],[128.51899,37.43445],[128.51842,37.43284],[128.51761,37.43229],[128.51687,37.43164],[128.51604,37.43038],[128.51456,37.42902],[128.5139,37.42828],[128.51376,37.42729],[128.51328,37.42666],[128.51319,37.42513],[128.51353,37.42284],[128.51161,37.42143],[128.51133,37.42105],[128.51014,37.42028],[128.50862,37.41946],[128.50671,37.41873],[128.50632,37.41822],[128.50625,37.41704],[128.50597,37.41656],[128.50781,37.41535],[128.50806,37.41478],[128.50826,37.41346],[128.50796,37.41229],[128.50833,37.41158],[128.50809,37.4109],[128.50844,37.41051],[128.50837,37.41026],[128.50917,37.40976],[128.50929,37.40933],[128.51065,37.40893],[128.5119,37.40693],[128.51239,37.40587],[128.51393,37.40411],[128.51552,37.40347],[128.5159,37.40354],[128.51794,37.40368],[128.51834,37.40384],[128.51972,37.40374],[128.52091,37.40336],[128.52143,37.40276],[128.52238,37.4025],[128.52339,37.4027],[128.52476,37.40233],[128.52612,37.40164],[128.52658,37.40174],[128.5272,37.40133],[128.52737,37.40135],[128.52849,37.40064],[128.52924,37.4004],[128.52993,37.39966],[128.53208,37.40015],[128.53279,37.40019],[128.53361,37.40051],[128.53462,37.40055],[128.53589,37.40027],[128.53889,37.39969],[128.53879,37.39921],[128.53883,37.39861],[128.53983,37.39721],[128.54043,37.39683],[128.54061,37.39591],[128.5405,37.39475],[128.54012,37.39274],[128.54057,37.39221],[128.54096,37.39136],[128.54133,37.39091],[128.54181,37.39052],[128.5427,37.3894],[128.54259,37.38884],[128.5424,37.38852],[128.54253,37.38748],[128.54315,37.38755],[128.54429,37.38708],[128.54441,37.38668],[128.54531,37.38601],[128.54478,37.38444],[128.54481,37.38273],[128.54459,37.38251],[128.5447,37.38193],[128.54528,37.38083],[128.54559,37.37978],[128.54651,37.37933],[128.5467,37.379],[128.54726,37.37886],[128.54805,37.37831],[128.54819,37.37735],[128.5498,37.376],[128.55035,37.37392],[128.55094,37.37309],[128.55119,37.37261],[128.55212,37.37133],[128.55315,37.37073],[128.5537,37.37053],[128.55328,37.37025],[128.55308,37.36966],[128.55347,37.36726],[128.55337,37.36709],[128.55339,37.36463],[128.55354,37.36417],[128.55233,37.36252],[128.55252,37.36105],[128.55106,37.36008],[128.55095,37.35978],[128.54945,37.35935],[128.54899,37.35904],[128.54886,37.35846],[128.54832,37.35787],[128.54844,37.35739],[128.54721,37.3549],[128.54823,37.35452],[128.55011,37.35476],[128.55182,37.35446],[128.55197,37.35414],[128.55275,37.35381],[128.554,37.35374],[128.55485,37.3532],[128.55606,37.35285],[128.5567,37.35283],[128.55753,37.35227],[128.55837,37.35142],[128.55853,37.3509],[128.56022,37.35058],[128.5611,37.34897],[128.56227,37.34859],[128.56344,37.34748],[128.56443,37.34723],[128.56486,37.34654],[128.56536,37.34629],[128.56546,37.34606],[128.56621,37.34531],[128.56589,37.34455],[128.56621,37.34303],[128.56624,37.3418],[128.56607,37.34154],[128.56626,37.34116],[128.56624,37.34051],[128.56646,37.3402],[128.56659,37.33958],[128.56756,37.3384],[128.56861,37.33721],[128.56937,37.33662],[128.56991,37.33587],[128.56926,37.3351],[128.56862,37.33477],[128.5686,37.33451],[128.56907,37.33348],[128.56908,37.33286],[128.56895,37.33261],[128.56915,37.33121],[128.5694,37.33066],[128.56985,37.33011],[128.57,37.32973],[128.57003,37.32906],[128.5699,37.3287],[128.57028,37.32764],[128.57075,37.32741],[128.57107,37.32658],[128.57078,37.32568],[128.57096,37.3252],[128.57207,37.32497],[128.57359,37.32438],[128.5735,37.3241],[128.57389,37.32297],[128.57461,37.32233],[128.57517,37.32147],[128.5752,37.32123],[128.57592,37.32044],[128.57575,37.31972],[128.57623,37.31899],[128.57617,37.31869],[128.57673,37.31789],[128.57702,37.31686],[128.57756,37.31663],[128.57786,37.31551],[128.57851,37.31493],[128.57873,37.31451],[128.57929,37.31423],[128.5797,37.31383],[128.5798,37.31319],[128.5801,37.31256],[128.58069,37.31172],[128.58117,37.31143],[128.58162,37.31138],[128.58259,37.31095],[128.58396,37.3106],[128.5839,37.31004],[128.58348,37.30933],[128.58322,37.30861],[128.58396,37.3082],[128.58461,37.30656],[128.58421,37.30492],[128.58339,37.3046],[128.58218,37.3023],[128.58145,37.30156],[128.58123,37.30146],[128.5803,37.3004],[128.57969,37.29873],[128.58027,37.29856],[128.58063,37.29783],[128.58108,37.29745],[128.58129,37.29684],[128.58293,37.29493],[128.58303,37.29395],[128.58509,37.29399],[128.58637,37.29337],[128.58859,37.29146],[128.58941,37.29044],[128.58941,37.28952],[128.59092,37.28754],[128.59251,37.28736],[128.59325,37.28665],[128.59413,37.28512],[128.59514,37.28452],[128.59635,37.28262],[128.59624,37.28221],[128.59631,37.28109],[128.5961,37.28008],[128.59503,37.27982],[128.59427,37.27977],[128.59341,37.27947],[128.59241,37.27874],[128.59202,37.27831],[128.59132,37.27821],[128.59072,37.27827],[128.59031,37.27816],[128.59018,37.27791],[128.58918,37.2774],[128.58889,37.27679],[128.58833,37.27623],[128.58782,37.276],[128.58713,37.27584],[128.58709,37.27548],[128.58613,37.27511],[128.58546,37.27526],[128.58508,37.2751],[128.58485,37.27469],[128.58427,37.27421],[128.58409,37.27309],[128.58304,37.27188],[128.58296,37.27151],[128.58215,37.27084],[128.5821,37.27067],[128.58239,37.26976],[128.58184,37.26871],[128.58145,37.26781],[128.58182,37.26763],[128.58203,37.26672],[128.58096,37.26663],[128.57956,37.2669],[128.57924,37.26702],[128.57864,37.26691],[128.5772,37.26706],[128.57683,37.26698],[128.57591,37.26712],[128.57602,37.26828],[128.57579,37.26887],[128.57499,37.26863],[128.57269,37.26982],[128.57065,37.27104],[128.56938,37.27108],[128.56826,37.27088],[128.56813,37.27037],[128.56756,37.26962],[128.56706,37.26865],[128.56596,37.26671],[128.56573,37.26365],[128.5653,37.26225],[128.56492,37.26061],[128.56484,37.25955],[128.56488,37.25808],[128.56496,37.25701],[128.56517,37.25595],[128.56588,37.25326],[128.56665,37.25314],[128.56765,37.25235],[128.56764,37.25182],[128.56809,37.25159],[128.56907,37.24986],[128.56956,37.24927],[128.57062,37.24861],[128.57104,37.24826],[128.57173,37.24798],[128.57243,37.24781],[128.57296,37.24755],[128.57395,37.24692],[128.5747,37.24663],[128.57529,37.2463],[128.57638,37.24555],[128.57674,37.24511],[128.57686,37.24463],[128.57657,37.2433],[128.57668,37.24226],[128.57637,37.24145],[128.57619,37.24018],[128.57625,37.23889],[128.57669,37.23781],[128.57633,37.23718],[128.57582,37.23651],[128.57561,37.23576],[128.57565,37.23515],[128.576,37.23436],[128.576,37.23372],[128.57625,37.23322],[128.57598,37.23272],[128.57621,37.23208],[128.5762,37.23146],[128.57643,37.23114],[128.57639,37.23062],[128.57682,37.22953],[128.57663,37.22895],[128.57683,37.22857],[128.57683,37.22798],[128.57704,37.22751],[128.57803,37.22672],[128.57815,37.22514],[128.57761,37.22426],[128.57758,37.22357],[128.57735,37.22227],[128.5779,37.22195],[128.57884,37.22018],[128.57921,37.22002],[128.58053,37.22076],[128.58228,37.22141],[128.58396,37.22127],[128.58465,37.2215],[128.58621,37.22115],[128.58678,37.22077],[128.5875,37.22046],[128.58807,37.22004],[128.5883,37.22006],[128.58889,37.21929],[128.58959,37.21871],[128.5907,37.21843],[128.59097,37.21808],[128.59161,37.21766],[128.59214,37.2176],[128.59293,37.21718],[128.5936,37.21704],[128.59416,37.21668],[128.59531,37.21628],[128.59673,37.21563],[128.59715,37.21559],[128.59776,37.21522],[128.59833,37.21458],[128.5998,37.21305],[128.60023,37.21278],[128.60039,37.21316],[128.60116,37.21416],[128.60184,37.21417],[128.60267,37.21456],[128.60285,37.21547],[128.60337,37.21586],[128.60342,37.21656],[128.60378,37.21695],[128.6038,37.21762],[128.60437,37.21828],[128.60619,37.2176],[128.60706,37.21788],[128.60844,37.2182],[128.60951,37.21864],[128.61037,37.2186],[128.61055,37.2184],[128.61122,37.21822],[128.61232,37.21815],[128.61356,37.21829],[128.61495,37.21811],[128.61535,37.21754],[128.61612,37.21696],[128.61807,37.21783],[128.61926,37.21863],[128.6197,37.21829],[128.62059,37.21739],[128.62073,37.21649],[128.62053,37.21598],[128.62057,37.2156],[128.62172,37.21484],[128.62237,37.21451],[128.62252,37.21339],[128.6221,37.21262],[128.62207,37.21173],[128.62143,37.21101],[128.62117,37.2106],[128.61987,37.21003],[128.61967,37.20943],[128.61914,37.20894],[128.61876,37.20822],[128.61871,37.2075],[128.61827,37.20656],[128.6176,37.20628],[128.61754,37.20599],[128.61897,37.20577],[128.62019,37.20539],[128.62063,37.20443],[128.62226,37.20422],[128.62227,37.20324],[128.62247,37.2019],[128.62279,37.20095],[128.62365,37.20061],[128.62403,37.20058],[128.6244,37.20026],[128.62442,37.20002],[128.6253,37.19985],[128.62639,37.19925],[128.62667,37.19867],[128.62715,37.19838],[128.62763,37.19858],[128.62848,37.19725],[128.62914,37.19604],[128.62908,37.19576],[128.6301,37.19629],[128.63087,37.19724],[128.63165,37.19747],[128.63289,37.19709],[128.63348,37.19662],[128.63397,37.19507],[128.63382,37.19425],[128.63462,37.19348],[128.63505,37.19295],[128.63533,37.19209],[128.63574,37.1916],[128.63558,37.19069],[128.63563,37.19009],[128.63542,37.18866],[128.63552,37.18778],[128.63593,37.18753],[128.63628,37.18711],[128.63701,37.18666],[128.63768,37.18659],[128.63855,37.18602],[128.63914,37.18469],[128.64008,37.18421],[128.64047,37.18367],[128.64121,37.18322],[128.64207,37.1824],[128.64312,37.18233],[128.64413,37.18212],[128.64487,37.1822],[128.64576,37.18207],[128.6465,37.18183],[128.64726,37.18224],[128.64848,37.18252],[128.64982,37.1831],[128.65054,37.18323],[128.65149,37.18353],[128.65237,37.18397],[128.65528,37.18585],[128.65712,37.1863],[128.65905,37.18656],[128.65952,37.18654],[128.6603,37.18677],[128.66115,37.18669],[128.66221,37.18633],[128.66296,37.18615],[128.66506,37.18632],[128.66639,37.18686],[128.66767,37.18561],[128.66817,37.18552],[128.66969,37.18612],[128.67089,37.18623],[128.67098,37.18653],[128.67168,37.18722],[128.6727,37.18706],[128.67376,37.1863],[128.67437,37.18628],[128.67447,37.18658],[128.67581,37.18695],[128.67676,37.18707],[128.67896,37.18633],[128.68032,37.18633],[128.6813,37.18586],[128.68172,37.18517],[128.68251,37.18492],[128.68384,37.18544],[128.68507,37.18561],[128.68613,37.18519],[128.68775,37.18486],[128.68799,37.18435],[128.6887,37.18439],[128.68968,37.18493],[128.69076,37.18514],[128.69274,37.18476],[128.69305,37.18451],[128.69439,37.18457],[128.69623,37.18589],[128.69698,37.18617],[128.69756,37.1877],[128.6989,37.18841],[128.69915,37.18958],[128.69918,37.19001],[128.7014,37.19072],[128.70225,37.1907],[128.70362,37.19056],[128.70471,37.19078],[128.70662,37.19058],[128.70875,37.19084],[128.70968,37.19079],[128.70992,37.191],[128.71055,37.19202],[128.71155,37.19243],[128.71248,37.19243],[128.71304,37.1931],[128.7141,37.19408],[128.71505,37.19502],[128.71603,37.1956],[128.71723,37.19584],[128.71811,37.19573],[128.7187,37.19557],[128.72098,37.19645],[128.72274,37.19702],[128.72383,37.19763],[128.72457,37.19826],[128.72528,37.19845],[128.72575,37.19842],[128.72752,37.19753],[128.72903,37.19729],[128.73012,37.19769],[128.73114,37.19754],[128.73189,37.19766],[128.73324,37.19865],[128.73337,37.20029],[128.7344,37.20138],[128.73543,37.20164],[128.73653,37.20324],[128.73797,37.20455],[128.73857,37.20493],[128.73979,37.20605],[128.74127,37.20699],[128.74212,37.2073],[128.74246,37.20762],[128.74384,37.2078],[128.74556,37.20906],[128.74638,37.21037],[128.74675,37.21084],[128.74789,37.21116],[128.74876,37.21195],[128.75061,37.21183],[128.7516,37.21142],[128.75431,37.21158],[128.75856,37.20882],[128.75923,37.2079],[128.76355,37.20635],[128.76477,37.20598],[128.76516,37.20536],[128.76577,37.20515],[128.76633,37.20446],[128.76741,37.20381],[128.76775,37.20336],[128.76829,37.20316],[128.76883,37.20325],[128.77022,37.20285],[128.77054,37.20259],[128.77173,37.20219],[128.77275,37.20245],[128.77423,37.20256],[128.77457,37.2019],[128.77569,37.20157],[128.77649,37.20151],[128.77885,37.20067],[128.77915,37.20071],[128.77978,37.20017],[128.78046,37.20033],[128.78267,37.20066],[128.78305,37.2006],[128.78345,37.20004],[128.78349,37.19975],[128.78456,37.19815],[128.78531,37.19786],[128.78743,37.19768],[128.78888,37.19788],[128.7907,37.19765],[128.79117,37.19721],[128.79209,37.19692],[128.79269,37.19704],[128.79389,37.19659],[128.7944,37.19672],[128.79533,37.19654],[128.7959,37.19629],[128.79703,37.19601],[128.79694,37.19537],[128.79772,37.19508],[128.7985,37.19463],[128.79997,37.1942],[128.80065,37.1941],[128.80127,37.19321],[128.80174,37.19266],[128.80239,37.1922],[128.80449,37.19138],[128.80456,37.19112],[128.80571,37.19082],[128.80584,37.19038],[128.80648,37.19001],[128.80752,37.19085],[128.80836,37.1906],[128.80936,37.19059],[128.80972,37.18922],[128.81145,37.18665],[128.81205,37.1862],[128.81516,37.18525],[128.81514,37.18492],[128.816,37.18364],[128.81661,37.18308],[128.81656,37.18292],[128.81691,37.18216],[128.81777,37.18073],[128.81817,37.1796],[128.81874,37.1788],[128.81958,37.1773],[128.82034,37.17616],[128.82147,37.17564],[128.82278,37.17565],[128.82459,37.17546],[128.82542,37.1749],[128.82642,37.17471],[128.8273,37.17487],[128.82809,37.17488],[128.82966,37.17558],[128.83011,37.176],[128.83112,37.17592],[128.83253,37.17594],[128.83349,37.17573],[128.83406,37.17528],[128.83482,37.1744],[128.83556,37.17302],[128.83562,37.17274],[128.83712,37.17166],[128.83739,37.17066],[128.83823,37.17061],[128.83936,37.16953],[128.84001,37.16857],[128.84011,37.16748],[128.84153,37.16774],[128.84155,37.1671],[128.84283,37.16716],[128.84396,37.16672],[128.84469,37.16677],[128.8455,37.16648],[128.84598,37.16703],[128.84757,37.16718],[128.84896,37.16681],[128.85039,37.16689],[128.85087,37.16731],[128.85267,37.16772],[128.85413,37.16764],[128.8554,37.16782],[128.85673,37.16785],[128.85727,37.16798],[128.85768,37.16793],[128.85901,37.1682],[128.85954,37.1685],[128.86046,37.16822],[128.86133,37.16856],[128.86235,37.16834],[128.86328,37.16846],[128.86345,37.16869],[128.86486,37.16922],[128.86521,37.16953],[128.86642,37.16925],[128.86706,37.16937],[128.86843,37.16836],[128.8701,37.16812],[128.87202,37.16731],[128.87634,37.16768],[128.87867,37.16784],[128.88031,37.16866],[128.88148,37.16859],[128.8823,37.16836],[128.88372,37.16892],[128.88485,37.16884],[128.88564,37.16847],[128.88649,37.16784],[128.88654,37.16675],[128.8863,37.16641],[128.88668,37.16531],[128.88816,37.16442],[128.88859,37.16349],[128.88899,37.16289],[128.88957,37.1628],[128.89079,37.16227],[128.89123,37.16177],[128.89188,37.16059],[128.89241,37.15886],[128.89217,37.15872],[128.89202,37.15688],[128.89253,37.15606],[128.89244,37.15536],[128.89248,37.15481],[128.89304,37.15379],[128.89317,37.15209],[128.89503,37.15136],[128.89563,37.15133],[128.897,37.15109],[128.89756,37.15085],[128.89832,37.15019],[128.89825,37.14912],[128.89909,37.14853],[128.89955,37.14774],[128.90053,37.14708],[128.90182,37.14777],[128.90365,37.14791],[128.90459,37.14819],[128.90501,37.14839],[128.90606,37.14817],[128.90708,37.14787],[128.90814,37.14794],[128.90917,37.14792],[128.91089,37.14886],[128.91194,37.14926],[128.91255,37.15003],[128.91285,37.15074],[128.9142,37.15339],[128.91493,37.15392],[128.91571,37.15538],[128.91597,37.15643],[128.91632,37.15715],[128.91674,37.15747],[128.91695,37.15792],[128.9168,37.15939],[128.91728,37.16069],[128.9176,37.16116],[128.91775,37.16233],[128.91758,37.16317],[128.91697,37.16465],[128.91689,37.16639],[128.91652,37.16726],[128.91645,37.16803],[128.91606,37.16878],[128.91592,37.16939],[128.91551,37.16985],[128.91503,37.17061],[128.91497,37.171],[128.91424,37.17114],[128.91358,37.17181],[128.9131,37.17267],[128.91269,37.17368],[128.91271,37.17409],[128.91247,37.17456],[128.91235,37.17544],[128.91247,37.17614],[128.91225,37.17678],[128.91185,37.17726],[128.912,37.17758],[128.91286,37.17836],[128.91331,37.17862],[128.91367,37.17899],[128.91401,37.17992],[128.91486,37.18078],[128.91453,37.1817],[128.91417,37.18305],[128.914,37.18412],[128.91377,37.18502],[128.91281,37.18574],[128.91275,37.18611],[128.91291,37.18713],[128.91272,37.1884],[128.91283,37.18935],[128.91305,37.18987],[128.9131,37.19094],[128.91333,37.1911],[128.91309,37.19164],[128.9126,37.1922],[128.91208,37.19348],[128.9128,37.19442],[128.91299,37.19483],[128.91202,37.19596],[128.91151,37.19689],[128.91174,37.19806],[128.91289,37.20004],[128.9143,37.20189],[128.91474,37.2033],[128.91555,37.20462],[128.9156,37.20583],[128.91608,37.20669],[128.91586,37.20848],[128.91551,37.21021],[128.91607,37.21185],[128.91165,37.21322],[128.91098,37.21515],[128.9092,37.21581],[128.90797,37.21655],[128.90719,37.21665],[128.9067,37.2172],[128.90602,37.21771],[128.90546,37.21792],[128.9054,37.21946],[128.90492,37.22094],[128.90408,37.22234],[128.90381,37.224],[128.90355,37.22491],[128.90363,37.22569],[128.90439,37.22726],[128.9044,37.22784],[128.90394,37.22803],[128.90315,37.22869],[128.90218,37.2304],[128.90118,37.23077],[128.90098,37.23122],[128.90081,37.23265],[128.90017,37.23306],[128.9,37.23337],[128.90015,37.23403],[128.89986,37.23474],[128.89925,37.235],[128.89865,37.23595],[128.8986,37.23647],[128.89886,37.23709],[128.89963,37.23819],[128.89988,37.23904],[128.90067,37.2402],[128.90071,37.24187],[128.9008,37.24291],[128.90031,37.24392],[128.89975,37.24434],[128.89911,37.24519],[128.89849,37.24574],[128.89828,37.24639],[128.89803,37.24801],[128.89801,37.24848],[128.89775,37.24885],[128.89691,37.24914],[128.89668,37.24934],[128.89691,37.24986],[128.89695,37.25028],[128.89648,37.25102],[128.89528,37.25166],[128.895,37.2522],[128.89514,37.2527],[128.89472,37.2531],[128.8947,37.25349],[128.89417,37.25403],[128.89353,37.25436],[128.89287,37.25432],[128.89206,37.25461],[128.89159,37.25519],[128.89145,37.25596],[128.88986,37.25769],[128.88847,37.2589],[128.88714,37.26088],[128.88681,37.26176],[128.8861,37.26207],[128.88524,37.2621],[128.88455,37.26196],[128.88349,37.26196],[128.88281,37.26243],[128.88175,37.26292],[128.88087,37.26391],[128.88025,37.26439],[128.87992,37.26492],[128.88031,37.26571],[128.8804,37.26639],[128.88066,37.2675],[128.88096,37.26774],[128.88113,37.26824],[128.88121,37.26893],[128.88188,37.27095],[128.88216,37.27146],[128.88207,37.27185],[128.88254,37.27222],[128.88302,37.2723],[128.88396,37.27287],[128.88481,37.27288],[128.88526,37.27315],[128.88655,37.27294],[128.88717,37.27308],[128.88763,37.27306],[128.88822,37.27354],[128.88838,37.27394],[128.8883,37.27451],[128.88874,37.27549],[128.88874,37.27593],[128.88798,37.27629],[128.88702,37.27655],[128.8861,37.27665],[128.88545,37.27698],[128.8849,37.27699],[128.88397,37.27668],[128.88296,37.27697],[128.88238,37.27783],[128.88175,37.27823],[128.88131,37.2784],[128.88021,37.2783],[128.87759,37.27869],[128.8771,37.27869],[128.87607,37.27965],[128.87572,37.28008],[128.87488,37.28075],[128.87453,37.2808],[128.87389,37.2812],[128.87358,37.2816],[128.87314,37.28182],[128.87312,37.2824],[128.87292,37.28287],[128.87169,37.28445],[128.87167,37.28488],[128.87182,37.28592],[128.87176,37.28671],[128.87221,37.2876],[128.87187,37.28814],[128.87243,37.28923],[128.87234,37.29016],[128.87126,37.29141],[128.87098,37.29182],[128.8698,37.29215],[128.86825,37.29304],[128.86775,37.29299],[128.86732,37.29322],[128.86664,37.29311],[128.86585,37.29322],[128.86537,37.29387],[128.86514,37.29401],[128.8645,37.29472],[128.86411,37.29558],[128.86373,37.29573],[128.86339,37.29613],[128.8628,37.29619],[128.86166,37.29647],[128.86138,37.29683],[128.86049,37.2977],[128.8598,37.29808],[128.85933,37.29899],[128.85916,37.30001],[128.85879,37.30017],[128.85861,37.3015],[128.85865,37.30287],[128.85847,37.30423],[128.85917,37.3048],[128.85957,37.30535],[128.85961,37.3066],[128.85973,37.30723],[128.86021,37.30775],[128.86103,37.30841],[128.86144,37.30905],[128.8621,37.30962],[128.86341,37.31048],[128.86476,37.31163],[128.86547,37.31192],[128.86752,37.31242],[128.86697,37.31464],[128.86702,37.31486],[128.8683,37.31617],[128.8694,37.31756],[128.87013,37.31901],[128.87157,37.31944],[128.87283,37.32081],[128.87326,37.3211],[128.87405,37.32135],[128.87485,37.32195],[128.87648,37.32285],[128.87795,37.32381],[128.87836,37.32399],[128.87749,37.32441],[128.87623,37.32586],[128.87591,37.32589],[128.87332,37.32694],[128.87146,37.32809],[128.87132,37.32849],[128.87069,37.32905],[128.86998,37.3294],[128.86946,37.33068],[128.86951,37.33098],[128.86929,37.3316],[128.86939,37.33208],[128.86857,37.33345],[128.86859,37.33443],[128.86802,37.33541],[128.86798,37.33628],[128.86746,37.33718],[128.86685,37.33896],[128.86626,37.33903],[128.8646,37.33901],[128.86346,37.33846],[128.86219,37.33894],[128.86115,37.33902],[128.86031,37.33961],[128.85827,37.34032],[128.8564,37.34083],[128.85554,37.34061],[128.85483,37.3409],[128.85381,37.34109],[128.85301,37.34133],[128.85176,37.34143],[128.84978,37.34131],[128.84915,37.34147],[128.84824,37.34087],[128.84657,37.3399],[128.84603,37.33973],[128.84594,37.3404],[128.84595,37.34117],[128.84615,37.34219],[128.84648,37.34432],[128.84708,37.34526],[128.84723,37.34577],[128.8475,37.34615],[128.84766,37.34687],[128.84792,37.34737],[128.84777,37.34772],[128.84782,37.34883],[128.84845,37.34987],[128.84834,37.3504],[128.84852,37.35072],[128.84942,37.35142],[128.84945,37.35163],[128.84905,37.35215],[128.84922,37.35267],[128.84907,37.3536],[128.8492,37.3542],[128.849,37.35573],[128.84905,37.35607],[128.84978,37.35713],[128.84988,37.35786],[128.85029,37.35825],[128.85168,37.35853],[128.85192,37.35863],[128.85217,37.35949],[128.85134,37.36115],[128.85168,37.36153],[128.85167,37.36177],[128.85128,37.3623],[128.8513,37.36261],[128.85213,37.36341],[128.85229,37.36388],[128.85186,37.36466],[128.85158,37.36488],[128.85163,37.36564],[128.85209,37.36584],[128.85343,37.36612],[128.85447,37.3667],[128.85444,37.36729],[128.85389,37.36798],[128.85364,37.36853],[128.85385,37.36874],[128.85436,37.3688],[128.85465,37.36899],[128.85501,37.3697],[128.85497,37.37124],[128.85519,37.37183],[128.85553,37.37205],[128.85619,37.37226],[128.85636,37.37257],[128.85603,37.37316],[128.85597,37.3739],[128.85604,37.37421],[128.85659,37.37459],[128.85675,37.37497],[128.85678,37.37599],[128.8571,37.37647],[128.85744,37.37665],[128.85825,37.37689],[128.85839,37.37733],[128.85816,37.37812],[128.85798,37.37912],[128.85784,37.38035],[128.85791,37.38079],[128.8583,37.38136],[128.85872,37.38177],[128.86018,37.38166],[128.86058,37.38169],[128.86137,37.38202],[128.86157,37.38228],[128.86175,37.38353],[128.8623,37.3851],[128.86273,37.38586],[128.86354,37.38633],[128.86429,37.38708],[128.8646,37.38862],[128.86515,37.39002],[128.86537,37.39035],[128.86628,37.39063],[128.86852,37.39102],[128.86896,37.39145],[128.86914,37.392],[128.86905,37.39277],[128.86885,37.39334],[128.86798,37.39437],[128.86933,37.39454],[128.86986,37.39466],[128.87038,37.39498],[128.87069,37.39543],[128.87068,37.39608],[128.87043,37.39672],[128.87,37.39748],[128.8698,37.39816],[128.8698,37.39875],[128.87037,37.39982],[128.87072,37.4003],[128.87244,37.40101],[128.87345,37.40123],[128.87391,37.40115],[128.87509,37.40154],[128.87532,37.4019],[128.8775,37.40251],[128.87877,37.40304],[128.87924,37.40343],[128.88282,37.4044],[128.88335,37.40511],[128.88383,37.40553],[128.88455,37.40586],[128.88473,37.40625],[128.88589,37.40607],[128.88653,37.40579],[128.88752,37.40571],[128.88782,37.4055],[128.88954,37.40484],[128.88973,37.40529],[128.89034,37.40589],[128.89159,37.40666],[128.89185,37.40689],[128.89318,37.40763],[128.89366,37.4082],[128.89442,37.40882],[128.89455,37.40919],[128.89543,37.40956],[128.89603,37.41078],[128.89682,37.41166],[128.89707,37.4129],[128.89745,37.41371],[128.89741,37.41393],[128.8979,37.41512],[128.89773,37.41549],[128.89768,37.41633],[128.89743,37.4168],[128.89773,37.41786],[128.89769,37.41855],[128.89793,37.4196],[128.89774,37.42013],[128.89859,37.42104],[128.89861,37.42185],[128.89838,37.42396],[128.89713,37.42571],[128.89803,37.42736],[128.89783,37.42902],[128.89795,37.42916],[128.89786,37.43029],[128.89837,37.43095],[128.89841,37.43156],[128.89995,37.43265],[128.90005,37.43283],[128.90002,37.43352],[128.90132,37.43486],[128.90123,37.43554],[128.90279,37.43722],[128.9032,37.43759],[128.90407,37.43807],[128.90606,37.43748],[128.90722,37.437],[128.9083,37.43687],[128.91061,37.43634],[128.91163,37.43721],[128.91228,37.43804],[128.91328,37.43829],[128.91449,37.43966],[128.91649,37.44066],[128.91874,37.44125],[128.91909,37.44185],[128.91972,37.44262],[128.91999,37.44341],[128.92118,37.44531],[128.92252,37.44627],[128.92383,37.44671],[128.92485,37.4468],[128.92521,37.44707],[128.92584,37.44723],[128.92756,37.44856],[128.93087,37.44847],[128.93237,37.44776],[128.93429,37.4476],[128.93531,37.44867],[128.93547,37.44955],[128.93525,37.44988],[128.93562,37.45039],[128.93711,37.45109],[128.93872,37.45103],[128.94061,37.45006],[128.94385,37.4493],[128.94617,37.44954],[128.94687,37.44974],[128.95086,37.44945],[128.9521,37.44963],[128.95508,37.44942],[128.95668,37.44752],[128.95677,37.44722],[128.95738,37.44692],[128.95762,37.44664],[128.95871,37.44819],[128.95899,37.44886],[128.96,37.45019],[128.96,37.45111],[128.96233,37.45258],[128.96314,37.45353],[128.96434,37.45475],[128.96454,37.45756],[128.96425,37.45777],[128.96416,37.45917],[128.96539,37.46042],[128.9662,37.46032],[128.96724,37.46039],[128.96898,37.46076],[128.96936,37.46112],[128.97033,37.46161],[128.97116,37.46292],[128.97126,37.46325],[128.97197,37.46325],[128.97378,37.46339],[128.97393,37.4648],[128.97419,37.46538],[128.97465,37.46574],[128.97575,37.46735],[128.97737,37.46862],[128.97923,37.46901],[128.98083,37.4693],[128.98187,37.46961],[128.98332,37.46993],[128.98367,37.47015],[128.98471,37.47041],[128.98501,37.47154],[128.98636,37.47246],[128.98593,37.47299],[128.98595,37.47318],[128.987,37.47438],[128.98757,37.47533],[128.98698,37.47562],[128.98627,37.47638],[128.98671,37.4773],[128.9874,37.47801],[128.9881,37.47932],[128.98643,37.48142],[128.9857,37.48277],[128.98618,37.4837],[128.98762,37.48363],[128.9885,37.48334],[128.98919,37.4834],[128.98957,37.48377],[128.98966,37.48451],[128.98909,37.48571],[128.98923,37.48676],[128.9888,37.4868],[128.98864,37.48749],[128.98886,37.48792],[128.98828,37.49003],[128.98685,37.49123],[128.98653,37.49253],[128.98679,37.49312],[128.98596,37.49299],[128.98532,37.49307],[128.98456,37.49357],[128.98362,37.49305],[128.98314,37.49336],[128.9825,37.49317],[128.98172,37.49357],[128.98076,37.49372],[128.98046,37.49361],[128.97968,37.49431],[128.97914,37.49402],[128.97866,37.49346],[128.97626,37.49293],[128.97555,37.4931],[128.9745,37.49248],[128.97346,37.49226],[128.97307,37.49183],[128.97251,37.49164],[128.97179,37.49202],[128.97096,37.49266],[128.97014,37.49402],[128.97002,37.49473],[128.97115,37.49667],[128.9714,37.49793],[128.97193,37.49822],[128.97346,37.50002],[128.97351,37.50046],[128.97383,37.50181],[128.97468,37.50273],[128.97439,37.50344],[128.97326,37.50457],[128.97252,37.50572],[128.97187,37.50564],[128.97076,37.50603],[128.9698,37.50563],[128.96911,37.50563],[128.96817,37.50585],[128.96668,37.50543],[128.96649,37.50527],[128.96585,37.50516],[128.96514,37.50541],[128.96491,37.50614],[128.96467,37.50646],[128.96418,37.50769],[128.96297,37.50817],[128.96288,37.50852],[128.96185,37.50952],[128.96134,37.51174],[128.96098,37.51258],[128.96132,37.51321],[128.96232,37.51369],[128.96242,37.51443],[128.96339,37.51489],[128.96387,37.51716],[128.9643,37.51763],[128.96583,37.51846],[128.96707,37.51937],[128.96776,37.52057],[128.9682,37.52219],[128.96846,37.5227],[128.96823,37.5242],[128.96729,37.52598],[128.96772,37.52644],[128.96821,37.52719],[128.96789,37.52776],[128.96863,37.52826],[128.96887,37.52969],[128.96873,37.53023],[128.9692,37.53038],[128.96984,37.53104],[128.97122,37.53218],[128.97195,37.53232],[128.9725,37.53303],[128.97338,37.53374]]]},"properties":{"code":"51770","name":"정선군","bbox":[128.50597,37.14708,128.98966,37.59292],"labelPoint":[128.72184,37.38181]}},{"type":"Feature","geometry":{"type":"Polygon","coordinates":[[[127.88847,38.30877],[127.88255,38.31044],[127.87945,38.31217],[127.87486,38.31689],[127.87364,38.31616],[127.86952,38.31522],[127.86546,38.31421],[127.86208,38.31308],[127.8588,38.31182],[127.85795,38.31173],[127.85724,38.31203],[127.85642,38.3125],[127.85485,38.31293],[127.8526,38.31442],[127.85119,38.31463],[127.8496,38.31425],[127.84697,38.31283],[127.84238,38.30923],[127.83947,38.3077],[127.83304,38.30543],[127.83113,38.30513],[127.82935,38.30531],[127.82682,38.3045],[127.82459,38.30417],[127.82174,38.30379],[127.82117,38.30538],[127.81909,38.30777],[127.81445,38.31144],[127.81052,38.31394],[127.80562,38.31691],[127.80075,38.32022],[127.79734,38.32306],[127.79046,38.33446],[127.78816,38.34052],[127.78726,38.34347],[127.78631,38.34519],[127.7854,38.34694],[127.78367,38.34854],[127.78242,38.349],[127.78139,38.34893],[127.78046,38.34862],[127.7793,38.34765],[127.77858,38.34675],[127.77613,38.34248],[127.77551,38.34164],[127.77424,38.34098],[127.77254,38.34088],[127.77216,38.34066],[127.77222,38.33997],[127.77265,38.33909],[127.77254,38.33867],[127.77162,38.33841],[127.77122,38.33798],[127.77148,38.33757],[127.7722,38.33732],[127.77239,38.33689],[127.7718,38.33638],[127.77102,38.33634],[127.77046,38.3362],[127.7699,38.33561],[127.76934,38.33524],[127.76829,38.3351],[127.76806,38.33548],[127.76829,38.3357],[127.76802,38.33615],[127.76734,38.33604],[127.76717,38.33641],[127.76592,38.33619],[127.76467,38.33634],[127.76376,38.33727],[127.76312,38.33771],[127.76226,38.33765],[127.76169,38.33803],[127.76087,38.33816],[127.75974,38.33798],[127.75862,38.3373],[127.7584,38.33708],[127.75872,38.33682],[127.7584,38.33643],[127.7579,38.3363],[127.75743,38.33592],[127.75619,38.3358],[127.75565,38.33549],[127.75482,38.33527],[127.75465,38.33478],[127.754,38.33409],[127.75305,38.33379],[127.7515,38.33378],[127.75104,38.33387],[127.75041,38.33442],[127.74745,38.33635],[127.74681,38.33686],[127.74654,38.33719],[127.746,38.33755],[127.74582,38.33806],[127.74548,38.33838],[127.74546,38.33871],[127.74503,38.33878],[127.74458,38.33904],[127.74433,38.33967],[127.7438,38.34009],[127.74471,38.34057],[127.74438,38.34137],[127.74494,38.34176],[127.74608,38.34214],[127.74559,38.34292],[127.74423,38.34229],[127.74276,38.34155],[127.74226,38.3414],[127.74105,38.34072],[127.73898,38.34048],[127.73645,38.34036],[127.73573,38.3402],[127.73514,38.3399],[127.73464,38.33946],[127.7338,38.33852],[127.73335,38.33826],[127.73262,38.33746],[127.73177,38.33692],[127.73099,38.33631],[127.72981,38.33562],[127.72865,38.33502],[127.72705,38.33446],[127.7262,38.33431],[127.7233,38.33332],[127.72206,38.33245],[127.72019,38.33137],[127.71852,38.3308],[127.71595,38.32947],[127.71508,38.32932],[127.71455,38.32947],[127.71421,38.33016],[127.71447,38.33236],[127.71434,38.33373],[127.71401,38.33431],[127.71344,38.33422],[127.71318,38.3339],[127.71244,38.33394],[127.71226,38.33432],[127.71186,38.33447],[127.71085,38.33455],[127.70991,38.33398],[127.70951,38.33447],[127.70979,38.33481],[127.70828,38.33489],[127.70795,38.33474],[127.70708,38.33479],[127.70647,38.33466],[127.70581,38.33491],[127.70537,38.33495],[127.70453,38.33524],[127.7038,38.33566],[127.70212,38.33623],[127.70165,38.33614],[127.70041,38.33616],[127.69915,38.33573],[127.69753,38.33475],[127.69619,38.33359],[127.69507,38.3319],[127.69422,38.32992],[127.69423,38.32972],[127.69388,38.32902],[127.69387,38.32874],[127.69326,38.32766],[127.69302,38.3271],[127.6924,38.32613],[127.69142,38.32544],[127.69052,38.32529],[127.69016,38.32514],[127.68973,38.32531],[127.68948,38.32515],[127.68812,38.32486],[127.68755,38.32482],[127.68733,38.32462],[127.68631,38.32482],[127.68625,38.32464],[127.68521,38.32456],[127.68473,38.32434],[127.68501,38.32347],[127.68421,38.32398],[127.68339,38.32421],[127.68297,38.32449],[127.68272,38.32517],[127.68237,38.32578],[127.68186,38.32537],[127.68027,38.3248],[127.67971,38.32473],[127.67877,38.32444],[127.67756,38.32442],[127.67584,38.32422],[127.67513,38.32408],[127.67451,38.32384],[127.67342,38.32381],[127.67212,38.32369],[127.67083,38.32331],[127.67023,38.32322],[127.6695,38.32277],[127.66904,38.32272],[127.66859,38.32335],[127.66791,38.32379],[127.66728,38.32438],[127.66678,38.32523],[127.66579,38.32577],[127.66497,38.32596],[127.664,38.32696],[127.66336,38.32698],[127.66276,38.32648],[127.66255,38.32608],[127.66277,38.32582],[127.66288,38.3252],[127.66144,38.32527],[127.66033,38.32485],[127.66001,38.32459],[127.65931,38.3243],[127.65901,38.3238],[127.65821,38.32353],[127.65687,38.32398],[127.65593,38.32388],[127.65525,38.32451],[127.65395,38.32499],[127.65294,38.32546],[127.63422,38.32536],[127.63422,38.32492],[127.63386,38.32401],[127.63352,38.32279],[127.63181,38.32367],[127.63066,38.32448],[127.62976,38.32551],[127.62885,38.32532],[127.62774,38.32519],[127.62682,38.32535],[127.62616,38.32572],[127.6259,38.32569],[127.62546,38.32525],[127.62496,38.325],[127.62401,38.32507],[127.62331,38.32502],[127.62191,38.32475],[127.62131,38.32491],[127.61939,38.3249],[127.61837,38.32521],[127.6179,38.32585],[127.61745,38.32623],[127.61628,38.32635],[127.61589,38.32668],[127.61733,38.32854],[127.61735,38.32903],[127.61718,38.32962],[127.61659,38.33038],[127.61589,38.33064],[127.6156,38.33089],[127.61561,38.3312],[127.61527,38.3323],[127.61579,38.33256],[127.61539,38.33297],[127.61572,38.33358],[127.61544,38.33407],[127.61507,38.33388],[127.61449,38.33397],[127.61415,38.33388],[127.61363,38.33427],[127.61312,38.33409],[127.61321,38.33462],[127.61313,38.33561],[127.61282,38.336],[127.61222,38.33556],[127.61192,38.3357],[127.61021,38.33605],[127.6098,38.33589],[127.60937,38.33598],[127.60939,38.33655],[127.60905,38.33675],[127.6006,38.33631],[127.6,38.33619],[127.59955,38.33359],[127.59793,38.33467],[127.59714,38.33477],[127.59652,38.33498],[127.59591,38.33475],[127.59545,38.33425],[127.59482,38.33429],[127.5945,38.33493],[127.59431,38.33593],[127.5938,38.33609],[127.59309,38.33574],[127.59256,38.33584],[127.5922,38.33644],[127.59161,38.33688],[127.59133,38.3369],[127.5909,38.33656],[127.59065,38.33605],[127.58932,38.33661],[127.58817,38.3369],[127.588,38.33712],[127.58755,38.33709],[127.58742,38.33673],[127.58609,38.33631],[127.58494,38.33631],[127.58471,38.33661],[127.58394,38.33667],[127.58298,38.33527],[127.58156,38.33533],[127.58123,38.33514],[127.58085,38.33571],[127.58006,38.33593],[127.57855,38.33574],[127.57803,38.33616],[127.57784,38.33666],[127.57722,38.33614],[127.5762,38.33559],[127.57427,38.33443],[127.5738,38.33399],[127.57246,38.33329],[127.57244,38.33293],[127.57131,38.33204],[127.57057,38.33128],[127.56991,38.33129],[127.56858,38.33114],[127.56808,38.33084],[127.56722,38.33087],[127.56677,38.33073],[127.56597,38.33028],[127.56503,38.33049],[127.56457,38.33042],[127.56449,38.33014],[127.56396,38.33001],[127.56365,38.32958],[127.56314,38.32997],[127.56277,38.32989],[127.56166,38.32933],[127.56093,38.32886],[127.56035,38.32859],[127.5596,38.32858],[127.55832,38.32803],[127.5572,38.32808],[127.55505,38.32751],[127.55449,38.32743],[127.55383,38.3272],[127.55315,38.32725],[127.55205,38.32719],[127.55195,38.32741],[127.5507,38.32751],[127.54982,38.32697],[127.54972,38.32597],[127.54908,38.32574],[127.54832,38.3256],[127.54798,38.32538],[127.54719,38.32546],[127.54654,38.32501],[127.54642,38.32433],[127.54586,38.3243],[127.54539,38.32408],[127.54584,38.32318],[127.54565,38.32248],[127.54534,38.32221],[127.54488,38.32237],[127.54446,38.32202],[127.54414,38.32136],[127.5435,38.32075],[127.54247,38.32018],[127.54156,38.3203],[127.54124,38.31992],[127.54084,38.31997],[127.54012,38.31958],[127.5405,38.31936],[127.53993,38.31908],[127.54007,38.31881],[127.53881,38.31858],[127.53873,38.31817],[127.53816,38.31808],[127.53825,38.31773],[127.53638,38.31725],[127.53508,38.31674],[127.53508,38.31613],[127.5338,38.31617],[127.53278,38.31598],[127.53248,38.31549],[127.5325,38.31482],[127.53239,38.31467],[127.53135,38.31456],[127.53096,38.31422],[127.53024,38.31388],[127.52976,38.3135],[127.52955,38.31307],[127.52896,38.31256],[127.52828,38.31179],[127.52685,38.31127],[127.52613,38.31038],[127.52549,38.30987],[127.52492,38.30986],[127.5248,38.30967],[127.52394,38.30905],[127.52326,38.30896],[127.52309,38.30878],[127.52248,38.30867],[127.52072,38.3086],[127.52034,38.30844],[127.5195,38.30839],[127.51807,38.30778],[127.51721,38.30732],[127.51665,38.30636],[127.51663,38.30608],[127.51627,38.30586],[127.51574,38.30468],[127.51491,38.30425],[127.51461,38.30389],[127.51435,38.30392],[127.51384,38.30362],[127.51331,38.30354],[127.51281,38.30361],[127.51188,38.30319],[127.51142,38.3027],[127.51006,38.30241],[127.50945,38.30218],[127.50899,38.30185],[127.5081,38.30179],[127.50715,38.3015],[127.50677,38.30126],[127.50596,38.30106],[127.50519,38.30106],[127.5042,38.30062],[127.50405,38.30084],[127.5036,38.30092],[127.50267,38.30077],[127.50121,38.30078],[127.50102,38.30047],[127.50014,38.30032],[127.50015,38.30078],[127.499,38.30038],[127.49831,38.29987],[127.49739,38.29969],[127.49724,38.29988],[127.49791,38.3002],[127.49759,38.30077],[127.49676,38.30065],[127.49647,38.301],[127.49572,38.30087],[127.4954,38.30111],[127.4948,38.30116],[127.49421,38.30155],[127.49444,38.30186],[127.49364,38.30269],[127.49345,38.30337],[127.49275,38.3032],[127.49199,38.30319],[127.49197,38.30347],[127.49132,38.30478],[127.49027,38.30506],[127.49014,38.305],[127.48932,38.3055],[127.48981,38.30588],[127.48921,38.30607],[127.48875,38.30602],[127.48828,38.30655],[127.48833,38.30692],[127.48739,38.30715],[127.48708,38.30684],[127.48632,38.3068],[127.48531,38.30656],[127.48483,38.30627],[127.48395,38.3064],[127.48337,38.30623],[127.48265,38.30637],[127.48162,38.3068],[127.48097,38.30801],[127.4806,38.30855],[127.48032,38.3092],[127.47983,38.30982],[127.47909,38.31102],[127.47921,38.31168],[127.47903,38.31205],[127.4781,38.31245],[127.47772,38.31294],[127.47713,38.31322],[127.47668,38.31391],[127.47657,38.3149],[127.47623,38.31573],[127.47546,38.31603],[127.47509,38.31644],[127.47399,38.31667],[127.47233,38.31627],[127.47084,38.31658],[127.47031,38.31702],[127.46891,38.31732],[127.46833,38.3177],[127.46864,38.31799],[127.46821,38.31831],[127.46789,38.31787],[127.46637,38.31736],[127.46603,38.31709],[127.46535,38.31692],[127.46578,38.31744],[127.46582,38.31799],[127.46476,38.31864],[127.46477,38.31939],[127.46441,38.32026],[127.46439,38.32096],[127.46329,38.32149],[127.46203,38.32178],[127.46135,38.32256],[127.46089,38.32294],[127.46055,38.32361],[127.46048,38.32412],[127.4597,38.32433],[127.45954,38.32493],[127.45908,38.32538],[127.45875,38.32634],[127.45822,38.32665],[127.45702,38.3268],[127.45625,38.32663],[127.45573,38.32631],[127.45516,38.32659],[127.45455,38.32712],[127.45337,38.32711],[127.45288,38.32676],[127.45156,38.32654],[127.45157,38.326],[127.45115,38.32556],[127.45114,38.32492],[127.45069,38.32437],[127.45118,38.32356],[127.45121,38.32299],[127.45099,38.3226],[127.45111,38.32218],[127.45216,38.32154],[127.45287,38.32061],[127.4535,38.32002],[127.45378,38.31938],[127.45392,38.31821],[127.45319,38.31775],[127.45216,38.31753],[127.45172,38.31725],[127.45094,38.31701],[127.45053,38.31661],[127.45026,38.31687],[127.44931,38.31691],[127.44885,38.31707],[127.44808,38.3167],[127.44741,38.3168],[127.44706,38.31668],[127.44526,38.31683],[127.44546,38.31732],[127.44528,38.3176],[127.44478,38.31768],[127.44453,38.31717],[127.44401,38.31709],[127.44416,38.3176],[127.4448,38.31835],[127.44532,38.31845],[127.44552,38.31871],[127.44518,38.31902],[127.4447,38.31866],[127.4443,38.31877],[127.44336,38.31817],[127.44265,38.31841],[127.44201,38.31845],[127.44145,38.31859],[127.44106,38.31829],[127.44031,38.31821],[127.43978,38.31835],[127.44019,38.31871],[127.43974,38.31895],[127.43992,38.31981],[127.4397,38.31997],[127.43886,38.31968],[127.43829,38.31932],[127.43722,38.31988],[127.43658,38.31971],[127.4362,38.31932],[127.43555,38.31936],[127.43556,38.31997],[127.4361,38.32034],[127.4362,38.32059],[127.43576,38.3213],[127.4355,38.32156],[127.43431,38.32097],[127.43344,38.32172],[127.43308,38.32132],[127.43279,38.32131],[127.4322,38.32158],[127.432,38.32205],[127.431,38.32247],[127.43115,38.32268],[127.43047,38.3234],[127.4293,38.32437],[127.42863,38.32521],[127.42807,38.32603],[127.42752,38.32599],[127.42725,38.3263],[127.42769,38.32662],[127.42755,38.3268],[127.42679,38.32691],[127.42621,38.32718],[127.42544,38.3274],[127.42517,38.32734],[127.42433,38.32747],[127.42367,38.32792],[127.4228,38.32813],[127.42204,38.32789],[127.421,38.32806],[127.42041,38.32825],[127.41899,38.32852],[127.41847,38.32848],[127.41789,38.32872],[127.41728,38.32925],[127.4169,38.32907],[127.41689,38.32831],[127.41626,38.32859],[127.4157,38.32842],[127.41536,38.32867],[127.41455,38.32841],[127.41407,38.32846],[127.41374,38.32919],[127.41282,38.32927],[127.41222,38.32914],[127.41193,38.32933],[127.41109,38.32952],[127.41108,38.32988],[127.41008,38.33042],[127.40948,38.33041],[127.40997,38.33154],[127.40955,38.3319],[127.40898,38.33185],[127.40805,38.33159],[127.40785,38.33212],[127.40721,38.33236],[127.40653,38.33245],[127.4064,38.33223],[127.40447,38.33226],[127.40402,38.33193],[127.40312,38.33151],[127.40251,38.33265],[127.40225,38.33261],[127.40189,38.33304],[127.40183,38.33356],[127.40141,38.33408],[127.40123,38.33384],[127.40035,38.33348],[127.40034,38.33294],[127.3999,38.33318],[127.40023,38.33355],[127.40018,38.33381],[127.39934,38.3332],[127.39878,38.33311],[127.39846,38.33353],[127.39819,38.33355],[127.39778,38.33289],[127.39718,38.33241],[127.39682,38.332],[127.39642,38.33177],[127.39552,38.3316],[127.3956,38.33221],[127.39596,38.33275],[127.395,38.33267],[127.3936,38.33273],[127.39297,38.33339],[127.39257,38.33342],[127.39236,38.33306],[127.39187,38.33304],[127.39147,38.33283],[127.39025,38.33297],[127.3897,38.3332],[127.38889,38.33422],[127.38851,38.33516],[127.38816,38.33494],[127.38824,38.33443],[127.38794,38.3344],[127.38787,38.3349],[127.3875,38.33532],[127.38691,38.33523],[127.38687,38.33496],[127.38585,38.33485],[127.38523,38.33464],[127.38467,38.33458],[127.38372,38.33434],[127.38333,38.3348],[127.38338,38.33525],[127.38404,38.3352],[127.38421,38.3354],[127.38395,38.33573],[127.38343,38.3358],[127.38315,38.33616],[127.38221,38.33594],[127.38221,38.33668],[127.38205,38.33704],[127.38127,38.33716],[127.38077,38.33715],[127.38095,38.3364],[127.37996,38.33651],[127.3795,38.33564],[127.37869,38.33573],[127.37858,38.33512],[127.37834,38.3349],[127.37773,38.33498],[127.37732,38.33472],[127.37649,38.33446],[127.37629,38.33396],[127.37547,38.33351],[127.37519,38.3332],[127.37544,38.33294],[127.37455,38.33177],[127.37439,38.33166],[127.37332,38.33143],[127.3727,38.33112],[127.37249,38.33164],[127.37213,38.33199],[127.37126,38.33202],[127.37111,38.33228],[127.37036,38.33189],[127.37061,38.33103],[127.37028,38.33076],[127.37028,38.3302],[127.36981,38.32938],[127.36935,38.32882],[127.36893,38.32894],[127.36824,38.3286],[127.36822,38.32829],[127.3674,38.3281],[127.36654,38.32804],[127.36631,38.32769],[127.36567,38.32775],[127.36546,38.32704],[127.36496,38.32709],[127.36436,38.32701],[127.36356,38.32673],[127.36383,38.32613],[127.36303,38.32558],[127.36285,38.32469],[127.36214,38.32447],[127.36196,38.32406],[127.36137,38.32439],[127.36072,38.32439],[127.36051,38.32502],[127.35992,38.32525],[127.35917,38.32576],[127.35813,38.32624],[127.35767,38.32623],[127.3553,38.32758],[127.35434,38.32765],[127.35373,38.32779],[127.35244,38.32771],[127.35171,38.32796],[127.35111,38.32786],[127.35119,38.3274],[127.35059,38.32693],[127.34891,38.32692],[127.34885,38.32753],[127.34787,38.32795],[127.34821,38.3285],[127.34744,38.32865],[127.34558,38.32861],[127.34478,38.32871],[127.34425,38.32861],[127.34432,38.32838],[127.34409,38.32777],[127.34429,38.32742],[127.34478,38.32738],[127.34194,38.32562],[127.33977,38.32462],[127.33934,38.32448],[127.33933,38.32494],[127.33895,38.32499],[127.3389,38.3246],[127.33857,38.32415],[127.33706,38.32375],[127.33252,38.32026],[127.33165,38.31988],[127.331,38.31979],[127.33048,38.31949],[127.32982,38.31938],[127.32954,38.3189],[127.32888,38.31864],[127.32883,38.31847],[127.32824,38.31835],[127.32719,38.31832],[127.32551,38.31902],[127.32531,38.31941],[127.32456,38.31976],[127.32396,38.3202],[127.32471,38.31882],[127.32415,38.31855],[127.32374,38.31933],[127.32292,38.31968],[127.32237,38.31947],[127.32159,38.31945],[127.32103,38.31932],[127.32089,38.31951],[127.31492,38.31874],[127.31244,38.31758],[127.30944,38.31718],[127.30638,38.31736],[127.30551,38.3169],[127.30422,38.31514],[127.30381,38.3152],[127.30358,38.31478],[127.30239,38.31385],[127.30157,38.31354],[127.30093,38.31316],[127.30026,38.31298],[127.29944,38.31297],[127.2999,38.3135],[127.29935,38.31427],[127.29881,38.31425],[127.29846,38.31398],[127.29797,38.31387],[127.29809,38.31479],[127.29844,38.31543],[127.29863,38.3161],[127.2986,38.31644],[127.29809,38.31762],[127.29763,38.31749],[127.29743,38.3169],[127.29743,38.31652],[127.29161,38.3225],[127.29036,38.32313],[127.28791,38.32372],[127.28789,38.32524],[127.28765,38.32564],[127.28672,38.32578],[127.28624,38.32541],[127.28573,38.32579],[127.28546,38.32645],[127.28402,38.32692],[127.2833,38.32597],[127.283,38.32613],[127.28214,38.32583],[127.28184,38.32527],[127.2813,38.32522],[127.28116,38.32494],[127.27871,38.32524],[127.2789,38.32538],[127.27864,38.32639],[127.27866,38.32725],[127.27792,38.32696],[127.27695,38.32628],[127.27663,38.32624],[127.27592,38.3257],[127.27559,38.32582],[127.27451,38.32566],[127.27386,38.32584],[127.27338,38.32625],[127.27291,38.32701],[127.27232,38.32739],[127.27252,38.32753],[127.27187,38.32802],[127.27084,38.32751],[127.27072,38.32695],[127.27005,38.32674],[127.26879,38.32671],[127.26663,38.32711],[127.26474,38.32728],[127.26385,38.32732],[127.26347,38.32747],[127.26315,38.32782],[127.2625,38.32804],[127.26227,38.32755],[127.261,38.32689],[127.26119,38.32747],[127.26093,38.32791],[127.26013,38.32741],[127.25992,38.32772],[127.25938,38.32756],[127.25909,38.32729],[127.25857,38.32708],[127.25798,38.32668],[127.25732,38.32727],[127.25795,38.32784],[127.25781,38.32799],[127.25656,38.32784],[127.25606,38.32816],[127.25539,38.32717],[127.25512,38.32752],[127.25469,38.32747],[127.25414,38.32675],[127.25389,38.32708],[127.25347,38.32718],[127.25373,38.32784],[127.25325,38.32793],[127.2528,38.32845],[127.25262,38.32885],[127.25303,38.32903],[127.25276,38.32993],[127.25171,38.32993],[127.25136,38.32952],[127.25194,38.3292],[127.24999,38.32862],[127.24987,38.32825],[127.24915,38.32832],[127.24855,38.3282],[127.24843,38.32874],[127.2485,38.3291],[127.24828,38.32993],[127.24744,38.33002],[127.2472,38.32918],[127.24675,38.32953],[127.24669,38.33013],[127.24619,38.33012],[127.24541,38.33031],[127.2453,38.33059],[127.24535,38.33113],[127.24569,38.33135],[127.24565,38.33179],[127.24504,38.33246],[127.24471,38.3314],[127.24371,38.33139],[127.24311,38.33157],[127.24311,38.33197],[127.24331,38.33224],[127.24274,38.33244],[127.2427,38.33314],[127.24151,38.33274],[127.24014,38.33257],[127.23885,38.33182],[127.23812,38.33172],[127.23679,38.33087],[127.23591,38.33065],[127.23519,38.33024],[127.23479,38.33034],[127.23497,38.33095],[127.23527,38.33121],[127.23487,38.3316],[127.23469,38.331],[127.23411,38.33066],[127.23376,38.33058],[127.2337,38.33098],[127.23342,38.33121],[127.23292,38.33113],[127.23322,38.33072],[127.23244,38.33072],[127.232,38.33046],[127.23158,38.33075],[127.2301,38.33061],[127.22942,38.33014],[127.22861,38.33027],[127.22831,38.32999],[127.22802,38.32946],[127.22747,38.32969],[127.22704,38.32914],[127.22678,38.32843],[127.22611,38.32851],[127.22506,38.32849],[127.22494,38.32834],[127.22437,38.32843],[127.22431,38.32814],[127.22392,38.32812],[127.22327,38.32756],[127.2232,38.32698],[127.2226,38.32672],[127.22291,38.32587],[127.2226,38.3254],[127.22186,38.32585],[127.22162,38.32621],[127.22123,38.32644],[127.2205,38.32633],[127.21989,38.32641],[127.21968,38.3266],[127.2189,38.32625],[127.21865,38.3259],[127.21851,38.32515],[127.21877,38.32464],[127.21863,38.32401],[127.21824,38.32358],[127.21779,38.3233],[127.21788,38.32245],[127.2173,38.32227],[127.21651,38.32163],[127.2174,38.3211],[127.21758,38.32048],[127.21732,38.32013],[127.21696,38.32045],[127.21721,38.32061],[127.2166,38.32131],[127.21642,38.3209],[127.21537,38.32083],[127.21623,38.32019],[127.216,38.32009],[127.21603,38.31968],[127.21561,38.31976],[127.21572,38.32031],[127.21481,38.3202],[127.21409,38.32023],[127.21423,38.31978],[127.21307,38.31981],[127.21266,38.31999],[127.21258,38.31951],[127.21134,38.31939],[127.21069,38.319],[127.21034,38.31912],[127.21065,38.31956],[127.21016,38.31971],[127.2098,38.3195],[127.20966,38.32],[127.2098,38.32026],[127.2094,38.32055],[127.20853,38.32029],[127.20883,38.31906],[127.20801,38.31941],[127.2071,38.31938],[127.20661,38.3199],[127.20615,38.31968],[127.20594,38.31904],[127.20653,38.31914],[127.20666,38.31875],[127.20744,38.31867],[127.20715,38.31829],[127.20641,38.31818],[127.20594,38.31797],[127.20553,38.31758],[127.20498,38.3185],[127.20402,38.31848],[127.20384,38.31796],[127.20386,38.31751],[127.2023,38.31782],[127.20142,38.31739],[127.201,38.317],[127.20054,38.31722],[127.20009,38.31704],[127.19998,38.31673],[127.19934,38.31597],[127.19904,38.31616],[127.1987,38.31597],[127.19828,38.31635],[127.19768,38.31635],[127.19719,38.31621],[127.197,38.31598],[127.197,38.31521],[127.19637,38.31513],[127.19586,38.31548],[127.19617,38.31569],[127.19633,38.31614],[127.1959,38.31621],[127.19545,38.31571],[127.19435,38.3151],[127.19445,38.31486],[127.19326,38.31431],[127.19249,38.31441],[127.19123,38.31423],[127.19031,38.31446],[127.19019,38.31375],[127.18978,38.31345],[127.18912,38.31327],[127.18796,38.31348],[127.18739,38.31286],[127.18557,38.31238],[127.18534,38.31282],[127.18319,38.31221],[127.18313,38.31195],[127.18245,38.31224],[127.1822,38.31195],[127.18136,38.31187],[127.18091,38.31222],[127.18092,38.31167],[127.17974,38.31133],[127.17952,38.31138],[127.17891,38.31099],[127.17878,38.31071],[127.17824,38.31106],[127.1782,38.31054],[127.17768,38.31097],[127.17765,38.31152],[127.17738,38.31157],[127.177,38.31101],[127.17692,38.31039],[127.17658,38.31038],[127.17602,38.31014],[127.17212,38.30903],[127.17198,38.30954],[127.17125,38.30952],[127.17054,38.30858],[127.16968,38.30872],[127.16984,38.30838],[127.16787,38.30781],[127.1676,38.30777],[127.1669,38.30797],[127.16661,38.30819],[127.16688,38.3085],[127.16643,38.30859],[127.16607,38.3081],[127.16545,38.3079],[127.16553,38.3076],[127.16517,38.30726],[127.16508,38.30693],[127.16627,38.3068],[127.16582,38.30624],[127.16523,38.30634],[127.16478,38.30691],[127.16439,38.3069],[127.16399,38.30662],[127.16352,38.30685],[127.16288,38.30624],[127.16251,38.30617],[127.1622,38.30649],[127.16185,38.30655],[127.16157,38.3058],[127.16162,38.30557],[127.16099,38.30559],[127.16043,38.30572],[127.15999,38.30535],[127.16069,38.3044],[127.16123,38.30397],[127.16255,38.30357],[127.16235,38.30323],[127.16167,38.30347],[127.1614,38.30334],[127.16089,38.30388],[127.16014,38.30444],[127.1599,38.30493],[127.15932,38.30515],[127.15875,38.30524],[127.15852,38.30478],[127.15821,38.30549],[127.15763,38.30564],[127.15698,38.30476],[127.15754,38.30456],[127.15732,38.30425],[127.15655,38.30481],[127.15576,38.30375],[127.15547,38.30403],[127.15418,38.30403],[127.1537,38.30424],[127.15232,38.30444],[127.15168,38.30497],[127.15105,38.30597],[127.15039,38.30662],[127.15007,38.30705],[127.14916,38.308],[127.14897,38.30873],[127.14831,38.30943],[127.148,38.30956],[127.14754,38.3101],[127.14749,38.31062],[127.14687,38.31082],[127.14596,38.3113],[127.14568,38.3116],[127.145,38.31195],[127.14447,38.31191],[127.14364,38.3123],[127.14361,38.31259],[127.14306,38.31277],[127.14274,38.31323],[127.14262,38.31367],[127.14231,38.31372],[127.14116,38.31466],[127.14087,38.31518],[127.14019,38.31545],[127.14001,38.31567],[127.13923,38.31594],[127.13902,38.31574],[127.13915,38.31517],[127.13877,38.31497],[127.13671,38.31484],[127.13618,38.31489],[127.13538,38.31464],[127.13429,38.31417],[127.13413,38.31396],[127.13338,38.31376],[127.1324,38.31389],[127.13215,38.31372],[127.13226,38.31331],[127.13229,38.31236],[127.13218,38.3118],[127.13133,38.31046],[127.13144,38.3103],[127.13134,38.30956],[127.13091,38.30852],[127.13077,38.30781],[127.13025,38.30702],[127.13,38.30597],[127.12963,38.30551],[127.12965,38.30515],[127.12943,38.30489],[127.12936,38.30443],[127.12952,38.30412],[127.12944,38.30373],[127.12916,38.30336],[127.12872,38.30223],[127.12888,38.3012],[127.12868,38.30071],[127.12817,38.30098],[127.12709,38.30101],[127.12714,38.30072],[127.12754,38.30013],[127.12786,38.29947],[127.12747,38.29898],[127.12692,38.29885],[127.12559,38.29885],[127.12455,38.29916],[127.12351,38.29923],[127.12051,38.299],[127.11987,38.29889],[127.1189,38.29847],[127.11848,38.29842],[127.11784,38.29812],[127.1168,38.29783],[127.11543,38.29752],[127.11469,38.29706],[127.11414,38.29686],[127.11319,38.29624],[127.11251,38.29603],[127.11157,38.29589],[127.11107,38.29566],[127.11081,38.29536],[127.1108,38.29498],[127.11049,38.29497],[127.10889,38.29358],[127.10879,38.2934],[127.10798,38.29332],[127.10804,38.29305],[127.10872,38.29265],[127.10797,38.29217],[127.10733,38.292],[127.10767,38.29161],[127.10666,38.29141],[127.10528,38.29063],[127.10532,38.28987],[127.10487,38.28972],[127.10471,38.28931],[127.10371,38.289],[127.10389,38.28859],[127.10331,38.28828],[127.10296,38.28788],[127.10269,38.28732],[127.10192,38.2869],[127.10056,38.28595],[127.09958,38.28579],[127.09917,38.28584],[127.09877,38.28561],[127.09826,38.28595],[127.09783,38.28601],[127.09746,38.28528],[127.09659,38.28577],[127.0962,38.28473],[127.09595,38.2846],[127.0957,38.28387],[127.09577,38.28335],[127.09549,38.28273],[127.0956,38.28219],[127.09525,38.28175],[127.09513,38.28138],[127.09504,38.28108],[127.0961,38.28101],[127.09793,38.28111],[127.09923,38.28104],[127.1006,38.28104],[127.10321,38.28079],[127.10396,38.28038],[127.10454,38.27943],[127.10437,38.27873],[127.10364,38.27774],[127.10222,38.27658],[127.10174,38.27632],[127.10102,38.2756],[127.10077,38.27502],[127.10081,38.27459],[127.10104,38.27418],[127.10168,38.27339],[127.10205,38.27315],[127.10363,38.2726],[127.10531,38.27219],[127.10686,38.27197],[127.10965,38.27165],[127.11041,38.27135],[127.11077,38.27079],[127.11066,38.27003],[127.11045,38.2698],[127.11055,38.26936],[127.10934,38.26936],[127.10885,38.26916],[127.10809,38.26841],[127.10827,38.26811],[127.10908,38.26733],[127.10933,38.26576],[127.10919,38.26324],[127.108,38.26113],[127.10807,38.2583],[127.10891,38.25611],[127.10929,38.25524],[127.10969,38.25456],[127.11025,38.2529],[127.11068,38.25266],[127.11097,38.25221],[127.11059,38.25187],[127.11027,38.25127],[127.1107,38.24895],[127.11157,38.24739],[127.11136,38.24672],[127.11001,38.24494],[127.10963,38.24477],[127.10957,38.24419],[127.10989,38.24305],[127.1099,38.24184],[127.11055,38.24157],[127.11081,38.24122],[127.11134,38.24104],[127.11188,38.24044],[127.11201,38.23962],[127.11249,38.23934],[127.11227,38.23843],[127.11265,38.2378],[127.11311,38.23752],[127.1135,38.2371],[127.11357,38.23682],[127.11433,38.23652],[127.11442,38.23635],[127.1151,38.23657],[127.11573,38.23657],[127.1168,38.237],[127.11849,38.23578],[127.11931,38.23529],[127.11961,38.23495],[127.12072,38.23459],[127.12083,38.23389],[127.12215,38.2335],[127.12305,38.2328],[127.12479,38.2334],[127.1252,38.23333],[127.12572,38.23392],[127.12608,38.23386],[127.1267,38.23409],[127.12738,38.23369],[127.12796,38.23349],[127.12955,38.23355],[127.13058,38.23275],[127.13116,38.23275],[127.13218,38.23325],[127.13259,38.23355],[127.13453,38.23365],[127.13509,38.23413],[127.1349,38.23471],[127.13476,38.23564],[127.13508,38.2365],[127.13573,38.23648],[127.13638,38.23628],[127.13692,38.23626],[127.13724,38.23609],[127.13778,38.23635],[127.13895,38.23658],[127.13935,38.23724],[127.14001,38.23771],[127.14053,38.23758],[127.14093,38.23769],[127.14207,38.23735],[127.14275,38.23661],[127.143,38.23665],[127.1433,38.23728],[127.14323,38.23768],[127.1437,38.23816],[127.14444,38.23863],[127.14473,38.23908],[127.14543,38.23935],[127.14634,38.23933],[127.14729,38.24006],[127.14735,38.2406],[127.14766,38.2412],[127.14734,38.24165],[127.14892,38.24234],[127.15071,38.24227],[127.15134,38.24199],[127.15195,38.24199],[127.15324,38.24187],[127.15354,38.24119],[127.15358,38.24062],[127.15386,38.24031],[127.15509,38.23998],[127.15779,38.23892],[127.15842,38.23919],[127.15902,38.23921],[127.16006,38.239],[127.16183,38.23889],[127.16329,38.23848],[127.16335,38.23833],[127.16273,38.237],[127.16149,38.23477],[127.16248,38.23334],[127.16291,38.23244],[127.16222,38.23195],[127.16192,38.23008],[127.16175,38.22962],[127.16076,38.22835],[127.16013,38.22634],[127.16007,38.226],[127.1602,38.2254],[127.16184,38.22363],[127.1618,38.22275],[127.16134,38.2223],[127.16089,38.22103],[127.16043,38.22048],[127.16055,38.22022],[127.16027,38.2199],[127.15968,38.21982],[127.15971,38.21955],[127.16008,38.21919],[127.1607,38.21904],[127.16102,38.21826],[127.16243,38.2174],[127.16446,38.21597],[127.1647,38.21566],[127.16643,38.2154],[127.16821,38.21456],[127.17006,38.21393],[127.17117,38.21349],[127.17205,38.21196],[127.17185,38.21152],[127.17212,38.20969],[127.17367,38.20779],[127.17514,38.20548],[127.17493,38.20507],[127.17423,38.20317],[127.17379,38.20294],[127.17346,38.20167],[127.1726,38.20128],[127.17059,38.19913],[127.16962,38.19812],[127.1697,38.19765],[127.1726,38.19537],[127.17394,38.1937],[127.17474,38.19227],[127.17556,38.19124],[127.17914,38.18741],[127.17995,38.18696],[127.18055,38.18613],[127.1819,38.1858],[127.18334,38.1859],[127.18422,38.18641],[127.18497,38.18664],[127.18534,38.18756],[127.18703,38.1878],[127.18832,38.18776],[127.18921,38.1883],[127.18934,38.18733],[127.189,38.18692],[127.1893,38.18652],[127.18895,38.18575],[127.18859,38.18518],[127.18844,38.18417],[127.18898,38.18371],[127.18884,38.18271],[127.18901,38.18108],[127.18847,38.18029],[127.18822,38.17923],[127.18755,38.17841],[127.18708,38.17754],[127.18681,38.17724],[127.18652,38.17654],[127.18634,38.17567],[127.18641,38.17495],[127.18629,38.17447],[127.18586,38.17388],[127.18611,38.17305],[127.18634,38.17266],[127.18693,38.17213],[127.18682,38.17166],[127.18643,38.17101],[127.18659,38.17058],[127.18709,38.16999],[127.18683,38.16991],[127.18754,38.16913],[127.18745,38.16811],[127.18767,38.16724],[127.18762,38.16697],[127.18804,38.16611],[127.18829,38.16476],[127.18869,38.16407],[127.18884,38.16273],[127.18905,38.16218],[127.18893,38.16182],[127.18924,38.16124],[127.18979,38.16116],[127.19013,38.16057],[127.19083,38.15972],[127.19183,38.15936],[127.19211,38.1591],[127.19318,38.15857],[127.19475,38.15754],[127.19472,38.15736],[127.19521,38.15664],[127.19742,38.1561],[127.19801,38.15614],[127.19895,38.15571],[127.20042,38.1545],[127.20055,38.15407],[127.20143,38.15359],[127.20285,38.15355],[127.20323,38.15317],[127.20316,38.15273],[127.20337,38.15216],[127.20502,38.15037],[127.20566,38.14952],[127.20593,38.14977],[127.20721,38.14812],[127.20826,38.14718],[127.2089,38.14686],[127.20963,38.14671],[127.21014,38.14673],[127.21063,38.14692],[127.21133,38.14695],[127.21183,38.1467],[127.21258,38.14601],[127.21263,38.14524],[127.21247,38.14419],[127.21255,38.14342],[127.21389,38.14281],[127.21387,38.1431],[127.21474,38.14262],[127.21538,38.14213],[127.21697,38.14127],[127.21745,38.14088],[127.21834,38.13975],[127.21919,38.13906],[127.22093,38.13837],[127.22204,38.13743],[127.22261,38.13794],[127.2228,38.13832],[127.22225,38.13904],[127.22219,38.13948],[127.22284,38.13987],[127.22334,38.14031],[127.22414,38.14073],[127.22419,38.14132],[127.22437,38.14167],[127.22428,38.14224],[127.22384,38.14272],[127.22357,38.14323],[127.22436,38.14363],[127.22419,38.14451],[127.22403,38.14451],[127.22381,38.14517],[127.22413,38.14608],[127.22382,38.14704],[127.22473,38.14786],[127.22587,38.14812],[127.22634,38.14837],[127.22755,38.14797],[127.22847,38.14756],[127.22878,38.14781],[127.22978,38.14766],[127.23126,38.14783],[127.23148,38.14727],[127.23205,38.14717],[127.23279,38.14686],[127.23364,38.14705],[127.2339,38.14719],[127.23465,38.14711],[127.23511,38.1481],[127.23581,38.14883],[127.23569,38.14917],[127.23634,38.15015],[127.23691,38.15073],[127.2374,38.15085],[127.23776,38.15121],[127.23749,38.15202],[127.2372,38.15253],[127.23722,38.15297],[127.2376,38.15323],[127.23783,38.15305],[127.23833,38.1535],[127.23762,38.1538],[127.23721,38.15429],[127.23804,38.15488],[127.23828,38.1553],[127.2388,38.15546],[127.23881,38.15601],[127.23922,38.15624],[127.23929,38.1565],[127.23981,38.15676],[127.24026,38.15684],[127.24046,38.15715],[127.24114,38.15718],[127.24191,38.15753],[127.24252,38.15737],[127.2433,38.15767],[127.24399,38.1575],[127.24526,38.15816],[127.24561,38.15826],[127.24591,38.15889],[127.24649,38.15914],[127.24691,38.15952],[127.24765,38.15973],[127.24783,38.1604],[127.2486,38.16078],[127.2489,38.1607],[127.24952,38.16081],[127.25033,38.16126],[127.25149,38.16165],[127.25231,38.16204],[127.25267,38.16245],[127.25412,38.16277],[127.25506,38.16272],[127.25605,38.16299],[127.25654,38.16357],[127.25619,38.16433],[127.25653,38.16522],[127.25686,38.16547],[127.25717,38.16613],[127.25789,38.16721],[127.25824,38.16754],[127.25864,38.16831],[127.25868,38.16934],[127.25903,38.16972],[127.26011,38.17038],[127.2607,38.17044],[127.26177,38.17025],[127.26324,38.17074],[127.26435,38.17158],[127.26475,38.17259],[127.26511,38.17296],[127.26541,38.17396],[127.26574,38.17444],[127.26621,38.17541],[127.26646,38.17577],[127.26642,38.17615],[127.26618,38.17645],[127.26514,38.17731],[127.26464,38.17801],[127.26468,38.17852],[127.26511,38.17921],[127.2656,38.17957],[127.26602,38.18024],[127.26668,38.1806],[127.26765,38.18013],[127.2684,38.18025],[127.26947,38.18125],[127.27009,38.18192],[127.27055,38.18205],[127.27115,38.18195],[127.27267,38.1813],[127.27351,38.18108],[127.27485,38.18112],[127.27516,38.18128],[127.27626,38.1824],[127.27715,38.1825],[127.27806,38.18212],[127.27848,38.18208],[127.2795,38.1826],[127.28031,38.18268],[127.28139,38.18245],[127.28213,38.1824],[127.28276,38.18259],[127.28313,38.1829],[127.28357,38.18285],[127.28392,38.18259],[127.28392,38.18114],[127.28444,38.18047],[127.28545,38.1803],[127.28611,38.18028],[127.28611,38.17953],[127.28636,38.17898],[127.28672,38.17898],[127.28728,38.17836],[127.28765,38.17812],[127.28782,38.17736],[127.28843,38.177],[127.28914,38.17753],[127.29004,38.17736],[127.29073,38.17694],[127.29179,38.17689],[127.29311,38.17726],[127.29399,38.17728],[127.29533,38.1769],[127.29672,38.17674],[127.29774,38.17628],[127.29799,38.1752],[127.29619,38.17248],[127.29425,38.17173],[127.2927,38.17177],[127.29074,38.17014],[127.289,38.16946],[127.28824,38.16799],[127.28871,38.16597],[127.28857,38.16456],[127.28737,38.16456],[127.28731,38.1642],[127.28699,38.16367],[127.28705,38.1621],[127.287,38.16139],[127.28674,38.16091],[127.28632,38.16047],[127.28538,38.16026],[127.28461,38.16045],[127.28405,38.15949],[127.28384,38.15807],[127.28401,38.15735],[127.28477,38.15594],[127.2849,38.15541],[127.28525,38.15508],[127.28557,38.15388],[127.28614,38.15351],[127.28641,38.15264],[127.28602,38.15179],[127.28582,38.15088],[127.28542,38.15032],[127.28466,38.14946],[127.2845,38.14806],[127.28426,38.14685],[127.28373,38.14635],[127.28358,38.14604],[127.28283,38.14509],[127.28236,38.14481],[127.28195,38.14374],[127.28074,38.14296],[127.27974,38.14254],[127.27928,38.14192],[127.27845,38.14132],[127.278,38.14074],[127.2774,38.14042],[127.27719,38.1401],[127.27644,38.13952],[127.27591,38.1389],[127.27542,38.13813],[127.27501,38.13728],[127.27486,38.13649],[127.27462,38.13583],[127.27454,38.13478],[127.27478,38.13432],[127.27472,38.1339],[127.27528,38.13345],[127.27607,38.13295],[127.27632,38.13265],[127.27643,38.13168],[127.27626,38.1311],[127.27631,38.13027],[127.27678,38.1288],[127.27678,38.12804],[127.27575,38.12486],[127.27581,38.12418],[127.2765,38.12472],[127.2772,38.12493],[127.27777,38.12489],[127.27799,38.12466],[127.27846,38.12455],[127.27867,38.12495],[127.27965,38.12513],[127.28057,38.12514],[127.28068,38.1254],[127.28142,38.12494],[127.28199,38.12425],[127.28162,38.12351],[127.28166,38.12316],[127.28208,38.12299],[127.28238,38.12231],[127.28311,38.12208],[127.28276,38.12116],[127.28203,38.12034],[127.28235,38.11977],[127.2824,38.11911],[127.28218,38.11886],[127.28227,38.1183],[127.28288,38.11814],[127.28289,38.11694],[127.28275,38.11649],[127.28456,38.1161],[127.28558,38.11528],[127.28609,38.11429],[127.28655,38.1148],[127.2875,38.11517],[127.28814,38.11582],[127.28833,38.11625],[127.28857,38.1164],[127.28904,38.11634],[127.28896,38.11605],[127.28923,38.11569],[127.28957,38.11552],[127.29039,38.11537],[127.29167,38.11535],[127.29123,38.11445],[127.29229,38.11431],[127.29255,38.11415],[127.29299,38.11451],[127.29375,38.11479],[127.29428,38.11484],[127.29446,38.1151],[127.29516,38.11516],[127.29536,38.11498],[127.29605,38.11512],[127.29708,38.11591],[127.29895,38.11585],[127.29926,38.1155],[127.30011,38.11527],[127.30059,38.11523],[127.30089,38.1155],[127.30197,38.11524],[127.30269,38.11558],[127.30414,38.11574],[127.3045,38.11546],[127.30531,38.1158],[127.30632,38.11633],[127.30642,38.11679],[127.30696,38.11758],[127.30763,38.11799],[127.30744,38.11863],[127.30755,38.11902],[127.30894,38.11819],[127.30953,38.11828],[127.30982,38.11803],[127.31017,38.11737],[127.3102,38.11705],[127.31078,38.11643],[127.31137,38.11593],[127.31172,38.11486],[127.31099,38.11429],[127.31147,38.11375],[127.31163,38.11315],[127.31157,38.11279],[127.31206,38.11245],[127.31197,38.11162],[127.3123,38.11131],[127.31262,38.11039],[127.31211,38.10945],[127.31252,38.10893],[127.31268,38.10836],[127.31244,38.10792],[127.3128,38.10758],[127.31309,38.10684],[127.3135,38.1064],[127.31348,38.10601],[127.31387,38.10579],[127.31444,38.10515],[127.31442,38.10465],[127.31471,38.10425],[127.31508,38.10414],[127.31556,38.10318],[127.31601,38.10262],[127.31633,38.10202],[127.31623,38.10145],[127.31646,38.10091],[127.31623,38.10074],[127.31631,38.09958],[127.31627,38.09864],[127.31695,38.09827],[127.31755,38.09828],[127.31787,38.09752],[127.31898,38.09641],[127.31919,38.09644],[127.31992,38.096],[127.32036,38.09558],[127.3202,38.0953],[127.32067,38.09468],[127.32104,38.09463],[127.32158,38.09479],[127.32265,38.09473],[127.32342,38.09492],[127.32479,38.0946],[127.32652,38.09464],[127.32741,38.09447],[127.32872,38.09438],[127.32942,38.09415],[127.33034,38.09355],[127.33079,38.09297],[127.332,38.09199],[127.33291,38.0914],[127.33598,38.09034],[127.33696,38.08977],[127.33762,38.09007],[127.33838,38.09134],[127.33875,38.09213],[127.33887,38.09268],[127.33879,38.09404],[127.33829,38.09586],[127.33841,38.09686],[127.33901,38.09797],[127.33914,38.09851],[127.33927,38.10077],[127.33977,38.10129],[127.34098,38.10181],[127.34297,38.10224],[127.34518,38.10259],[127.3456,38.10288],[127.34623,38.10388],[127.34655,38.10421],[127.34763,38.1047],[127.34813,38.10483],[127.3489,38.10472],[127.35031,38.10418],[127.35068,38.10411],[127.35145,38.10445],[127.35208,38.10499],[127.35342,38.10416],[127.35377,38.10413],[127.35438,38.10443],[127.35597,38.10581],[127.35634,38.10596],[127.35866,38.10622],[127.36101,38.10666],[127.3622,38.10709],[127.36303,38.10685],[127.36434,38.10718],[127.36594,38.10693],[127.36664,38.10724],[127.3666,38.10762],[127.36678,38.10819],[127.36738,38.10843],[127.36782,38.1083],[127.3686,38.10888],[127.36905,38.10891],[127.36996,38.10924],[127.37103,38.11004],[127.37184,38.1105],[127.37187,38.11113],[127.3722,38.11126],[127.37233,38.11194],[127.37225,38.11231],[127.37237,38.11273],[127.3721,38.11307],[127.37221,38.11374],[127.37278,38.11408],[127.37299,38.1145],[127.37339,38.1146],[127.37404,38.11495],[127.37476,38.11571],[127.37521,38.11592],[127.3764,38.11712],[127.37698,38.11756],[127.37705,38.11777],[127.37776,38.11781],[127.37861,38.11843],[127.37917,38.11807],[127.37999,38.11787],[127.38049,38.11761],[127.38089,38.11726],[127.38175,38.11688],[127.38327,38.11708],[127.38337,38.1165],[127.38395,38.11582],[127.38378,38.11501],[127.38389,38.1146],[127.38429,38.11432],[127.38479,38.11422],[127.38561,38.11475],[127.38596,38.11482],[127.38695,38.11464],[127.38766,38.11485],[127.38809,38.11472],[127.38966,38.11458],[127.39063,38.11477],[127.3917,38.11454],[127.39292,38.11389],[127.39332,38.11353],[127.39423,38.1134],[127.39479,38.11397],[127.39519,38.11376],[127.39625,38.11386],[127.39681,38.11332],[127.39751,38.11344],[127.39804,38.11335],[127.39836,38.1135],[127.39919,38.11352],[127.3997,38.11367],[127.40067,38.11376],[127.40218,38.11323],[127.40281,38.11325],[127.40345,38.11296],[127.40361,38.11257],[127.40339,38.11226],[127.40352,38.11124],[127.40367,38.11094],[127.40331,38.11031],[127.40338,38.10976],[127.40368,38.10951],[127.40365,38.1092],[127.40388,38.10863],[127.40374,38.10821],[127.40401,38.10788],[127.4044,38.10694],[127.40493,38.10679],[127.40516,38.10639],[127.40554,38.10629],[127.40552,38.10295],[127.4104,38.10294],[127.41127,38.1025],[127.41341,38.10201],[127.41442,38.10217],[127.4166,38.10359],[127.4175,38.10388],[127.41792,38.10452],[127.41848,38.10476],[127.42042,38.1061],[127.42174,38.10618],[127.42262,38.10677],[127.42388,38.10801],[127.42507,38.10901],[127.42541,38.11115],[127.42635,38.11171],[127.42737,38.11304],[127.42888,38.11429],[127.42991,38.11482],[127.43053,38.11537],[127.43286,38.11829],[127.43493,38.11918],[127.43594,38.12006],[127.43684,38.12048],[127.43811,38.12183],[127.43989,38.12297],[127.44013,38.12333],[127.44132,38.12433],[127.4419,38.12443],[127.4433,38.12394],[127.44454,38.12378],[127.44525,38.12231],[127.44529,38.12168],[127.44584,38.12139],[127.44632,38.12095],[127.44668,38.12044],[127.44666,38.12018],[127.44706,38.11968],[127.44591,38.11712],[127.44768,38.11737],[127.44947,38.1178],[127.45119,38.11768],[127.45289,38.11734],[127.45384,38.11744],[127.45413,38.11825],[127.45395,38.11935],[127.45417,38.12057],[127.45485,38.1213],[127.45689,38.12175],[127.45723,38.12273],[127.45899,38.12324],[127.46037,38.12318],[127.46167,38.12288],[127.46221,38.12296],[127.46356,38.12426],[127.46595,38.12466],[127.46751,38.12515],[127.46886,38.12522],[127.47047,38.12458],[127.47181,38.12435],[127.47437,38.12468],[127.47499,38.12443],[127.47739,38.1249],[127.47766,38.12504],[127.47868,38.12474],[127.47936,38.12443],[127.48001,38.12448],[127.48111,38.12483],[127.48265,38.12461],[127.48428,38.12522],[127.4864,38.12667],[127.48735,38.12707],[127.4886,38.12795],[127.48957,38.12824],[127.49052,38.12897],[127.49068,38.12942],[127.49163,38.12979],[127.49191,38.13058],[127.49398,38.132],[127.49529,38.13299],[127.49498,38.13441],[127.4956,38.13612],[127.496,38.13668],[127.49597,38.13806],[127.49756,38.14032],[127.49817,38.14171],[127.49976,38.14147],[127.5004,38.14169],[127.50054,38.14228],[127.50182,38.14371],[127.50195,38.14436],[127.50226,38.14509],[127.50218,38.1468],[127.50233,38.1476],[127.5028,38.14849],[127.50222,38.14931],[127.50042,38.15092],[127.5001,38.15134],[127.49935,38.15146],[127.49884,38.15195],[127.49812,38.15215],[127.49687,38.15221],[127.49599,38.15249],[127.49499,38.15313],[127.49384,38.15483],[127.4936,38.15528],[127.49228,38.15583],[127.49186,38.15681],[127.49136,38.15773],[127.4907,38.15919],[127.49091,38.15975],[127.49194,38.16063],[127.49342,38.16152],[127.49447,38.16208],[127.49502,38.16275],[127.49532,38.1635],[127.49524,38.16415],[127.49558,38.16514],[127.49658,38.16616],[127.49713,38.16728],[127.49787,38.16735],[127.49877,38.16793],[127.49954,38.16888],[127.50028,38.17008],[127.50096,38.17096],[127.50243,38.17171],[127.50317,38.17251],[127.50422,38.17351],[127.50482,38.17484],[127.50421,38.17603],[127.5039,38.17742],[127.50446,38.17878],[127.50474,38.18052],[127.50429,38.18196],[127.50379,38.18486],[127.5048,38.18627],[127.50578,38.1898],[127.50592,38.19078],[127.50668,38.19274],[127.50706,38.19477],[127.50799,38.19792],[127.50857,38.19915],[127.5109,38.19921],[127.51352,38.19963],[127.51512,38.19962],[127.51706,38.19903],[127.51892,38.1994],[127.52021,38.19999],[127.52149,38.20015],[127.52451,38.20062],[127.525,38.20126],[127.52499,38.20213],[127.52603,38.20265],[127.52694,38.20358],[127.52763,38.20478],[127.5287,38.20633],[127.52991,38.20845],[127.53162,38.2106],[127.53281,38.21071],[127.53509,38.21075],[127.53671,38.21062],[127.53751,38.21192],[127.53834,38.21259],[127.53988,38.21452],[127.54037,38.21518],[127.54128,38.21583],[127.54242,38.21681],[127.54224,38.2177],[127.5404,38.21962],[127.54006,38.22039],[127.54044,38.22048],[127.53908,38.22203],[127.53941,38.22466],[127.54016,38.22634],[127.5419,38.22923],[127.5432,38.23077],[127.54315,38.23094],[127.54512,38.23118],[127.5465,38.23114],[127.54744,38.23132],[127.54934,38.2314],[127.55027,38.23189],[127.55145,38.23178],[127.55267,38.23206],[127.55432,38.23213],[127.5551,38.23205],[127.5567,38.23209],[127.55874,38.23254],[127.56088,38.23425],[127.56234,38.23512],[127.56376,38.23622],[127.56423,38.2364],[127.56651,38.23829],[127.56721,38.23986],[127.56837,38.24141],[127.56915,38.243],[127.56932,38.24415],[127.56927,38.24512],[127.56959,38.24587],[127.56939,38.24654],[127.56942,38.24762],[127.57007,38.24897],[127.57337,38.25061],[127.57345,38.25079],[127.57424,38.25126],[127.57464,38.25131],[127.57569,38.252],[127.57584,38.25221],[127.57664,38.25239],[127.57686,38.25272],[127.57739,38.25319],[127.57856,38.25383],[127.57875,38.25512],[127.57868,38.25575],[127.579,38.25616],[127.5801,38.25658],[127.58086,38.25662],[127.58107,38.25695],[127.58208,38.25645],[127.58275,38.2567],[127.58324,38.25714],[127.5838,38.25723],[127.58421,38.25769],[127.58476,38.25784],[127.5857,38.25743],[127.58634,38.25728],[127.58679,38.25745],[127.58732,38.25715],[127.58783,38.25716],[127.58926,38.25743],[127.59111,38.26037],[127.59386,38.26115],[127.59733,38.26266],[127.59701,38.26309],[127.59786,38.26491],[127.59753,38.26695],[127.59858,38.26989],[127.59631,38.27124],[127.59398,38.27581],[127.59397,38.27792],[127.59583,38.28019],[127.59733,38.28159],[127.59855,38.28248],[127.59943,38.28285],[127.60063,38.28297],[127.60222,38.28286],[127.60363,38.28312],[127.60578,38.2839],[127.6074,38.28473],[127.6076,38.28298],[127.60788,38.28166],[127.6085,38.28046],[127.60945,38.27941],[127.61079,38.27838],[127.61296,38.27614],[127.61453,38.27503],[127.61706,38.27453],[127.61832,38.27415],[127.61932,38.27345],[127.61995,38.27233],[127.61998,38.27139],[127.61956,38.2704],[127.61969,38.26946],[127.62028,38.2688],[127.62091,38.26832],[127.62206,38.26786],[127.62275,38.26742],[127.62375,38.2658],[127.62467,38.26505],[127.62708,38.26385],[127.62806,38.26386],[127.62943,38.26376],[127.63079,38.26351],[127.63197,38.26301],[127.63303,38.26207],[127.63455,38.26142],[127.63597,38.26118],[127.63693,38.26121],[127.63785,38.26153],[127.63895,38.26237],[127.6398,38.26255],[127.64135,38.26205],[127.64252,38.26183],[127.64447,38.26183],[127.64526,38.26173],[127.64591,38.26104],[127.64646,38.26013],[127.64695,38.25982],[127.64814,38.25983],[127.65077,38.261],[127.65308,38.26176],[127.65461,38.26238],[127.65736,38.26281],[127.65883,38.26329],[127.65987,38.26383],[127.66122,38.2639],[127.66285,38.26375],[127.6641,38.26328],[127.66568,38.26319],[127.66783,38.26328],[127.66959,38.26363],[127.67197,38.26385],[127.67235,38.26339],[127.67316,38.26263],[127.67466,38.26041],[127.67476,38.25923],[127.67513,38.25878],[127.67613,38.25847],[127.67757,38.25829],[127.67818,38.25803],[127.67867,38.2575],[127.67974,38.25529],[127.68037,38.25414],[127.68099,38.2533],[127.68279,38.25233],[127.68461,38.25191],[127.68624,38.25146],[127.6873,38.25078],[127.68835,38.25002],[127.68965,38.24938],[127.69121,38.24926],[127.69448,38.24891],[127.69646,38.24861],[127.69831,38.24854],[127.703,38.24816],[127.70463,38.24811],[127.70609,38.24852],[127.7074,38.24922],[127.70874,38.25013],[127.70994,38.25068],[127.71156,38.25067],[127.71306,38.25042],[127.71378,38.25164],[127.71364,38.25267],[127.71314,38.25341],[127.71285,38.25411],[127.71259,38.25599],[127.71225,38.25692],[127.71221,38.25932],[127.71392,38.26017],[127.71533,38.2608],[127.71724,38.26214],[127.71936,38.26358],[127.72085,38.26499],[127.72182,38.26635],[127.72244,38.2678],[127.72285,38.26936],[127.72299,38.27021],[127.7233,38.27066],[127.72557,38.27286],[127.7272,38.27439],[127.72818,38.27572],[127.72887,38.27637],[127.73036,38.27726],[127.73158,38.27805],[127.73289,38.27866],[127.73437,38.27865],[127.7356,38.27816],[127.73744,38.27799],[127.73989,38.27931],[127.7421,38.28022],[127.74365,38.28064],[127.74555,38.28122],[127.74716,38.28204],[127.74919,38.28287],[127.75062,38.28334],[127.75227,38.28353],[127.75415,38.28356],[127.75648,38.28347],[127.75877,38.28329],[127.76041,38.28338],[127.76185,38.28397],[127.76371,38.28459],[127.76589,38.28509],[127.76773,38.28536],[127.77043,38.28555],[127.77278,38.28564],[127.77747,38.28666],[127.77981,38.28746],[127.78224,38.28806],[127.78432,38.2864],[127.78564,38.28547],[127.7873,38.28463],[127.78853,38.28379],[127.79001,38.28261],[127.7907,38.28145],[127.79155,38.28026],[127.79285,38.27962],[127.79421,38.27874],[127.79584,38.278],[127.79731,38.278],[127.79868,38.27784],[127.80048,38.27725],[127.80156,38.27715],[127.80252,38.2787],[127.80388,38.28161],[127.80473,38.28311],[127.80654,38.28521],[127.80795,38.28649],[127.80898,38.28708],[127.81148,38.28796],[127.81453,38.28792],[127.81646,38.28804],[127.81765,38.28798],[127.81962,38.28777],[127.82098,38.28756],[127.82237,38.28706],[127.82431,38.28664],[127.82617,38.28641],[127.82803,38.28638],[127.83082,38.28614],[127.8329,38.28657],[127.83369,38.28687],[127.83544,38.28711],[127.83757,38.28729],[127.83882,38.2871],[127.84001,38.2864],[127.84125,38.28578],[127.84294,38.28479],[127.84395,38.28436],[127.84462,38.28379],[127.84574,38.28359],[127.84873,38.28418],[127.851,38.28439],[127.85228,38.28465],[127.85378,38.28432],[127.85445,38.28434],[127.85673,38.28342],[127.85846,38.28313],[127.8597,38.28256],[127.86081,38.28255],[127.86214,38.28286],[127.86263,38.28324],[127.86327,38.28467],[127.8643,38.28589],[127.86571,38.28721],[127.86699,38.28797],[127.86837,38.28837],[127.87087,38.28889],[127.87306,38.29025],[127.87517,38.29212],[127.87594,38.29322],[127.87644,38.29442],[127.8774,38.29645],[127.87876,38.29831],[127.8806,38.3002],[127.88189,38.30192],[127.88308,38.30316],[127.88506,38.30414],[127.88703,38.30582],[127.88847,38.30877]]]},"properties":{"code":"51780","name":"철원군","bbox":[127.09504,38.08977,127.88847,38.349],"labelPoint":[127.40943,38.2281]}},{"type":"Feature","geometry":{"type":"Polygon","coordinates":[[[127.86263,38.28324],[127.86214,38.28286],[127.86081,38.28255],[127.8597,38.28256],[127.85846,38.28313],[127.85673,38.28342],[127.85445,38.28434],[127.85378,38.28432],[127.85228,38.28465],[127.851,38.28439],[127.84873,38.28418],[127.84574,38.28359],[127.84462,38.28379],[127.84395,38.28436],[127.84294,38.28479],[127.84125,38.28578],[127.84001,38.2864],[127.83882,38.2871],[127.83757,38.28729],[127.83544,38.28711],[127.83369,38.28687],[127.8329,38.28657],[127.83082,38.28614],[127.82803,38.28638],[127.82617,38.28641],[127.82431,38.28664],[127.82237,38.28706],[127.82098,38.28756],[127.81962,38.28777],[127.81765,38.28798],[127.81646,38.28804],[127.81453,38.28792],[127.81148,38.28796],[127.80898,38.28708],[127.80795,38.28649],[127.80654,38.28521],[127.80473,38.28311],[127.80388,38.28161],[127.80252,38.2787],[127.80156,38.27715],[127.80048,38.27725],[127.79868,38.27784],[127.79731,38.278],[127.79584,38.278],[127.79421,38.27874],[127.79285,38.27962],[127.79155,38.28026],[127.7907,38.28145],[127.79001,38.28261],[127.78853,38.28379],[127.7873,38.28463],[127.78564,38.28547],[127.78432,38.2864],[127.78224,38.28806],[127.77981,38.28746],[127.77747,38.28666],[127.77278,38.28564],[127.77043,38.28555],[127.76773,38.28536],[127.76589,38.28509],[127.76371,38.28459],[127.76185,38.28397],[127.76041,38.28338],[127.75877,38.28329],[127.75648,38.28347],[127.75415,38.28356],[127.75227,38.28353],[127.75062,38.28334],[127.74919,38.28287],[127.74716,38.28204],[127.74555,38.28122],[127.74365,38.28064],[127.7421,38.28022],[127.73989,38.27931],[127.73744,38.27799],[127.7356,38.27816],[127.73437,38.27865],[127.73289,38.27866],[127.73158,38.27805],[127.73036,38.27726],[127.72887,38.27637],[127.72818,38.27572],[127.7272,38.27439],[127.72557,38.27286],[127.7233,38.27066],[127.72299,38.27021],[127.72285,38.26936],[127.72244,38.2678],[127.72182,38.26635],[127.72085,38.26499],[127.71936,38.26358],[127.71724,38.26214],[127.71533,38.2608],[127.71392,38.26017],[127.71221,38.25932],[127.71225,38.25692],[127.71259,38.25599],[127.71285,38.25411],[127.71314,38.25341],[127.71364,38.25267],[127.71378,38.25164],[127.71306,38.25042],[127.71156,38.25067],[127.70994,38.25068],[127.70874,38.25013],[127.7074,38.24922],[127.70609,38.24852],[127.70463,38.24811],[127.703,38.24816],[127.69831,38.24854],[127.69646,38.24861],[127.69448,38.24891],[127.69121,38.24926],[127.68965,38.24938],[127.68835,38.25002],[127.6873,38.25078],[127.68624,38.25146],[127.68461,38.25191],[127.68279,38.25233],[127.68099,38.2533],[127.68037,38.25414],[127.67974,38.25529],[127.67867,38.2575],[127.67818,38.25803],[127.67757,38.25829],[127.67613,38.25847],[127.67513,38.25878],[127.67476,38.25923],[127.67466,38.26041],[127.67316,38.26263],[127.67235,38.26339],[127.67197,38.26385],[127.66959,38.26363],[127.66783,38.26328],[127.66568,38.26319],[127.6641,38.26328],[127.66285,38.26375],[127.66122,38.2639],[127.65987,38.26383],[127.65883,38.26329],[127.65736,38.26281],[127.65461,38.26238],[127.65308,38.26176],[127.65077,38.261],[127.64814,38.25983],[127.64695,38.25982],[127.64646,38.26013],[127.64591,38.26104],[127.64526,38.26173],[127.64447,38.26183],[127.64252,38.26183],[127.64135,38.26205],[127.6398,38.26255],[127.63895,38.26237],[127.63785,38.26153],[127.63693,38.26121],[127.63597,38.26118],[127.63455,38.26142],[127.63303,38.26207],[127.63197,38.26301],[127.63079,38.26351],[127.62943,38.26376],[127.62806,38.26386],[127.62708,38.26385],[127.62467,38.26505],[127.62375,38.2658],[127.62275,38.26742],[127.62206,38.26786],[127.62091,38.26832],[127.62028,38.2688],[127.61969,38.26946],[127.61956,38.2704],[127.61998,38.27139],[127.61995,38.27233],[127.61932,38.27345],[127.61832,38.27415],[127.61706,38.27453],[127.61453,38.27503],[127.61296,38.27614],[127.61079,38.27838],[127.60945,38.27941],[127.6085,38.28046],[127.60788,38.28166],[127.6076,38.28298],[127.6074,38.28473],[127.60578,38.2839],[127.60363,38.28312],[127.60222,38.28286],[127.60063,38.28297],[127.59943,38.28285],[127.59855,38.28248],[127.59733,38.28159],[127.59583,38.28019],[127.59397,38.27792],[127.59398,38.27581],[127.59631,38.27124],[127.59858,38.26989],[127.59753,38.26695],[127.59786,38.26491],[127.59701,38.26309],[127.59733,38.26266],[127.59386,38.26115],[127.59111,38.26037],[127.58926,38.25743],[127.58783,38.25716],[127.58732,38.25715],[127.58679,38.25745],[127.58634,38.25728],[127.5857,38.25743],[127.58476,38.25784],[127.58421,38.25769],[127.5838,38.25723],[127.58324,38.25714],[127.58275,38.2567],[127.58208,38.25645],[127.58107,38.25695],[127.58086,38.25662],[127.5801,38.25658],[127.579,38.25616],[127.57868,38.25575],[127.57875,38.25512],[127.57856,38.25383],[127.57739,38.25319],[127.57686,38.25272],[127.57664,38.25239],[127.57584,38.25221],[127.57569,38.252],[127.57464,38.25131],[127.57424,38.25126],[127.57345,38.25079],[127.57337,38.25061],[127.57007,38.24897],[127.56942,38.24762],[127.56939,38.24654],[127.56959,38.24587],[127.56927,38.24512],[127.56932,38.24415],[127.56915,38.243],[127.56837,38.24141],[127.56721,38.23986],[127.56651,38.23829],[127.56423,38.2364],[127.56376,38.23622],[127.56234,38.23512],[127.56088,38.23425],[127.55874,38.23254],[127.5567,38.23209],[127.5551,38.23205],[127.55432,38.23213],[127.55267,38.23206],[127.55145,38.23178],[127.55027,38.23189],[127.54934,38.2314],[127.54744,38.23132],[127.5465,38.23114],[127.54512,38.23118],[127.54315,38.23094],[127.5432,38.23077],[127.5419,38.22923],[127.54016,38.22634],[127.53941,38.22466],[127.53908,38.22203],[127.54044,38.22048],[127.54006,38.22039],[127.5404,38.21962],[127.54224,38.2177],[127.54242,38.21681],[127.54128,38.21583],[127.54037,38.21518],[127.53988,38.21452],[127.53834,38.21259],[127.53751,38.21192],[127.53671,38.21062],[127.53509,38.21075],[127.53281,38.21071],[127.53162,38.2106],[127.52991,38.20845],[127.5287,38.20633],[127.52763,38.20478],[127.52694,38.20358],[127.52603,38.20265],[127.52499,38.20213],[127.525,38.20126],[127.52451,38.20062],[127.52149,38.20015],[127.52021,38.19999],[127.51892,38.1994],[127.51706,38.19903],[127.51512,38.19962],[127.51352,38.19963],[127.5109,38.19921],[127.50857,38.19915],[127.50799,38.19792],[127.50706,38.19477],[127.50668,38.19274],[127.50592,38.19078],[127.50578,38.1898],[127.5048,38.18627],[127.50379,38.18486],[127.50429,38.18196],[127.50474,38.18052],[127.50446,38.17878],[127.5039,38.17742],[127.50421,38.17603],[127.50482,38.17484],[127.50422,38.17351],[127.50317,38.17251],[127.50243,38.17171],[127.50096,38.17096],[127.50028,38.17008],[127.49954,38.16888],[127.49877,38.16793],[127.49787,38.16735],[127.49713,38.16728],[127.49658,38.16616],[127.49558,38.16514],[127.49524,38.16415],[127.49532,38.1635],[127.49502,38.16275],[127.49447,38.16208],[127.49342,38.16152],[127.49194,38.16063],[127.49091,38.15975],[127.4907,38.15919],[127.49136,38.15773],[127.49186,38.15681],[127.49228,38.15583],[127.4936,38.15528],[127.49384,38.15483],[127.49499,38.15313],[127.49599,38.15249],[127.49687,38.15221],[127.49812,38.15215],[127.49884,38.15195],[127.49935,38.15146],[127.5001,38.15134],[127.50042,38.15092],[127.50222,38.14931],[127.5028,38.14849],[127.50233,38.1476],[127.50218,38.1468],[127.50226,38.14509],[127.50195,38.14436],[127.50182,38.14371],[127.50054,38.14228],[127.5004,38.14169],[127.49976,38.14147],[127.49817,38.14171],[127.49756,38.14032],[127.49597,38.13806],[127.496,38.13668],[127.4956,38.13612],[127.49498,38.13441],[127.49529,38.13299],[127.49398,38.132],[127.49191,38.13058],[127.49163,38.12979],[127.49068,38.12942],[127.49052,38.12897],[127.48957,38.12824],[127.4886,38.12795],[127.48735,38.12707],[127.4864,38.12667],[127.48428,38.12522],[127.48265,38.12461],[127.48111,38.12483],[127.48001,38.12448],[127.47936,38.12443],[127.47868,38.12474],[127.47766,38.12504],[127.47739,38.1249],[127.47499,38.12443],[127.47437,38.12468],[127.47181,38.12435],[127.47047,38.12458],[127.46886,38.12522],[127.46751,38.12515],[127.46595,38.12466],[127.46356,38.12426],[127.46221,38.12296],[127.46167,38.12288],[127.46037,38.12318],[127.45899,38.12324],[127.45723,38.12273],[127.45689,38.12175],[127.45485,38.1213],[127.45417,38.12057],[127.45395,38.11935],[127.45413,38.11825],[127.45384,38.11744],[127.45289,38.11734],[127.45119,38.11768],[127.44947,38.1178],[127.44768,38.11737],[127.44591,38.11712],[127.44706,38.11968],[127.44666,38.12018],[127.44668,38.12044],[127.44632,38.12095],[127.44584,38.12139],[127.44529,38.12168],[127.44525,38.12231],[127.44454,38.12378],[127.4433,38.12394],[127.4419,38.12443],[127.44132,38.12433],[127.44013,38.12333],[127.43989,38.12297],[127.43811,38.12183],[127.43684,38.12048],[127.43594,38.12006],[127.43493,38.11918],[127.43286,38.11829],[127.43053,38.11537],[127.43093,38.11536],[127.43229,38.11341],[127.4327,38.11248],[127.43294,38.11151],[127.4335,38.11102],[127.4343,38.11063],[127.4354,38.11045],[127.43748,38.11048],[127.4395,38.10972],[127.43977,38.10936],[127.44045,38.10883],[127.44116,38.10752],[127.44136,38.10679],[127.44143,38.10512],[127.44158,38.10351],[127.44226,38.10188],[127.44357,38.09997],[127.44462,38.09838],[127.44517,38.09747],[127.44521,38.0947],[127.44564,38.094],[127.44588,38.09269],[127.44551,38.09136],[127.44512,38.08911],[127.4448,38.08798],[127.44533,38.08687],[127.44644,38.08556],[127.44666,38.08464],[127.44656,38.08292],[127.44708,38.08073],[127.44691,38.07907],[127.44638,38.07763],[127.44448,38.07478],[127.44457,38.07405],[127.44594,38.07306],[127.44643,38.07239],[127.44674,38.07122],[127.44647,38.06854],[127.44674,38.06723],[127.44602,38.06475],[127.4461,38.06398],[127.4448,38.06133],[127.4452,38.06059],[127.44465,38.05975],[127.44448,38.05823],[127.44458,38.05726],[127.44514,38.05628],[127.44593,38.0556],[127.44672,38.05422],[127.446,38.0518],[127.44624,38.05121],[127.44836,38.05051],[127.44953,38.04927],[127.45043,38.04862],[127.45237,38.0481],[127.45291,38.04719],[127.4527,38.04398],[127.45176,38.04157],[127.45102,38.03809],[127.45204,38.03539],[127.45187,38.0346],[127.45271,38.03375],[127.45323,38.03266],[127.4534,38.0308],[127.45538,38.02921],[127.45636,38.02672],[127.45524,38.02521],[127.45582,38.02441],[127.45596,38.0224],[127.45665,38.02091],[127.4568,38.02],[127.45686,38.01846],[127.45753,38.01699],[127.45913,38.01567],[127.45984,38.01459],[127.46058,38.01429],[127.46154,38.01285],[127.46296,38.01172],[127.46438,38.01155],[127.46533,38.01078],[127.46788,38.00953],[127.46966,38.00884],[127.47061,38.00793],[127.47156,38.00645],[127.47232,38.00628],[127.47398,38.00631],[127.47521,38.0064],[127.47702,38.0063],[127.47975,38.00638],[127.48152,38.00623],[127.48296,38.00543],[127.4853,38.0049],[127.48756,38.00506],[127.48966,38.00503],[127.49127,38.00478],[127.4931,38.00427],[127.49631,38.00377],[127.4974,38.00371],[127.49806,38.00128],[127.49907,38.00091],[127.50053,38.00049],[127.50392,37.99795],[127.5089,38.00131],[127.51237,38.00021],[127.51519,38.0007],[127.5169,38.00064],[127.51873,38.0009],[127.52059,38.00101],[127.52338,38.00155],[127.52613,38.00135],[127.52934,38.00165],[127.53109,38.00239],[127.53692,38.00066],[127.53988,38.00057],[127.54031,38.00116],[127.54038,38.002],[127.54067,38.00235],[127.54071,38.00295],[127.54107,38.004],[127.54118,38.00511],[127.54174,38.00736],[127.54244,38.0092],[127.54291,38.01016],[127.5431,38.01086],[127.54356,38.01167],[127.54348,38.01354],[127.5438,38.01476],[127.5439,38.0159],[127.54421,38.01626],[127.54436,38.01759],[127.54486,38.01858],[127.54476,38.01953],[127.54638,38.01967],[127.54744,38.0201],[127.54843,38.02019],[127.54924,38.02011],[127.5507,38.01978],[127.55293,38.0198],[127.55379,38.01998],[127.55518,38.02058],[127.55636,38.02081],[127.55883,38.02075],[127.55999,38.02077],[127.56101,38.02103],[127.56176,38.02139],[127.56262,38.02157],[127.56385,38.02199],[127.56438,38.02291],[127.56498,38.02418],[127.56437,38.02518],[127.56427,38.02591],[127.5644,38.02631],[127.56517,38.02729],[127.56539,38.02972],[127.56667,38.03077],[127.56695,38.03192],[127.56779,38.03231],[127.56994,38.03288],[127.57064,38.03394],[127.57406,38.03551],[127.57477,38.03651],[127.5756,38.03707],[127.57603,38.03798],[127.57721,38.03909],[127.57864,38.03977],[127.57862,38.04062],[127.57832,38.04174],[127.5778,38.04288],[127.57641,38.04429],[127.57589,38.0447],[127.57554,38.04543],[127.57398,38.04712],[127.57423,38.0486],[127.57433,38.04956],[127.57411,38.05091],[127.57506,38.0518],[127.57542,38.05242],[127.57615,38.05272],[127.57709,38.05301],[127.57863,38.05372],[127.57917,38.05415],[127.57958,38.05471],[127.57957,38.05577],[127.57894,38.05635],[127.57862,38.05678],[127.57769,38.05692],[127.57691,38.05766],[127.57697,38.05825],[127.5773,38.05909],[127.57714,38.05952],[127.57727,38.06018],[127.57708,38.06074],[127.57693,38.06157],[127.57622,38.06227],[127.57409,38.06402],[127.57329,38.06453],[127.57249,38.06493],[127.56973,38.0667],[127.56807,38.06676],[127.56717,38.06648],[127.5666,38.06644],[127.56565,38.06771],[127.56545,38.06836],[127.56536,38.06943],[127.56486,38.07039],[127.56438,38.0711],[127.56417,38.07168],[127.56424,38.07255],[127.56453,38.07404],[127.56427,38.07516],[127.5655,38.07707],[127.56636,38.07811],[127.56634,38.07878],[127.5667,38.07929],[127.56652,38.08001],[127.56548,38.08172],[127.56535,38.08227],[127.56559,38.08301],[127.56611,38.08386],[127.56863,38.08424],[127.57075,38.08442],[127.57157,38.08484],[127.57349,38.08503],[127.57558,38.08481],[127.57634,38.08434],[127.57857,38.08345],[127.58081,38.08242],[127.58255,38.08196],[127.58318,38.08109],[127.58474,38.08088],[127.58566,38.0802],[127.58778,38.08035],[127.5889,38.08088],[127.59062,38.08053],[127.5935,38.08032],[127.5953,38.08011],[127.59684,38.0799],[127.59704,38.07915],[127.59757,38.07762],[127.59817,38.07686],[127.59956,38.07601],[127.60035,38.07563],[127.60146,38.07461],[127.60231,38.07421],[127.60391,38.07328],[127.60473,38.07265],[127.60776,38.07167],[127.6076,38.07052],[127.60807,38.06994],[127.60828,38.06894],[127.6082,38.06835],[127.60791,38.06753],[127.60732,38.06635],[127.60634,38.06404],[127.6054,38.06105],[127.60817,38.06026],[127.6096,38.05916],[127.61168,38.05652],[127.61157,38.0559],[127.61197,38.0556],[127.61215,38.05638],[127.61252,38.05672],[127.61404,38.05745],[127.61569,38.05774],[127.61725,38.05752],[127.61803,38.05718],[127.61891,38.05618],[127.62037,38.05469],[127.62177,38.05331],[127.62228,38.05289],[127.62366,38.05155],[127.6251,38.05099],[127.62628,38.05078],[127.6311,38.0501],[127.63289,38.05005],[127.63381,38.05018],[127.63565,38.05066],[127.63791,38.05137],[127.6412,38.05198],[127.64148,38.05276],[127.64116,38.05292],[127.64178,38.05337],[127.64344,38.05506],[127.6443,38.05586],[127.64538,38.05645],[127.64614,38.05661],[127.64804,38.05629],[127.65048,38.05553],[127.65199,38.05451],[127.65272,38.05347],[127.65326,38.05213],[127.65332,38.05093],[127.65305,38.04971],[127.65185,38.04734],[127.64989,38.04571],[127.6489,38.04457],[127.64871,38.0435],[127.6488,38.04115],[127.64894,38.0406],[127.64882,38.03947],[127.64845,38.03744],[127.64843,38.03607],[127.64811,38.03438],[127.64811,38.0334],[127.64853,38.03152],[127.6491,38.03083],[127.64979,38.03022],[127.65027,38.02792],[127.65076,38.02701],[127.65324,38.02425],[127.65412,38.02383],[127.65549,38.02414],[127.65474,38.02577],[127.6549,38.02728],[127.65602,38.02732],[127.65797,38.02798],[127.65906,38.02843],[127.66033,38.02887],[127.66072,38.02966],[127.66196,38.02936],[127.66267,38.02976],[127.66384,38.02998],[127.6643,38.03035],[127.66499,38.03029],[127.66537,38.03039],[127.66591,38.03099],[127.66603,38.03156],[127.66756,38.03257],[127.66831,38.03329],[127.66882,38.03354],[127.66956,38.03418],[127.67,38.03432],[127.67094,38.03484],[127.67159,38.03491],[127.67184,38.0351],[127.67259,38.03504],[127.67342,38.03527],[127.67403,38.03561],[127.67486,38.03558],[127.67551,38.03578],[127.67844,38.03589],[127.68033,38.03486],[127.68071,38.0346],[127.68133,38.03455],[127.68159,38.03415],[127.68264,38.03427],[127.68322,38.03488],[127.68398,38.03488],[127.68471,38.03456],[127.6859,38.03429],[127.68723,38.03433],[127.69001,38.0353],[127.69076,38.03525],[127.69135,38.03544],[127.69205,38.03523],[127.69264,38.03536],[127.69372,38.03536],[127.69438,38.03557],[127.69518,38.03612],[127.69575,38.03662],[127.6963,38.03687],[127.69716,38.03703],[127.69767,38.03728],[127.69818,38.03737],[127.69859,38.03781],[127.69944,38.03795],[127.70022,38.0382],[127.70059,38.03816],[127.70123,38.03787],[127.70179,38.03775],[127.70246,38.0374],[127.70315,38.03724],[127.70379,38.03681],[127.70457,38.03655],[127.70528,38.03571],[127.70599,38.03539],[127.7068,38.03478],[127.70776,38.03378],[127.70804,38.03338],[127.70943,38.03233],[127.71012,38.03059],[127.7106,38.03027],[127.71095,38.02944],[127.71151,38.02829],[127.71217,38.02657],[127.71302,38.0251],[127.71353,38.02393],[127.71439,38.02413],[127.7155,38.02402],[127.71593,38.02468],[127.71653,38.02483],[127.71705,38.02455],[127.71813,38.02472],[127.71893,38.02457],[127.71966,38.02476],[127.72073,38.02461],[127.72176,38.0248],[127.72251,38.0248],[127.72326,38.02468],[127.72385,38.02499],[127.72452,38.02489],[127.72539,38.0251],[127.7253,38.02558],[127.72552,38.02603],[127.72616,38.02632],[127.72628,38.02702],[127.72705,38.0275],[127.72718,38.02825],[127.72851,38.02929],[127.72874,38.0303],[127.72853,38.03113],[127.72913,38.03192],[127.72892,38.03247],[127.72925,38.03281],[127.73118,38.03312],[127.73209,38.03302],[127.73254,38.03471],[127.73293,38.03534],[127.73276,38.03564],[127.73375,38.03581],[127.73415,38.03635],[127.73499,38.03677],[127.73531,38.03718],[127.7362,38.0372],[127.73689,38.0378],[127.73761,38.03788],[127.73803,38.0383],[127.73869,38.03823],[127.73965,38.03793],[127.7402,38.03808],[127.74089,38.03794],[127.74169,38.03788],[127.74233,38.03811],[127.74327,38.03792],[127.74391,38.03767],[127.74473,38.0377],[127.74528,38.03802],[127.74561,38.03851],[127.74562,38.0391],[127.74674,38.03955],[127.74725,38.03946],[127.74724,38.03897],[127.74763,38.03855],[127.74756,38.0381],[127.74804,38.03788],[127.74824,38.03736],[127.74894,38.03694],[127.74889,38.0366],[127.74986,38.03609],[127.75022,38.03544],[127.75087,38.03559],[127.75142,38.03522],[127.7521,38.03504],[127.75286,38.03511],[127.75367,38.03475],[127.7543,38.03491],[127.75491,38.03467],[127.75538,38.03479],[127.7568,38.03454],[127.7574,38.03474],[127.75772,38.03458],[127.7583,38.03475],[127.75845,38.03433],[127.75901,38.03424],[127.75916,38.03358],[127.75911,38.03294],[127.75961,38.03253],[127.75963,38.03186],[127.76091,38.03058],[127.76093,38.02985],[127.76196,38.0298],[127.76246,38.02952],[127.76298,38.02961],[127.76358,38.02947],[127.76428,38.02917],[127.76452,38.02878],[127.76501,38.02886],[127.76533,38.0287],[127.76606,38.02886],[127.76649,38.02867],[127.76743,38.02865],[127.768,38.02823],[127.7688,38.02805],[127.76958,38.02824],[127.77032,38.02747],[127.77043,38.02669],[127.77098,38.02632],[127.77093,38.02555],[127.77119,38.0248],[127.77178,38.02461],[127.77185,38.02394],[127.77239,38.02328],[127.77293,38.02279],[127.77304,38.02206],[127.77369,38.02177],[127.77396,38.02064],[127.77436,38.02032],[127.77447,38.01926],[127.77441,38.01892],[127.77517,38.01858],[127.77516,38.01771],[127.77474,38.01733],[127.7747,38.0166],[127.77421,38.01597],[127.77361,38.01563],[127.77334,38.01497],[127.77337,38.01431],[127.77382,38.01357],[127.7751,38.01394],[127.77599,38.0139],[127.77654,38.0136],[127.77822,38.0139],[127.77916,38.01366],[127.77939,38.0131],[127.77979,38.01266],[127.78019,38.01185],[127.78066,38.00961],[127.78134,38.00852],[127.78321,38.00649],[127.78427,38.00409],[127.78555,38.00276],[127.78554,38.00152],[127.7867,38.00051],[127.78649,37.99928],[127.78785,37.99828],[127.78755,37.99728],[127.78775,37.9968],[127.78785,37.99536],[127.78821,37.99429],[127.79047,37.99429],[127.79167,37.99482],[127.79464,37.99571],[127.79637,37.99681],[127.79771,37.99732],[127.79955,37.99819],[127.80205,37.99966],[127.80317,38.0005],[127.80482,38.0006],[127.8063,38.00054],[127.80811,38.00074],[127.80905,38.00152],[127.81163,38.00325],[127.81324,38.00367],[127.81565,38.00367],[127.81692,38.00355],[127.82031,38.00388],[127.82135,38.00353],[127.82246,38.00295],[127.82496,38.00115],[127.82622,38.00099],[127.8271,38.00078],[127.82716,38.00163],[127.82797,38.00261],[127.82896,38.0032],[127.82852,38.00587],[127.83038,38.00838],[127.83199,38.00862],[127.83357,38.0088],[127.83513,38.00962],[127.83705,38.011],[127.83775,38.01217],[127.83981,38.01383],[127.84192,38.01421],[127.84423,38.01442],[127.8464,38.01414],[127.8474,38.01432],[127.84823,38.01524],[127.84985,38.01671],[127.85223,38.01697],[127.85586,38.01799],[127.85757,38.01842],[127.8581,38.01882],[127.85501,38.02313],[127.85415,38.02526],[127.85415,38.02641],[127.85559,38.02862],[127.85081,38.03085],[127.85083,38.0317],[127.85049,38.03261],[127.84968,38.03348],[127.84972,38.03438],[127.84939,38.03528],[127.84919,38.03626],[127.8501,38.03778],[127.84998,38.03882],[127.84996,38.03996],[127.85047,38.04065],[127.85175,38.04217],[127.85122,38.04254],[127.85123,38.04341],[127.85168,38.04377],[127.85139,38.04524],[127.8512,38.04555],[127.85147,38.04615],[127.8519,38.04641],[127.85198,38.04669],[127.85267,38.04796],[127.85305,38.0483],[127.85341,38.05052],[127.85516,38.05231],[127.85913,38.04998],[127.86078,38.04998],[127.86256,38.05015],[127.86429,38.05028],[127.86725,38.05025],[127.86802,38.04965],[127.8686,38.04957],[127.86965,38.04919],[127.87058,38.04926],[127.87233,38.04845],[127.87276,38.04882],[127.87484,38.04923],[127.87625,38.04848],[127.878,38.04764],[127.879,38.04734],[127.88021,38.04764],[127.88266,38.04803],[127.88468,38.04901],[127.88637,38.04945],[127.88827,38.05017],[127.89039,38.05012],[127.89503,38.05109],[127.89779,38.05086],[127.89947,38.04992],[127.90119,38.0504],[127.90267,38.0506],[127.90375,38.05253],[127.9049,38.05344],[127.90847,38.05489],[127.9098,38.05603],[127.91175,38.05664],[127.91323,38.05765],[127.91364,38.05854],[127.91269,38.05965],[127.91028,38.06355],[127.90918,38.0642],[127.90724,38.06607],[127.90589,38.0687],[127.90435,38.07013],[127.90394,38.07183],[127.90375,38.0731],[127.90432,38.0749],[127.90514,38.07615],[127.90608,38.07703],[127.90585,38.07731],[127.90649,38.07781],[127.90702,38.07809],[127.90707,38.07903],[127.90776,38.08043],[127.90717,38.08073],[127.90663,38.08115],[127.90624,38.08164],[127.9056,38.08324],[127.90519,38.08396],[127.90459,38.08417],[127.9038,38.08471],[127.90362,38.08592],[127.90336,38.08649],[127.90352,38.08709],[127.90299,38.08771],[127.90272,38.08857],[127.90192,38.08967],[127.90141,38.09054],[127.90111,38.09088],[127.89671,38.09115],[127.8951,38.09161],[127.89244,38.09206],[127.8916,38.09211],[127.89035,38.09246],[127.88948,38.09238],[127.88826,38.09351],[127.888,38.09452],[127.8879,38.09548],[127.88748,38.09701],[127.88736,38.09794],[127.88737,38.09886],[127.88763,38.10033],[127.88691,38.10127],[127.88614,38.10145],[127.88513,38.10188],[127.88499,38.10238],[127.88551,38.10272],[127.88558,38.1032],[127.88635,38.10352],[127.88624,38.10392],[127.88583,38.10445],[127.88588,38.10485],[127.88554,38.10539],[127.88559,38.10619],[127.88533,38.10649],[127.88547,38.10708],[127.88484,38.10798],[127.88481,38.10844],[127.8841,38.10906],[127.88401,38.10945],[127.88432,38.10975],[127.88477,38.10983],[127.8862,38.11098],[127.88641,38.11136],[127.887,38.11173],[127.88694,38.11228],[127.88648,38.11315],[127.88732,38.1146],[127.88783,38.1153],[127.8873,38.1161],[127.88636,38.1167],[127.88454,38.11759],[127.8834,38.11801],[127.88246,38.11854],[127.88122,38.119],[127.8795,38.11915],[127.87782,38.11897],[127.87639,38.11901],[127.8762,38.11911],[127.87621,38.11993],[127.87675,38.1214],[127.87662,38.12238],[127.8757,38.12377],[127.87571,38.12408],[127.8753,38.12478],[127.87542,38.12539],[127.87583,38.12605],[127.87532,38.12648],[127.87505,38.12711],[127.87526,38.12803],[127.87543,38.12836],[127.87553,38.12904],[127.87591,38.12934],[127.8757,38.12994],[127.87592,38.13136],[127.8758,38.13187],[127.87639,38.13238],[127.87672,38.13281],[127.87688,38.13376],[127.8767,38.13391],[127.87624,38.13476],[127.87575,38.13496],[127.87559,38.13557],[127.87579,38.13623],[127.87539,38.13667],[127.875,38.13732],[127.87461,38.13831],[127.87381,38.1392],[127.8739,38.14138],[127.87482,38.14256],[127.87523,38.14379],[127.876,38.14487],[127.87552,38.14591],[127.87592,38.14725],[127.87597,38.14765],[127.87659,38.14855],[127.8772,38.1507],[127.87705,38.15187],[127.87768,38.15316],[127.87708,38.15463],[127.87539,38.15676],[127.87555,38.15793],[127.87554,38.15896],[127.87616,38.15994],[127.87596,38.1604],[127.87701,38.16221],[127.87824,38.16335],[127.8786,38.16416],[127.88028,38.1656],[127.88055,38.16617],[127.88088,38.16729],[127.88125,38.16949],[127.88104,38.17053],[127.87947,38.1728],[127.87906,38.17418],[127.87897,38.17676],[127.87943,38.17789],[127.87857,38.17963],[127.8773,38.18156],[127.87758,38.18348],[127.87766,38.1848],[127.87741,38.1862],[127.87574,38.18828],[127.87557,38.19007],[127.8753,38.19124],[127.87648,38.19298],[127.87668,38.1948],[127.87739,38.19581],[127.87817,38.19668],[127.87816,38.19767],[127.87775,38.19811],[127.87552,38.19984],[127.87324,38.20079],[127.87216,38.20143],[127.87184,38.20209],[127.87131,38.20237],[127.87016,38.20331],[127.8694,38.20382],[127.86826,38.20476],[127.86764,38.20519],[127.86725,38.20524],[127.86649,38.20501],[127.86605,38.20472],[127.86535,38.20454],[127.86338,38.20432],[127.86215,38.20384],[127.86055,38.20339],[127.8596,38.20322],[127.85856,38.20333],[127.85787,38.20411],[127.85698,38.20482],[127.85681,38.2053],[127.85674,38.20601],[127.85639,38.20629],[127.85568,38.20648],[127.85325,38.20677],[127.85325,38.20715],[127.85283,38.20776],[127.85253,38.20842],[127.85175,38.2089],[127.85186,38.20973],[127.85222,38.21101],[127.8526,38.21201],[127.85314,38.21265],[127.85434,38.21378],[127.85398,38.21477],[127.85338,38.21542],[127.85218,38.21703],[127.85213,38.2176],[127.85176,38.21837],[127.85211,38.21989],[127.85192,38.22044],[127.85177,38.22164],[127.85196,38.22401],[127.8521,38.22499],[127.85207,38.22688],[127.85246,38.22852],[127.85266,38.23006],[127.8532,38.23066],[127.85393,38.23102],[127.85477,38.23133],[127.85623,38.23239],[127.85698,38.23319],[127.85807,38.23412],[127.85815,38.23521],[127.85799,38.23608],[127.85801,38.237],[127.85819,38.23758],[127.85819,38.23812],[127.85802,38.23882],[127.85797,38.23961],[127.85773,38.24053],[127.85709,38.24195],[127.85646,38.2432],[127.85608,38.24457],[127.85611,38.245],[127.85564,38.24499],[127.85384,38.24569],[127.85376,38.24629],[127.85402,38.24686],[127.85383,38.24874],[127.85407,38.2495],[127.85412,38.25112],[127.85437,38.25205],[127.85528,38.25267],[127.85515,38.25354],[127.85538,38.254],[127.85529,38.25434],[127.8548,38.25491],[127.85408,38.25557],[127.85394,38.25618],[127.8535,38.25652],[127.85331,38.25706],[127.8534,38.25806],[127.85388,38.25901],[127.85588,38.26135],[127.85854,38.26341],[127.8595,38.26518],[127.85955,38.26618],[127.85908,38.26677],[127.85873,38.2674],[127.85915,38.26832],[127.86002,38.27183],[127.8601,38.2728],[127.86039,38.2734],[127.86139,38.27449],[127.86288,38.27549],[127.8638,38.27666],[127.8638,38.27797],[127.86337,38.27888],[127.86315,38.27974],[127.8624,38.28021],[127.86235,38.28089],[127.86319,38.28176],[127.86334,38.28256],[127.86263,38.28324]]]},"properties":{"code":"51790","name":"화천군","bbox":[127.43053,37.99429,127.91364,38.28806],"labelPoint":[127.6886,38.14731]}},{"type":"Feature","geometry":{"type":"Polygon","coordinates":[[[128.02961,38.01465],[128.03027,38.01416],[128.03083,38.01398],[128.03242,38.01419],[128.03314,38.01435],[128.03475,38.01498],[128.03598,38.01561],[128.03761,38.01666],[128.03982,38.01817],[128.04064,38.01867],[128.04184,38.01928],[128.04325,38.02006],[128.04406,38.02024],[128.04512,38.02032],[128.04714,38.01998],[128.04838,38.01877],[128.04964,38.01939],[128.05036,38.01917],[128.05181,38.01842],[128.05287,38.01825],[128.05418,38.01724],[128.05457,38.0168],[128.05458,38.01644],[128.05484,38.0162],[128.05546,38.01533],[128.05617,38.01533],[128.0579,38.01496],[128.05972,38.01512],[128.0604,38.01509],[128.0615,38.01683],[128.06136,38.01742],[128.06157,38.01818],[128.0619,38.01894],[128.06159,38.01926],[128.06151,38.02004],[128.06117,38.02035],[128.06032,38.02156],[128.06009,38.02215],[128.06034,38.0229],[128.06026,38.02384],[128.06046,38.02421],[128.05958,38.02537],[128.05928,38.02621],[128.05952,38.02687],[128.05924,38.02732],[128.05912,38.02792],[128.05741,38.02946],[128.057,38.02964],[128.05649,38.03029],[128.05656,38.03057],[128.05638,38.03109],[128.05675,38.03163],[128.0566,38.03234],[128.0571,38.03297],[128.05751,38.03325],[128.05759,38.03371],[128.05782,38.03386],[128.05855,38.03469],[128.05898,38.03533],[128.05892,38.03651],[128.05832,38.03709],[128.05815,38.03767],[128.05818,38.03835],[128.05788,38.03942],[128.05792,38.03973],[128.05898,38.04006],[128.05923,38.04072],[128.05956,38.04082],[128.06002,38.04127],[128.05997,38.04251],[128.06018,38.04262],[128.06104,38.04434],[128.06095,38.04471],[128.06064,38.04506],[128.06032,38.04589],[128.06094,38.04727],[128.06155,38.04719],[128.06216,38.0473],[128.06251,38.04706],[128.06386,38.04675],[128.06519,38.04698],[128.06649,38.04696],[128.06776,38.04675],[128.06846,38.04695],[128.0691,38.04677],[128.06912,38.04622],[128.06881,38.04572],[128.06991,38.04429],[128.07007,38.04365],[128.07093,38.04309],[128.0712,38.04272],[128.07218,38.04231],[128.07246,38.04192],[128.07364,38.04107],[128.07422,38.04035],[128.0748,38.04015],[128.0756,38.03966],[128.07666,38.03966],[128.07762,38.03934],[128.07816,38.03872],[128.07904,38.03809],[128.07953,38.03731],[128.0801,38.03667],[128.08027,38.03555],[128.0804,38.03539],[128.08041,38.0342],[128.08129,38.03389],[128.08155,38.03397],[128.08232,38.0333],[128.08287,38.03326],[128.08344,38.03292],[128.08462,38.03272],[128.08484,38.0325],[128.08573,38.03236],[128.08663,38.03243],[128.08777,38.0332],[128.08825,38.03326],[128.08864,38.03314],[128.08951,38.03267],[128.09024,38.03213],[128.09031,38.03171],[128.09137,38.03082],[128.09183,38.03011],[128.09183,38.02975],[128.09313,38.02942],[128.09414,38.02889],[128.09451,38.02837],[128.09637,38.02837],[128.09687,38.0289],[128.09816,38.02908],[128.09876,38.02939],[128.1032,38.02933],[128.10442,38.02994],[128.10474,38.03026],[128.10515,38.03035],[128.10646,38.03142],[128.10736,38.03285],[128.10951,38.03371],[128.11051,38.03466],[128.11119,38.03512],[128.11185,38.03518],[128.11235,38.03542],[128.11282,38.0363],[128.11373,38.03702],[128.11334,38.03917],[128.11275,38.03999],[128.11304,38.04128],[128.11276,38.04145],[128.11273,38.04207],[128.11297,38.04252],[128.11361,38.04278],[128.11485,38.04363],[128.1157,38.04446],[128.11588,38.04509],[128.11659,38.04636],[128.11771,38.04731],[128.11811,38.04756],[128.11796,38.04836],[128.11658,38.05007],[128.11618,38.05129],[128.11584,38.05174],[128.11499,38.05239],[128.11462,38.05293],[128.11444,38.05354],[128.11487,38.05412],[128.11388,38.05586],[128.11415,38.05728],[128.11395,38.0582],[128.11417,38.05852],[128.11399,38.05926],[128.11442,38.0599],[128.11479,38.06227],[128.11543,38.0628],[128.11486,38.06333],[128.11468,38.06389],[128.11492,38.06446],[128.11421,38.0665],[128.11438,38.06721],[128.11353,38.06856],[128.11289,38.06916],[128.11314,38.07029],[128.11297,38.07116],[128.11235,38.07188],[128.11236,38.07209],[128.11155,38.07276],[128.11097,38.07301],[128.11059,38.07296],[128.1091,38.07359],[128.10792,38.07385],[128.10711,38.07454],[128.10604,38.07455],[128.10576,38.07494],[128.10449,38.07527],[128.10399,38.07553],[128.10253,38.07603],[128.10193,38.07655],[128.10148,38.07715],[128.10135,38.07774],[128.10027,38.07843],[128.09986,38.07848],[128.09882,38.07963],[128.09864,38.0802],[128.09715,38.08186],[128.09654,38.08328],[128.09652,38.08373],[128.09507,38.0851],[128.09564,38.08544],[128.09459,38.08734],[128.09386,38.08821],[128.09313,38.08855],[128.09214,38.08992],[128.0921,38.09065],[128.09185,38.09124],[128.09109,38.09152],[128.0905,38.09151],[128.0901,38.09175],[128.08959,38.09255],[128.08901,38.09265],[128.08885,38.09291],[128.08895,38.0938],[128.08804,38.09581],[128.08878,38.09686],[128.08953,38.09877],[128.08975,38.10032],[128.09014,38.10116],[128.09053,38.10126],[128.09129,38.10097],[128.09257,38.10127],[128.09369,38.10135],[128.09531,38.10136],[128.09735,38.10104],[128.09826,38.10169],[128.09999,38.10245],[128.10131,38.10289],[128.10105,38.10581],[128.1029,38.10743],[128.10495,38.10863],[128.10479,38.11159],[128.10406,38.11247],[128.10418,38.11412],[128.10411,38.11502],[128.10323,38.11602],[128.10151,38.11942],[128.10017,38.12005],[128.10018,38.12157],[128.09917,38.12329],[128.09814,38.12418],[128.09833,38.12503],[128.09822,38.12543],[128.09828,38.12662],[128.09878,38.12784],[128.09908,38.12889],[128.10004,38.12981],[128.09857,38.12997],[128.09689,38.13036],[128.09533,38.13035],[128.09351,38.13089],[128.09318,38.13224],[128.09249,38.13362],[128.09237,38.13527],[128.09179,38.13605],[128.09113,38.13632],[128.08916,38.13746],[128.08831,38.13831],[128.08778,38.13846],[128.08793,38.13883],[128.08869,38.14013],[128.08921,38.14088],[128.09016,38.14179],[128.09019,38.143],[128.08957,38.14451],[128.08987,38.1466],[128.08976,38.14753],[128.08915,38.14921],[128.08825,38.15026],[128.08664,38.15086],[128.08641,38.15148],[128.08635,38.15222],[128.08694,38.153],[128.08774,38.15335],[128.08848,38.15399],[128.08909,38.15474],[128.08986,38.15552],[128.09026,38.15653],[128.09082,38.15755],[128.09174,38.1582],[128.09315,38.15981],[128.09357,38.16015],[128.09443,38.16058],[128.0956,38.16074],[128.09697,38.16262],[128.09711,38.16378],[128.0971,38.16469],[128.09675,38.16668],[128.09732,38.16765],[128.09738,38.16809],[128.09705,38.16926],[128.09664,38.16968],[128.09681,38.17248],[128.09736,38.1746],[128.09762,38.17504],[128.09957,38.1761],[128.101,38.17635],[128.1021,38.17689],[128.10351,38.17719],[128.10387,38.17758],[128.1041,38.17826],[128.10405,38.17994],[128.1037,38.18122],[128.10374,38.1829],[128.10517,38.18441],[128.10548,38.18488],[128.10518,38.18539],[128.10412,38.18618],[128.10267,38.18696],[128.10047,38.18868],[128.09994,38.18903],[128.0992,38.19181],[128.099,38.1923],[128.09985,38.19252],[128.10035,38.19318],[128.10165,38.19373],[128.10188,38.19461],[128.10265,38.19586],[128.10391,38.19602],[128.10476,38.19677],[128.1054,38.19749],[128.10606,38.19872],[128.10598,38.19952],[128.10615,38.20008],[128.10684,38.20063],[128.10715,38.20126],[128.10903,38.20157],[128.11005,38.20145],[128.11104,38.20207],[128.11157,38.20268],[128.11236,38.20339],[128.11326,38.20344],[128.11487,38.20512],[128.11491,38.20655],[128.11558,38.20671],[128.11607,38.20727],[128.11653,38.20757],[128.11704,38.20837],[128.117,38.20877],[128.11792,38.20914],[128.11813,38.20941],[128.11838,38.21025],[128.11863,38.21063],[128.11858,38.21125],[128.11962,38.21191],[128.11988,38.21231],[128.12053,38.21258],[128.12144,38.21343],[128.12146,38.2141],[128.12122,38.21488],[128.12095,38.2154],[128.11986,38.21611],[128.1191,38.217],[128.11827,38.21726],[128.11724,38.21819],[128.11713,38.21853],[128.1172,38.21934],[128.11685,38.22021],[128.11708,38.22091],[128.11706,38.22165],[128.1167,38.22236],[128.1167,38.22301],[128.11699,38.22341],[128.11669,38.22505],[128.11768,38.22555],[128.11855,38.22575],[128.11863,38.22621],[128.11913,38.22698],[128.11925,38.22764],[128.11911,38.22785],[128.11898,38.22884],[128.11902,38.22939],[128.11945,38.23003],[128.12002,38.23112],[128.11991,38.23215],[128.11992,38.23291],[128.12067,38.23332],[128.12096,38.23369],[128.12155,38.23406],[128.12246,38.23446],[128.12319,38.23533],[128.12341,38.23616],[128.1247,38.23735],[128.1249,38.23788],[128.12498,38.23846],[128.12478,38.23895],[128.12441,38.23945],[128.12425,38.24089],[128.12485,38.24135],[128.12594,38.2416],[128.12696,38.24238],[128.12851,38.2429],[128.12882,38.24336],[128.1296,38.24389],[128.13021,38.24375],[128.13135,38.2439],[128.13236,38.24378],[128.13376,38.24409],[128.13583,38.24436],[128.13608,38.24499],[128.13672,38.24556],[128.13699,38.24663],[128.13743,38.24685],[128.13812,38.24741],[128.1386,38.24738],[128.13938,38.24778],[128.13997,38.2483],[128.14136,38.24855],[128.14269,38.24893],[128.14306,38.24921],[128.14464,38.24951],[128.14548,38.25014],[128.1458,38.25081],[128.14566,38.25104],[128.14585,38.25165],[128.14627,38.25234],[128.14668,38.25378],[128.14691,38.25404],[128.14754,38.25416],[128.14831,38.25418],[128.14868,38.25459],[128.15021,38.25535],[128.15096,38.25582],[128.15169,38.25612],[128.15229,38.25618],[128.15393,38.25606],[128.15446,38.25637],[128.15531,38.25649],[128.15582,38.257],[128.15632,38.2578],[128.15639,38.2584],[128.15658,38.25859],[128.15752,38.25842],[128.15811,38.25867],[128.1588,38.25977],[128.15949,38.26108],[128.1607,38.26157],[128.16103,38.26199],[128.16044,38.2629],[128.1597,38.26341],[128.15978,38.26413],[128.15966,38.26435],[128.15979,38.26535],[128.15923,38.26687],[128.15962,38.26771],[128.15978,38.26779],[128.16006,38.2689],[128.16066,38.26893],[128.16117,38.26921],[128.16154,38.26957],[128.16225,38.27],[128.1626,38.27045],[128.16329,38.27105],[128.16323,38.27153],[128.16363,38.27175],[128.16394,38.27257],[128.16436,38.27294],[128.16427,38.27344],[128.16449,38.27399],[128.16446,38.27437],[128.16462,38.27504],[128.16521,38.27518],[128.16561,38.27558],[128.1658,38.27602],[128.16627,38.27621],[128.16693,38.27695],[128.16763,38.2771],[128.16871,38.2784],[128.16873,38.27935],[128.16902,38.28009],[128.16941,38.28029],[128.17008,38.28039],[128.17044,38.28029],[128.1713,38.28044],[128.17157,38.28091],[128.17239,38.28144],[128.17176,38.28237],[128.1711,38.28365],[128.17083,38.2839],[128.17076,38.28466],[128.16981,38.28604],[128.16956,38.28667],[128.16971,38.2872],[128.16962,38.28763],[128.16929,38.28828],[128.16825,38.28892],[128.16842,38.28973],[128.16837,38.29013],[128.16868,38.2911],[128.16854,38.29162],[128.16827,38.29189],[128.16827,38.29235],[128.16905,38.29329],[128.16953,38.29367],[128.16974,38.29428],[128.16988,38.29519],[128.16962,38.2959],[128.17012,38.29648],[128.17019,38.29684],[128.17094,38.29827],[128.17097,38.29874],[128.17133,38.29971],[128.17124,38.29993],[128.17042,38.30052],[128.17034,38.30103],[128.17,38.30136],[128.16933,38.30174],[128.16904,38.30178],[128.16779,38.30236],[128.16778,38.30375],[128.16788,38.30497],[128.16812,38.30533],[128.16834,38.30606],[128.16901,38.30644],[128.16878,38.30683],[128.16894,38.30726],[128.16864,38.3077],[128.16868,38.30831],[128.16849,38.30869],[128.16867,38.30969],[128.16815,38.31],[128.16825,38.31069],[128.16821,38.31119],[128.16839,38.31173],[128.16881,38.31238],[128.16957,38.31253],[128.16976,38.31268],[128.16977,38.31354],[128.17043,38.31446],[128.17066,38.31573],[128.16962,38.31639],[128.16951,38.31683],[128.16905,38.31703],[128.16772,38.31746],[128.16673,38.31876],[128.16654,38.31875],[128.16596,38.31977],[128.16543,38.32001],[128.16491,38.32061],[128.1641,38.3209],[128.16323,38.32095],[128.16278,38.32063],[128.16188,38.32079],[128.16015,38.32236],[128.15924,38.323],[128.15893,38.3236],[128.15899,38.32443],[128.15853,38.32586],[128.15803,38.32658],[128.15738,38.32716],[128.1568,38.32828],[128.1558,38.32855],[128.1549,38.32933],[128.15471,38.32919],[128.15315,38.32864],[128.15314,38.32819],[128.15276,38.3278],[128.1516,38.32703],[128.1513,38.32591],[128.15103,38.3257],[128.15008,38.3256],[128.14953,38.32567],[128.1489,38.32591],[128.14788,38.32703],[128.14741,38.32654],[128.14672,38.32613],[128.14625,38.32572],[128.14592,38.32524],[128.14466,38.32446],[128.14399,38.3247],[128.14351,38.3252],[128.14253,38.32462],[128.14153,38.32431],[128.14107,38.32432],[128.14057,38.32459],[128.13986,38.3247],[128.13879,38.32518],[128.13787,38.32522],[128.13711,38.32498],[128.13619,38.3253],[128.13457,38.32552],[128.13365,38.32621],[128.13299,38.32627],[128.13256,38.32669],[128.13153,38.32715],[128.13007,38.32753],[128.1285,38.3283],[128.12785,38.32848],[128.12731,38.3282],[128.12532,38.32764],[128.12495,38.32724],[128.12435,38.32693],[128.12347,38.32632],[128.12282,38.32609],[128.12174,38.32607],[128.12044,38.32648],[128.11937,38.32702],[128.11846,38.32661],[128.11788,38.32659],[128.11683,38.32712],[128.11587,38.32696],[128.11547,38.32707],[128.11482,38.3275],[128.11364,38.32756],[128.11299,38.3277],[128.11233,38.32732],[128.11202,38.32688],[128.11129,38.32677],[128.1108,38.32616],[128.11037,38.32591],[128.1094,38.32564],[128.10862,38.32532],[128.10745,38.32408],[128.1066,38.32389],[128.10584,38.3235],[128.10541,38.32304],[128.10447,38.3223],[128.10346,38.32193],[128.10312,38.32148],[128.10174,38.32049],[128.09996,38.32035],[128.09902,38.31965],[128.09812,38.31933],[128.09708,38.31842],[128.09632,38.31796],[128.09579,38.31782],[128.09481,38.31719],[128.09265,38.31496],[128.09218,38.31485],[128.09185,38.31457],[128.09063,38.31439],[128.09031,38.31422],[128.08989,38.31513],[128.08901,38.31578],[128.08812,38.31701],[128.08735,38.31766],[128.08437,38.31573],[128.08015,38.31343],[128.07588,38.31181],[128.06876,38.30996],[128.06381,38.3092],[128.05756,38.30798],[128.04915,38.30704],[128.04617,38.30727],[128.04404,38.30749],[128.0446,38.30834],[128.04506,38.30879],[128.04418,38.30882],[128.04404,38.30959],[128.04447,38.30987],[128.04427,38.31022],[128.0447,38.31052],[128.04396,38.31091],[128.04324,38.31111],[128.043,38.31156],[128.0424,38.31163],[128.04172,38.31145],[128.04143,38.31117],[128.04074,38.31118],[128.0405,38.31105],[128.03986,38.31105],[128.03953,38.3113],[128.03846,38.31148],[128.03817,38.31124],[128.03781,38.31067],[128.03715,38.31061],[128.03509,38.3116],[128.03484,38.31202],[128.03357,38.31136],[128.03348,38.31108],[128.03282,38.3109],[128.03203,38.3109],[128.03113,38.31121],[128.03085,38.31156],[128.03121,38.31234],[128.03162,38.3128],[128.03178,38.31348],[128.03244,38.31411],[128.03343,38.31491],[128.03345,38.31544],[128.03331,38.31567],[128.03056,38.31514],[128.0305,38.3151],[128.02798,38.31516],[128.02614,38.31478],[128.02278,38.31436],[128.01821,38.31419],[128.01814,38.31222],[128.01783,38.30483],[128.01546,38.3028],[128.01604,38.30135],[128.01582,38.30057],[128.01528,38.3],[128.01514,38.2988],[128.01362,38.29596],[128.01297,38.29417],[128.01596,38.2915],[128.01597,38.28989],[128.01488,38.28801],[128.01338,38.28717],[128.01183,38.28671],[128.01078,38.28608],[128.0106,38.28387],[128.00871,38.2819],[128.00769,38.28035],[128.00741,38.27912],[128.00624,38.2778],[128.00256,38.27551],[128.00179,38.27661],[128.00109,38.27705],[128.00096,38.27738],[128.00001,38.27803],[127.99947,38.27777],[127.99619,38.27839],[127.99453,38.27843],[127.99246,38.27877],[127.99176,38.27875],[127.98893,38.27732],[127.98969,38.27605],[127.98975,38.27538],[127.98934,38.27539],[127.98906,38.27495],[127.98788,38.27412],[127.9858,38.27348],[127.98514,38.27456],[127.98434,38.27562],[127.98405,38.27623],[127.98369,38.27673],[127.98337,38.27697],[127.98272,38.27719],[127.98255,38.27746],[127.98258,38.27812],[127.98289,38.27935],[127.9827,38.28026],[127.98247,38.28064],[127.98186,38.281],[127.98103,38.28137],[127.98044,38.28209],[127.9803,38.2827],[127.9804,38.28297],[127.98019,38.2835],[127.97952,38.28358],[127.9783,38.28392],[127.97726,38.28491],[127.97655,38.28617],[127.97639,38.28668],[127.97646,38.28737],[127.97626,38.28746],[127.97553,38.28731],[127.97496,38.28737],[127.97429,38.28835],[127.97308,38.28912],[127.97224,38.28991],[127.97141,38.2897],[127.97093,38.28969],[127.9694,38.29079],[127.96906,38.2908],[127.9687,38.29171],[127.96867,38.29215],[127.96692,38.29308],[127.96506,38.29348],[127.96314,38.29364],[127.96255,38.29455],[127.96181,38.29629],[127.96065,38.29799],[127.95934,38.29901],[127.95822,38.30022],[127.95617,38.30029],[127.9547,38.30123],[127.95159,38.30217],[127.95024,38.303],[127.94874,38.30441],[127.94702,38.30483],[127.94515,38.3051],[127.94398,38.306],[127.94223,38.30638],[127.93967,38.30626],[127.93758,38.30634],[127.93509,38.30591],[127.93398,38.30596],[127.93155,38.30639],[127.9298,38.30699],[127.92834,38.30797],[127.92679,38.30938],[127.9252,38.30936],[127.9222,38.30975],[127.92097,38.30972],[127.91978,38.30932],[127.91869,38.30875],[127.91773,38.30913],[127.91491,38.31075],[127.91412,38.31082],[127.91275,38.31041],[127.91125,38.31047],[127.90913,38.31086],[127.90765,38.31096],[127.90578,38.31006],[127.90398,38.30973],[127.90209,38.3111],[127.90044,38.31161],[127.89712,38.31278],[127.89491,38.31291],[127.89341,38.31181],[127.89193,38.30951],[127.88847,38.30877],[127.88703,38.30582],[127.88506,38.30414],[127.88308,38.30316],[127.88189,38.30192],[127.8806,38.3002],[127.87876,38.29831],[127.8774,38.29645],[127.87644,38.29442],[127.87594,38.29322],[127.87517,38.29212],[127.87306,38.29025],[127.87087,38.28889],[127.86837,38.28837],[127.86699,38.28797],[127.86571,38.28721],[127.8643,38.28589],[127.86327,38.28467],[127.86263,38.28324],[127.86334,38.28256],[127.86319,38.28176],[127.86235,38.28089],[127.8624,38.28021],[127.86315,38.27974],[127.86337,38.27888],[127.8638,38.27797],[127.8638,38.27666],[127.86288,38.27549],[127.86139,38.27449],[127.86039,38.2734],[127.8601,38.2728],[127.86002,38.27183],[127.85915,38.26832],[127.85873,38.2674],[127.85908,38.26677],[127.85955,38.26618],[127.8595,38.26518],[127.85854,38.26341],[127.85588,38.26135],[127.85388,38.25901],[127.8534,38.25806],[127.85331,38.25706],[127.8535,38.25652],[127.85394,38.25618],[127.85408,38.25557],[127.8548,38.25491],[127.85529,38.25434],[127.85538,38.254],[127.85515,38.25354],[127.85528,38.25267],[127.85437,38.25205],[127.85412,38.25112],[127.85407,38.2495],[127.85383,38.24874],[127.85402,38.24686],[127.85376,38.24629],[127.85384,38.24569],[127.85564,38.24499],[127.85611,38.245],[127.85608,38.24457],[127.85646,38.2432],[127.85709,38.24195],[127.85773,38.24053],[127.85797,38.23961],[127.85802,38.23882],[127.85819,38.23812],[127.85819,38.23758],[127.85801,38.237],[127.85799,38.23608],[127.85815,38.23521],[127.85807,38.23412],[127.85698,38.23319],[127.85623,38.23239],[127.85477,38.23133],[127.85393,38.23102],[127.8532,38.23066],[127.85266,38.23006],[127.85246,38.22852],[127.85207,38.22688],[127.8521,38.22499],[127.85196,38.22401],[127.85177,38.22164],[127.85192,38.22044],[127.85211,38.21989],[127.85176,38.21837],[127.85213,38.2176],[127.85218,38.21703],[127.85338,38.21542],[127.85398,38.21477],[127.85434,38.21378],[127.85314,38.21265],[127.8526,38.21201],[127.85222,38.21101],[127.85186,38.20973],[127.85175,38.2089],[127.85253,38.20842],[127.85283,38.20776],[127.85325,38.20715],[127.85325,38.20677],[127.85568,38.20648],[127.85639,38.20629],[127.85674,38.20601],[127.85681,38.2053],[127.85698,38.20482],[127.85787,38.20411],[127.85856,38.20333],[127.8596,38.20322],[127.86055,38.20339],[127.86215,38.20384],[127.86338,38.20432],[127.86535,38.20454],[127.86605,38.20472],[127.86649,38.20501],[127.86725,38.20524],[127.86764,38.20519],[127.86826,38.20476],[127.8694,38.20382],[127.87016,38.20331],[127.87131,38.20237],[127.87184,38.20209],[127.87216,38.20143],[127.87324,38.20079],[127.87552,38.19984],[127.87775,38.19811],[127.87816,38.19767],[127.87817,38.19668],[127.87739,38.19581],[127.87668,38.1948],[127.87648,38.19298],[127.8753,38.19124],[127.87557,38.19007],[127.87574,38.18828],[127.87741,38.1862],[127.87766,38.1848],[127.87758,38.18348],[127.8773,38.18156],[127.87857,38.17963],[127.87943,38.17789],[127.87897,38.17676],[127.87906,38.17418],[127.87947,38.1728],[127.88104,38.17053],[127.88125,38.16949],[127.88088,38.16729],[127.88055,38.16617],[127.88028,38.1656],[127.8786,38.16416],[127.87824,38.16335],[127.87701,38.16221],[127.87596,38.1604],[127.87616,38.15994],[127.87554,38.15896],[127.87555,38.15793],[127.87539,38.15676],[127.87708,38.15463],[127.87768,38.15316],[127.87705,38.15187],[127.8772,38.1507],[127.87659,38.14855],[127.87597,38.14765],[127.87592,38.14725],[127.87552,38.14591],[127.876,38.14487],[127.87523,38.14379],[127.87482,38.14256],[127.8739,38.14138],[127.87381,38.1392],[127.87461,38.13831],[127.875,38.13732],[127.87539,38.13667],[127.87579,38.13623],[127.87559,38.13557],[127.87575,38.13496],[127.87624,38.13476],[127.8767,38.13391],[127.87688,38.13376],[127.87672,38.13281],[127.87639,38.13238],[127.8758,38.13187],[127.87592,38.13136],[127.8757,38.12994],[127.87591,38.12934],[127.87553,38.12904],[127.87543,38.12836],[127.87526,38.12803],[127.87505,38.12711],[127.87532,38.12648],[127.87583,38.12605],[127.87542,38.12539],[127.8753,38.12478],[127.87571,38.12408],[127.8757,38.12377],[127.87662,38.12238],[127.87675,38.1214],[127.87621,38.11993],[127.8762,38.11911],[127.87639,38.11901],[127.87782,38.11897],[127.8795,38.11915],[127.88122,38.119],[127.88246,38.11854],[127.8834,38.11801],[127.88454,38.11759],[127.88636,38.1167],[127.8873,38.1161],[127.88783,38.1153],[127.88732,38.1146],[127.88648,38.11315],[127.88694,38.11228],[127.887,38.11173],[127.88641,38.11136],[127.8862,38.11098],[127.88477,38.10983],[127.88432,38.10975],[127.88401,38.10945],[127.8841,38.10906],[127.88481,38.10844],[127.88484,38.10798],[127.88547,38.10708],[127.88533,38.10649],[127.88559,38.10619],[127.88554,38.10539],[127.88588,38.10485],[127.88583,38.10445],[127.88624,38.10392],[127.88635,38.10352],[127.88558,38.1032],[127.88551,38.10272],[127.88499,38.10238],[127.88513,38.10188],[127.88614,38.10145],[127.88691,38.10127],[127.88763,38.10033],[127.88737,38.09886],[127.88736,38.09794],[127.88748,38.09701],[127.8879,38.09548],[127.888,38.09452],[127.88826,38.09351],[127.88948,38.09238],[127.89035,38.09246],[127.8916,38.09211],[127.89244,38.09206],[127.8951,38.09161],[127.89671,38.09115],[127.90111,38.09088],[127.90141,38.09054],[127.90192,38.08967],[127.90272,38.08857],[127.90299,38.08771],[127.90352,38.08709],[127.90336,38.08649],[127.90362,38.08592],[127.9038,38.08471],[127.90459,38.08417],[127.90519,38.08396],[127.9056,38.08324],[127.90624,38.08164],[127.90663,38.08115],[127.90717,38.08073],[127.90776,38.08043],[127.90707,38.07903],[127.90702,38.07809],[127.90649,38.07781],[127.90585,38.07731],[127.90608,38.07703],[127.90514,38.07615],[127.90432,38.0749],[127.90375,38.0731],[127.90394,38.07183],[127.90435,38.07013],[127.90589,38.0687],[127.90724,38.06607],[127.90918,38.0642],[127.91028,38.06355],[127.91269,38.05965],[127.91364,38.05854],[127.91323,38.05765],[127.91175,38.05664],[127.9098,38.05603],[127.90847,38.05489],[127.9049,38.05344],[127.90375,38.05253],[127.90267,38.0506],[127.90277,38.04895],[127.90404,38.04617],[127.90364,38.04437],[127.90371,38.04185],[127.90263,38.04061],[127.90186,38.03822],[127.90275,38.03763],[127.90288,38.0367],[127.9027,38.03533],[127.90255,38.03475],[127.90404,38.03335],[127.90381,38.03301],[127.9037,38.03199],[127.904,38.03122],[127.90407,38.03033],[127.90457,38.02976],[127.90633,38.02842],[127.90749,38.02711],[127.90984,38.02563],[127.91027,38.02462],[127.91245,38.02369],[127.91338,38.02286],[127.91515,38.02217],[127.91627,38.0222],[127.91778,38.02128],[127.91825,38.02107],[127.91923,38.02107],[127.91994,38.02098],[127.92093,38.02049],[127.92118,38.02048],[127.92223,38.02011],[127.92323,38.02007],[127.9238,38.0203],[127.92442,38.01998],[127.92479,38.02003],[127.92532,38.01986],[127.92551,38.01961],[127.92627,38.01907],[127.92668,38.01892],[127.92758,38.01902],[127.92865,38.01898],[127.9292,38.01883],[127.92942,38.01846],[127.93065,38.01802],[127.93137,38.01789],[127.93196,38.01735],[127.93227,38.01723],[127.93282,38.01666],[127.93425,38.01561],[127.93453,38.01513],[127.93436,38.01478],[127.93453,38.01422],[127.93447,38.01382],[127.93652,38.01419],[127.9382,38.01422],[127.94043,38.01505],[127.94333,38.01672],[127.94493,38.01837],[127.94606,38.02057],[127.94714,38.02258],[127.94686,38.02584],[127.94643,38.02914],[127.94701,38.03133],[127.94861,38.03412],[127.94992,38.03619],[127.95085,38.03726],[127.95175,38.0382],[127.95261,38.03854],[127.95543,38.03868],[127.95762,38.03783],[127.96301,38.03486],[127.96611,38.03205],[127.96902,38.0309],[127.97249,38.03055],[127.97778,38.02957],[127.98298,38.02788],[127.98543,38.02686],[127.98686,38.02551],[127.98755,38.02404],[127.98757,38.02264],[127.98713,38.0201],[127.98583,38.01774],[127.98397,38.01452],[127.98366,38.01224],[127.98382,38.0103],[127.98478,38.00826],[127.98569,38.0072],[127.98817,38.00502],[127.98938,38.0038],[127.9911,38.00265],[127.99333,38.00162],[127.99579,38.00174],[127.99797,38.00273],[128.00065,38.00528],[128.00329,38.00914],[128.00494,38.01188],[128.00591,38.01374],[128.00774,38.01574],[128.00951,38.01694],[128.01296,38.01901],[128.01432,38.01932],[128.01663,38.01952],[128.01954,38.01952],[128.02143,38.01975],[128.02333,38.01979],[128.02494,38.01953],[128.02667,38.0178],[128.02826,38.01609],[128.02878,38.01536],[128.02961,38.01465]]]},"properties":{"code":"51800","name":"양구군","bbox":[127.85175,38.00162,128.17239,38.32933],"labelPoint":[127.99703,38.1786]}},{"type":"Feature","geometry":{"type":"Polygon","coordinates":[[[128.44231,38.20372],[128.44109,38.20477],[128.44065,38.20592],[128.44078,38.20643],[128.44044,38.20693],[128.43997,38.20716],[128.43994,38.20813],[128.43983,38.20841],[128.43914,38.20917],[128.43929,38.20979],[128.43879,38.21069],[128.43876,38.2113],[128.43835,38.21224],[128.43815,38.21314],[128.43774,38.21408],[128.43781,38.21465],[128.43817,38.21541],[128.43837,38.2162],[128.43838,38.21669],[128.43871,38.21747],[128.43885,38.21851],[128.43909,38.21954],[128.43986,38.22079],[128.44004,38.2209],[128.4405,38.22198],[128.4404,38.22241],[128.44074,38.22293],[128.4404,38.2236],[128.4406,38.22512],[128.44036,38.22556],[128.4405,38.2264],[128.44023,38.2275],[128.43899,38.22908],[128.43843,38.2296],[128.43771,38.22989],[128.43724,38.23029],[128.43764,38.23248],[128.43841,38.23442],[128.43815,38.23523],[128.43816,38.23765],[128.43857,38.23916],[128.43888,38.23985],[128.43972,38.24127],[128.43771,38.24111],[128.43626,38.24131],[128.43521,38.2416],[128.43392,38.24234],[128.43294,38.24242],[128.43247,38.24296],[128.43219,38.24378],[128.43088,38.24553],[128.4307,38.24609],[128.42957,38.24758],[128.42794,38.24886],[128.42806,38.24914],[128.42755,38.25019],[128.42622,38.25084],[128.4259,38.2513],[128.42577,38.25176],[128.4254,38.2521],[128.42482,38.25316],[128.42312,38.25365],[128.42209,38.25372],[128.42114,38.25362],[128.41999,38.25419],[128.41935,38.25427],[128.41862,38.25415],[128.41759,38.25428],[128.41741,38.2546],[128.41648,38.2537],[128.41523,38.25316],[128.41495,38.25259],[128.41459,38.2525],[128.41384,38.25194],[128.41345,38.25144],[128.41241,38.25043],[128.41164,38.24893],[128.41049,38.2486],[128.41045,38.24823],[128.40954,38.24786],[128.40883,38.24778],[128.40861,38.24764],[128.40816,38.24696],[128.40814,38.24622],[128.40755,38.24598],[128.40659,38.24624],[128.40612,38.24561],[128.40621,38.24541],[128.40687,38.24519],[128.40718,38.24477],[128.40681,38.24458],[128.40642,38.24469],[128.40581,38.24462],[128.40502,38.24405],[128.40432,38.24302],[128.40388,38.24257],[128.40343,38.24251],[128.40305,38.24228],[128.402,38.24208],[128.40158,38.24187],[128.40007,38.24133],[128.39947,38.24099],[128.39886,38.24039],[128.39807,38.24005],[128.39731,38.23956],[128.39671,38.23935],[128.39469,38.23927],[128.39417,38.23959],[128.39356,38.24111],[128.39352,38.24203],[128.39308,38.24289],[128.39281,38.24389],[128.3923,38.24452],[128.3914,38.24499],[128.39091,38.24619],[128.39061,38.24629],[128.38946,38.24628],[128.38873,38.24664],[128.3884,38.24705],[128.38836,38.24804],[128.38778,38.24794],[128.38656,38.24705],[128.3857,38.24683],[128.38502,38.24718],[128.38474,38.24711],[128.38488,38.2461],[128.38477,38.24585],[128.38184,38.24577],[128.38114,38.24471],[128.38102,38.24432],[128.38018,38.24379],[128.37976,38.24394],[128.37916,38.24529],[128.37877,38.24539],[128.37832,38.24523],[128.37786,38.24476],[128.37733,38.24392],[128.37647,38.24353],[128.37647,38.243],[128.37561,38.24265],[128.37533,38.24272],[128.37458,38.24323],[128.3736,38.24324],[128.37206,38.24265],[128.37166,38.24232],[128.37068,38.2413],[128.37033,38.24037],[128.37039,38.23917],[128.37069,38.23844],[128.37135,38.23815],[128.3711,38.23749],[128.37077,38.23709],[128.36973,38.2363],[128.36947,38.23594],[128.36894,38.2358],[128.36846,38.23585],[128.3681,38.23624],[128.36806,38.23686],[128.36789,38.23748],[128.36723,38.2384],[128.36719,38.23905],[128.36685,38.23999],[128.3668,38.24085],[128.36582,38.2418],[128.36499,38.24203],[128.36482,38.24237],[128.36554,38.24338],[128.36576,38.2444],[128.36568,38.24703],[128.36526,38.24823],[128.36436,38.2501],[128.36395,38.25084],[128.36373,38.25189],[128.3633,38.25246],[128.36307,38.25328],[128.36313,38.25379],[128.36343,38.25397],[128.36332,38.25461],[128.36341,38.25502],[128.36327,38.25533],[128.36258,38.25572],[128.36183,38.25713],[128.36113,38.25789],[128.36007,38.2589],[128.35976,38.26085],[128.35965,38.26104],[128.35932,38.2625],[128.35871,38.26359],[128.35916,38.26467],[128.35907,38.26538],[128.35929,38.26569],[128.35736,38.26557],[128.35579,38.26658],[128.35436,38.26647],[128.35345,38.26609],[128.35054,38.2659],[128.34876,38.26607],[128.34773,38.2659],[128.34643,38.26545],[128.34591,38.26521],[128.34492,38.26505],[128.34323,38.26514],[128.34232,38.26501],[128.34085,38.26551],[128.34026,38.26475],[128.33902,38.26402],[128.33836,38.26382],[128.3377,38.26339],[128.33708,38.26312],[128.33588,38.26333],[128.33421,38.26385],[128.33348,38.26371],[128.33287,38.26412],[128.33237,38.26513],[128.33143,38.26542],[128.32925,38.26547],[128.3275,38.2662],[128.32621,38.26645],[128.32491,38.26642],[128.32433,38.26629],[128.32332,38.26645],[128.32222,38.26651],[128.32125,38.26647],[128.31993,38.26603],[128.31923,38.26607],[128.31855,38.2675],[128.31777,38.27027],[128.31824,38.27176],[128.31803,38.27223],[128.31794,38.27315],[128.31808,38.27424],[128.31829,38.27506],[128.31936,38.27789],[128.31992,38.28011],[128.31947,38.28138],[128.31952,38.28295],[128.31914,38.28373],[128.31929,38.28413],[128.31879,38.28587],[128.31881,38.28773],[128.31926,38.28857],[128.31993,38.28922],[128.32059,38.28949],[128.32093,38.28989],[128.32146,38.29092],[128.32122,38.2915],[128.32138,38.29197],[128.32137,38.29282],[128.3215,38.29388],[128.32146,38.29518],[128.32115,38.29641],[128.32109,38.29736],[128.32059,38.29795],[128.32033,38.29847],[128.32047,38.29929],[128.32045,38.30025],[128.31946,38.30099],[128.31828,38.30125],[128.31739,38.30158],[128.31655,38.30162],[128.31579,38.30183],[128.31512,38.30226],[128.31488,38.3028],[128.31498,38.30437],[128.3145,38.30494],[128.31421,38.30598],[128.31416,38.3072],[128.31387,38.30742],[128.3144,38.30826],[128.31445,38.31002],[128.31401,38.31044],[128.31281,38.31186],[128.31262,38.31249],[128.31166,38.31377],[128.31162,38.31425],[128.31179,38.31478],[128.31172,38.31548],[128.31143,38.31597],[128.31118,38.31687],[128.31097,38.31732],[128.31036,38.31787],[128.31007,38.31915],[128.31003,38.31984],[128.30967,38.32032],[128.30861,38.32106],[128.30861,38.32155],[128.30887,38.32217],[128.3097,38.3236],[128.30992,38.32506],[128.31047,38.32643],[128.31089,38.32689],[128.31112,38.32845],[128.31093,38.32905],[128.31101,38.32965],[128.31175,38.33041],[128.31211,38.33058],[128.31086,38.33211],[128.30904,38.33328],[128.30773,38.33325],[128.30542,38.3334],[128.30502,38.3336],[128.30431,38.33366],[128.30293,38.33354],[128.30238,38.3337],[128.30087,38.3336],[128.29955,38.33384],[128.2986,38.33435],[128.29789,38.33497],[128.29751,38.33558],[128.297,38.33569],[128.29605,38.33649],[128.29557,38.33625],[128.29504,38.33646],[128.29439,38.33703],[128.29349,38.337],[128.29193,38.33744],[128.29135,38.33726],[128.29118,38.33753],[128.2901,38.33806],[128.28962,38.33882],[128.28871,38.33915],[128.28838,38.33946],[128.28783,38.33971],[128.28746,38.34009],[128.28635,38.33982],[128.28493,38.33973],[128.28275,38.33983],[128.28211,38.34],[128.28174,38.33953],[128.27974,38.33801],[128.27873,38.33793],[128.27826,38.33772],[128.27777,38.33779],[128.2767,38.33773],[128.27559,38.33641],[128.27432,38.33551],[128.27375,38.33546],[128.27243,38.33651],[128.27087,38.33696],[128.27048,38.33698],[128.27017,38.33778],[128.26794,38.34015],[128.26819,38.3423],[128.26832,38.34265],[128.26809,38.34296],[128.26753,38.34448],[128.26743,38.34504],[128.26795,38.34569],[128.26818,38.34633],[128.26779,38.34667],[128.26762,38.34711],[128.2676,38.34778],[128.26613,38.34856],[128.26504,38.34952],[128.26456,38.35097],[128.26452,38.35161],[128.26522,38.35187],[128.26588,38.35233],[128.26609,38.35289],[128.26661,38.35345],[128.2668,38.35398],[128.26677,38.35429],[128.26701,38.35478],[128.26792,38.35505],[128.26834,38.35541],[128.26825,38.35578],[128.26856,38.35631],[128.26896,38.35637],[128.26903,38.35703],[128.26943,38.35837],[128.27005,38.35949],[128.27006,38.36038],[128.27041,38.36108],[128.27116,38.36125],[128.27156,38.36216],[128.27117,38.36401],[128.27135,38.3644],[128.2721,38.36488],[128.27254,38.36569],[128.27207,38.36715],[128.27254,38.36817],[128.27223,38.36872],[128.27146,38.36925],[128.27165,38.37002],[128.27213,38.37057],[128.27194,38.3714],[128.27224,38.37182],[128.27183,38.37276],[128.27096,38.37334],[128.27097,38.37403],[128.27077,38.37456],[128.27026,38.37513],[128.26957,38.37615],[128.26857,38.37662],[128.26808,38.37651],[128.26742,38.37681],[128.26518,38.37559],[128.26322,38.37626],[128.26201,38.37647],[128.26095,38.3757],[128.26041,38.3755],[128.26005,38.37481],[128.25766,38.37275],[128.2569,38.37305],[128.25507,38.37246],[128.25467,38.37259],[128.25421,38.37244],[128.25367,38.37244],[128.25214,38.37205],[128.2508,38.3713],[128.25009,38.37131],[128.24891,38.37082],[128.24852,38.37078],[128.24755,38.3714],[128.24715,38.37236],[128.24671,38.37247],[128.24453,38.37384],[128.24353,38.37403],[128.24281,38.37436],[128.24222,38.37486],[128.24028,38.37532],[128.23992,38.37525],[128.23921,38.37572],[128.23867,38.37629],[128.23825,38.37622],[128.23715,38.37547],[128.23658,38.37463],[128.23634,38.37414],[128.23511,38.37294],[128.23368,38.37238],[128.2328,38.37343],[128.23247,38.37418],[128.23141,38.37515],[128.23134,38.37544],[128.23072,38.37597],[128.23045,38.37639],[128.23012,38.37653],[128.22966,38.37745],[128.22962,38.37784],[128.22938,38.37798],[128.22946,38.37833],[128.22917,38.37897],[128.22931,38.37948],[128.22959,38.37968],[128.23007,38.38102],[128.22984,38.38127],[128.22964,38.38203],[128.23004,38.3822],[128.23055,38.38292],[128.23117,38.38334],[128.23297,38.3835],[128.23342,38.38429],[128.23389,38.38485],[128.23351,38.38544],[128.23372,38.38623],[128.23351,38.38638],[128.23361,38.38733],[128.23282,38.38764],[128.23204,38.38811],[128.23161,38.388],[128.23049,38.38798],[128.23014,38.38777],[128.22886,38.38776],[128.22784,38.38794],[128.22733,38.38785],[128.22687,38.38809],[128.22684,38.38859],[128.2262,38.38908],[128.22615,38.38964],[128.22528,38.38852],[128.22355,38.38725],[128.22115,38.38617],[128.21957,38.38512],[128.21766,38.38252],[128.21602,38.37648],[128.21465,38.37464],[128.21465,38.37439],[128.2142,38.37399],[128.21352,38.37172],[128.21245,38.37015],[128.2114,38.36989],[128.21035,38.37004],[128.20936,38.37105],[128.20818,38.37336],[128.20758,38.37466],[128.2071,38.37505],[128.20502,38.37532],[128.20145,38.37502],[128.19784,38.37407],[128.19561,38.37325],[128.19198,38.37289],[128.19138,38.36917],[128.19076,38.36791],[128.18932,38.36659],[128.1876,38.36515],[128.18631,38.36358],[128.18481,38.36094],[128.18428,38.3606],[128.18309,38.3611],[128.17971,38.36214],[128.17746,38.36307],[128.17564,38.36423],[128.175,38.36425],[128.16645,38.3554],[128.16426,38.3534],[128.16286,38.35163],[128.16144,38.34897],[128.16053,38.34816],[128.15915,38.34756],[128.15863,38.34691],[128.15822,38.34554],[128.15813,38.34344],[128.15775,38.34255],[128.15719,38.3424],[128.15635,38.34259],[128.15562,38.3431],[128.15504,38.34372],[128.15442,38.34423],[128.15356,38.34464],[128.15275,38.34455],[128.15201,38.34393],[128.15185,38.34292],[128.15154,38.34217],[128.15111,38.34189],[128.14995,38.34179],[128.14876,38.34203],[128.14814,38.34227],[128.14618,38.34288],[128.14547,38.34277],[128.14441,38.34195],[128.14396,38.34119],[128.14227,38.33774],[128.14094,38.33553],[128.13917,38.3344],[128.13688,38.33338],[128.13585,38.33301],[128.13486,38.33306],[128.13347,38.33366],[128.13294,38.33368],[128.13216,38.3334],[128.12806,38.33225],[128.12576,38.33218],[128.12416,38.33236],[128.12034,38.33317],[128.11895,38.33364],[128.11744,38.3353],[128.11598,38.3366],[128.11534,38.33662],[128.11202,38.33509],[128.10749,38.33218],[128.10464,38.33018],[128.10329,38.32945],[128.10149,38.32839],[128.09836,38.32661],[128.09627,38.32598],[128.09455,38.32482],[128.09308,38.32325],[128.09165,38.32145],[128.08979,38.32007],[128.08764,38.31785],[128.08735,38.31766],[128.08812,38.31701],[128.08901,38.31578],[128.08989,38.31513],[128.09031,38.31422],[128.09063,38.31439],[128.09185,38.31457],[128.09218,38.31485],[128.09265,38.31496],[128.09481,38.31719],[128.09579,38.31782],[128.09632,38.31796],[128.09708,38.31842],[128.09812,38.31933],[128.09902,38.31965],[128.09996,38.32035],[128.10174,38.32049],[128.10312,38.32148],[128.10346,38.32193],[128.10447,38.3223],[128.10541,38.32304],[128.10584,38.3235],[128.1066,38.32389],[128.10745,38.32408],[128.10862,38.32532],[128.1094,38.32564],[128.11037,38.32591],[128.1108,38.32616],[128.11129,38.32677],[128.11202,38.32688],[128.11233,38.32732],[128.11299,38.3277],[128.11364,38.32756],[128.11482,38.3275],[128.11547,38.32707],[128.11587,38.32696],[128.11683,38.32712],[128.11788,38.32659],[128.11846,38.32661],[128.11937,38.32702],[128.12044,38.32648],[128.12174,38.32607],[128.12282,38.32609],[128.12347,38.32632],[128.12435,38.32693],[128.12495,38.32724],[128.12532,38.32764],[128.12731,38.3282],[128.12785,38.32848],[128.1285,38.3283],[128.13007,38.32753],[128.13153,38.32715],[128.13256,38.32669],[128.13299,38.32627],[128.13365,38.32621],[128.13457,38.32552],[128.13619,38.3253],[128.13711,38.32498],[128.13787,38.32522],[128.13879,38.32518],[128.13986,38.3247],[128.14057,38.32459],[128.14107,38.32432],[128.14153,38.32431],[128.14253,38.32462],[128.14351,38.3252],[128.14399,38.3247],[128.14466,38.32446],[128.14592,38.32524],[128.14625,38.32572],[128.14672,38.32613],[128.14741,38.32654],[128.14788,38.32703],[128.1489,38.32591],[128.14953,38.32567],[128.15008,38.3256],[128.15103,38.3257],[128.1513,38.32591],[128.1516,38.32703],[128.15276,38.3278],[128.15314,38.32819],[128.15315,38.32864],[128.15471,38.32919],[128.1549,38.32933],[128.1558,38.32855],[128.1568,38.32828],[128.15738,38.32716],[128.15803,38.32658],[128.15853,38.32586],[128.15899,38.32443],[128.15893,38.3236],[128.15924,38.323],[128.16015,38.32236],[128.16188,38.32079],[128.16278,38.32063],[128.16323,38.32095],[128.1641,38.3209],[128.16491,38.32061],[128.16543,38.32001],[128.16596,38.31977],[128.16654,38.31875],[128.16673,38.31876],[128.16772,38.31746],[128.16905,38.31703],[128.16951,38.31683],[128.16962,38.31639],[128.17066,38.31573],[128.17043,38.31446],[128.16977,38.31354],[128.16976,38.31268],[128.16957,38.31253],[128.16881,38.31238],[128.16839,38.31173],[128.16821,38.31119],[128.16825,38.31069],[128.16815,38.31],[128.16867,38.30969],[128.16849,38.30869],[128.16868,38.30831],[128.16864,38.3077],[128.16894,38.30726],[128.16878,38.30683],[128.16901,38.30644],[128.16834,38.30606],[128.16812,38.30533],[128.16788,38.30497],[128.16778,38.30375],[128.16779,38.30236],[128.16904,38.30178],[128.16933,38.30174],[128.17,38.30136],[128.17034,38.30103],[128.17042,38.30052],[128.17124,38.29993],[128.17133,38.29971],[128.17097,38.29874],[128.17094,38.29827],[128.17019,38.29684],[128.17012,38.29648],[128.16962,38.2959],[128.16988,38.29519],[128.16974,38.29428],[128.16953,38.29367],[128.16905,38.29329],[128.16827,38.29235],[128.16827,38.29189],[128.16854,38.29162],[128.16868,38.2911],[128.16837,38.29013],[128.16842,38.28973],[128.16825,38.28892],[128.16929,38.28828],[128.16962,38.28763],[128.16971,38.2872],[128.16956,38.28667],[128.16981,38.28604],[128.17076,38.28466],[128.17083,38.2839],[128.1711,38.28365],[128.17176,38.28237],[128.17239,38.28144],[128.17157,38.28091],[128.1713,38.28044],[128.17044,38.28029],[128.17008,38.28039],[128.16941,38.28029],[128.16902,38.28009],[128.16873,38.27935],[128.16871,38.2784],[128.16763,38.2771],[128.16693,38.27695],[128.16627,38.27621],[128.1658,38.27602],[128.16561,38.27558],[128.16521,38.27518],[128.16462,38.27504],[128.16446,38.27437],[128.16449,38.27399],[128.16427,38.27344],[128.16436,38.27294],[128.16394,38.27257],[128.16363,38.27175],[128.16323,38.27153],[128.16329,38.27105],[128.1626,38.27045],[128.16225,38.27],[128.16154,38.26957],[128.16117,38.26921],[128.16066,38.26893],[128.16006,38.2689],[128.15978,38.26779],[128.15962,38.26771],[128.15923,38.26687],[128.15979,38.26535],[128.15966,38.26435],[128.15978,38.26413],[128.1597,38.26341],[128.16044,38.2629],[128.16103,38.26199],[128.1607,38.26157],[128.15949,38.26108],[128.1588,38.25977],[128.15811,38.25867],[128.15752,38.25842],[128.15658,38.25859],[128.15639,38.2584],[128.15632,38.2578],[128.15582,38.257],[128.15531,38.25649],[128.15446,38.25637],[128.15393,38.25606],[128.15229,38.25618],[128.15169,38.25612],[128.15096,38.25582],[128.15021,38.25535],[128.14868,38.25459],[128.14831,38.25418],[128.14754,38.25416],[128.14691,38.25404],[128.14668,38.25378],[128.14627,38.25234],[128.14585,38.25165],[128.14566,38.25104],[128.1458,38.25081],[128.14548,38.25014],[128.14464,38.24951],[128.14306,38.24921],[128.14269,38.24893],[128.14136,38.24855],[128.13997,38.2483],[128.13938,38.24778],[128.1386,38.24738],[128.13812,38.24741],[128.13743,38.24685],[128.13699,38.24663],[128.13672,38.24556],[128.13608,38.24499],[128.13583,38.24436],[128.13376,38.24409],[128.13236,38.24378],[128.13135,38.2439],[128.13021,38.24375],[128.1296,38.24389],[128.12882,38.24336],[128.12851,38.2429],[128.12696,38.24238],[128.12594,38.2416],[128.12485,38.24135],[128.12425,38.24089],[128.12441,38.23945],[128.12478,38.23895],[128.12498,38.23846],[128.1249,38.23788],[128.1247,38.23735],[128.12341,38.23616],[128.12319,38.23533],[128.12246,38.23446],[128.12155,38.23406],[128.12096,38.23369],[128.12067,38.23332],[128.11992,38.23291],[128.11991,38.23215],[128.12002,38.23112],[128.11945,38.23003],[128.11902,38.22939],[128.11898,38.22884],[128.11911,38.22785],[128.11925,38.22764],[128.11913,38.22698],[128.11863,38.22621],[128.11855,38.22575],[128.11768,38.22555],[128.11669,38.22505],[128.11699,38.22341],[128.1167,38.22301],[128.1167,38.22236],[128.11706,38.22165],[128.11708,38.22091],[128.11685,38.22021],[128.1172,38.21934],[128.11713,38.21853],[128.11724,38.21819],[128.11827,38.21726],[128.1191,38.217],[128.11986,38.21611],[128.12095,38.2154],[128.12122,38.21488],[128.12146,38.2141],[128.12144,38.21343],[128.12053,38.21258],[128.11988,38.21231],[128.11962,38.21191],[128.11858,38.21125],[128.11863,38.21063],[128.11838,38.21025],[128.11813,38.20941],[128.11792,38.20914],[128.117,38.20877],[128.11704,38.20837],[128.11653,38.20757],[128.11607,38.20727],[128.11558,38.20671],[128.11491,38.20655],[128.11487,38.20512],[128.11326,38.20344],[128.11236,38.20339],[128.11157,38.20268],[128.11104,38.20207],[128.11005,38.20145],[128.10903,38.20157],[128.10715,38.20126],[128.10684,38.20063],[128.10615,38.20008],[128.10598,38.19952],[128.10606,38.19872],[128.1054,38.19749],[128.10476,38.19677],[128.10391,38.19602],[128.10265,38.19586],[128.10188,38.19461],[128.10165,38.19373],[128.10035,38.19318],[128.09985,38.19252],[128.099,38.1923],[128.0992,38.19181],[128.09994,38.18903],[128.10047,38.18868],[128.10267,38.18696],[128.10412,38.18618],[128.10518,38.18539],[128.10548,38.18488],[128.10517,38.18441],[128.10374,38.1829],[128.1037,38.18122],[128.10405,38.17994],[128.1041,38.17826],[128.10387,38.17758],[128.10351,38.17719],[128.1021,38.17689],[128.101,38.17635],[128.09957,38.1761],[128.09762,38.17504],[128.09736,38.1746],[128.09681,38.17248],[128.09664,38.16968],[128.09705,38.16926],[128.09738,38.16809],[128.09732,38.16765],[128.09675,38.16668],[128.0971,38.16469],[128.09711,38.16378],[128.09697,38.16262],[128.0956,38.16074],[128.09443,38.16058],[128.09357,38.16015],[128.09315,38.15981],[128.09174,38.1582],[128.09082,38.15755],[128.09026,38.15653],[128.08986,38.15552],[128.08909,38.15474],[128.08848,38.15399],[128.08774,38.15335],[128.08694,38.153],[128.08635,38.15222],[128.08641,38.15148],[128.08664,38.15086],[128.08825,38.15026],[128.08915,38.14921],[128.08976,38.14753],[128.08987,38.1466],[128.08957,38.14451],[128.09019,38.143],[128.09016,38.14179],[128.08921,38.14088],[128.08869,38.14013],[128.08793,38.13883],[128.08778,38.13846],[128.08831,38.13831],[128.08916,38.13746],[128.09113,38.13632],[128.09179,38.13605],[128.09237,38.13527],[128.09249,38.13362],[128.09318,38.13224],[128.09351,38.13089],[128.09533,38.13035],[128.09689,38.13036],[128.09857,38.12997],[128.10004,38.12981],[128.09908,38.12889],[128.09878,38.12784],[128.09828,38.12662],[128.09822,38.12543],[128.09833,38.12503],[128.09814,38.12418],[128.09917,38.12329],[128.10018,38.12157],[128.10017,38.12005],[128.10151,38.11942],[128.10323,38.11602],[128.10411,38.11502],[128.10418,38.11412],[128.10406,38.11247],[128.10479,38.11159],[128.10495,38.10863],[128.1029,38.10743],[128.10105,38.10581],[128.10131,38.10289],[128.09999,38.10245],[128.09826,38.10169],[128.09735,38.10104],[128.09531,38.10136],[128.09369,38.10135],[128.09257,38.10127],[128.09129,38.10097],[128.09053,38.10126],[128.09014,38.10116],[128.08975,38.10032],[128.08953,38.09877],[128.08878,38.09686],[128.08804,38.09581],[128.08895,38.0938],[128.08885,38.09291],[128.08901,38.09265],[128.08959,38.09255],[128.0901,38.09175],[128.0905,38.09151],[128.09109,38.09152],[128.09185,38.09124],[128.0921,38.09065],[128.09214,38.08992],[128.09313,38.08855],[128.09386,38.08821],[128.09459,38.08734],[128.09564,38.08544],[128.09507,38.0851],[128.09652,38.08373],[128.09654,38.08328],[128.09715,38.08186],[128.09864,38.0802],[128.09882,38.07963],[128.09986,38.07848],[128.10027,38.07843],[128.10135,38.07774],[128.10148,38.07715],[128.10193,38.07655],[128.10253,38.07603],[128.10399,38.07553],[128.10449,38.07527],[128.10576,38.07494],[128.10604,38.07455],[128.10711,38.07454],[128.10792,38.07385],[128.1091,38.07359],[128.11059,38.07296],[128.11097,38.07301],[128.11155,38.07276],[128.11236,38.07209],[128.11235,38.07188],[128.11297,38.07116],[128.11314,38.07029],[128.11289,38.06916],[128.11353,38.06856],[128.11438,38.06721],[128.11421,38.0665],[128.11492,38.06446],[128.11468,38.06389],[128.11486,38.06333],[128.11543,38.0628],[128.11479,38.06227],[128.11442,38.0599],[128.11399,38.05926],[128.11417,38.05852],[128.11395,38.0582],[128.11415,38.05728],[128.11388,38.05586],[128.11487,38.05412],[128.11444,38.05354],[128.11462,38.05293],[128.11499,38.05239],[128.11584,38.05174],[128.11618,38.05129],[128.11658,38.05007],[128.11796,38.04836],[128.11811,38.04756],[128.11771,38.04731],[128.11659,38.04636],[128.11588,38.04509],[128.1157,38.04446],[128.11485,38.04363],[128.11361,38.04278],[128.11297,38.04252],[128.11273,38.04207],[128.11276,38.04145],[128.11304,38.04128],[128.11275,38.03999],[128.11334,38.03917],[128.11373,38.03702],[128.11282,38.0363],[128.11235,38.03542],[128.11185,38.03518],[128.11119,38.03512],[128.11051,38.03466],[128.10951,38.03371],[128.10736,38.03285],[128.10646,38.03142],[128.10515,38.03035],[128.10474,38.03026],[128.10442,38.02994],[128.1032,38.02933],[128.09876,38.02939],[128.09816,38.02908],[128.09687,38.0289],[128.09637,38.02837],[128.09451,38.02837],[128.09414,38.02889],[128.09313,38.02942],[128.09183,38.02975],[128.09183,38.03011],[128.09137,38.03082],[128.09031,38.03171],[128.09024,38.03213],[128.08951,38.03267],[128.08864,38.03314],[128.08825,38.03326],[128.08777,38.0332],[128.08663,38.03243],[128.08573,38.03236],[128.08484,38.0325],[128.08462,38.03272],[128.08344,38.03292],[128.08287,38.03326],[128.08232,38.0333],[128.08155,38.03397],[128.08129,38.03389],[128.08041,38.0342],[128.0804,38.03539],[128.08027,38.03555],[128.0801,38.03667],[128.07953,38.03731],[128.07904,38.03809],[128.07816,38.03872],[128.07762,38.03934],[128.07666,38.03966],[128.0756,38.03966],[128.0748,38.04015],[128.07422,38.04035],[128.07364,38.04107],[128.07246,38.04192],[128.07218,38.04231],[128.0712,38.04272],[128.07093,38.04309],[128.07007,38.04365],[128.06991,38.04429],[128.06881,38.04572],[128.06912,38.04622],[128.0691,38.04677],[128.06846,38.04695],[128.06776,38.04675],[128.06649,38.04696],[128.06519,38.04698],[128.06386,38.04675],[128.06251,38.04706],[128.06216,38.0473],[128.06155,38.04719],[128.06094,38.04727],[128.06032,38.04589],[128.06064,38.04506],[128.06095,38.04471],[128.06104,38.04434],[128.06018,38.04262],[128.05997,38.04251],[128.06002,38.04127],[128.05956,38.04082],[128.05923,38.04072],[128.05898,38.04006],[128.05792,38.03973],[128.05788,38.03942],[128.05818,38.03835],[128.05815,38.03767],[128.05832,38.03709],[128.05892,38.03651],[128.05898,38.03533],[128.05855,38.03469],[128.05782,38.03386],[128.05759,38.03371],[128.05751,38.03325],[128.0571,38.03297],[128.0566,38.03234],[128.05675,38.03163],[128.05638,38.03109],[128.05656,38.03057],[128.05649,38.03029],[128.057,38.02964],[128.05741,38.02946],[128.05912,38.02792],[128.05924,38.02732],[128.05952,38.02687],[128.05928,38.02621],[128.05958,38.02537],[128.06046,38.02421],[128.06026,38.02384],[128.06034,38.0229],[128.06009,38.02215],[128.06032,38.02156],[128.06117,38.02035],[128.06151,38.02004],[128.06159,38.01926],[128.0619,38.01894],[128.06157,38.01818],[128.06136,38.01742],[128.0615,38.01683],[128.0604,38.01509],[128.05972,38.01512],[128.0579,38.01496],[128.05617,38.01533],[128.05546,38.01533],[128.05484,38.0162],[128.05458,38.01644],[128.05457,38.0168],[128.05418,38.01724],[128.05287,38.01825],[128.05181,38.01842],[128.05036,38.01917],[128.04964,38.01939],[128.04838,38.01877],[128.04714,38.01998],[128.04512,38.02032],[128.04406,38.02024],[128.04325,38.02006],[128.04184,38.01928],[128.04064,38.01867],[128.03982,38.01817],[128.03761,38.01666],[128.03598,38.01561],[128.03475,38.01498],[128.03314,38.01435],[128.03242,38.01419],[128.03083,38.01398],[128.03027,38.01416],[128.02961,38.01465],[128.02913,38.01421],[128.02667,38.01292],[128.02616,38.01221],[128.02571,38.01188],[128.02508,38.0117],[128.02442,38.01109],[128.0246,38.01038],[128.02494,38.00958],[128.02423,38.00858],[128.02374,38.00834],[128.02282,38.00822],[128.02263,38.00798],[128.02149,38.00776],[128.0202,38.00763],[128.01959,38.00737],[128.01997,38.00614],[128.0191,38.00195],[128.01878,38.00057],[128.01786,37.99961],[128.01692,37.99907],[128.01634,37.99884],[128.0165,37.9977],[128.01637,37.99743],[128.0153,37.99664],[128.01343,37.99638],[128.01092,37.99645],[128.00887,37.99613],[128.00664,37.99645],[128.00488,37.9954],[128.00343,37.99563],[128.00123,37.99314],[128.00024,37.99228],[127.9996,37.99138],[127.99866,37.99102],[127.99781,37.99088],[127.99732,37.9905],[127.99649,37.99029],[127.99479,37.99083],[127.99302,37.99081],[127.99156,37.99104],[127.99042,37.99046],[127.98829,37.98906],[127.98805,37.98879],[127.98545,37.98941],[127.98362,37.98907],[127.98402,37.98876],[127.98415,37.98766],[127.98417,37.98671],[127.98373,37.98654],[127.98259,37.98532],[127.9823,37.98516],[127.98187,37.98446],[127.98179,37.9835],[127.98261,37.98253],[127.98294,37.98178],[127.98369,37.98078],[127.9846,37.98023],[127.98475,37.98004],[127.98428,37.97703],[127.98486,37.9753],[127.9845,37.97478],[127.98371,37.9743],[127.98279,37.97283],[127.98237,37.97199],[127.98251,37.97158],[127.98341,37.97109],[127.98403,37.97041],[127.98391,37.96838],[127.9845,37.96599],[127.98355,37.96509],[127.98397,37.96377],[127.98258,37.96274],[127.98172,37.96216],[127.98163,37.96064],[127.98082,37.95984],[127.98027,37.95955],[127.98,37.95859],[127.97872,37.95799],[127.97751,37.95707],[127.98062,37.95602],[127.9837,37.95345],[127.98728,37.95182],[127.9875,37.94867],[127.98814,37.94811],[127.98964,37.94521],[127.99103,37.94476],[127.99373,37.94356],[127.9933,37.94194],[127.99511,37.9412],[127.99573,37.94122],[127.99658,37.94091],[127.99704,37.94091],[127.99749,37.94039],[127.99888,37.93972],[127.99981,37.93898],[128.00076,37.93769],[128.00122,37.93727],[128.00182,37.93731],[128.00307,37.93835],[128.00414,37.9386],[128.00487,37.93853],[128.0061,37.93874],[128.00864,37.93789],[128.00978,37.93832],[128.01272,37.93832],[128.01352,37.93915],[128.0138,37.94035],[128.01447,37.94099],[128.01493,37.94157],[128.01614,37.94269],[128.01637,37.94255],[128.01815,37.94279],[128.01862,37.94323],[128.01946,37.94351],[128.02155,37.94413],[128.02249,37.94424],[128.02388,37.94463],[128.02534,37.94486],[128.0261,37.94552],[128.02723,37.94477],[128.02841,37.94419],[128.03011,37.94446],[128.03048,37.94403],[128.03144,37.94254],[128.03218,37.94214],[128.03274,37.94195],[128.03347,37.94103],[128.03411,37.94082],[128.0339,37.93999],[128.0343,37.93904],[128.03462,37.93855],[128.03436,37.93795],[128.03452,37.93676],[128.0349,37.93673],[128.03566,37.93621],[128.03616,37.93631],[128.03674,37.93584],[128.0369,37.93462],[128.03677,37.93421],[128.0369,37.93386],[128.03731,37.93356],[128.03746,37.93285],[128.03801,37.93207],[128.03833,37.93185],[128.03835,37.93106],[128.03847,37.9307],[128.0394,37.92988],[128.03911,37.92938],[128.0391,37.9288],[128.03895,37.92856],[128.03934,37.92806],[128.03941,37.92775],[128.0398,37.92732],[128.04084,37.92694],[128.0423,37.9268],[128.04291,37.92637],[128.0431,37.9258],[128.04362,37.92543],[128.04431,37.92434],[128.04493,37.9238],[128.04488,37.92329],[128.04549,37.92252],[128.04611,37.92217],[128.04689,37.92202],[128.04744,37.92213],[128.04774,37.92204],[128.04973,37.92197],[128.05013,37.92168],[128.05082,37.92071],[128.05175,37.91956],[128.0524,37.91886],[128.05274,37.91764],[128.05304,37.91733],[128.05362,37.91748],[128.05415,37.91739],[128.05536,37.91765],[128.05582,37.91765],[128.05678,37.9168],[128.0573,37.91619],[128.05843,37.91609],[128.05889,37.91578],[128.05954,37.91505],[128.06038,37.91454],[128.06068,37.91351],[128.06179,37.91275],[128.06241,37.91254],[128.06307,37.9119],[128.06362,37.91123],[128.06442,37.91075],[128.06514,37.91049],[128.0661,37.91046],[128.06704,37.91005],[128.06792,37.90952],[128.06878,37.90933],[128.06993,37.90874],[128.07125,37.90874],[128.0724,37.90864],[128.07351,37.9083],[128.07424,37.90791],[128.07504,37.90767],[128.07579,37.90712],[128.07722,37.9067],[128.07855,37.90574],[128.07891,37.90458],[128.07938,37.9039],[128.08014,37.90338],[128.08156,37.9027],[128.08216,37.90222],[128.08261,37.90171],[128.08319,37.90151],[128.08415,37.90134],[128.08527,37.90093],[128.08613,37.90045],[128.08718,37.90008],[128.08831,37.89976],[128.08897,37.89989],[128.08971,37.89975],[128.09041,37.89918],[128.09091,37.89894],[128.09131,37.8983],[128.0919,37.89808],[128.09217,37.89814],[128.093,37.89782],[128.09397,37.89781],[128.09429,37.89772],[128.09477,37.89782],[128.09604,37.89733],[128.09662,37.89727],[128.09715,37.89683],[128.09762,37.89699],[128.09808,37.89695],[128.09863,37.89721],[128.09946,37.89719],[128.09963,37.89737],[128.101,37.89763],[128.10155,37.89754],[128.10224,37.89767],[128.10252,37.89791],[128.10302,37.89803],[128.10446,37.89875],[128.1052,37.89928],[128.10598,37.90006],[128.10725,37.90012],[128.10816,37.89992],[128.10962,37.89943],[128.11102,37.89943],[128.11217,37.89923],[128.11312,37.89882],[128.11369,37.89829],[128.11496,37.89762],[128.11628,37.89702],[128.11738,37.89699],[128.11811,37.8969],[128.11942,37.89704],[128.12085,37.89652],[128.12226,37.89609],[128.12305,37.89562],[128.12467,37.89542],[128.12603,37.89512],[128.12792,37.89532],[128.12883,37.89555],[128.12932,37.89577],[128.12986,37.89619],[128.13027,37.89668],[128.13081,37.8977],[128.13107,37.89836],[128.1318,37.89737],[128.13222,37.89709],[128.13279,37.89641],[128.13295,37.89542],[128.13279,37.89495],[128.13317,37.89423],[128.13464,37.89417],[128.13632,37.89427],[128.13727,37.89446],[128.13827,37.89429],[128.13916,37.89422],[128.14048,37.89438],[128.14115,37.89372],[128.14124,37.8934],[128.1418,37.89305],[128.14398,37.8931],[128.14495,37.89286],[128.14632,37.89346],[128.14698,37.89348],[128.1488,37.89402],[128.14907,37.89467],[128.14962,37.89531],[128.15019,37.89534],[128.15192,37.89557],[128.15276,37.89512],[128.15453,37.89506],[128.15523,37.89495],[128.15664,37.89495],[128.15769,37.89512],[128.15815,37.89531],[128.15945,37.8953],[128.16013,37.89536],[128.16074,37.89523],[128.16104,37.89475],[128.16118,37.89396],[128.16107,37.89273],[128.16274,37.89118],[128.16286,37.89073],[128.16315,37.8905],[128.16366,37.8895],[128.16341,37.88911],[128.16372,37.8887],[128.16367,37.8879],[128.16423,37.88707],[128.16606,37.88706],[128.1677,37.8859],[128.16904,37.88621],[128.17121,37.88544],[128.17192,37.88476],[128.17298,37.88476],[128.17426,37.88492],[128.17369,37.88319],[128.17365,37.88153],[128.17431,37.88016],[128.17444,37.87923],[128.1742,37.87868],[128.17361,37.87795],[128.17363,37.87755],[128.17392,37.87641],[128.17336,37.8761],[128.17247,37.87574],[128.17178,37.87509],[128.1709,37.87443],[128.17048,37.87398],[128.16999,37.87318],[128.16943,37.87253],[128.169,37.87176],[128.169,37.87123],[128.16883,37.87076],[128.16888,37.86987],[128.16865,37.86885],[128.16925,37.86841],[128.16911,37.86709],[128.16921,37.86658],[128.16819,37.86564],[128.16805,37.8653],[128.16821,37.86449],[128.16856,37.86362],[128.16844,37.86279],[128.16903,37.86226],[128.16932,37.86166],[128.16919,37.86124],[128.16955,37.86095],[128.17003,37.85977],[128.17022,37.85906],[128.17022,37.85849],[128.17169,37.85696],[128.1709,37.85576],[128.17093,37.85521],[128.17067,37.85497],[128.17064,37.85461],[128.17022,37.85423],[128.16931,37.85319],[128.16901,37.85244],[128.16879,37.85218],[128.1687,37.85125],[128.16922,37.851],[128.1702,37.85069],[128.17053,37.85032],[128.17191,37.85014],[128.172,37.84949],[128.17356,37.84767],[128.1747,37.8471],[128.17581,37.84667],[128.17732,37.84664],[128.17819,37.84637],[128.17884,37.84564],[128.1788,37.84507],[128.18017,37.84345],[128.18114,37.8428],[128.18124,37.84215],[128.18095,37.8415],[128.18125,37.83946],[128.18152,37.8391],[128.18111,37.83805],[128.18141,37.83751],[128.18117,37.83731],[128.1809,37.83669],[128.18078,37.83607],[128.18026,37.83561],[128.18011,37.83501],[128.18085,37.83427],[128.18156,37.83391],[128.18316,37.83285],[128.18335,37.83287],[128.18381,37.8321],[128.18417,37.83085],[128.18476,37.83052],[128.18455,37.82999],[128.18661,37.82998],[128.18749,37.82878],[128.1882,37.82757],[128.18911,37.82639],[128.19025,37.82545],[128.19131,37.82418],[128.19195,37.82368],[128.19276,37.82289],[128.19444,37.82232],[128.19626,37.82204],[128.19722,37.82005],[128.19863,37.81875],[128.19923,37.81797],[128.19975,37.81786],[128.20071,37.81736],[128.2015,37.81623],[128.20254,37.8159],[128.20459,37.81556],[128.20552,37.81551],[128.20622,37.81468],[128.20688,37.81419],[128.20745,37.81392],[128.20866,37.81268],[128.20949,37.81252],[128.21071,37.81237],[128.21242,37.812],[128.21308,37.81203],[128.21353,37.81231],[128.21437,37.81236],[128.21521,37.81303],[128.21549,37.81314],[128.21575,37.81368],[128.21616,37.81409],[128.21653,37.8149],[128.21735,37.81535],[128.2173,37.81561],[128.21827,37.81649],[128.21885,37.81693],[128.21895,37.81723],[128.21931,37.81747],[128.21952,37.81785],[128.22094,37.81808],[128.22154,37.81867],[128.22242,37.81903],[128.22275,37.81931],[128.22352,37.81959],[128.22373,37.81999],[128.22414,37.82018],[128.22433,37.82051],[128.22573,37.82086],[128.22639,37.82093],[128.22688,37.82064],[128.2274,37.82058],[128.22827,37.82142],[128.22851,37.82188],[128.22988,37.82185],[128.23065,37.82189],[128.23161,37.82218],[128.23171,37.82208],[128.23278,37.82211],[128.23329,37.82202],[128.23365,37.8222],[128.23471,37.82217],[128.23536,37.82334],[128.23606,37.82377],[128.2366,37.82391],[128.2373,37.82439],[128.23776,37.82437],[128.23813,37.8246],[128.23869,37.82524],[128.23905,37.82619],[128.23932,37.82663],[128.23924,37.82752],[128.23955,37.8283],[128.24005,37.82899],[128.24058,37.82896],[128.24077,37.8294],[128.24152,37.83046],[128.2426,37.83209],[128.24371,37.83239],[128.24517,37.8327],[128.24701,37.83269],[128.24725,37.83298],[128.24718,37.83352],[128.24734,37.83403],[128.24729,37.8345],[128.2469,37.83488],[128.24697,37.83533],[128.24754,37.83607],[128.24857,37.8364],[128.2492,37.83651],[128.24985,37.83687],[128.25019,37.83728],[128.25106,37.83762],[128.25147,37.83806],[128.25174,37.83815],[128.25223,37.83793],[128.25296,37.83834],[128.25315,37.8388],[128.25373,37.83909],[128.254,37.83957],[128.2547,37.83951],[128.25505,37.83923],[128.2561,37.83962],[128.25627,37.84051],[128.25597,37.84166],[128.25625,37.84187],[128.25611,37.84229],[128.25611,37.8435],[128.25643,37.8437],[128.2568,37.84441],[128.25784,37.84447],[128.25814,37.84504],[128.25805,37.84561],[128.25835,37.8465],[128.25892,37.847],[128.25968,37.84825],[128.25974,37.84929],[128.26081,37.84959],[128.26067,37.84996],[128.26088,37.85075],[128.26074,37.85172],[128.26114,37.852],[128.26128,37.85252],[128.26164,37.85324],[128.26155,37.85368],[128.26181,37.85429],[128.26192,37.85486],[128.26169,37.85503],[128.26109,37.85511],[128.26106,37.85572],[128.26128,37.85593],[128.26136,37.85638],[128.26256,37.85681],[128.26293,37.85798],[128.26346,37.85835],[128.26448,37.85835],[128.26546,37.85881],[128.26647,37.85984],[128.26747,37.86054],[128.26753,37.86101],[128.26922,37.86139],[128.2695,37.86118],[128.26997,37.86111],[128.27047,37.86128],[128.27115,37.86093],[128.27308,37.86071],[128.27338,37.86137],[128.27416,37.86182],[128.27514,37.86322],[128.27561,37.86444],[128.27597,37.86468],[128.27747,37.86518],[128.27799,37.86496],[128.27904,37.86517],[128.27981,37.86548],[128.28097,37.86612],[128.28266,37.86589],[128.28375,37.86615],[128.28522,37.86623],[128.28541,37.8659],[128.28623,37.86519],[128.28671,37.86499],[128.28752,37.86486],[128.28778,37.86519],[128.28892,37.86551],[128.29044,37.86714],[128.29066,37.86722],[128.29045,37.86778],[128.28923,37.86793],[128.28919,37.86837],[128.28955,37.8685],[128.29107,37.8693],[128.29148,37.86932],[128.29213,37.86955],[128.29337,37.86977],[128.29363,37.86969],[128.2941,37.86913],[128.29451,37.86913],[128.29493,37.86891],[128.2959,37.86861],[128.29644,37.86808],[128.29706,37.86781],[128.29759,37.86731],[128.29783,37.86573],[128.29798,37.86525],[128.29785,37.86465],[128.29875,37.86416],[128.29922,37.86366],[128.29997,37.86365],[128.30054,37.86306],[128.30057,37.86253],[128.30093,37.86235],[128.30103,37.86175],[128.30182,37.86109],[128.30249,37.86097],[128.30325,37.86012],[128.30353,37.85964],[128.30387,37.85861],[128.30455,37.85816],[128.30512,37.85761],[128.30504,37.85682],[128.3057,37.85619],[128.3059,37.85568],[128.30573,37.85498],[128.30589,37.85455],[128.30626,37.8542],[128.30625,37.85375],[128.30644,37.85331],[128.30689,37.85279],[128.30683,37.85209],[128.30702,37.85132],[128.30685,37.851],[128.30639,37.85085],[128.30626,37.85022],[128.30585,37.84978],[128.30541,37.84959],[128.30626,37.84739],[128.30621,37.8462],[128.30707,37.84471],[128.30743,37.84368],[128.30874,37.84245],[128.3094,37.84152],[128.30956,37.84115],[128.3105,37.84124],[128.31114,37.8415],[128.31176,37.84101],[128.31228,37.84018],[128.31321,37.83952],[128.31369,37.83888],[128.31403,37.83796],[128.31457,37.83745],[128.31496,37.83669],[128.31662,37.83477],[128.31753,37.83455],[128.31766,37.83388],[128.31759,37.83339],[128.31799,37.83318],[128.31878,37.83249],[128.31905,37.83194],[128.32012,37.8307],[128.32062,37.83106],[128.32215,37.83143],[128.32376,37.83192],[128.32567,37.83275],[128.32612,37.83324],[128.32835,37.83388],[128.32927,37.83366],[128.33026,37.83328],[128.33156,37.83269],[128.33247,37.83199],[128.33326,37.83122],[128.33453,37.82869],[128.33532,37.82836],[128.33607,37.82793],[128.33759,37.82751],[128.33838,37.82754],[128.33946,37.82741],[128.34085,37.82754],[128.34262,37.82702],[128.34448,37.82659],[128.34681,37.82625],[128.34746,37.82629],[128.34827,37.82666],[128.34894,37.82744],[128.34932,37.82801],[128.35028,37.8284],[128.35206,37.82936],[128.353,37.83011],[128.35356,37.83072],[128.3549,37.8307],[128.35524,37.83058],[128.35639,37.83095],[128.35717,37.83109],[128.35869,37.83098],[128.35948,37.83116],[128.36005,37.83149],[128.36118,37.83193],[128.36296,37.83244],[128.36454,37.83342],[128.36516,37.83356],[128.36592,37.83516],[128.36636,37.83641],[128.36527,37.83728],[128.36396,37.83793],[128.3635,37.83809],[128.36281,37.83863],[128.36411,37.84004],[128.36435,37.84102],[128.3646,37.84124],[128.36445,37.84205],[128.36461,37.84251],[128.36494,37.84286],[128.36538,37.84358],[128.36522,37.84444],[128.36555,37.84545],[128.36559,37.84608],[128.36614,37.84705],[128.36737,37.84732],[128.36774,37.84768],[128.36834,37.84757],[128.36891,37.84797],[128.37004,37.84812],[128.37048,37.84841],[128.37098,37.84856],[128.372,37.84904],[128.3726,37.84925],[128.37303,37.84925],[128.37402,37.84995],[128.37417,37.8504],[128.37568,37.85158],[128.37622,37.85239],[128.37717,37.85251],[128.37818,37.85234],[128.37855,37.85294],[128.37859,37.85353],[128.37893,37.85385],[128.37895,37.85423],[128.37968,37.85455],[128.38033,37.85545],[128.38098,37.85696],[128.38167,37.85742],[128.38172,37.85779],[128.3824,37.85862],[128.38367,37.85879],[128.38533,37.85864],[128.38657,37.85913],[128.38734,37.85912],[128.38828,37.85891],[128.3904,37.85885],[128.39094,37.85948],[128.39162,37.85979],[128.39241,37.85993],[128.39271,37.86021],[128.39307,37.86011],[128.3938,37.86064],[128.3952,37.86116],[128.39641,37.86207],[128.39715,37.8623],[128.39907,37.8617],[128.39968,37.86163],[128.40059,37.86124],[128.40071,37.86166],[128.4021,37.86338],[128.40235,37.86444],[128.40201,37.86519],[128.40203,37.86572],[128.40231,37.86617],[128.40235,37.86661],[128.40272,37.86716],[128.40497,37.86961],[128.4061,37.86993],[128.40681,37.86987],[128.40742,37.87039],[128.4089,37.87125],[128.40966,37.87215],[128.40938,37.87274],[128.40986,37.87364],[128.41072,37.87432],[128.41131,37.87553],[128.41123,37.87582],[128.41154,37.87689],[128.41144,37.87793],[128.41158,37.87828],[128.41287,37.87993],[128.4132,37.88205],[128.41293,37.88228],[128.41238,37.88346],[128.41237,37.88439],[128.41227,37.88467],[128.41443,37.88532],[128.41517,37.88462],[128.41589,37.88443],[128.41698,37.8839],[128.41742,37.88345],[128.41803,37.88362],[128.41876,37.88353],[128.41925,37.88322],[128.42052,37.88316],[128.42153,37.88288],[128.42165,37.88259],[128.42246,37.88196],[128.42285,37.88143],[128.42312,37.88069],[128.42359,37.88014],[128.42334,37.8793],[128.42346,37.87893],[128.42433,37.87778],[128.42509,37.87771],[128.42596,37.87705],[128.42658,37.87701],[128.42706,37.87602],[128.42839,37.8751],[128.42841,37.87376],[128.4292,37.87298],[128.42944,37.87097],[128.42991,37.87054],[128.43069,37.87015],[128.43089,37.86903],[128.43085,37.86833],[128.43119,37.86787],[128.43137,37.86709],[128.43171,37.8667],[128.43241,37.8663],[128.43439,37.86529],[128.43501,37.8652],[128.43578,37.86451],[128.4371,37.86467],[128.43817,37.8646],[128.43886,37.86441],[128.43949,37.8641],[128.44043,37.86398],[128.44135,37.86456],[128.44237,37.86439],[128.44423,37.86489],[128.44408,37.86557],[128.44436,37.86757],[128.44513,37.86813],[128.44516,37.86902],[128.446,37.87027],[128.44607,37.87079],[128.4467,37.87146],[128.44705,37.87168],[128.44743,37.87214],[128.44743,37.8732],[128.44767,37.87348],[128.44873,37.87342],[128.44919,37.87363],[128.44974,37.8737],[128.4516,37.87464],[128.45224,37.87483],[128.45262,37.87507],[128.45402,37.8753],[128.4542,37.87556],[128.45503,37.87616],[128.45602,37.87654],[128.45646,37.87696],[128.45719,37.87728],[128.45803,37.87775],[128.45846,37.87945],[128.45875,37.87936],[128.46005,37.87944],[128.46194,37.88019],[128.46219,37.88016],[128.46289,37.87976],[128.46327,37.87982],[128.46424,37.88036],[128.46576,37.88075],[128.46632,37.88096],[128.46692,37.88138],[128.46734,37.88209],[128.46755,37.88291],[128.46844,37.88394],[128.46902,37.88429],[128.47073,37.88573],[128.47214,37.88626],[128.47377,37.8858],[128.47416,37.88552],[128.47536,37.88529],[128.47622,37.8863],[128.47692,37.88685],[128.47752,37.88763],[128.4774,37.88794],[128.47767,37.88857],[128.47764,37.88934],[128.47904,37.89044],[128.47939,37.89123],[128.47988,37.89171],[128.48065,37.89202],[128.48126,37.89254],[128.48142,37.893],[128.48177,37.89462],[128.48153,37.89508],[128.48026,37.89554],[128.47998,37.89542],[128.47684,37.89651],[128.47625,37.89709],[128.47594,37.89786],[128.47555,37.8985],[128.47452,37.8995],[128.47368,37.89998],[128.47346,37.90037],[128.47354,37.90111],[128.47411,37.9016],[128.47471,37.90242],[128.47459,37.90327],[128.47527,37.90494],[128.47542,37.90556],[128.47596,37.90646],[128.47582,37.9071],[128.47551,37.90744],[128.47557,37.90796],[128.47486,37.90952],[128.47512,37.9108],[128.47564,37.91132],[128.47533,37.91214],[128.47495,37.91249],[128.47488,37.91358],[128.4753,37.91428],[128.47525,37.91494],[128.47542,37.91581],[128.47543,37.91762],[128.47562,37.91812],[128.47598,37.91855],[128.47575,37.91896],[128.47534,37.91927],[128.47517,37.91973],[128.47544,37.92014],[128.47528,37.92063],[128.47565,37.92082],[128.47557,37.92105],[128.47651,37.92167],[128.4766,37.92215],[128.47637,37.92258],[128.47591,37.92296],[128.47536,37.92359],[128.47518,37.92436],[128.47513,37.92547],[128.47476,37.92561],[128.4745,37.92598],[128.47405,37.92614],[128.47361,37.92671],[128.47266,37.92643],[128.47233,37.92682],[128.47186,37.92709],[128.47113,37.9278],[128.47079,37.92851],[128.47005,37.92899],[128.46992,37.92955],[128.46895,37.93028],[128.46846,37.93097],[128.46726,37.93149],[128.46721,37.93173],[128.4665,37.93228],[128.46629,37.93256],[128.46585,37.93266],[128.46555,37.93308],[128.46539,37.93376],[128.46483,37.93446],[128.46426,37.93475],[128.46356,37.93567],[128.46398,37.9366],[128.4648,37.93705],[128.4649,37.9373],[128.46564,37.93762],[128.4662,37.93825],[128.46668,37.93898],[128.46703,37.93931],[128.46718,37.93989],[128.46754,37.94029],[128.46707,37.94079],[128.46691,37.94143],[128.46711,37.94209],[128.46699,37.94258],[128.46707,37.94455],[128.46673,37.94682],[128.46646,37.94751],[128.46622,37.94774],[128.46636,37.94923],[128.46876,37.95027],[128.47032,37.95127],[128.47045,37.95141],[128.47053,37.9523],[128.47284,37.95347],[128.4729,37.95492],[128.47376,37.95673],[128.4731,37.95808],[128.47197,37.9593],[128.47226,37.96027],[128.47364,37.96097],[128.47374,37.96145],[128.47466,37.96188],[128.47522,37.96197],[128.47588,37.96243],[128.47693,37.96272],[128.4773,37.96296],[128.47835,37.96289],[128.47904,37.96271],[128.47931,37.96231],[128.48052,37.96183],[128.48279,37.96159],[128.48326,37.96144],[128.48449,37.96122],[128.48651,37.96105],[128.48719,37.9613],[128.48747,37.96116],[128.48825,37.96127],[128.48908,37.96241],[128.49006,37.96305],[128.49142,37.96418],[128.49204,37.96449],[128.49288,37.96426],[128.49342,37.96388],[128.49404,37.96387],[128.49508,37.96406],[128.49536,37.96533],[128.4963,37.96588],[128.49615,37.9667],[128.49655,37.96734],[128.49686,37.96743],[128.49628,37.96822],[128.49645,37.96882],[128.49618,37.96951],[128.49598,37.96973],[128.49602,37.97037],[128.49667,37.97132],[128.49733,37.97269],[128.49702,37.97279],[128.49601,37.97375],[128.49622,37.97425],[128.49683,37.97477],[128.49719,37.97533],[128.49766,37.9758],[128.49789,37.97628],[128.49759,37.97676],[128.49671,37.97765],[128.4959,37.97898],[128.49583,37.97954],[128.49615,37.97989],[128.49656,37.98111],[128.49641,37.98206],[128.49567,37.98374],[128.49838,37.98411],[128.49899,37.98458],[128.50004,37.98483],[128.50125,37.98613],[128.50132,37.98723],[128.50011,37.98739],[128.49945,37.98777],[128.49939,37.98903],[128.50029,37.98934],[128.50066,37.98983],[128.5016,37.99085],[128.50119,37.99248],[128.50116,37.99284],[128.50208,37.99415],[128.50218,37.99492],[128.50442,37.99629],[128.50439,37.99652],[128.50533,37.99689],[128.50575,37.99738],[128.50619,37.99749],[128.50796,37.99857],[128.50913,38.00011],[128.51005,38.00075],[128.51125,38.00208],[128.51206,38.00384],[128.51285,38.00473],[128.51286,38.00483],[128.51198,38.00642],[128.51215,38.00727],[128.51256,38.00793],[128.51321,38.00945],[128.51326,38.01071],[128.51311,38.01104],[128.51333,38.01232],[128.51357,38.01295],[128.51165,38.01262],[128.51117,38.01244],[128.5093,38.0123],[128.50812,38.01226],[128.50724,38.01266],[128.50726,38.01293],[128.50646,38.01433],[128.50638,38.01481],[128.50497,38.01623],[128.50256,38.01733],[128.50292,38.01886],[128.50425,38.02018],[128.50312,38.02197],[128.50131,38.02375],[128.49981,38.02484],[128.5,38.02538],[128.49968,38.0279],[128.49875,38.02914],[128.49859,38.02993],[128.49866,38.03048],[128.49864,38.03422],[128.50016,38.03648],[128.50033,38.03705],[128.50081,38.03807],[128.49971,38.03863],[128.4977,38.04016],[128.49624,38.04071],[128.4965,38.04144],[128.4961,38.04255],[128.49617,38.04322],[128.49567,38.04477],[128.49506,38.04567],[128.49501,38.04629],[128.49389,38.04676],[128.49333,38.04721],[128.49314,38.04777],[128.49342,38.04861],[128.49205,38.04958],[128.49078,38.05035],[128.49003,38.05066],[128.48916,38.05112],[128.48857,38.05227],[128.48746,38.0522],[128.48747,38.05312],[128.48617,38.05394],[128.4859,38.05378],[128.48465,38.05365],[128.48364,38.05301],[128.48264,38.05203],[128.48217,38.0521],[128.48151,38.05161],[128.47971,38.05101],[128.47878,38.05052],[128.47853,38.04995],[128.47794,38.0496],[128.47758,38.04903],[128.47754,38.04864],[128.47701,38.04824],[128.47656,38.04817],[128.47496,38.04864],[128.47314,38.04864],[128.47193,38.04902],[128.47115,38.0499],[128.47107,38.05013],[128.47011,38.05026],[128.46886,38.05072],[128.46839,38.05026],[128.46738,38.0504],[128.46659,38.05078],[128.46592,38.05039],[128.4657,38.04979],[128.46419,38.04969],[128.46324,38.04915],[128.4629,38.04937],[128.46297,38.05022],[128.46225,38.05056],[128.46135,38.05075],[128.46119,38.05094],[128.46169,38.05194],[128.46123,38.05247],[128.46042,38.05257],[128.46011,38.05337],[128.45913,38.05328],[128.45762,38.05388],[128.45648,38.05389],[128.45602,38.05422],[128.45559,38.05408],[128.45513,38.05537],[128.4548,38.05564],[128.45337,38.05609],[128.45304,38.05592],[128.45199,38.05628],[128.4515,38.05624],[128.45104,38.05577],[128.44986,38.05525],[128.44926,38.05518],[128.44805,38.05605],[128.44724,38.05634],[128.44581,38.05726],[128.44567,38.05763],[128.44491,38.05771],[128.44406,38.0575],[128.44267,38.05754],[128.44138,38.05806],[128.44038,38.0579],[128.43916,38.05676],[128.4386,38.05604],[128.43839,38.05545],[128.43548,38.05299],[128.43502,38.05237],[128.43452,38.0523],[128.434,38.05241],[128.43301,38.05241],[128.43114,38.05224],[128.42976,38.05155],[128.42879,38.05093],[128.42829,38.05003],[128.42654,38.04922],[128.42561,38.04873],[128.42525,38.049],[128.42499,38.0501],[128.42393,38.05144],[128.42343,38.05265],[128.42402,38.05391],[128.42296,38.05434],[128.42096,38.05553],[128.41981,38.05707],[128.41883,38.05768],[128.4179,38.05838],[128.41695,38.05953],[128.41653,38.06022],[128.4163,38.0611],[128.41526,38.06191],[128.41486,38.06262],[128.41455,38.0639],[128.41402,38.06476],[128.4138,38.06566],[128.41305,38.06611],[128.41192,38.0676],[128.4122,38.06832],[128.41307,38.06942],[128.4114,38.07037],[128.41057,38.07128],[128.41021,38.07187],[128.41004,38.07262],[128.41013,38.07335],[128.40986,38.07366],[128.40953,38.07517],[128.40886,38.07665],[128.40915,38.07757],[128.41031,38.07895],[128.41092,38.07932],[128.41064,38.07952],[128.41057,38.08019],[128.41016,38.08072],[128.41036,38.08105],[128.40943,38.08164],[128.40862,38.08312],[128.40911,38.08337],[128.40925,38.0852],[128.40821,38.08823],[128.40711,38.09022],[128.40655,38.0914],[128.40721,38.09232],[128.40615,38.09337],[128.40598,38.09416],[128.40536,38.09437],[128.40501,38.09487],[128.40503,38.09547],[128.40425,38.09607],[128.40504,38.09665],[128.40575,38.09752],[128.4079,38.0981],[128.41028,38.09897],[128.41038,38.10134],[128.4106,38.10199],[128.41099,38.10241],[128.41054,38.10313],[128.41046,38.10399],[128.41143,38.10488],[128.41067,38.10698],[128.41097,38.10912],[128.41065,38.11092],[128.41099,38.11124],[128.41183,38.11126],[128.4136,38.11058],[128.41537,38.11084],[128.41631,38.11074],[128.41802,38.1101],[128.41941,38.10986],[128.42051,38.10946],[128.42153,38.10894],[128.42292,38.10868],[128.42567,38.10856],[128.42619,38.10867],[128.42772,38.10799],[128.42966,38.10853],[128.43022,38.10885],[128.43192,38.10928],[128.43323,38.10928],[128.43375,38.10948],[128.43649,38.11098],[128.43714,38.11102],[128.43768,38.11189],[128.43825,38.11221],[128.43951,38.11321],[128.44042,38.11407],[128.44231,38.11457],[128.44281,38.11461],[128.44435,38.1152],[128.44597,38.11553],[128.44721,38.11544],[128.44769,38.11555],[128.44885,38.11532],[128.45007,38.11516],[128.45232,38.11663],[128.45288,38.11681],[128.45352,38.11813],[128.45461,38.11923],[128.4556,38.11993],[128.45628,38.12025],[128.45807,38.12124],[128.45829,38.12128],[128.46009,38.12103],[128.46022,38.12127],[128.46166,38.12082],[128.46355,38.11974],[128.46486,38.11921],[128.46516,38.11954],[128.46582,38.12131],[128.46547,38.1264],[128.46424,38.12867],[128.46536,38.13026],[128.46601,38.1316],[128.466,38.13352],[128.46455,38.13527],[128.46596,38.13692],[128.46508,38.13733],[128.4639,38.13821],[128.46278,38.13895],[128.46114,38.1398],[128.45912,38.14024],[128.4588,38.14096],[128.45713,38.1419],[128.45585,38.14225],[128.45448,38.14331],[128.45352,38.14459],[128.45203,38.14467],[128.44919,38.14746],[128.4464,38.14817],[128.4452,38.14911],[128.44306,38.1496],[128.44265,38.15113],[128.44194,38.15203],[128.43856,38.15418],[128.43792,38.15487],[128.43821,38.15605],[128.43848,38.15666],[128.43803,38.15784],[128.43816,38.15889],[128.43748,38.15959],[128.438,38.16002],[128.43854,38.16094],[128.43903,38.16258],[128.43848,38.1627],[128.43773,38.16301],[128.43652,38.16387],[128.43567,38.16437],[128.43546,38.16463],[128.43552,38.16521],[128.43493,38.16587],[128.43449,38.1659],[128.43377,38.16632],[128.43364,38.16733],[128.4331,38.16765],[128.43319,38.16861],[128.43227,38.16912],[128.43188,38.1696],[128.43115,38.16987],[128.42965,38.17087],[128.42799,38.17145],[128.42757,38.17267],[128.42582,38.17325],[128.42563,38.17363],[128.42413,38.1746],[128.4235,38.17572],[128.42206,38.17604],[128.42114,38.17669],[128.42182,38.17777],[128.42233,38.18152],[128.42368,38.18259],[128.42448,38.18311],[128.42444,38.18389],[128.42452,38.18415],[128.42443,38.18477],[128.42496,38.18576],[128.42608,38.18629],[128.42587,38.18656],[128.42603,38.1872],[128.42625,38.18735],[128.42651,38.18915],[128.42806,38.18934],[128.42844,38.18929],[128.42897,38.18979],[128.42961,38.1901],[128.43176,38.19015],[128.43315,38.19081],[128.43481,38.19102],[128.43633,38.19226],[128.43845,38.19256],[128.43863,38.1961],[128.43968,38.19733],[128.44075,38.19968],[128.44141,38.20313],[128.44231,38.20372]]]},"properties":{"code":"51810","name":"인제군","bbox":[127.97751,37.812,128.51357,38.38964],"labelPoint":[128.2633,38.069]}},{"type":"Feature","geometry":{"type":"MultiPolygon","coordinates":[[[[128.57764,38.25506],[128.57698,38.25492],[128.5771,38.25458],[128.57752,38.25425],[128.57797,38.25434],[128.5779,38.25482],[128.57764,38.25506]]],[[[128.58021,38.25532],[128.57964,38.25534],[128.57952,38.25495],[128.57878,38.25468],[128.57866,38.2543],[128.57893,38.25361],[128.57975,38.25359],[128.58038,38.25411],[128.58077,38.25475],[128.5802,38.25503],[128.58021,38.25532]]],[[[128.55371,38.27913],[128.55332,38.27894],[128.55357,38.27869],[128.55333,38.27841],[128.55403,38.27824],[128.55415,38.27844],[128.55406,38.27908],[128.55371,38.27913]]],[[[128.55759,38.28714],[128.55697,38.28673],[128.5572,38.28643],[128.5584,38.28609],[128.55868,38.28637],[128.55821,38.2866],[128.55802,38.28715],[128.55759,38.28714]]],[[[128.55208,38.29406],[128.55193,38.29375],[128.55242,38.29351],[128.55307,38.29368],[128.5527,38.29395],[128.55208,38.29406]]],[[[128.55038,38.29497],[128.5499,38.29481],[128.55063,38.2945],[128.55138,38.29447],[128.55133,38.29481],[128.55085,38.29464],[128.55038,38.29497]]],[[[128.54561,38.31319],[128.54564,38.31344],[128.5452,38.31377],[128.54489,38.31332],[128.54527,38.31307],[128.54561,38.31319]]],[[[128.54957,38.31379],[128.5492,38.31382],[128.54911,38.31327],[128.54954,38.31308],[128.54979,38.31348],[128.54957,38.31379]]],[[[128.54476,38.31811],[128.54483,38.31828],[128.54442,38.31886],[128.54413,38.31865],[128.54423,38.31809],[128.54476,38.31811]]],[[[128.53414,38.32023],[128.53381,38.31996],[128.53468,38.31962],[128.53491,38.31986],[128.53467,38.3201],[128.53414,38.32023]]],[[[128.53121,38.32115],[128.5311,38.32075],[128.53151,38.32069],[128.53146,38.32112],[128.53121,38.32115]]],[[[128.53351,38.33685],[128.5332,38.33716],[128.53248,38.33683],[128.53198,38.33639],[128.5319,38.3357],[128.5327,38.33512],[128.53456,38.33421],[128.53531,38.33443],[128.53548,38.33419],[128.53595,38.33409],[128.53633,38.33418],[128.53626,38.33455],[128.53641,38.3349],[128.53605,38.33521],[128.53528,38.33548],[128.53496,38.3358],[128.53418,38.33602],[128.53384,38.33635],[128.53386,38.33662],[128.53351,38.33685]]],[[[128.46812,38.44951],[128.46835,38.44964],[128.46864,38.45034],[128.46858,38.45089],[128.46807,38.45058],[128.46812,38.44951]]],[[[128.44475,38.48734],[128.44399,38.48725],[128.44337,38.48669],[128.44314,38.4866],[128.44301,38.48571],[128.44316,38.48531],[128.4437,38.48529],[128.44489,38.48543],[128.44495,38.48577],[128.44444,38.48602],[128.44435,38.48626],[128.44476,38.48705],[128.44475,38.48734]]],[[[128.42279,38.51187],[128.42228,38.51169],[128.42152,38.51094],[128.42214,38.51075],[128.42274,38.51101],[128.42325,38.51147],[128.42279,38.51187]]],[[[128.40991,38.5604],[128.41016,38.56086],[128.40972,38.56177],[128.40968,38.56232],[128.40947,38.56241],[128.40904,38.56191],[128.40898,38.56146],[128.4085,38.56063],[128.40858,38.56031],[128.40991,38.5604]]],[[[128.36901,38.59505],[128.36896,38.59563],[128.36831,38.59635],[128.36805,38.59635],[128.36901,38.59505]]],[[[128.35966,38.61071],[128.35915,38.61062],[128.35947,38.61014],[128.35978,38.61006],[128.35992,38.61044],[128.35966,38.61071]]],[[[128.58493,38.23077],[128.58491,38.23095],[128.58378,38.23196],[128.58316,38.23271],[128.5818,38.23393],[128.57968,38.2361],[128.57808,38.23782],[128.57715,38.23922],[128.57572,38.2407],[128.57524,38.24137],[128.57517,38.24211],[128.57455,38.24212],[128.57283,38.24429],[128.57219,38.24537],[128.57171,38.2466],[128.57151,38.24747],[128.57113,38.24824],[128.571,38.24902],[128.57178,38.24946],[128.57159,38.24966],[128.57049,38.24907],[128.56989,38.24869],[128.56949,38.24893],[128.56907,38.24947],[128.56833,38.24943],[128.56802,38.24981],[128.56801,38.25029],[128.56816,38.25077],[128.56766,38.25076],[128.56754,38.25182],[128.56858,38.25195],[128.56926,38.25146],[128.56986,38.25043],[128.57064,38.25023],[128.57061,38.25047],[128.57007,38.2506],[128.56945,38.2516],[128.56857,38.25252],[128.56895,38.25279],[128.5685,38.253],[128.56816,38.25263],[128.56766,38.25265],[128.56663,38.25237],[128.56639,38.25261],[128.56678,38.25316],[128.56628,38.25337],[128.56599,38.25296],[128.56537,38.25302],[128.56434,38.25367],[128.56346,38.25444],[128.56324,38.25473],[128.56241,38.25536],[128.56168,38.2562],[128.56121,38.25663],[128.56052,38.25743],[128.56021,38.25796],[128.56,38.25889],[128.56012,38.25925],[128.56054,38.25971],[128.56113,38.25993],[128.56118,38.25956],[128.56155,38.25941],[128.5613,38.26023],[128.56143,38.26041],[128.56103,38.26114],[128.56077,38.26127],[128.56008,38.26122],[128.55961,38.26144],[128.55917,38.26201],[128.5589,38.26267],[128.55881,38.26329],[128.559,38.26453],[128.55947,38.26483],[128.55997,38.2649],[128.55991,38.26573],[128.56005,38.26592],[128.55899,38.26624],[128.5586,38.26671],[128.55832,38.26631],[128.55808,38.26633],[128.55753,38.26669],[128.55722,38.26713],[128.55686,38.26821],[128.55698,38.26875],[128.55725,38.26904],[128.55715,38.26963],[128.55764,38.26994],[128.5584,38.26987],[128.55811,38.27043],[128.55764,38.27052],[128.55883,38.27122],[128.55819,38.27161],[128.55771,38.27093],[128.55625,38.27081],[128.55575,38.27101],[128.55545,38.27129],[128.5565,38.27197],[128.55721,38.27208],[128.55741,38.27238],[128.55729,38.27294],[128.5569,38.27335],[128.55668,38.27311],[128.55583,38.27336],[128.55583,38.27379],[128.55645,38.27398],[128.55745,38.27363],[128.55864,38.27338],[128.55888,38.27235],[128.55903,38.27224],[128.55966,38.27114],[128.55968,38.27083],[128.56015,38.27082],[128.56024,38.27111],[128.55938,38.27267],[128.55899,38.27372],[128.55854,38.27387],[128.55768,38.27396],[128.55686,38.2742],[128.5565,38.2748],[128.55628,38.27492],[128.55549,38.27493],[128.55449,38.27508],[128.55386,38.27501],[128.55368,38.2759],[128.55349,38.27618],[128.55334,38.27757],[128.55346,38.27823],[128.55314,38.27851],[128.55356,38.27955],[128.55407,38.27951],[128.55408,38.2799],[128.5538,38.28032],[128.55393,38.28074],[128.55337,38.28096],[128.55304,38.28123],[128.55289,38.28164],[128.55308,38.28183],[128.5527,38.28209],[128.55253,38.28272],[128.55211,38.28302],[128.55196,38.28345],[128.55167,38.28354],[128.55113,38.28439],[128.55059,38.28438],[128.54915,38.28567],[128.54879,38.28607],[128.54851,38.2868],[128.54855,38.2877],[128.54813,38.28771],[128.54838,38.28827],[128.54843,38.28875],[128.54824,38.28903],[128.54878,38.2891],[128.54831,38.2895],[128.54792,38.28949],[128.54779,38.28995],[128.5487,38.29015],[128.54909,38.29002],[128.54962,38.28939],[128.55002,38.28932],[128.5494,38.29014],[128.54853,38.29035],[128.54793,38.29011],[128.54754,38.29029],[128.54721,38.29078],[128.54704,38.29176],[128.54727,38.29262],[128.54774,38.29377],[128.54807,38.29431],[128.54848,38.29469],[128.54935,38.29509],[128.54928,38.29525],[128.55029,38.29611],[128.55106,38.29557],[128.55223,38.29557],[128.55143,38.29622],[128.55038,38.29666],[128.54991,38.29663],[128.54974,38.29699],[128.54929,38.29696],[128.54861,38.29671],[128.54795,38.29703],[128.54742,38.2975],[128.54698,38.29852],[128.54691,38.29893],[128.54705,38.30008],[128.54738,38.30071],[128.54799,38.30133],[128.54858,38.30175],[128.54957,38.30208],[128.54919,38.30237],[128.54885,38.30236],[128.54838,38.30265],[128.5488,38.30307],[128.54942,38.3028],[128.55024,38.30274],[128.55029,38.30188],[128.55024,38.30095],[128.55063,38.30097],[128.55054,38.30137],[128.55057,38.30239],[128.55046,38.30295],[128.55104,38.3033],[128.55113,38.30365],[128.55036,38.30382],[128.54952,38.30413],[128.54905,38.304],[128.54845,38.30437],[128.54844,38.30466],[128.54797,38.30491],[128.54809,38.30546],[128.54788,38.30588],[128.54735,38.3059],[128.54679,38.30609],[128.54458,38.30668],[128.54429,38.30686],[128.54357,38.30679],[128.54338,38.30712],[128.54311,38.30805],[128.54315,38.30907],[128.54365,38.30979],[128.54412,38.31006],[128.54396,38.31029],[128.54425,38.31056],[128.54433,38.31095],[128.54394,38.31122],[128.54321,38.31129],[128.54273,38.31158],[128.54214,38.31129],[128.54091,38.31172],[128.5405,38.31197],[128.53868,38.3129],[128.53719,38.31392],[128.53622,38.31468],[128.53384,38.3169],[128.53298,38.31787],[128.53279,38.3182],[128.53272,38.31873],[128.53175,38.31924],[128.53116,38.31946],[128.53071,38.3198],[128.53058,38.32021],[128.53,38.32036],[128.52903,38.32087],[128.52858,38.32129],[128.52817,38.32194],[128.52793,38.3228],[128.52784,38.32378],[128.52808,38.32452],[128.52851,38.32509],[128.52904,38.32542],[128.52914,38.32579],[128.5285,38.32678],[128.5296,38.32697],[128.52994,38.32669],[128.52987,38.32606],[128.5305,38.3253],[128.53069,38.32474],[128.53099,38.32491],[128.53075,38.32546],[128.53022,38.32614],[128.5304,38.32697],[128.53076,38.32704],[128.53088,38.32757],[128.53029,38.32813],[128.52955,38.3284],[128.5287,38.3282],[128.52828,38.32877],[128.52811,38.32946],[128.52819,38.33037],[128.5283,38.33048],[128.52838,38.33153],[128.52893,38.33284],[128.52891,38.33317],[128.52806,38.33372],[128.52693,38.33402],[128.5264,38.33429],[128.52529,38.33472],[128.5245,38.33536],[128.52378,38.33577],[128.52264,38.33671],[128.522,38.33705],[128.52175,38.33742],[128.52053,38.3383],[128.5201,38.33887],[128.51938,38.33964],[128.51905,38.33986],[128.5185,38.34051],[128.51789,38.34107],[128.51736,38.34174],[128.51631,38.34274],[128.51575,38.34349],[128.51483,38.34442],[128.51433,38.34519],[128.51351,38.34613],[128.51332,38.34661],[128.51275,38.34725],[128.51247,38.34805],[128.51235,38.34871],[128.51274,38.34953],[128.51344,38.34983],[128.51364,38.35005],[128.51255,38.35004],[128.51221,38.35045],[128.51233,38.35105],[128.51269,38.35171],[128.51318,38.35226],[128.51394,38.35283],[128.51274,38.35325],[128.51136,38.35324],[128.51137,38.35395],[128.5131,38.35512],[128.51495,38.3535],[128.515,38.35223],[128.51533,38.35196],[128.51524,38.35359],[128.51337,38.35519],[128.51267,38.35606],[128.51291,38.35616],[128.51343,38.35601],[128.51356,38.35631],[128.5132,38.35658],[128.51263,38.35619],[128.51186,38.35591],[128.51065,38.35622],[128.51009,38.35657],[128.50961,38.35717],[128.50918,38.35811],[128.50841,38.35916],[128.50751,38.36082],[128.50744,38.36147],[128.50718,38.36213],[128.50701,38.36353],[128.50717,38.36376],[128.50733,38.36454],[128.50765,38.36485],[128.50804,38.36557],[128.50908,38.3664],[128.50969,38.36668],[128.51041,38.36642],[128.51068,38.36715],[128.51136,38.36769],[128.51169,38.36807],[128.51272,38.3679],[128.51252,38.36716],[128.51208,38.36609],[128.51195,38.36532],[128.51234,38.36539],[128.51239,38.36607],[128.51301,38.36775],[128.51358,38.36761],[128.51388,38.36799],[128.51377,38.36849],[128.51348,38.36867],[128.51284,38.36862],[128.51216,38.3691],[128.51223,38.36929],[128.51173,38.36974],[128.51127,38.36967],[128.5109,38.36988],[128.51147,38.3709],[128.51227,38.37147],[128.51222,38.37192],[128.51197,38.37245],[128.51115,38.37305],[128.5107,38.37306],[128.50986,38.37284],[128.50953,38.37292],[128.50908,38.37329],[128.5086,38.37413],[128.50856,38.37451],[128.50902,38.37509],[128.50881,38.37545],[128.50825,38.37528],[128.50809,38.37547],[128.50753,38.37544],[128.50666,38.3756],[128.50638,38.37545],[128.50571,38.37573],[128.50488,38.37624],[128.50371,38.37729],[128.50296,38.37822],[128.50146,38.3796],[128.50044,38.38076],[128.49942,38.38174],[128.49811,38.3829],[128.49706,38.38416],[128.49573,38.38542],[128.49532,38.38572],[128.49454,38.38652],[128.49382,38.38748],[128.49286,38.38819],[128.49209,38.38888],[128.49134,38.38984],[128.49055,38.39063],[128.48964,38.39162],[128.4881,38.39306],[128.48686,38.39447],[128.48614,38.39508],[128.48554,38.39569],[128.48494,38.39649],[128.48373,38.39773],[128.48319,38.39814],[128.48254,38.39878],[128.48194,38.39974],[128.48171,38.4],[128.4812,38.39985],[128.48062,38.40047],[128.48011,38.40081],[128.4788,38.40152],[128.47732,38.40075],[128.4768,38.40206],[128.47681,38.4031],[128.47638,38.4042],[128.47597,38.40461],[128.47635,38.40472],[128.47619,38.40515],[128.47562,38.40574],[128.47535,38.40617],[128.47411,38.40757],[128.47329,38.40843],[128.47301,38.40862],[128.47213,38.40958],[128.47133,38.41031],[128.47083,38.41125],[128.46869,38.41401],[128.46808,38.41488],[128.46636,38.41697],[128.46564,38.41804],[128.46463,38.41931],[128.46411,38.42005],[128.46414,38.42019],[128.4634,38.42142],[128.46281,38.42262],[128.46305,38.4233],[128.46278,38.42372],[128.46194,38.42475],[128.46124,38.4246],[128.46015,38.42617],[128.45995,38.42692],[128.45907,38.42784],[128.4585,38.42856],[128.45669,38.43157],[128.45609,38.43288],[128.45579,38.43327],[128.45542,38.43457],[128.45546,38.43504],[128.45502,38.43601],[128.45458,38.43714],[128.45408,38.43797],[128.45473,38.43798],[128.45466,38.43835],[128.45538,38.43842],[128.45491,38.43895],[128.45489,38.43941],[128.45505,38.43994],[128.45469,38.44016],[128.45462,38.44081],[128.45507,38.44092],[128.45468,38.44134],[128.45491,38.44216],[128.45524,38.44257],[128.45541,38.44309],[128.45606,38.44385],[128.45832,38.44383],[128.45832,38.44397],[128.45536,38.44396],[128.45504,38.44439],[128.45543,38.44527],[128.45626,38.44626],[128.457,38.44676],[128.45897,38.44798],[128.45993,38.4486],[128.4615,38.44878],[128.4633,38.44698],[128.46086,38.44539],[128.46108,38.44518],[128.46017,38.44458],[128.45917,38.44329],[128.45927,38.44301],[128.46039,38.44451],[128.46164,38.44533],[128.4638,38.44669],[128.46442,38.44695],[128.46464,38.4479],[128.46553,38.44808],[128.46656,38.44901],[128.46697,38.44998],[128.46547,38.45133],[128.46533,38.45166],[128.46534,38.45276],[128.46447,38.4534],[128.4637,38.45372],[128.4632,38.45413],[128.46211,38.45455],[128.46144,38.45463],[128.46098,38.45492],[128.46082,38.45539],[128.46028,38.45594],[128.46043,38.4569],[128.46039,38.45737],[128.45989,38.45744],[128.45858,38.45844],[128.45774,38.45929],[128.45642,38.46028],[128.45562,38.46068],[128.45568,38.46086],[128.4553,38.46153],[128.45554,38.46184],[128.45542,38.46241],[128.45397,38.46298],[128.45264,38.46378],[128.45243,38.46455],[128.4515,38.46567],[128.45064,38.46607],[128.45005,38.4665],[128.44999,38.46671],[128.44921,38.46793],[128.44944,38.46852],[128.45015,38.46862],[128.45046,38.46929],[128.45003,38.46952],[128.44949,38.47052],[128.44974,38.47103],[128.44861,38.47196],[128.44735,38.47221],[128.44708,38.47252],[128.44558,38.47326],[128.44488,38.47351],[128.44399,38.47438],[128.44318,38.47432],[128.44199,38.47442],[128.44103,38.47519],[128.44033,38.47567],[128.43921,38.47682],[128.43802,38.47967],[128.43741,38.48095],[128.43747,38.48159],[128.43826,38.48239],[128.43811,38.4833],[128.43867,38.48379],[128.43912,38.48454],[128.4391,38.48498],[128.4383,38.48628],[128.43883,38.4866],[128.4385,38.4873],[128.43806,38.48749],[128.43737,38.48748],[128.43673,38.4872],[128.4363,38.48714],[128.43576,38.48681],[128.43488,38.48693],[128.43411,38.48731],[128.43249,38.48845],[128.43091,38.49],[128.43013,38.49068],[128.42927,38.49208],[128.42881,38.49345],[128.42908,38.49426],[128.42957,38.4948],[128.42954,38.49542],[128.42975,38.49591],[128.4297,38.49634],[128.42755,38.49741],[128.42686,38.4979],[128.42652,38.49835],[128.42634,38.49885],[128.42636,38.49925],[128.4252,38.49942],[128.42453,38.50017],[128.42494,38.50133],[128.42669,38.5014],[128.42703,38.50225],[128.42896,38.50238],[128.42911,38.50064],[128.42925,38.50051],[128.42902,38.50317],[128.42943,38.50351],[128.42999,38.50373],[128.42972,38.50403],[128.42868,38.50416],[128.42799,38.50395],[128.42663,38.50374],[128.42518,38.50394],[128.42431,38.50411],[128.42411,38.50436],[128.42364,38.5045],[128.423,38.50493],[128.4223,38.50517],[128.42238,38.50533],[128.42195,38.50587],[128.42153,38.50592],[128.42139,38.50633],[128.42099,38.50645],[128.42057,38.50777],[128.42029,38.50821],[128.42024,38.50888],[128.42061,38.50945],[128.4211,38.50993],[128.42106,38.51039],[128.41956,38.51077],[128.4189,38.51131],[128.41854,38.5118],[128.4184,38.51244],[128.41846,38.51298],[128.41888,38.51352],[128.41968,38.51358],[128.4208,38.51407],[128.42046,38.51457],[128.42009,38.5147],[128.41933,38.51531],[128.41898,38.51703],[128.41934,38.51807],[128.41879,38.51846],[128.41768,38.51885],[128.41736,38.51936],[128.4184,38.52048],[128.41938,38.52083],[128.41992,38.52087],[128.42032,38.52051],[128.42106,38.52022],[128.42175,38.52037],[128.42292,38.52036],[128.42322,38.52098],[128.42306,38.52142],[128.42295,38.52228],[128.42352,38.52269],[128.424,38.52284],[128.42369,38.52325],[128.42294,38.5236],[128.42208,38.5233],[128.4211,38.52313],[128.42046,38.52341],[128.41907,38.52356],[128.41877,38.52348],[128.41789,38.52418],[128.41762,38.52452],[128.41738,38.52573],[128.41691,38.52618],[128.41677,38.52708],[128.41697,38.52872],[128.41697,38.52937],[128.41661,38.5295],[128.41571,38.52916],[128.41498,38.52919],[128.41423,38.52955],[128.41414,38.52992],[128.41364,38.53039],[128.41326,38.53052],[128.41279,38.53045],[128.41187,38.53116],[128.41205,38.53149],[128.41172,38.53307],[128.41171,38.5335],[128.41197,38.53389],[128.41244,38.53423],[128.41234,38.53498],[128.41158,38.53555],[128.41149,38.53597],[128.41072,38.53713],[128.41029,38.53793],[128.40935,38.53872],[128.40806,38.53938],[128.4078,38.53974],[128.40719,38.54013],[128.40698,38.54095],[128.40601,38.54191],[128.40573,38.54383],[128.4055,38.54436],[128.40494,38.54453],[128.40456,38.54452],[128.40512,38.54512],[128.4057,38.5452],[128.4064,38.54561],[128.40769,38.54572],[128.40829,38.5462],[128.40853,38.54678],[128.40859,38.54729],[128.40921,38.54739],[128.41014,38.54699],[128.4106,38.54735],[128.4101,38.54771],[128.40984,38.5477],[128.40953,38.54829],[128.4092,38.54845],[128.40788,38.54926],[128.4077,38.54948],[128.40767,38.54999],[128.40746,38.5506],[128.40776,38.55098],[128.40834,38.55102],[128.40879,38.55088],[128.40901,38.5505],[128.4096,38.5504],[128.41001,38.55101],[128.41034,38.5512],[128.41106,38.55187],[128.41038,38.55238],[128.40992,38.55259],[128.40983,38.55308],[128.41008,38.55374],[128.41097,38.55484],[128.41105,38.55526],[128.41084,38.55588],[128.41049,38.55615],[128.40993,38.55625],[128.40884,38.55603],[128.40848,38.55531],[128.4079,38.5549],[128.40688,38.55484],[128.40606,38.55502],[128.40525,38.55512],[128.40478,38.55536],[128.40457,38.55612],[128.4046,38.55644],[128.4044,38.55707],[128.40422,38.55723],[128.40433,38.55779],[128.40486,38.55842],[128.40533,38.55856],[128.40557,38.55839],[128.40644,38.55898],[128.40662,38.55966],[128.40635,38.55972],[128.40597,38.55913],[128.40532,38.55905],[128.40456,38.55925],[128.40408,38.55951],[128.40378,38.55987],[128.40352,38.5605],[128.40341,38.56119],[128.40349,38.56188],[128.40329,38.56365],[128.40311,38.56445],[128.40324,38.56499],[128.40308,38.56555],[128.40251,38.56625],[128.40213,38.56624],[128.4019,38.56587],[128.40211,38.56499],[128.40156,38.56518],[128.40107,38.56493],[128.4004,38.5654],[128.40013,38.56518],[128.39849,38.5655],[128.39705,38.5663],[128.39644,38.5669],[128.39624,38.56736],[128.39573,38.56788],[128.39527,38.56794],[128.39451,38.56848],[128.39375,38.56885],[128.39413,38.56919],[128.39454,38.56934],[128.39452,38.57037],[128.39427,38.57079],[128.39428,38.57114],[128.39394,38.57168],[128.39395,38.57204],[128.39451,38.5726],[128.39447,38.57286],[128.39401,38.5733],[128.39354,38.57293],[128.39316,38.57247],[128.3924,38.57239],[128.39121,38.57274],[128.38964,38.57378],[128.38847,38.57517],[128.38791,38.57568],[128.38731,38.57576],[128.38689,38.57596],[128.38647,38.57635],[128.38639,38.5767],[128.3861,38.57702],[128.38548,38.57739],[128.38524,38.57785],[128.38375,38.57926],[128.38296,38.58006],[128.38288,38.58038],[128.38184,38.58145],[128.381,38.58171],[128.37967,38.58318],[128.37878,38.58472],[128.37796,38.58646],[128.37752,38.58702],[128.37719,38.58708],[128.37659,38.58754],[128.37528,38.58828],[128.37411,38.5887],[128.37429,38.58881],[128.37275,38.59019],[128.37267,38.5905],[128.37205,38.59063],[128.37123,38.5916],[128.36996,38.59339],[128.36926,38.59347],[128.36834,38.59424],[128.36835,38.59444],[128.36888,38.59481],[128.36763,38.59678],[128.36811,38.59694],[128.36727,38.59755],[128.36673,38.59815],[128.36678,38.59857],[128.36666,38.59895],[128.36588,38.59998],[128.36549,38.60086],[128.36586,38.60154],[128.36572,38.60243],[128.36519,38.60278],[128.3643,38.60277],[128.36393,38.60266],[128.36363,38.60304],[128.36379,38.60335],[128.36363,38.60364],[128.36291,38.60319],[128.3627,38.60347],[128.36237,38.60339],[128.36217,38.60371],[128.36091,38.60409],[128.3601,38.60489],[128.36018,38.60515],[128.36088,38.60589],[128.36075,38.60635],[128.36044,38.60664],[128.35949,38.60805],[128.36018,38.60835],[128.35985,38.60892],[128.35951,38.60925],[128.35931,38.61019],[128.35905,38.61032],[128.35893,38.61114],[128.3582,38.61191],[128.35811,38.61236],[128.35775,38.61263],[128.35727,38.61349],[128.35678,38.61371],[128.35631,38.61369],[128.35457,38.61304],[128.35423,38.61271],[128.35381,38.61272],[128.35308,38.61245],[128.35327,38.61206],[128.35206,38.61173],[128.34958,38.61177],[128.34647,38.61161],[128.34473,38.61127],[128.34243,38.61016],[128.34148,38.60901],[128.33951,38.60618],[128.33835,38.60408],[128.3382,38.60274],[128.33764,38.60286],[128.33731,38.60325],[128.33741,38.60361],[128.33701,38.60366],[128.33676,38.60279],[128.33655,38.60251],[128.33686,38.60231],[128.33709,38.60169],[128.33553,38.60192],[128.33421,38.60191],[128.33215,38.60145],[128.32923,38.60023],[128.32838,38.59942],[128.32775,38.59894],[128.32519,38.59848],[128.3226,38.59749],[128.32125,38.59723],[128.31931,38.59607],[128.31809,38.59518],[128.318,38.59494],[128.31634,38.59379],[128.31536,38.59358],[128.31393,38.59374],[128.31321,38.59369],[128.31238,38.59407],[128.31189,38.5942],[128.3119,38.59358],[128.31043,38.59425],[128.31003,38.5942],[128.3095,38.59356],[128.30936,38.59283],[128.30954,38.59276],[128.30974,38.592],[128.30967,38.59175],[128.30994,38.59143],[128.30977,38.59111],[128.30983,38.59073],[128.31043,38.59013],[128.3103,38.58968],[128.30995,38.58905],[128.31071,38.58831],[128.31074,38.58732],[128.3111,38.58735],[128.31137,38.58786],[128.31187,38.58756],[128.31247,38.58741],[128.31356,38.58656],[128.31384,38.5858],[128.31388,38.58539],[128.31443,38.58476],[128.31402,38.58426],[128.31342,38.58375],[128.31316,38.58368],[128.3126,38.58244],[128.3128,38.58205],[128.31245,38.58153],[128.31229,38.5809],[128.3131,38.5807],[128.31359,38.58027],[128.3135,38.57974],[128.31458,38.5765],[128.31492,38.57477],[128.31473,38.57338],[128.31454,38.57322],[128.3145,38.57214],[128.31414,38.57213],[128.31365,38.57097],[128.31329,38.57051],[128.31294,38.5703],[128.31212,38.57009],[128.31214,38.5682],[128.31236,38.56804],[128.312,38.56763],[128.31226,38.56718],[128.31242,38.56648],[128.31201,38.56648],[128.31216,38.56603],[128.31219,38.56294],[128.31254,38.56279],[128.31233,38.56225],[128.31221,38.56149],[128.31184,38.56135],[128.31222,38.56078],[128.31217,38.55979],[128.31243,38.55948],[128.31223,38.55871],[128.31243,38.55823],[128.31224,38.55788],[128.31225,38.55684],[128.31206,38.55676],[128.3121,38.55592],[128.31226,38.55552],[128.31254,38.55554],[128.31246,38.55496],[128.31264,38.55468],[128.31244,38.55409],[128.31213,38.55398],[128.31214,38.55332],[128.31226,38.553],[128.31203,38.54623],[128.31178,38.54371],[128.31083,38.53904],[128.31069,38.53714],[128.31131,38.53541],[128.31165,38.53324],[128.3117,38.53137],[128.31197,38.52953],[128.31282,38.52616],[128.31237,38.52601],[128.31236,38.52578],[128.31292,38.52577],[128.31311,38.52438],[128.31374,38.52312],[128.31383,38.52247],[128.31374,38.52138],[128.31318,38.51951],[128.31301,38.51867],[128.31303,38.51739],[128.31347,38.51401],[128.3132,38.51236],[128.31124,38.50956],[128.30997,38.50779],[128.30857,38.50644],[128.3074,38.50571],[128.30553,38.50433],[128.30516,38.50381],[128.30546,38.50331],[128.30536,38.50299],[128.30474,38.50265],[128.30439,38.50261],[128.30575,38.49852],[128.3053,38.49823],[128.30499,38.4976],[128.30502,38.49723],[128.3048,38.49667],[128.30448,38.49652],[128.30369,38.4948],[128.30284,38.49365],[128.30246,38.49296],[128.30225,38.49296],[128.30158,38.49187],[128.30125,38.49068],[128.30162,38.49086],[128.30218,38.49075],[128.30146,38.48985],[128.30117,38.48929],[128.30171,38.48857],[128.30101,38.48795],[128.30114,38.48771],[128.30164,38.48757],[128.30149,38.48724],[128.30163,38.48684],[128.30235,38.48664],[128.30177,38.48623],[128.3014,38.4862],[128.3064,38.47967],[128.30672,38.47858],[128.30614,38.4785],[128.30539,38.47793],[128.30375,38.47708],[128.30323,38.47685],[128.30189,38.47586],[128.30144,38.4751],[128.30101,38.47398],[128.3004,38.47288],[128.29975,38.47233],[128.29909,38.47159],[128.29886,38.47107],[128.29573,38.46105],[128.29556,38.46015],[128.2953,38.45975],[128.2947,38.45831],[128.29427,38.45814],[128.29406,38.45772],[128.29351,38.45751],[128.29342,38.45713],[128.29306,38.45701],[128.29212,38.45643],[128.29197,38.45607],[128.29105,38.45479],[128.29199,38.45407],[128.29202,38.45366],[128.29062,38.45268],[128.29035,38.45257],[128.28997,38.45201],[128.28971,38.45244],[128.28929,38.45217],[128.28917,38.4512],[128.289,38.45054],[128.28907,38.44985],[128.28742,38.44959],[128.28725,38.44919],[128.28714,38.44832],[128.28674,38.44769],[128.28671,38.44727],[128.28625,38.44621],[128.28582,38.44554],[128.28563,38.445],[128.28593,38.4446],[128.2857,38.44385],[128.28571,38.44301],[128.28607,38.44234],[128.28493,38.43946],[128.28442,38.43915],[128.28427,38.43873],[128.28351,38.43845],[128.28304,38.43768],[128.28305,38.43745],[128.28355,38.43724],[128.28343,38.43693],[128.28376,38.43668],[128.28344,38.43616],[128.28182,38.43584],[128.28149,38.43559],[128.28071,38.43548],[128.28012,38.43513],[128.27887,38.4346],[128.2788,38.43386],[128.2784,38.43335],[128.2768,38.43292],[128.27633,38.43257],[128.27556,38.43238],[128.27481,38.43234],[128.27448,38.43247],[128.27444,38.43278],[128.27154,38.43115],[128.27012,38.4301],[128.26634,38.42584],[128.26588,38.42537],[128.26576,38.42502],[128.26537,38.42467],[128.26487,38.42458],[128.26466,38.42417],[128.26357,38.42353],[128.2635,38.42317],[128.26244,38.42244],[128.26067,38.42165],[128.26025,38.4219],[128.25938,38.42193],[128.2588,38.4218],[128.2586,38.4215],[128.25757,38.42152],[128.25735,38.42163],[128.25678,38.42139],[128.25672,38.42093],[128.25641,38.42083],[128.2557,38.4203],[128.25588,38.42003],[128.25573,38.41973],[128.25473,38.41924],[128.25475,38.41915],[128.25264,38.41815],[128.25213,38.41801],[128.25173,38.41764],[128.2504,38.41687],[128.24999,38.41652],[128.24847,38.41564],[128.24754,38.4152],[128.24655,38.41523],[128.2458,38.41498],[128.24579,38.41453],[128.24518,38.41355],[128.24443,38.41276],[128.24456,38.41251],[128.24394,38.41199],[128.24396,38.41156],[128.24357,38.41106],[128.24325,38.41088],[128.24385,38.41034],[128.24388,38.41004],[128.24418,38.40941],[128.24591,38.40675],[128.2461,38.40614],[128.24575,38.4056],[128.2443,38.40464],[128.24404,38.40434],[128.2439,38.40366],[128.24338,38.40268],[128.24232,38.40217],[128.2408,38.402],[128.23597,38.40188],[128.23473,38.40171],[128.23276,38.40052],[128.23062,38.39864],[128.22922,38.39684],[128.22813,38.39382],[128.22762,38.39208],[128.22685,38.39054],[128.22615,38.38964],[128.2262,38.38908],[128.22684,38.38859],[128.22687,38.38809],[128.22733,38.38785],[128.22784,38.38794],[128.22886,38.38776],[128.23014,38.38777],[128.23049,38.38798],[128.23161,38.388],[128.23204,38.38811],[128.23282,38.38764],[128.23361,38.38733],[128.23351,38.38638],[128.23372,38.38623],[128.23351,38.38544],[128.23389,38.38485],[128.23342,38.38429],[128.23297,38.3835],[128.23117,38.38334],[128.23055,38.38292],[128.23004,38.3822],[128.22964,38.38203],[128.22984,38.38127],[128.23007,38.38102],[128.22959,38.37968],[128.22931,38.37948],[128.22917,38.37897],[128.22946,38.37833],[128.22938,38.37798],[128.22962,38.37784],[128.22966,38.37745],[128.23012,38.37653],[128.23045,38.37639],[128.23072,38.37597],[128.23134,38.37544],[128.23141,38.37515],[128.23247,38.37418],[128.2328,38.37343],[128.23368,38.37238],[128.23511,38.37294],[128.23634,38.37414],[128.23658,38.37463],[128.23715,38.37547],[128.23825,38.37622],[128.23867,38.37629],[128.23921,38.37572],[128.23992,38.37525],[128.24028,38.37532],[128.24222,38.37486],[128.24281,38.37436],[128.24353,38.37403],[128.24453,38.37384],[128.24671,38.37247],[128.24715,38.37236],[128.24755,38.3714],[128.24852,38.37078],[128.24891,38.37082],[128.25009,38.37131],[128.2508,38.3713],[128.25214,38.37205],[128.25367,38.37244],[128.25421,38.37244],[128.25467,38.37259],[128.25507,38.37246],[128.2569,38.37305],[128.25766,38.37275],[128.26005,38.37481],[128.26041,38.3755],[128.26095,38.3757],[128.26201,38.37647],[128.26322,38.37626],[128.26518,38.37559],[128.26742,38.37681],[128.26808,38.37651],[128.26857,38.37662],[128.26957,38.37615],[128.27026,38.37513],[128.27077,38.37456],[128.27097,38.37403],[128.27096,38.37334],[128.27183,38.37276],[128.27224,38.37182],[128.27194,38.3714],[128.27213,38.37057],[128.27165,38.37002],[128.27146,38.36925],[128.27223,38.36872],[128.27254,38.36817],[128.27207,38.36715],[128.27254,38.36569],[128.2721,38.36488],[128.27135,38.3644],[128.27117,38.36401],[128.27156,38.36216],[128.27116,38.36125],[128.27041,38.36108],[128.27006,38.36038],[128.27005,38.35949],[128.26943,38.35837],[128.26903,38.35703],[128.26896,38.35637],[128.26856,38.35631],[128.26825,38.35578],[128.26834,38.35541],[128.26792,38.35505],[128.26701,38.35478],[128.26677,38.35429],[128.2668,38.35398],[128.26661,38.35345],[128.26609,38.35289],[128.26588,38.35233],[128.26522,38.35187],[128.26452,38.35161],[128.26456,38.35097],[128.26504,38.34952],[128.26613,38.34856],[128.2676,38.34778],[128.26762,38.34711],[128.26779,38.34667],[128.26818,38.34633],[128.26795,38.34569],[128.26743,38.34504],[128.26753,38.34448],[128.26809,38.34296],[128.26832,38.34265],[128.26819,38.3423],[128.26794,38.34015],[128.27017,38.33778],[128.27048,38.33698],[128.27087,38.33696],[128.27243,38.33651],[128.27375,38.33546],[128.27432,38.33551],[128.27559,38.33641],[128.2767,38.33773],[128.27777,38.33779],[128.27826,38.33772],[128.27873,38.33793],[128.27974,38.33801],[128.28174,38.33953],[128.28211,38.34],[128.28275,38.33983],[128.28493,38.33973],[128.28635,38.33982],[128.28746,38.34009],[128.28783,38.33971],[128.28838,38.33946],[128.28871,38.33915],[128.28962,38.33882],[128.2901,38.33806],[128.29118,38.33753],[128.29135,38.33726],[128.29193,38.33744],[128.29349,38.337],[128.29439,38.33703],[128.29504,38.33646],[128.29557,38.33625],[128.29605,38.33649],[128.297,38.33569],[128.29751,38.33558],[128.29789,38.33497],[128.2986,38.33435],[128.29955,38.33384],[128.30087,38.3336],[128.30238,38.3337],[128.30293,38.33354],[128.30431,38.33366],[128.30502,38.3336],[128.30542,38.3334],[128.30773,38.33325],[128.30904,38.33328],[128.31086,38.33211],[128.31211,38.33058],[128.31175,38.33041],[128.31101,38.32965],[128.31093,38.32905],[128.31112,38.32845],[128.31089,38.32689],[128.31047,38.32643],[128.30992,38.32506],[128.3097,38.3236],[128.30887,38.32217],[128.30861,38.32155],[128.30861,38.32106],[128.30967,38.32032],[128.31003,38.31984],[128.31007,38.31915],[128.31036,38.31787],[128.31097,38.31732],[128.31118,38.31687],[128.31143,38.31597],[128.31172,38.31548],[128.31179,38.31478],[128.31162,38.31425],[128.31166,38.31377],[128.31262,38.31249],[128.31281,38.31186],[128.31401,38.31044],[128.31445,38.31002],[128.3144,38.30826],[128.31387,38.30742],[128.31416,38.3072],[128.31421,38.30598],[128.3145,38.30494],[128.31498,38.30437],[128.31488,38.3028],[128.31512,38.30226],[128.31579,38.30183],[128.31655,38.30162],[128.31739,38.30158],[128.31828,38.30125],[128.31946,38.30099],[128.32045,38.30025],[128.32047,38.29929],[128.32033,38.29847],[128.32059,38.29795],[128.32109,38.29736],[128.32115,38.29641],[128.32146,38.29518],[128.3215,38.29388],[128.32137,38.29282],[128.32138,38.29197],[128.32122,38.2915],[128.32146,38.29092],[128.32093,38.28989],[128.32059,38.28949],[128.31993,38.28922],[128.31926,38.28857],[128.31881,38.28773],[128.31879,38.28587],[128.31929,38.28413],[128.31914,38.28373],[128.31952,38.28295],[128.31947,38.28138],[128.31992,38.28011],[128.31936,38.27789],[128.31829,38.27506],[128.31808,38.27424],[128.31794,38.27315],[128.31803,38.27223],[128.31824,38.27176],[128.31777,38.27027],[128.31855,38.2675],[128.31923,38.26607],[128.31993,38.26603],[128.32125,38.26647],[128.32222,38.26651],[128.32332,38.26645],[128.32433,38.26629],[128.32491,38.26642],[128.32621,38.26645],[128.3275,38.2662],[128.32925,38.26547],[128.33143,38.26542],[128.33237,38.26513],[128.33287,38.26412],[128.33348,38.26371],[128.33421,38.26385],[128.33588,38.26333],[128.33708,38.26312],[128.3377,38.26339],[128.33836,38.26382],[128.33902,38.26402],[128.34026,38.26475],[128.34085,38.26551],[128.34232,38.26501],[128.34323,38.26514],[128.34492,38.26505],[128.34591,38.26521],[128.34643,38.26545],[128.34773,38.2659],[128.34876,38.26607],[128.35054,38.2659],[128.35345,38.26609],[128.35436,38.26647],[128.35579,38.26658],[128.35736,38.26557],[128.35929,38.26569],[128.35907,38.26538],[128.35916,38.26467],[128.35871,38.26359],[128.35932,38.2625],[128.35965,38.26104],[128.35976,38.26085],[128.36007,38.2589],[128.36113,38.25789],[128.36183,38.25713],[128.36258,38.25572],[128.36327,38.25533],[128.36341,38.25502],[128.36332,38.25461],[128.36343,38.25397],[128.36313,38.25379],[128.36307,38.25328],[128.3633,38.25246],[128.36373,38.25189],[128.36395,38.25084],[128.36436,38.2501],[128.36526,38.24823],[128.36568,38.24703],[128.36576,38.2444],[128.36554,38.24338],[128.36482,38.24237],[128.36499,38.24203],[128.36582,38.2418],[128.3668,38.24085],[128.36685,38.23999],[128.36719,38.23905],[128.36723,38.2384],[128.36789,38.23748],[128.36806,38.23686],[128.3681,38.23624],[128.36846,38.23585],[128.36894,38.2358],[128.36947,38.23594],[128.36973,38.2363],[128.37077,38.23709],[128.3711,38.23749],[128.37135,38.23815],[128.37069,38.23844],[128.37039,38.23917],[128.37033,38.24037],[128.37068,38.2413],[128.37166,38.24232],[128.37206,38.24265],[128.3736,38.24324],[128.37458,38.24323],[128.37533,38.24272],[128.37561,38.24265],[128.37647,38.243],[128.37647,38.24353],[128.37733,38.24392],[128.37786,38.24476],[128.37832,38.24523],[128.37877,38.24539],[128.37916,38.24529],[128.37976,38.24394],[128.38018,38.24379],[128.38102,38.24432],[128.38114,38.24471],[128.38184,38.24577],[128.38477,38.24585],[128.38488,38.2461],[128.38474,38.24711],[128.38502,38.24718],[128.3857,38.24683],[128.38656,38.24705],[128.38778,38.24794],[128.38836,38.24804],[128.3884,38.24705],[128.38873,38.24664],[128.38946,38.24628],[128.39061,38.24629],[128.39091,38.24619],[128.3914,38.24499],[128.3923,38.24452],[128.39281,38.24389],[128.39308,38.24289],[128.39352,38.24203],[128.39356,38.24111],[128.39417,38.23959],[128.39469,38.23927],[128.39671,38.23935],[128.39731,38.23956],[128.39807,38.24005],[128.39886,38.24039],[128.39947,38.24099],[128.40007,38.24133],[128.40158,38.24187],[128.402,38.24208],[128.40305,38.24228],[128.40343,38.24251],[128.40388,38.24257],[128.40432,38.24302],[128.40502,38.24405],[128.40581,38.24462],[128.40642,38.24469],[128.40681,38.24458],[128.40718,38.24477],[128.40687,38.24519],[128.40621,38.24541],[128.40612,38.24561],[128.40659,38.24624],[128.40755,38.24598],[128.40814,38.24622],[128.40816,38.24696],[128.40861,38.24764],[128.40883,38.24778],[128.40954,38.24786],[128.41045,38.24823],[128.41049,38.2486],[128.41164,38.24893],[128.41241,38.25043],[128.41345,38.25144],[128.41384,38.25194],[128.41459,38.2525],[128.41495,38.25259],[128.41523,38.25316],[128.41648,38.2537],[128.41741,38.2546],[128.41759,38.25428],[128.41862,38.25415],[128.41935,38.25427],[128.41999,38.25419],[128.42114,38.25362],[128.42209,38.25372],[128.42312,38.25365],[128.42482,38.25316],[128.4254,38.2521],[128.42577,38.25176],[128.4259,38.2513],[128.42622,38.25084],[128.42755,38.25019],[128.42806,38.24914],[128.42794,38.24886],[128.42957,38.24758],[128.4307,38.24609],[128.43088,38.24553],[128.43219,38.24378],[128.43247,38.24296],[128.43294,38.24242],[128.43392,38.24234],[128.43521,38.2416],[128.43626,38.24131],[128.43771,38.24111],[128.43972,38.24127],[128.43888,38.23985],[128.43857,38.23916],[128.43816,38.23765],[128.43815,38.23523],[128.43841,38.23442],[128.43764,38.23248],[128.43724,38.23029],[128.43771,38.22989],[128.43843,38.2296],[128.43899,38.22908],[128.44023,38.2275],[128.4405,38.2264],[128.44036,38.22556],[128.4406,38.22512],[128.4404,38.2236],[128.44074,38.22293],[128.4404,38.22241],[128.4405,38.22198],[128.44004,38.2209],[128.43986,38.22079],[128.43909,38.21954],[128.43885,38.21851],[128.43871,38.21747],[128.43838,38.21669],[128.43837,38.2162],[128.43817,38.21541],[128.43781,38.21465],[128.43774,38.21408],[128.43815,38.21314],[128.43835,38.21224],[128.43876,38.2113],[128.43879,38.21069],[128.43929,38.20979],[128.43914,38.20917],[128.43983,38.20841],[128.43994,38.20813],[128.43997,38.20716],[128.44044,38.20693],[128.44078,38.20643],[128.44065,38.20592],[128.44109,38.20477],[128.44231,38.20372],[128.44426,38.20358],[128.44594,38.2032],[128.44745,38.20183],[128.44895,38.20056],[128.45056,38.1997],[128.45199,38.19901],[128.45416,38.19854],[128.45446,38.19812],[128.45513,38.19801],[128.4558,38.19821],[128.45684,38.19797],[128.45769,38.19754],[128.45991,38.19779],[128.46139,38.19717],[128.46206,38.19724],[128.46261,38.19694],[128.46354,38.19711],[128.4645,38.19764],[128.46515,38.19743],[128.46663,38.19862],[128.46797,38.19765],[128.47006,38.19636],[128.47358,38.19472],[128.47474,38.19371],[128.47632,38.19324],[128.47711,38.1928],[128.47628,38.19093],[128.4772,38.18889],[128.47804,38.18826],[128.47933,38.18791],[128.47982,38.18744],[128.48078,38.18745],[128.48112,38.18733],[128.48161,38.18781],[128.48223,38.18777],[128.48269,38.18804],[128.48318,38.18786],[128.48384,38.18807],[128.48455,38.18797],[128.48535,38.18835],[128.48594,38.18852],[128.48655,38.18902],[128.4866,38.1895],[128.48786,38.19013],[128.4885,38.19075],[128.48895,38.19175],[128.48933,38.1919],[128.48932,38.19232],[128.48973,38.19303],[128.49038,38.19349],[128.4903,38.19399],[128.49084,38.19423],[128.49087,38.1946],[128.49129,38.19471],[128.49177,38.19513],[128.4921,38.1957],[128.49258,38.19585],[128.49328,38.19626],[128.49427,38.19614],[128.4948,38.19579],[128.49529,38.19598],[128.49552,38.19641],[128.4967,38.19754],[128.49776,38.19793],[128.4979,38.19867],[128.49838,38.19912],[128.49831,38.20022],[128.49873,38.20078],[128.4987,38.20125],[128.49911,38.20161],[128.49924,38.20221],[128.5007,38.20264],[128.50142,38.20326],[128.50407,38.20353],[128.50561,38.20378],[128.50685,38.2039],[128.50872,38.20468],[128.51003,38.20562],[128.51067,38.20584],[128.5114,38.20648],[128.51213,38.20728],[128.51245,38.20746],[128.51347,38.2075],[128.51399,38.20774],[128.51503,38.20686],[128.5164,38.2069],[128.51755,38.20729],[128.51909,38.20764],[128.52031,38.20737],[128.52221,38.20762],[128.52376,38.20861],[128.52468,38.2089],[128.52618,38.20986],[128.52639,38.21009],[128.52769,38.21051],[128.52863,38.2111],[128.52921,38.21126],[128.53053,38.21254],[128.53068,38.21302],[128.53058,38.21362],[128.53214,38.21439],[128.5324,38.21487],[128.53316,38.21534],[128.5337,38.21581],[128.53508,38.21593],[128.53621,38.21637],[128.5376,38.21737],[128.53807,38.21737],[128.53849,38.21713],[128.54011,38.21753],[128.54109,38.21753],[128.54161,38.21732],[128.54253,38.21712],[128.54345,38.21713],[128.54405,38.21657],[128.54488,38.2166],[128.54526,38.21646],[128.5456,38.21674],[128.54636,38.21685],[128.54676,38.21718],[128.54783,38.21758],[128.54819,38.21734],[128.54916,38.21764],[128.54997,38.21801],[128.55045,38.21782],[128.55086,38.21794],[128.55099,38.21765],[128.5525,38.21747],[128.55309,38.21782],[128.55384,38.21812],[128.55448,38.21774],[128.55553,38.21802],[128.5556,38.21818],[128.55642,38.21878],[128.55646,38.21917],[128.55678,38.21963],[128.55718,38.21974],[128.5581,38.21951],[128.55846,38.21954],[128.55883,38.21982],[128.55954,38.21984],[128.55979,38.22027],[128.56053,38.22071],[128.56123,38.22095],[128.56263,38.22076],[128.56334,38.22054],[128.56431,38.22069],[128.56507,38.2204],[128.56637,38.22044],[128.56733,38.22007],[128.56819,38.22014],[128.56871,38.22046],[128.56886,38.22087],[128.57023,38.22133],[128.57134,38.22144],[128.57186,38.22164],[128.57243,38.22131],[128.57356,38.22154],[128.57382,38.22175],[128.57432,38.22179],[128.57507,38.22241],[128.57564,38.22259],[128.57601,38.22321],[128.57747,38.22393],[128.5779,38.22425],[128.57836,38.22431],[128.57904,38.22477],[128.57942,38.22537],[128.57925,38.22573],[128.57924,38.22621],[128.58,38.22666],[128.58032,38.22753],[128.58093,38.22786],[128.58223,38.22803],[128.58257,38.22908],[128.58335,38.22918],[128.58405,38.22878],[128.58444,38.22871],[128.58488,38.22931],[128.58493,38.23077]]]]},"properties":{"code":"51820","name":"고성군","bbox":[128.22615,38.18733,128.58493,38.61371],"labelPoint":[128.39513,38.37429]}},{"type":"Feature","geometry":{"type":"MultiPolygon","coordinates":[[[[128.77145,37.95903],[128.77134,37.95913],[128.77002,37.95895],[128.77012,37.9587],[128.77145,37.9589],[128.77145,37.95903]]],[[[128.76149,37.97944],[128.76114,37.97955],[128.7608,37.97921],[128.76147,37.97902],[128.76149,37.97944]]],[[[128.74294,38.00761],[128.74281,38.00726],[128.74215,38.00695],[128.74214,38.00634],[128.74274,38.00633],[128.74282,38.00666],[128.74368,38.00643],[128.74395,38.00645],[128.74408,38.0069],[128.74334,38.00765],[128.74294,38.00761]]],[[[128.67735,38.07462],[128.67744,38.07515],[128.67708,38.07505],[128.67735,38.07462]]],[[[128.63208,38.12489],[128.63188,38.12466],[128.63218,38.12445],[128.63252,38.12461],[128.63208,38.12489]]],[[[128.60872,38.16128],[128.60805,38.16066],[128.60602,38.15952],[128.60473,38.15904],[128.6034,38.15895],[128.60125,38.15953],[128.60014,38.15995],[128.59804,38.15997],[128.597,38.15989],[128.59554,38.1602],[128.59365,38.16099],[128.59167,38.16065],[128.5902,38.16059],[128.58882,38.16076],[128.58724,38.1609],[128.58658,38.16126],[128.58406,38.16162],[128.58186,38.16152],[128.57842,38.16113],[128.57603,38.1613],[128.57339,38.16115],[128.57272,38.16097],[128.57116,38.16124],[128.56985,38.16189],[128.56991,38.16117],[128.57025,38.16066],[128.57041,38.15985],[128.57014,38.1589],[128.57004,38.15623],[128.56991,38.15593],[128.57048,38.15527],[128.57032,38.15512],[128.57029,38.1544],[128.56966,38.15415],[128.56971,38.15381],[128.56924,38.15368],[128.56869,38.15381],[128.56824,38.15342],[128.56735,38.15345],[128.56669,38.15302],[128.56655,38.15263],[128.56616,38.15235],[128.56567,38.15227],[128.5652,38.15186],[128.5648,38.15173],[128.56464,38.15145],[128.56393,38.15117],[128.56344,38.15117],[128.56343,38.15086],[128.56315,38.15031],[128.56268,38.15017],[128.5621,38.1498],[128.562,38.14941],[128.56149,38.14925],[128.56136,38.14894],[128.56068,38.14881],[128.56037,38.14855],[128.55985,38.14834],[128.55899,38.14855],[128.55834,38.14841],[128.55675,38.14891],[128.55429,38.14891],[128.55421,38.1487],[128.55258,38.14852],[128.55169,38.14931],[128.55086,38.14912],[128.55044,38.14942],[128.54887,38.14905],[128.5477,38.14918],[128.54587,38.14926],[128.54477,38.14891],[128.54428,38.14887],[128.54318,38.14858],[128.54289,38.14828],[128.54229,38.14831],[128.54151,38.14885],[128.53971,38.14941],[128.53875,38.14938],[128.53771,38.14949],[128.53656,38.14914],[128.53506,38.14855],[128.53545,38.14504],[128.53486,38.14465],[128.53453,38.14431],[128.53402,38.14402],[128.53284,38.14301],[128.53217,38.14282],[128.53171,38.14244],[128.53146,38.14194],[128.53141,38.14065],[128.53127,38.14026],[128.53095,38.13875],[128.53056,38.13798],[128.53035,38.13725],[128.52976,38.13642],[128.52987,38.13609],[128.52794,38.13633],[128.52752,38.13647],[128.52704,38.13683],[128.52603,38.13729],[128.52543,38.13744],[128.52507,38.13816],[128.52295,38.13804],[128.52189,38.13732],[128.52036,38.13676],[128.51795,38.13613],[128.51588,38.13553],[128.51514,38.13556],[128.51412,38.13611],[128.51336,38.13612],[128.51297,38.13624],[128.51057,38.13626],[128.50881,38.13653],[128.50697,38.13624],[128.50443,38.13617],[128.50261,38.13567],[128.50219,38.13537],[128.50048,38.13495],[128.49977,38.13528],[128.49928,38.13499],[128.49862,38.13521],[128.49737,38.13614],[128.49643,38.13624],[128.49556,38.13621],[128.49394,38.13595],[128.49129,38.13649],[128.49017,38.13555],[128.48856,38.13493],[128.48796,38.13389],[128.48597,38.13267],[128.48329,38.13171],[128.48129,38.13068],[128.47999,38.12933],[128.4783,38.12839],[128.47733,38.12648],[128.47561,38.1253],[128.47494,38.12462],[128.4734,38.12404],[128.47204,38.12302],[128.47118,38.12204],[128.47001,38.12107],[128.46925,38.12027],[128.46825,38.11961],[128.46724,38.11902],[128.46693,38.11895],[128.46486,38.11921],[128.46355,38.11974],[128.46166,38.12082],[128.46022,38.12127],[128.46009,38.12103],[128.45829,38.12128],[128.45807,38.12124],[128.45628,38.12025],[128.4556,38.11993],[128.45461,38.11923],[128.45352,38.11813],[128.45288,38.11681],[128.45232,38.11663],[128.45007,38.11516],[128.44885,38.11532],[128.44769,38.11555],[128.44721,38.11544],[128.44597,38.11553],[128.44435,38.1152],[128.44281,38.11461],[128.44231,38.11457],[128.44042,38.11407],[128.43951,38.11321],[128.43825,38.11221],[128.43768,38.11189],[128.43714,38.11102],[128.43649,38.11098],[128.43375,38.10948],[128.43323,38.10928],[128.43192,38.10928],[128.43022,38.10885],[128.42966,38.10853],[128.42772,38.10799],[128.42619,38.10867],[128.42567,38.10856],[128.42292,38.10868],[128.42153,38.10894],[128.42051,38.10946],[128.41941,38.10986],[128.41802,38.1101],[128.41631,38.11074],[128.41537,38.11084],[128.4136,38.11058],[128.41183,38.11126],[128.41099,38.11124],[128.41065,38.11092],[128.41097,38.10912],[128.41067,38.10698],[128.41143,38.10488],[128.41046,38.10399],[128.41054,38.10313],[128.41099,38.10241],[128.4106,38.10199],[128.41038,38.10134],[128.41028,38.09897],[128.4079,38.0981],[128.40575,38.09752],[128.40504,38.09665],[128.40425,38.09607],[128.40503,38.09547],[128.40501,38.09487],[128.40536,38.09437],[128.40598,38.09416],[128.40615,38.09337],[128.40721,38.09232],[128.40655,38.0914],[128.40711,38.09022],[128.40821,38.08823],[128.40925,38.0852],[128.40911,38.08337],[128.40862,38.08312],[128.40943,38.08164],[128.41036,38.08105],[128.41016,38.08072],[128.41057,38.08019],[128.41064,38.07952],[128.41092,38.07932],[128.41031,38.07895],[128.40915,38.07757],[128.40886,38.07665],[128.40953,38.07517],[128.40986,38.07366],[128.41013,38.07335],[128.41004,38.07262],[128.41021,38.07187],[128.41057,38.07128],[128.4114,38.07037],[128.41307,38.06942],[128.4122,38.06832],[128.41192,38.0676],[128.41305,38.06611],[128.4138,38.06566],[128.41402,38.06476],[128.41455,38.0639],[128.41486,38.06262],[128.41526,38.06191],[128.4163,38.0611],[128.41653,38.06022],[128.41695,38.05953],[128.4179,38.05838],[128.41883,38.05768],[128.41981,38.05707],[128.42096,38.05553],[128.42296,38.05434],[128.42402,38.05391],[128.42343,38.05265],[128.42393,38.05144],[128.42499,38.0501],[128.42525,38.049],[128.42561,38.04873],[128.42654,38.04922],[128.42829,38.05003],[128.42879,38.05093],[128.42976,38.05155],[128.43114,38.05224],[128.43301,38.05241],[128.434,38.05241],[128.43452,38.0523],[128.43502,38.05237],[128.43548,38.05299],[128.43839,38.05545],[128.4386,38.05604],[128.43916,38.05676],[128.44038,38.0579],[128.44138,38.05806],[128.44267,38.05754],[128.44406,38.0575],[128.44491,38.05771],[128.44567,38.05763],[128.44581,38.05726],[128.44724,38.05634],[128.44805,38.05605],[128.44926,38.05518],[128.44986,38.05525],[128.45104,38.05577],[128.4515,38.05624],[128.45199,38.05628],[128.45304,38.05592],[128.45337,38.05609],[128.4548,38.05564],[128.45513,38.05537],[128.45559,38.05408],[128.45602,38.05422],[128.45648,38.05389],[128.45762,38.05388],[128.45913,38.05328],[128.46011,38.05337],[128.46042,38.05257],[128.46123,38.05247],[128.46169,38.05194],[128.46119,38.05094],[128.46135,38.05075],[128.46225,38.05056],[128.46297,38.05022],[128.4629,38.04937],[128.46324,38.04915],[128.46419,38.04969],[128.4657,38.04979],[128.46592,38.05039],[128.46659,38.05078],[128.46738,38.0504],[128.46839,38.05026],[128.46886,38.05072],[128.47011,38.05026],[128.47107,38.05013],[128.47115,38.0499],[128.47193,38.04902],[128.47314,38.04864],[128.47496,38.04864],[128.47656,38.04817],[128.47701,38.04824],[128.47754,38.04864],[128.47758,38.04903],[128.47794,38.0496],[128.47853,38.04995],[128.47878,38.05052],[128.47971,38.05101],[128.48151,38.05161],[128.48217,38.0521],[128.48264,38.05203],[128.48364,38.05301],[128.48465,38.05365],[128.4859,38.05378],[128.48617,38.05394],[128.48747,38.05312],[128.48746,38.0522],[128.48857,38.05227],[128.48916,38.05112],[128.49003,38.05066],[128.49078,38.05035],[128.49205,38.04958],[128.49342,38.04861],[128.49314,38.04777],[128.49333,38.04721],[128.49389,38.04676],[128.49501,38.04629],[128.49506,38.04567],[128.49567,38.04477],[128.49617,38.04322],[128.4961,38.04255],[128.4965,38.04144],[128.49624,38.04071],[128.4977,38.04016],[128.49971,38.03863],[128.50081,38.03807],[128.50033,38.03705],[128.50016,38.03648],[128.49864,38.03422],[128.49866,38.03048],[128.49859,38.02993],[128.49875,38.02914],[128.49968,38.0279],[128.5,38.02538],[128.49981,38.02484],[128.50131,38.02375],[128.50312,38.02197],[128.50425,38.02018],[128.50292,38.01886],[128.50256,38.01733],[128.50497,38.01623],[128.50638,38.01481],[128.50646,38.01433],[128.50726,38.01293],[128.50724,38.01266],[128.50812,38.01226],[128.5093,38.0123],[128.51117,38.01244],[128.51165,38.01262],[128.51357,38.01295],[128.51333,38.01232],[128.51311,38.01104],[128.51326,38.01071],[128.51321,38.00945],[128.51256,38.00793],[128.51215,38.00727],[128.51198,38.00642],[128.51286,38.00483],[128.51285,38.00473],[128.51206,38.00384],[128.51125,38.00208],[128.51005,38.00075],[128.50913,38.00011],[128.50796,37.99857],[128.50619,37.99749],[128.50575,37.99738],[128.50533,37.99689],[128.50439,37.99652],[128.50442,37.99629],[128.50218,37.99492],[128.50208,37.99415],[128.50116,37.99284],[128.50119,37.99248],[128.5016,37.99085],[128.50066,37.98983],[128.50029,37.98934],[128.49939,37.98903],[128.49945,37.98777],[128.50011,37.98739],[128.50132,37.98723],[128.50125,37.98613],[128.50004,37.98483],[128.49899,37.98458],[128.49838,37.98411],[128.49567,37.98374],[128.49641,37.98206],[128.49656,37.98111],[128.49615,37.97989],[128.49583,37.97954],[128.4959,37.97898],[128.49671,37.97765],[128.49759,37.97676],[128.49789,37.97628],[128.49766,37.9758],[128.49719,37.97533],[128.49683,37.97477],[128.49622,37.97425],[128.49601,37.97375],[128.49702,37.97279],[128.49733,37.97269],[128.49667,37.97132],[128.49602,37.97037],[128.49598,37.96973],[128.49618,37.96951],[128.49645,37.96882],[128.49628,37.96822],[128.49686,37.96743],[128.49655,37.96734],[128.49615,37.9667],[128.4963,37.96588],[128.49536,37.96533],[128.49508,37.96406],[128.49404,37.96387],[128.49342,37.96388],[128.49288,37.96426],[128.49204,37.96449],[128.49142,37.96418],[128.49006,37.96305],[128.48908,37.96241],[128.48825,37.96127],[128.48747,37.96116],[128.48719,37.9613],[128.48651,37.96105],[128.48449,37.96122],[128.48326,37.96144],[128.48279,37.96159],[128.48052,37.96183],[128.47931,37.96231],[128.47904,37.96271],[128.47835,37.96289],[128.4773,37.96296],[128.47693,37.96272],[128.47588,37.96243],[128.47522,37.96197],[128.47466,37.96188],[128.47374,37.96145],[128.47364,37.96097],[128.47226,37.96027],[128.47197,37.9593],[128.4731,37.95808],[128.47376,37.95673],[128.4729,37.95492],[128.47284,37.95347],[128.47053,37.9523],[128.47045,37.95141],[128.47032,37.95127],[128.46876,37.95027],[128.46636,37.94923],[128.46622,37.94774],[128.46646,37.94751],[128.46673,37.94682],[128.46707,37.94455],[128.46699,37.94258],[128.46711,37.94209],[128.46691,37.94143],[128.46707,37.94079],[128.46754,37.94029],[128.46718,37.93989],[128.46703,37.93931],[128.46668,37.93898],[128.4662,37.93825],[128.46564,37.93762],[128.4649,37.9373],[128.4648,37.93705],[128.46398,37.9366],[128.46356,37.93567],[128.46426,37.93475],[128.46483,37.93446],[128.46539,37.93376],[128.46555,37.93308],[128.46585,37.93266],[128.46629,37.93256],[128.4665,37.93228],[128.46721,37.93173],[128.46726,37.93149],[128.46846,37.93097],[128.46895,37.93028],[128.46992,37.92955],[128.47005,37.92899],[128.47079,37.92851],[128.47113,37.9278],[128.47186,37.92709],[128.47233,37.92682],[128.47266,37.92643],[128.47361,37.92671],[128.47405,37.92614],[128.4745,37.92598],[128.47476,37.92561],[128.47513,37.92547],[128.47518,37.92436],[128.47536,37.92359],[128.47591,37.92296],[128.47637,37.92258],[128.4766,37.92215],[128.47651,37.92167],[128.47557,37.92105],[128.47565,37.92082],[128.47528,37.92063],[128.47544,37.92014],[128.47517,37.91973],[128.47534,37.91927],[128.47575,37.91896],[128.47598,37.91855],[128.47562,37.91812],[128.47543,37.91762],[128.47542,37.91581],[128.47525,37.91494],[128.4753,37.91428],[128.47488,37.91358],[128.47495,37.91249],[128.47533,37.91214],[128.47564,37.91132],[128.47512,37.9108],[128.47486,37.90952],[128.47557,37.90796],[128.47551,37.90744],[128.47582,37.9071],[128.47596,37.90646],[128.47542,37.90556],[128.47527,37.90494],[128.47459,37.90327],[128.47471,37.90242],[128.47411,37.9016],[128.47354,37.90111],[128.47346,37.90037],[128.47368,37.89998],[128.47452,37.8995],[128.47555,37.8985],[128.47594,37.89786],[128.47625,37.89709],[128.47684,37.89651],[128.47998,37.89542],[128.48026,37.89554],[128.48153,37.89508],[128.48177,37.89462],[128.48142,37.893],[128.48295,37.89266],[128.48353,37.89241],[128.48399,37.89205],[128.485,37.89168],[128.48544,37.89139],[128.48636,37.89044],[128.48755,37.89019],[128.48809,37.89],[128.48872,37.88957],[128.489,37.88911],[128.49047,37.88895],[128.49099,37.88871],[128.49187,37.88868],[128.49279,37.88791],[128.49393,37.88777],[128.49472,37.88688],[128.49546,37.88571],[128.49625,37.8854],[128.49659,37.88485],[128.4968,37.88389],[128.49719,37.88376],[128.49738,37.88518],[128.49845,37.88602],[128.49867,37.88612],[128.49979,37.88619],[128.50093,37.88618],[128.50163,37.88647],[128.50255,37.88698],[128.50307,37.88704],[128.5035,37.88734],[128.50593,37.88687],[128.50599,37.88649],[128.50635,37.88583],[128.50673,37.88549],[128.50742,37.88444],[128.50821,37.88422],[128.50922,37.88319],[128.50949,37.88284],[128.50974,37.88201],[128.51077,37.88053],[128.51176,37.88006],[128.51268,37.88008],[128.51491,37.88067],[128.51604,37.88077],[128.51663,37.88092],[128.51735,37.88089],[128.51774,37.88074],[128.51883,37.88081],[128.51919,37.88137],[128.52063,37.88225],[128.52145,37.88238],[128.52234,37.88233],[128.52319,37.88252],[128.52373,37.88281],[128.52522,37.88259],[128.52613,37.88296],[128.52652,37.88399],[128.52682,37.88453],[128.52753,37.88532],[128.52744,37.88634],[128.52816,37.88688],[128.52929,37.88754],[128.52998,37.88885],[128.53076,37.88895],[128.53294,37.88961],[128.53407,37.89007],[128.53613,37.88989],[128.53661,37.88969],[128.53928,37.89095],[128.53975,37.89114],[128.54101,37.89109],[128.54153,37.89052],[128.54224,37.89005],[128.54299,37.88845],[128.54407,37.8872],[128.5453,37.88692],[128.5467,37.88614],[128.54776,37.88526],[128.54999,37.88451],[128.55089,37.88413],[128.5518,37.8833],[128.55243,37.88308],[128.55525,37.88172],[128.55632,37.88078],[128.55667,37.88067],[128.55711,37.88016],[128.55746,37.88003],[128.55804,37.87942],[128.55824,37.87852],[128.55824,37.87806],[128.55845,37.87776],[128.55922,37.87705],[128.55925,37.87614],[128.55949,37.8756],[128.56007,37.87539],[128.56372,37.87562],[128.56427,37.87548],[128.56553,37.87543],[128.56602,37.8753],[128.56682,37.87563],[128.56752,37.87555],[128.56774,37.8754],[128.56821,37.87436],[128.56869,37.87348],[128.56944,37.8731],[128.56961,37.87276],[128.57099,37.87151],[128.57188,37.87083],[128.57214,37.87052],[128.57236,37.86953],[128.57263,37.86909],[128.5729,37.86895],[128.57334,37.86832],[128.57327,37.86782],[128.57344,37.86763],[128.57327,37.86667],[128.57346,37.86637],[128.57366,37.86536],[128.57354,37.86504],[128.57376,37.86464],[128.57514,37.86427],[128.57715,37.86402],[128.57749,37.8638],[128.57793,37.86323],[128.57883,37.86279],[128.5794,37.86297],[128.58051,37.86277],[128.58158,37.86291],[128.58249,37.86326],[128.58341,37.86343],[128.58425,37.86296],[128.58633,37.86254],[128.58797,37.86209],[128.58802,37.86203],[128.58818,37.86202],[128.58979,37.8632],[128.59083,37.8643],[128.5916,37.86542],[128.59197,37.8656],[128.59413,37.86578],[128.59486,37.86612],[128.59565,37.86614],[128.5977,37.86596],[128.59847,37.86689],[128.59897,37.8678],[128.59964,37.86839],[128.5998,37.86913],[128.60035,37.86985],[128.60118,37.87071],[128.60205,37.87066],[128.60343,37.87085],[128.6041,37.87079],[128.60518,37.87091],[128.60574,37.87038],[128.60698,37.87035],[128.60773,37.8706],[128.60963,37.87106],[128.61029,37.87144],[128.6118,37.8711],[128.61331,37.87159],[128.61421,37.87141],[128.61552,37.87201],[128.61713,37.87206],[128.61763,37.8719],[128.61835,37.87192],[128.61908,37.87177],[128.62077,37.87235],[128.62127,37.87322],[128.62151,37.87422],[128.62198,37.87422],[128.62264,37.87463],[128.62351,37.87496],[128.6237,37.87575],[128.6235,37.87758],[128.6232,37.87806],[128.62355,37.87844],[128.62465,37.87879],[128.62501,37.87913],[128.62356,37.88052],[128.62396,37.88082],[128.62436,37.88165],[128.62559,37.88239],[128.62677,37.88252],[128.62768,37.88414],[128.62808,37.88446],[128.62848,37.88499],[128.62976,37.88563],[128.63062,37.88567],[128.63121,37.88633],[128.6321,37.8865],[128.6333,37.88722],[128.6348,37.88762],[128.63504,37.88797],[128.63508,37.88835],[128.6357,37.88914],[128.63684,37.88975],[128.63715,37.89019],[128.63797,37.89082],[128.63883,37.89179],[128.63731,37.89175],[128.63743,37.892],[128.63903,37.892],[128.63942,37.89238],[128.64034,37.89291],[128.64111,37.89349],[128.642,37.89438],[128.64294,37.89489],[128.64341,37.89433],[128.64538,37.89366],[128.64513,37.89297],[128.64604,37.89232],[128.6468,37.89198],[128.64749,37.89144],[128.64777,37.89093],[128.64938,37.89081],[128.65086,37.89064],[128.65216,37.89089],[128.65274,37.89081],[128.65389,37.89078],[128.6563,37.89144],[128.65651,37.89162],[128.65774,37.89175],[128.65976,37.89177],[128.66419,37.89078],[128.66483,37.8905],[128.66524,37.88918],[128.66608,37.8881],[128.66619,37.8874],[128.66671,37.88671],[128.6667,37.88588],[128.66708,37.88573],[128.66788,37.88581],[128.66918,37.88582],[128.66959,37.8859],[128.66982,37.88623],[128.67133,37.88647],[128.67208,37.88759],[128.67402,37.88835],[128.67528,37.88895],[128.67634,37.88982],[128.67705,37.88972],[128.67867,37.89026],[128.67973,37.89011],[128.68013,37.88998],[128.68077,37.89015],[128.68135,37.89018],[128.68166,37.89033],[128.68283,37.88991],[128.68296,37.89005],[128.68416,37.89055],[128.68561,37.89176],[128.68579,37.89203],[128.68664,37.89246],[128.68773,37.8924],[128.68829,37.89257],[128.68913,37.89251],[128.6898,37.89282],[128.69124,37.89291],[128.69349,37.89419],[128.69441,37.89534],[128.69551,37.89566],[128.69613,37.89605],[128.69658,37.89602],[128.69811,37.89677],[128.69942,37.8972],[128.70029,37.89766],[128.70217,37.89841],[128.70402,37.89817],[128.70448,37.89787],[128.7075,37.89797],[128.70881,37.89729],[128.7106,37.89805],[128.71146,37.89813],[128.71337,37.89875],[128.71326,37.89968],[128.71405,37.90012],[128.71511,37.90113],[128.71567,37.90154],[128.71753,37.90214],[128.71759,37.90261],[128.71857,37.90339],[128.7192,37.90279],[128.72331,37.90189],[128.72372,37.90219],[128.72452,37.90231],[128.72517,37.90257],[128.72705,37.90267],[128.72778,37.90182],[128.7291,37.90101],[128.73157,37.90025],[128.73241,37.89988],[128.73463,37.90105],[128.73504,37.90114],[128.73545,37.90179],[128.73543,37.90254],[128.73564,37.90281],[128.73638,37.90341],[128.73888,37.90378],[128.73973,37.90353],[128.74094,37.90345],[128.74188,37.90381],[128.74221,37.90405],[128.74335,37.90388],[128.7438,37.9039],[128.74466,37.90421],[128.74507,37.90518],[128.74561,37.9056],[128.74605,37.90615],[128.74601,37.90685],[128.74646,37.90738],[128.74628,37.90829],[128.7466,37.9092],[128.74738,37.90977],[128.74861,37.90954],[128.74934,37.90978],[128.74973,37.91001],[128.75039,37.91013],[128.75129,37.91049],[128.75219,37.91075],[128.75264,37.91169],[128.7537,37.91225],[128.75556,37.91255],[128.7562,37.9125],[128.75695,37.91232],[128.75735,37.91179],[128.7573,37.91148],[128.75824,37.91075],[128.75938,37.91046],[128.75959,37.91024],[128.76017,37.9101],[128.76135,37.91009],[128.76242,37.90982],[128.76343,37.91023],[128.76392,37.91033],[128.76458,37.91023],[128.76485,37.90995],[128.76581,37.91024],[128.76633,37.9102],[128.76709,37.9106],[128.76771,37.9105],[128.769,37.91063],[128.77008,37.91002],[128.77035,37.90975],[128.77144,37.91081],[128.77314,37.91106],[128.77385,37.91026],[128.77554,37.91012],[128.7766,37.91062],[128.77682,37.9108],[128.77679,37.91125],[128.77764,37.91233],[128.77791,37.91279],[128.77794,37.91315],[128.77832,37.91341],[128.77884,37.91344],[128.77978,37.91328],[128.78107,37.91355],[128.78188,37.91413],[128.78247,37.91412],[128.7828,37.91426],[128.78301,37.91469],[128.7837,37.9147],[128.78401,37.91455],[128.78499,37.91448],[128.78541,37.9142],[128.78631,37.91339],[128.78667,37.91328],[128.7883,37.91302],[128.7897,37.91333],[128.79045,37.91296],[128.79127,37.91267],[128.79215,37.9127],[128.79348,37.91221],[128.79425,37.9124],[128.79484,37.91244],[128.79603,37.91214],[128.79644,37.91239],[128.7965,37.91283],[128.79723,37.91302],[128.7984,37.91269],[128.79951,37.91299],[128.80079,37.91314],[128.80262,37.91294],[128.80343,37.91301],[128.80435,37.91366],[128.80437,37.91383],[128.80521,37.91463],[128.80575,37.91552],[128.806,37.91569],[128.80648,37.91565],[128.80692,37.91585],[128.80756,37.91647],[128.80818,37.91664],[128.80867,37.91698],[128.81,37.91753],[128.80922,37.91813],[128.80817,37.91903],[128.80635,37.92049],[128.80461,37.92159],[128.80285,37.92281],[128.80178,37.9237],[128.80046,37.92466],[128.79962,37.92519],[128.79861,37.92609],[128.7967,37.92747],[128.79593,37.92829],[128.79548,37.92862],[128.79397,37.92993],[128.7935,37.93045],[128.79218,37.93165],[128.79033,37.93365],[128.78941,37.93472],[128.78914,37.93516],[128.78864,37.93565],[128.78814,37.93649],[128.78769,37.93767],[128.78776,37.93858],[128.78808,37.93913],[128.78853,37.93948],[128.78915,37.93939],[128.7892,37.93992],[128.7887,37.93987],[128.78778,37.94124],[128.78768,37.94159],[128.78815,37.94184],[128.78843,37.94252],[128.7882,37.94253],[128.78792,37.94195],[128.7858,37.94255],[128.78555,37.94346],[128.78614,37.94433],[128.78681,37.94478],[128.78716,37.94446],[128.78844,37.94419],[128.7884,37.94374],[128.78935,37.94262],[128.78978,37.94225],[128.78992,37.94195],[128.7903,37.942],[128.79032,37.94236],[128.78952,37.94286],[128.7888,37.94371],[128.78891,37.94495],[128.78847,37.94516],[128.78826,37.94497],[128.78759,37.94504],[128.78706,37.94524],[128.78719,37.94553],[128.78684,37.94597],[128.78672,37.94708],[128.78618,37.9473],[128.78584,37.94719],[128.78568,37.94815],[128.78523,37.94815],[128.7857,37.94687],[128.78582,37.94634],[128.78526,37.94616],[128.78472,37.94612],[128.78386,37.94627],[128.78276,37.94675],[128.78187,37.94732],[128.78124,37.94789],[128.78024,37.94854],[128.7794,37.94925],[128.77854,37.94982],[128.77802,37.95037],[128.77674,37.95124],[128.77606,37.95181],[128.77555,37.95239],[128.77455,37.95328],[128.7736,37.95396],[128.77294,37.9546],[128.77132,37.95589],[128.77039,37.9569],[128.76962,37.95755],[128.76921,37.95807],[128.76914,37.95846],[128.76974,37.95878],[128.76957,37.95911],[128.76979,37.9593],[128.76968,37.95982],[128.76971,37.96034],[128.76955,37.96065],[128.76988,37.9608],[128.76954,37.96125],[128.7691,37.96149],[128.7691,37.96216],[128.76853,37.96222],[128.76802,37.96168],[128.76744,37.96207],[128.76765,37.96246],[128.76714,37.96298],[128.76731,37.96321],[128.76679,37.96375],[128.76648,37.96377],[128.76648,37.96417],[128.76603,37.96438],[128.76564,37.96435],[128.76531,37.96479],[128.76494,37.96476],[128.76471,37.96519],[128.76472,37.96556],[128.765,37.96602],[128.7658,37.9654],[128.76606,37.96555],[128.76485,37.96635],[128.76421,37.96578],[128.76372,37.96591],[128.7632,37.96631],[128.76293,37.96693],[128.76284,37.96784],[128.76302,37.96884],[128.7634,37.96921],[128.7631,37.96941],[128.7631,37.97048],[128.7648,37.97051],[128.76497,37.97039],[128.76578,37.96935],[128.76595,37.96954],[128.76503,37.97067],[128.76529,37.97078],[128.76536,37.97114],[128.76594,37.9714],[128.76546,37.97189],[128.76433,37.97239],[128.76389,37.97242],[128.76374,37.9727],[128.76318,37.97274],[128.76263,37.97225],[128.76226,37.97212],[128.76151,37.97238],[128.76108,37.97275],[128.7603,37.97384],[128.75997,37.97476],[128.75988,37.97554],[128.75994,37.97669],[128.76021,37.97742],[128.76094,37.97852],[128.76154,37.97837],[128.76294,37.97838],[128.76283,37.97857],[128.76155,37.97856],[128.76143,37.97893],[128.7609,37.9791],[128.76036,37.97906],[128.76033,37.97936],[128.76156,37.97995],[128.76285,37.98014],[128.7636,37.98014],[128.76384,37.97988],[128.76402,37.97934],[128.76404,37.97816],[128.76438,37.97808],[128.76432,37.97953],[128.76412,37.97996],[128.76377,37.98032],[128.76282,37.98062],[128.76275,37.98103],[128.76295,37.98128],[128.76193,37.98156],[128.76144,37.98225],[128.76147,37.98256],[128.76107,37.98283],[128.76047,37.98295],[128.76061,37.98248],[128.76083,37.98239],[128.76043,37.98194],[128.76,37.98176],[128.75923,37.98171],[128.75794,37.98193],[128.75673,37.98237],[128.75612,37.98277],[128.75521,37.98321],[128.75429,37.98416],[128.75223,37.98578],[128.75163,37.98618],[128.75041,37.98718],[128.75014,37.9876],[128.74907,37.98875],[128.74874,37.98942],[128.74874,37.98985],[128.7492,37.99002],[128.74976,37.99042],[128.74998,37.99086],[128.74966,37.99104],[128.74911,37.99187],[128.74942,37.99196],[128.7487,37.99246],[128.74803,37.99224],[128.74749,37.99227],[128.7467,37.99198],[128.74625,37.99245],[128.7459,37.99223],[128.74495,37.99215],[128.74434,37.99252],[128.74327,37.99349],[128.74234,37.99443],[128.74087,37.99609],[128.74051,37.99643],[128.74017,37.997],[128.74004,37.99774],[128.73961,37.99805],[128.73908,37.99809],[128.73872,37.99835],[128.7385,37.99885],[128.73822,37.99913],[128.73798,37.9997],[128.73794,38.00009],[128.73855,38.00079],[128.73772,38.00088],[128.73747,38.0015],[128.73714,38.00178],[128.73684,38.00263],[128.73658,38.00299],[128.73667,38.00327],[128.73615,38.0033],[128.73611,38.00356],[128.73562,38.00385],[128.73482,38.00393],[128.73442,38.00379],[128.73397,38.00385],[128.7334,38.00416],[128.73299,38.0045],[128.73251,38.00509],[128.73173,38.00518],[128.7323,38.0055],[128.73197,38.00608],[128.73187,38.00696],[128.73152,38.00712],[128.7306,38.0071],[128.73045,38.00798],[128.73057,38.00862],[128.73082,38.00877],[128.73143,38.00879],[128.7315,38.0085],[128.73202,38.00781],[128.733,38.00696],[128.73319,38.00708],[128.73219,38.00798],[128.73184,38.00856],[128.73159,38.00956],[128.73173,38.00959],[128.73147,38.0105],[128.73127,38.01087],[128.73077,38.01065],[128.72954,38.01111],[128.73021,38.01225],[128.73104,38.01235],[128.73162,38.01201],[128.7319,38.01154],[128.73267,38.01109],[128.73279,38.0113],[128.73193,38.01189],[128.73184,38.01231],[128.7322,38.01263],[128.73262,38.01369],[128.73249,38.01411],[128.73217,38.01448],[128.73221,38.01484],[128.73265,38.01523],[128.73344,38.01502],[128.73387,38.01515],[128.73392,38.01544],[128.73348,38.01607],[128.73338,38.01675],[128.73295,38.01708],[128.73338,38.01739],[128.73352,38.01788],[128.73407,38.01802],[128.73403,38.01841],[128.73452,38.01857],[128.73458,38.01905],[128.73524,38.01959],[128.73569,38.01963],[128.73546,38.02039],[128.73594,38.02028],[128.73644,38.02048],[128.73586,38.02118],[128.73539,38.02128],[128.73522,38.0216],[128.73577,38.02169],[128.73618,38.02203],[128.73515,38.02274],[128.73484,38.02265],[128.7342,38.02287],[128.73316,38.02221],[128.7318,38.0214],[128.73049,38.02131],[128.72979,38.02149],[128.72944,38.02214],[128.7291,38.02305],[128.7288,38.02242],[128.72841,38.0221],[128.72803,38.02211],[128.72623,38.02292],[128.72521,38.02375],[128.72465,38.02398],[128.72293,38.02523],[128.72138,38.02623],[128.72081,38.0267],[128.71973,38.02741],[128.71884,38.02817],[128.71813,38.02857],[128.71682,38.02958],[128.7164,38.02979],[128.71521,38.03074],[128.71264,38.03261],[128.71086,38.03411],[128.70874,38.03567],[128.70819,38.03616],[128.7073,38.03713],[128.70627,38.03768],[128.70548,38.03835],[128.70475,38.03888],[128.70435,38.03926],[128.7029,38.04048],[128.7013,38.04186],[128.70028,38.04291],[128.69988,38.04308],[128.69826,38.04446],[128.69787,38.04492],[128.69757,38.04509],[128.69536,38.04713],[128.69512,38.04727],[128.69415,38.04824],[128.69295,38.04925],[128.69005,38.05219],[128.68798,38.05404],[128.68547,38.05651],[128.68345,38.05861],[128.68179,38.06052],[128.68137,38.06116],[128.68133,38.06171],[128.68081,38.06193],[128.68042,38.06297],[128.68076,38.06377],[128.68046,38.06383],[128.6805,38.06428],[128.6801,38.06452],[128.67996,38.06415],[128.67928,38.06406],[128.67877,38.06429],[128.67746,38.06542],[128.67674,38.0663],[128.67629,38.06673],[128.67605,38.06722],[128.67615,38.06739],[128.6755,38.06862],[128.67586,38.06925],[128.67573,38.07004],[128.67499,38.07092],[128.67506,38.07131],[128.6754,38.07146],[128.67625,38.07157],[128.67677,38.07193],[128.67692,38.0724],[128.67661,38.07314],[128.67624,38.07355],[128.67629,38.07384],[128.67666,38.07404],[128.67726,38.0739],[128.67739,38.07417],[128.67705,38.07494],[128.67626,38.07552],[128.67617,38.0762],[128.67629,38.07641],[128.67799,38.07767],[128.67768,38.0778],[128.67652,38.07694],[128.67585,38.07663],[128.67468,38.07762],[128.67438,38.07764],[128.67385,38.07725],[128.67331,38.07725],[128.67349,38.07756],[128.67333,38.07825],[128.67298,38.0786],[128.67413,38.07933],[128.67342,38.08004],[128.67478,38.0809],[128.67519,38.08049],[128.67799,38.07896],[128.67914,38.07889],[128.67915,38.07768],[128.679,38.07713],[128.6795,38.07712],[128.6796,38.07744],[128.67952,38.07876],[128.68006,38.07865],[128.68049,38.07894],[128.6802,38.07917],[128.67828,38.07928],[128.678,38.07934],[128.67729,38.07974],[128.67534,38.08073],[128.6748,38.08128],[128.6751,38.08198],[128.67543,38.08206],[128.67535,38.0828],[128.67475,38.08286],[128.67454,38.08348],[128.67466,38.08375],[128.67439,38.084],[128.67344,38.08392],[128.67318,38.08353],[128.67253,38.08352],[128.67232,38.0832],[128.67152,38.08331],[128.67094,38.08373],[128.67015,38.08443],[128.67003,38.08486],[128.66951,38.08559],[128.66934,38.08606],[128.66944,38.08628],[128.66907,38.0865],[128.66851,38.08654],[128.66802,38.08684],[128.66774,38.08746],[128.66773,38.08784],[128.66738,38.08802],[128.66709,38.08843],[128.6673,38.08888],[128.66712,38.08933],[128.66731,38.08967],[128.66687,38.0898],[128.66622,38.0895],[128.66569,38.0903],[128.66521,38.09026],[128.6649,38.09063],[128.66569,38.0905],[128.66587,38.09035],[128.66688,38.09041],[128.66769,38.09008],[128.6677,38.09038],[128.66729,38.09055],[128.66595,38.09076],[128.66602,38.09125],[128.66568,38.09159],[128.66505,38.09146],[128.66483,38.09093],[128.66429,38.09097],[128.66344,38.09136],[128.66271,38.09184],[128.66099,38.09343],[128.65979,38.09437],[128.65909,38.09485],[128.65813,38.09563],[128.65782,38.09598],[128.65675,38.09693],[128.65521,38.09859],[128.65307,38.10037],[128.65214,38.10122],[128.65095,38.10246],[128.64952,38.10363],[128.64897,38.10437],[128.64765,38.1058],[128.64721,38.10646],[128.64632,38.10676],[128.64606,38.10725],[128.64554,38.10771],[128.64487,38.10847],[128.64409,38.10899],[128.64368,38.10944],[128.64236,38.1106],[128.64157,38.1112],[128.64094,38.11177],[128.64063,38.11192],[128.63919,38.11319],[128.63855,38.11385],[128.63719,38.11502],[128.63687,38.1154],[128.63512,38.11688],[128.63408,38.11826],[128.63346,38.11888],[128.63289,38.1196],[128.63243,38.12037],[128.63208,38.12134],[128.63212,38.12167],[128.63259,38.12183],[128.63278,38.12216],[128.63211,38.12264],[128.63259,38.12304],[128.63243,38.1236],[128.63297,38.12375],[128.63439,38.12265],[128.63468,38.12277],[128.63313,38.12394],[128.63288,38.12432],[128.63251,38.1239],[128.63205,38.12416],[128.63201,38.12442],[128.63143,38.12458],[128.63106,38.12509],[128.63124,38.1254],[128.63093,38.12559],[128.63071,38.12625],[128.63018,38.1262],[128.62989,38.12678],[128.62999,38.12695],[128.62971,38.12746],[128.62988,38.12799],[128.62922,38.12848],[128.62912,38.12881],[128.62859,38.12897],[128.62786,38.12871],[128.62767,38.12846],[128.62708,38.12845],[128.6268,38.12826],[128.62613,38.12818],[128.62562,38.12842],[128.62494,38.12888],[128.62434,38.12947],[128.62362,38.13057],[128.6235,38.13125],[128.62362,38.13171],[128.62325,38.13182],[128.62261,38.13172],[128.62259,38.13304],[128.62366,38.13313],[128.62401,38.13268],[128.62479,38.1321],[128.6249,38.13225],[128.62427,38.13272],[128.6237,38.13345],[128.62213,38.13343],[128.62194,38.13368],[128.62126,38.13399],[128.62126,38.13501],[128.61995,38.13538],[128.6196,38.13556],[128.61879,38.13624],[128.61839,38.13676],[128.61785,38.13722],[128.61673,38.13844],[128.6157,38.13973],[128.61488,38.14061],[128.61439,38.14138],[128.6141,38.14168],[128.6126,38.14369],[128.61211,38.14457],[128.61185,38.14477],[128.61083,38.14631],[128.61067,38.14671],[128.60975,38.14808],[128.60941,38.14899],[128.6088,38.15015],[128.60864,38.15103],[128.6086,38.15168],[128.60875,38.15244],[128.60905,38.15308],[128.60965,38.15379],[128.60894,38.1543],[128.60945,38.15503],[128.6102,38.15574],[128.61065,38.15563],[128.61163,38.15456],[128.61194,38.15348],[128.61221,38.15336],[128.61188,38.1546],[128.6107,38.1561],[128.6103,38.1563],[128.60999,38.1574],[128.6095,38.15874],[128.60951,38.15999],[128.60917,38.16128],[128.60872,38.16128]]]]},"properties":{"code":"51830","name":"양양군","bbox":[128.40425,37.86202,128.81,38.16189],"labelPoint":[128.60277,38.00363]}}],"profileId":"gangwon","schemaVersion":2,"dataVersion":"gangwon-2022-563a6bb6162048a7"}
